L1,L2,C1,C2,Omega_1,Omega_2,Omega_3
3.282202e-08,1.083801e-09,2.915996e-07,4.513728e-09,1.022172e+07,8.145742e+07,4.521240e+08
5.275021e-07,9.865716e-08,2.966243e-09,1.098800e-07,2.528044e+07,2.351465e+07,9.604536e+06
1.937297e-08,3.613728e-07,4.705536e-09,2.706588e-08,1.047363e+08,2.559677e+07,1.011140e+07
2.158873e-07,1.440549e-08,1.254934e-09,3.253698e-09,6.075416e+07,6.924416e+07,1.460654e+08
1.727073e-09,1.121041e-08,1.349585e-08,5.932580e-08,2.071307e+08,8.384620e+07,3.877639e+07
1.460297e-09,4.402989e-09,6.495283e-07,1.267948e-08,3.246985e+07,1.171054e+08,1.338368e+08
6.336799e-09,8.551278e-09,4.077624e-08,3.479781e-08,6.221018e+07,5.981188e+07,5.797070e+07
1.410983e-08,7.394641e-08,2.573064e-08,1.309819e-08,5.248241e+07,3.617147e+07,3.213185e+07
1.501529e-09,2.465211e-09,4.631757e-07,1.741514e-07,3.791930e+07,4.463011e+07,4.826246e+07
2.043482e-08,1.314909e-09,4.333805e-07,1.587065e-07,1.062625e+07,1.989453e+07,6.922368e+07
3.632753e-08,3.288185e-08,8.235620e-08,3.022567e-08,1.828243e+07,2.556323e+07,3.172006e+07
1.379366e-08,1.138474e-07,1.466968e-08,1.067555e-09,7.029913e+07,8.872858e+07,9.070751e+07
1.079202e-07,2.865243e-07,2.097643e-09,6.442283e-08,6.646343e+07,3.532637e+07,7.360365e+06
9.208995e-08,1.057707e-07,1.426899e-07,3.721523e-08,8.723630e+06,1.308534e+07,1.593885e+07
1.205523e-07,1.697698e-08,1.194976e-07,8.074005e-07,8.331680e+06,8.357844e+06,8.541325e+06
3.979836e-09,3.586013e-09,2.174697e-07,3.175652e-07,3.399132e+07,3.199974e+07,2.963314e+07
6.958263e-08,1.813938e-09,1.208234e-08,5.315580e-09,3.448848e+07,6.159694e+07,3.220427e+08
4.296005e-07,3.430958e-08,3.627266e-09,1.008545e-09,2.533249e+07,5.226472e+07,1.699983e+08
5.640416e-07,3.128708e-07,1.554797e-09,4.890703e-08,3.376817e+07,2.750938e+07,8.084103e+06
1.437798e-07,5.216645e-07,2.247665e-08,7.202872e-09,1.759079e+07,1.659793e+07,1.631366e+07
5.936453e-09,4.620308e-09,1.675819e-07,2.697350e-07,3.170465e+07,3.027266e+07,2.832669e+07
5.212829e-09,3.064218e-09,8.637250e-07,1.599703e-09,1.490306e+07,2.750707e+08,4.516692e+08
1.173519e-08,1.930260e-07,1.449091e-09,2.144788e-08,2.424974e+08,5.998258e+07,1.554175e+07
4.385397e-07,9.535710e-08,1.037921e-07,2.322029e-08,4.687199e+06,9.935241e+06,2.125150e+07
2.679022e-07,6.583668e-07,1.888821e-09,2.209754e-07,4.445458e+07,2.400956e+07,2.621767e+06
5.509680e-08,9.659430e-07,3.532450e-08,6.426705e-09,2.266725e+07,1.342088e+07,1.269200e+07
5.562332e-09,2.647910e-08,1.256878e-09,1.587722e-08,3.782030e+08,1.636970e+08,4.877094e+07
1.131295e-08,1.386817e-07,3.811484e-09,2.321541e-07,1.522877e+08,4.216492e+07,5.573170e+06
1.119391e-07,6.008497e-08,7.936172e-07,8.990724e-09,3.355085e+06,2.557138e+07,4.302489e+07
2.749494e-09,4.205753e-09,5.219488e-08,4.336280e-09,8.347562e+07,1.895026e+08,2.341636e+08
2.295702e-09,1.574685e-07,2.034659e-09,1.268257e-09,4.626967e+08,8.950753e+07,7.076191e+07
2.581628e-09,7.875506e-07,1.879750e-09,4.281591e-09,4.539448e+08,3.112684e+07,1.722099e+07
7.246932e-07,6.724975e-08,7.750610e-09,6.805520e-09,1.334305e+07,1.866712e+07,4.674380e+07
1.924011e-08,1.334710e-09,9.058080e-08,2.090610e-09,2.395400e+07,1.542234e+08,5.986459e+08
1.194504e-07,2.159865e-07,1.745406e-08,2.958900e-09,2.190069e+07,3.432686e+07,3.955683e+07
1.248910e-08,3.083534e-08,9.463980e-09,6.001073e-08,9.198087e+07,5.313682e+07,2.324669e+07
1.132490e-08,1.167574e-08,2.897076e-08,1.722045e-09,5.520812e+07,1.635483e+08,2.230157e+08
1.606014e-09,3.306256e-09,1.784913e-08,2.076055e-09,1.867741e+08,3.308507e+08,3.816913e+08
4.228447e-07,3.988351e-07,4.504605e-09,8.230050e-07,2.291296e+07,1.648184e+07,1.745429e+06
1.631749e-08,2.196254e-07,9.184026e-07,3.099928e-08,8.168771e+06,1.188856e+07,1.211945e+07
1.711453e-07,6.694578e-08,2.253084e-08,3.364744e-08,1.610382e+07,1.764201e+07,2.106989e+07
5.314659e-09,9.107197e-09,1.399657e-09,8.808368e-09,3.666498e+08,2.396082e+08,1.116503e+08
8.592616e-09,9.917427e-08,1.558755e-09,9.463534e-07,2.732425e+08,7.721928e+07,3.264178e+06
3.390279e-09,1.344607e-07,1.046224e-07,9.379799e-09,5.309699e+07,2.902970e+07,2.815824e+07
3.059311e-07,3.684828e-09,3.599959e-07,2.524645e-08,3.013279e+06,1.170055e+07,1.036791e+08
7.233525e-07,2.260359e-07,4.309082e-07,1.899895e-08,1.791153e+06,7.608206e+06,1.525972e+07
1.493841e-09,4.169441e-09,5.062549e-09,1.012581e-09,3.636330e+08,4.574506e+08,4.866831e+08
2.308357e-07,4.542292e-09,6.954901e-08,9.924230e-08,7.892290e+06,1.019291e+07,4.709926e+07
7.911831e-08,3.062030e-08,8.643279e-09,4.515177e-07,3.824038e+07,3.277921e+07,8.504678e+06
7.094001e-07,4.630195e-09,1.335938e-09,9.804094e-07,3.248338e+07,3.239994e+07,1.484214e+07
5.538352e-08,6.749554e-09,8.528346e-08,5.528993e-08,1.455048e+07,2.190457e+07,5.176539e+07
1.425785e-07,1.063335e-08,1.060282e-09,3.005388e-07,8.133215e+07,7.859733e+07,1.768946e+07
1.513482e-08,1.522254e-09,3.324601e-08,4.177590e-08,4.458016e+07,5.694585e+07,1.253988e+08
3.477344e-07,3.218486e-08,3.968154e-07,3.047744e-09,2.692042e+06,2.950030e+07,1.009683e+08
6.375809e-09,1.865816e-09,9.330130e-09,7.921588e-07,1.296548e+08,1.147076e+08,2.601114e+07
1.863508e-08,1.860336e-09,2.660611e-07,1.047210e-07,1.420181e+07,2.548141e+07,7.164527e+07
6.255334e-09,2.403730e-07,3.252124e-09,1.661908e-07,2.217130e+08,3.565358e+07,5.003267e+06
2.146505e-07,7.604227e-07,2.276448e-07,3.398001e-09,4.523819e+06,1.750197e+07,1.967255e+07
2.029740e-08,5.666177e-09,9.222432e-09,3.023171e-09,7.308985e+07,1.300630e+08,2.416148e+08
2.522611e-07,2.183822e-07,1.871187e-07,9.427567e-08,4.602738e+06,5.821747e+06,6.969338e+06
6.756170e-08,1.557730e-09,1.861114e-09,1.115774e-07,8.917913e+07,8.890079e+07,7.585178e+07
8.861417e-09,6.226241e-07,8.567501e-08,5.415031e-08,3.629287e+07,6.908499e+06,5.446112e+06
3.033621e-09,1.423126e-08,4.022478e-08,7.795168e-08,9.052583e+07,4.672229e+07,3.002379e+07
4.292479e-08,1.353074e-07,1.062735e-09,7.684678e-07,1.480585e+08,7.271005e+07,3.101175e+06
4.721027e-07,6.230671e-08,2.658290e-09,7.108058e-09,2.822803e+07,3.109943e+07,4.751789e+07
2.482491e-09,6.071985e-08,8.444424e-09,3.515211e-09,2.184093e+08,7.984205e+07,6.844771e+07
4.544053e-09,2.743716e-08,6.004872e-08,2.040755e-08,6.053777e+07,4.530907e+07,4.226053e+07
1.372563e-08,4.784168e-07,1.933378e-08,9.102378e-07,6.138687e+07,1.036001e+07,1.515372e+06
7.592466e-09,1.838871e-08,4.805819e-07,8.118966e-09,1.655484e+07,6.943175e+07,8.184158e+07
3.258724e-09,4.333364e-08,1.026483e-09,3.875304e-08,5.467644e+08,1.465020e+08,2.440251e+07
6.951539e-07,3.596205e-07,5.750784e-07,6.087020e-07,1.581598e+06,1.790564e+06,2.137349e+06
3.576422e-08,1.831728e-07,1.101415e-09,7.168638e-07,1.593309e+08,6.444633e+07,2.759632e+06
9.874800e-08,3.455615e-07,1.913996e-09,3.733169e-07,7.273866e+07,3.437931e+07,2.784188e+06
8.400796e-09,6.596659e-08,3.710656e-09,5.298843e-09,1.791078e+08,7.849522e+07,5.348690e+07
3.434283e-08,1.095934e-07,2.845820e-07,4.133895e-07,1.011529e+07,6.420227e+06,4.698164e+06
6.292634e-08,5.066026e-09,7.105419e-08,7.460053e-07,1.495509e+07,1.505674e+07,1.626655e+07
3.487722e-09,2.119784e-07,7.338006e-07,2.445988e-09,1.976697e+07,4.363209e+07,4.391643e+07
7.192694e-07,5.104645e-09,2.531990e-09,7.550131e-08,2.343275e+07,2.373834e+07,5.093778e+07
1.171663e-08,2.013776e-09,6.940672e-09,3.683508e-09,1.108914e+08,1.739701e+08,3.671670e+08
2.015548e-09,1.078366e-07,9.466007e-07,2.412341e-09,2.289391e+07,6.150763e+07,6.200083e+07
3.744624e-09,3.395882e-09,8.323554e-08,1.733680e-07,5.664238e+07,4.990315e+07,4.121348e+07
2.031855e-07,1.103151e-08,1.092480e-09,2.600632e-07,6.711922e+07,6.550532e+07,1.866995e+07
2.177583e-07,8.728186e-08,1.140938e-07,1.742205e-07,6.344269e+06,6.895629e+06,8.109393e+06
4.712876e-07,1.695765e-07,8.333476e-09,2.042473e-07,1.595673e+07,1.396007e+07,5.373275e+06
7.341468e-08,2.010580e-07,1.509619e-09,1.265953e-08,9.498934e+07,5.197325e+07,1.982123e+07
6.882739e-09,2.999788e-07,1.670460e-09,1.673114e-09,2.949180e+08,6.243864e+07,4.463669e+07
5.354898e-07,2.516705e-08,1.544188e-08,1.096157e-07,1.099700e+07,1.147942e+07,1.903915e+07
3.665238e-07,1.494588e-08,1.670015e-08,2.914616e-09,1.278170e+07,3.250204e+07,1.515125e+08
3.017213e-07,4.786102e-09,1.552884e-08,1.087840e-08,1.460924e+07,2.258339e+07,1.385883e+08
1.135780e-07,9.418020e-07,1.178678e-09,1.322802e-08,8.642814e+07,2.958917e+07,8.959273e+06
7.691478e-07,7.979628e-07,4.373481e-09,7.115642e-09,1.724176e+07,1.534875e+07,1.327094e+07
2.518958e-09,5.428350e-09,3.101650e-09,1.826850e-08,3.577611e+08,2.178442e+08,1.004187e+08
7.762036e-08,2.449545e-09,7.425782e-09,1.925319e-09,4.165250e+07,9.038041e+07,4.604749e+08
1.016051e-09,1.096008e-09,7.127311e-07,1.050927e-07,3.716031e+07,7.189982e+07,9.317662e+07
4.447260e-07,9.326182e-09,3.373901e-09,9.746363e-09,2.581591e+07,2.964360e+07,1.048882e+08
4.648179e-09,1.982688e-07,2.629792e-09,2.365331e-07,2.860210e+08,4.352924e+07,4.617712e+06
1.158254e-09,3.016027e-07,3.068162e-07,1.604005e-09,5.304676e+07,4.549666e+07,4.546525e+07
1.548144e-08,1.461543e-09,9.862762e-08,3.609527e-07,2.559146e+07,2.760333e+07,4.353807e+07
1.035975e-09,8.151055e-09,5.183107e-08,2.897617e-08,1.364678e+08,7.652829e+07,6.506877e+07
8.474030e-09,5.739501e-07,1.661442e-08,1.519213e-07,8.427766e+07,1.070716e+07,3.386520e+06
7.611468e-08,2.060567e-08,2.006152e-07,1.472750e-08,8.092521e+06,2.745110e+07,5.740400e+07
1.324599e-07,7.794218e-09,3.058132e-07,9.765897e-09,4.968551e+06,2.744809e+07,1.146193e+08
1.563358e-07,2.848051e-09,2.579869e-07,1.535086e-09,4.979342e+06,6.416119e+07,4.782552e+08
3.734825e-07,5.443987e-09,5.140660e-09,3.805368e-08,2.282209e+07,2.413949e+07,6.947733e+07
3.865689e-08,9.553111e-08,2.244292e-09,4.459198e-08,1.073611e+08,5.905631e+07,1.532143e+07
1.928958e-07,2.583598e-09,6.776011e-09,1.628439e-09,2.765996e+07,6.242109e+07,4.875304e+08
2.468384e-09,7.272341e-09,2.120673e-09,2.786761e-07,4.370758e+08,2.208583e+08,2.221330e+07
2.681297e-08,9.826732e-07,9.166823e-08,3.912395e-08,2.017057e+07,6.010491e+06,5.100046e+06
1.826736e-08,7.083805e-07,4.468113e-08,1.080362e-08,3.500258e+07,1.257703e+07,1.143094e+07
9.481968e-09,5.403071e-07,2.973878e-09,3.106897e-09,1.883169e+08,3.459843e+07,2.440710e+07
5.253431e-09,3.403422e-07,3.675063e-09,4.014708e-07,2.275863e+08,2.818787e+07,2.705298e+06
3.338371e-07,9.535704e-07,1.805785e-09,4.349928e-08,4.072862e+07,2.116612e+07,4.910012e+06
9.887783e-09,1.094034e-08,6.207829e-09,5.998937e-09,1.276382e+08,1.254493e+08,1.234376e+08
5.751377e-07,2.523083e-07,1.291424e-07,1.467868e-09,3.669270e+06,2.885632e+07,5.196259e+07
5.757656e-07,1.151402e-09,2.469401e-07,5.380372e-09,2.652048e+06,1.814336e+07,4.017726e+08
4.432420e-09,2.906001e-07,3.278321e-07,4.671152e-09,2.623335e+07,2.712847e+07,2.714190e+07
1.093729e-09,6.243382e-08,2.895158e-09,4.962237e-07,5.619645e+08,7.395134e+07,5.681347e+06
9.341718e-08,3.662739e-07,3.443907e-09,5.463030e-08,5.575206e+07,2.591291e+07,7.069362e+06
5.420732e-07,9.331951e-07,1.645400e-08,2.437438e-08,1.058852e+07,8.306978e+06,6.630511e+06
1.232563e-09,2.373993e-08,3.281718e-07,2.612998e-09,4.972157e+07,1.242858e+08,1.269670e+08
4.538568e-09,1.003558e-09,4.433026e-08,1.429079e-08,7.050021e+07,1.292142e+08,2.640588e+08
2.646798e-09,2.472336e-09,2.419497e-09,3.335339e-09,3.951637e+08,3.732378e+08,3.482381e+08
1.758475e-09,2.870093e-09,3.434643e-09,4.246924e-09,4.069032e+08,3.373056e+08,2.864275e+08
4.760055e-07,1.217040e-07,2.749007e-07,1.441979e-09,2.764433e+06,3.415164e+07,7.548631e+07
1.227456e-07,2.493873e-09,5.461647e-09,8.961529e-07,3.862203e+07,3.835190e+07,2.115299e+07
2.064712e-07,1.040691e-07,5.555895e-08,2.575423e-09,9.336695e+06,3.617064e+07,6.108223e+07
1.105052e-08,1.642882e-08,4.043458e-09,1.769675e-07,1.496002e+08,9.594581e+07,1.854599e+07
2.474285e-07,4.645505e-09,1.816299e-08,3.392853e-07,1.491700e+07,1.516933e+07,2.518843e+07
2.560799e-09,6.802023e-07,5.972538e-07,3.346016e-09,2.557012e+07,2.098042e+07,2.096124e+07
2.710752e-08,5.272864e-07,2.044528e-07,2.097437e-07,1.343255e+07,4.174005e+06,3.006992e+06
1.528044e-08,1.482518e-09,2.177725e-07,1.129023e-08,1.733527e+07,7.455023e+07,2.444267e+08
6.489137e-07,5.360363e-09,5.772978e-08,2.827009e-07,5.166621e+06,5.646391e+06,2.568853e+07
8.546681e-09,1.535300e-09,8.088469e-07,3.225253e-09,1.202730e+07,1.757152e+08,4.493879e+08
6.875162e-08,1.617846e-08,1.707119e-09,1.332558e-07,9.230529e+07,8.357983e+07,2.153716e+07
2.894313e-09,7.362157e-08,5.873538e-09,3.460699e-08,2.425367e+08,5.101707e+07,1.981142e+07
6.945133e-07,1.940723e-07,1.393018e-08,2.007434e-08,1.016673e+07,1.169822e+07,1.602129e+07
4.004962e-09,1.666845e-09,8.474727e-07,9.338347e-09,1.716477e+07,1.381605e+08,2.534646e+08
2.250726e-09,1.860484e-08,5.517722e-09,8.032210e-07,2.837649e+08,9.353963e+07,8.180305e+06
1.201878e-09,1.734291e-08,2.497064e-09,2.762084e-09,5.772382e+08,2.027746e+08,1.444843e+08
2.582824e-07,1.552329e-08,1.123343e-08,8.179087e-08,1.856506e+07,1.922952e+07,2.806440e+07
3.659716e-08,6.363936e-07,2.322054e-09,3.211165e-08,1.084776e+08,2.619509e+07,6.995291e+06
6.892439e-09,1.011053e-08,5.897825e-09,1.361102e-07,1.568439e+08,1.020006e+08,2.695676e+07
1.318408e-08,7.860014e-07,3.800045e-09,3.510130e-07,1.412800e+08,1.824400e+07,1.903824e+06
5.325986e-07,1.323745e-08,2.562125e-08,4.208066e-07,8.560514e+06,8.709699e+06,1.339851e+07
2.032189e-09,7.047981e-07,1.124485e-09,2.239142e-09,6.615170e+08,4.347390e+07,2.517253e+07
1.413226e-08,3.371319e-08,9.084001e-09,1.227767e-07,8.825831e+07,4.970966e+07,1.554326e+07
3.415194e-08,5.491119e-07,9.622424e-08,2.791180e-08,1.744416e+07,8.901850e+06,8.077476e+06
1.645688e-08,1.909180e-07,6.870772e-09,2.217960e-08,9.404236e+07,3.031923e+07,1.536738e+07
2.005020e-08,6.948949e-08,2.511625e-09,4.852387e-07,1.409169e+08,6.685531e+07,5.445813e+06
4.693616e-09,2.211001e-08,2.766599e-08,9.453351e-09,8.775524e+07,7.276748e+07,6.916918e+07
2.457434e-09,1.679703e-08,1.848629e-09,7.981865e-07,4.691744e+08,1.678077e+08,8.636377e+06
1.472145e-08,2.387003e-08,1.473880e-09,3.487769e-08,2.146810e+08,1.353664e+08,3.465769e+07
6.739675e-09,7.642215e-08,1.036669e-07,6.052865e-09,3.783211e+07,4.585428e+07,4.649539e+07
1.409257e-09,1.868147e-08,2.127918e-09,6.815823e-09,5.774673e+08,1.751964e+08,8.862072e+07
1.774433e-09,5.092504e-08,8.019788e-09,3.428399e-09,2.650872e+08,8.888697e+07,7.568131e+07
3.477905e-08,1.833515e-09,4.139927e-09,2.832573e-07,8.333833e+07,8.181620e+07,4.388005e+07
6.835099e-07,9.061627e-09,8.533719e-08,4.475944e-09,4.140554e+06,1.842579e+07,1.570199e+08
1.579977e-08,3.776174e-09,1.325450e-08,3.750325e-08,6.910237e+07,7.222269e+07,8.403101e+07
1.776582e-08,3.796255e-08,1.234229e-08,4.289412e-08,6.753197e+07,4.326909e+07,2.478126e+07
3.629387e-07,3.882679e-09,3.572179e-07,2.545497e-09,2.777261e+06,3.284189e+07,3.180885e+08
1.664156e-08,1.546218e-08,6.534307e-09,3.192005e-08,9.589661e+07,7.578154e+07,4.501248e+07
7.987256e-08,1.746804e-08,2.203853e-08,4.817556e-08,2.383471e+07,2.606516e+07,3.447185e+07
7.379322e-09,1.495960e-09,3.739757e-08,6.868646e-07,6.019634e+07,5.636371e+07,3.119640e+07
6.498037e-09,4.682281e-09,7.369696e-08,1.731993e-08,4.569663e+07,7.986124e+07,1.110448e+08
9.727233e-08,5.494510e-08,5.507879e-09,3.073679e-08,4.320292e+07,3.750321e+07,2.433359e+07
1.703615e-07,2.434761e-08,1.393988e-07,5.730758e-09,6.489106e+06,3.054565e+07,8.465758e+07
2.980548e-09,6.055398e-07,1.744906e-07,9.220138e-09,4.384963e+07,1.369856e+07,1.338320e+07
4.865443e-08,7.123063e-08,6.267520e-07,6.355295e-09,5.726522e+06,3.641165e+07,4.700010e+07
3.425757e-08,2.138140e-08,8.880358e-07,1.178096e-09,5.733324e+06,1.235970e+08,1.992469e+08
6.687902e-08,4.156925e-07,1.232912e-08,1.001767e-09,3.482483e+07,4.729327e+07,4.900389e+07
8.105979e-08,2.621130e-08,4.816510e-08,1.249486e-08,1.600409e+07,3.065334e+07,5.525734e+07
1.203553e-08,9.441299e-08,2.131208e-09,9.632264e-09,1.974488e+08,7.337039e+07,3.316041e+07
4.364602e-07,4.730073e-08,2.737509e-09,3.965940e-08,2.893010e+07,2.841194e+07,2.308836e+07
8.837102e-08,1.655120e-08,1.570068e-07,9.976266e-07,8.489572e+06,8.381950e+06,7.782179e+06
3.591631e-08,2.401656e-09,8.257190e-07,2.625253e-07,5.806815e+06,1.144617e+07,3.982530e+07
2.558564e-07,2.849401e-08,2.492191e-09,1.691253e-09,3.960146e+07,5.908063e+07,1.440519e+08
3.654562e-07,5.897784e-08,1.405412e-08,2.790280e-09,1.395342e+07,3.181244e+07,7.795279e+07
9.295109e-07,4.067625e-07,2.688485e-08,4.174470e-09,6.325850e+06,1.439109e+07,2.426771e+07
1.193167e-09,4.124127e-07,1.293858e-08,5.292764e-09,2.545107e+08,2.537064e+07,2.140389e+07
2.317947e-09,2.257037e-07,4.244260e-09,1.474863e-07,3.188212e+08,3.260405e+07,5.480936e+06
7.809743e-09,3.632138e-09,3.279342e-08,2.676493e-08,6.248680e+07,7.700984e+07,1.014228e+08
8.921716e-08,6.626650e-07,1.319382e-08,3.376867e-07,2.914678e+07,1.023440e+07,2.113956e+06
2.080458e-07,2.539093e-07,1.371116e-08,3.226323e-08,1.872334e+07,1.499917e+07,1.104859e+07
4.157301e-09,1.706912e-07,3.950991e-08,4.602553e-09,7.802635e+07,3.724752e+07,3.567756e+07
4.250092e-07,7.512313e-08,2.596961e-07,3.487841e-09,3.010011e+06,2.410328e+07,6.177814e+07
1.278476e-09,5.072881e-09,3.390511e-08,3.062738e-08,1.518872e+08,9.891644e+07,8.022649e+07
2.609056e-08,1.412092e-07,6.303942e-08,5.967923e-08,2.465768e+07,1.396336e+07,1.089324e+07
1.809531e-07,1.197830e-08,1.423524e-09,3.951100e-09,6.230669e+07,7.037708e+07,1.453595e+08
2.584234e-09,1.766493e-08,5.556900e-09,1.016650e-09,2.638869e+08,2.397145e+08,2.359708e+08
1.154002e-07,1.962667e-09,2.866440e-08,5.466061e-07,1.738703e+07,1.768732e+07,3.053089e+07
8.449046e-08,4.160113e-07,4.560808e-09,5.795439e-09,5.094191e+07,2.797914e+07,2.036593e+07
1.122667e-09,1.372868e-09,1.061801e-07,5.277623e-09,9.159103e+07,2.823141e+08,3.715066e+08
2.273890e-07,5.468386e-08,4.616269e-07,1.479961e-09,3.086524e+06,4.902179e+07,1.111592e+08
1.688582e-09,3.032095e-08,2.013136e-07,1.470867e-09,5.423783e+07,1.462697e+08,1.497414e+08
4.783706e-09,4.275820e-08,9.514586e-07,4.931766e-08,1.482255e+07,2.118039e+07,2.177655e+07
6.399542e-08,2.909714e-08,1.549379e-09,8.427574e-07,1.004261e+08,8.334173e+07,6.385921e+06
9.844940e-07,1.148604e-07,4.223240e-08,2.252338e-07,4.904227e+06,5.057384e+06,6.217246e+06
6.696687e-07,6.471258e-09,5.704475e-07,2.329372e-09,1.617939e+06,2.524917e+07,2.575646e+08
4.624808e-07,2.069075e-07,1.471370e-08,7.311374e-07,1.212250e+07,1.017716e+07,2.571061e+06
2.624367e-09,4.856944e-07,1.010004e-07,3.213500e-09,6.142230e+07,2.564250e+07,2.531217e+07
5.625086e-07,1.176931e-08,1.237915e-08,1.723531e-07,1.198367e+07,1.227878e+07,2.220317e+07
1.166306e-07,3.017791e-08,5.199557e-09,7.754395e-07,4.060791e+07,3.631553e+07,6.537045e+06
4.181336e-09,1.028993e-08,6.723429e-07,7.955357e-09,1.886023e+07,9.374999e+07,1.105259e+08
1.103076e-08,7.673048e-07,3.432400e-07,2.797555e-09,1.625169e+07,2.151741e+07,2.158374e+07
2.783018e-09,2.110711e-07,6.065106e-09,3.705544e-08,2.434012e+08,2.995285e+07,1.130732e+07
2.921327e-08,1.257851e-08,9.918288e-09,7.472425e-07,5.874779e+07,4.944239e+07,1.031465e+07
2.950541e-09,8.524076e-09,9.710103e-07,1.876077e-08,1.868260e+07,6.881151e+07,7.907716e+07
1.782829e-09,5.536910e-09,2.941965e-08,3.408004e-07,1.380786e+08,7.102535e+07,2.302058e+07
4.999529e-08,4.700478e-09,6.822510e-07,4.186086e-08,5.414563e+06,2.153029e+07,7.128939e+07
7.145765e-07,2.637754e-08,1.757840e-09,5.577625e-07,2.821538e+07,2.775223e+07,8.244384e+06
1.297278e-09,3.093678e-07,2.407779e-07,9.068458e-07,5.658160e+07,4.113187e+06,1.887973e+06
1.031137e-09,1.607767e-09,3.814299e-08,2.130793e-09,1.594536e+08,4.333326e+08,5.402786e+08
1.279929e-09,1.215226e-09,7.466337e-07,7.611085e-09,3.234844e+07,2.306377e+08,3.288124e+08
2.936674e-07,1.575247e-09,1.535630e-09,2.926721e-07,4.709002e+07,4.708728e+07,4.657308e+07
2.438237e-07,1.166699e-07,1.031676e-07,3.199760e-08,6.305076e+06,1.065745e+07,1.636673e+07
3.359167e-09,8.609660e-07,7.783095e-07,1.761525e-08,1.955726e+07,8.195528e+06,8.120124e+06
1.536958e-08,3.619050e-07,3.478032e-09,1.672283e-08,1.367736e+08,3.034132e+07,1.285428e+07
7.219894e-08,1.317805e-07,1.477816e-07,1.882235e-07,9.681095e+06,7.695426e+06,6.349470e+06
2.497793e-07,8.880039e-09,1.214892e-09,3.080672e-08,5.740541e+07,5.751298e+07,6.046023e+07
2.362619e-09,9.759725e-08,7.013839e-07,3.207585e-07,2.456548e+07,6.741800e+06,5.651870e+06
4.740760e-08,2.315739e-08,1.455213e-08,4.227744e-07,3.807261e+07,3.173881e+07,1.010650e+07
1.077688e-08,2.544035e-08,8.943645e-09,8.834791e-08,1.018583e+08,5.830752e+07,2.109310e+07
9.482422e-07,2.733502e-09,3.415377e-09,9.077913e-09,1.757199e+07,2.058455e+07,2.007462e+08
6.151765e-07,1.743361e-07,5.347042e-08,1.506176e-07,5.513703e+06,5.665452e+06,6.171184e+06
2.091950e-09,3.994829e-08,9.111998e-09,4.132457e-09,2.290433e+08,9.146890e+07,7.782994e+07
4.841926e-07,1.882212e-09,9.786506e-08,4.274062e-07,4.593853e+06,5.082835e+06,3.525700e+07
6.592313e-08,3.929220e-08,2.000886e-07,2.647642e-08,8.707027e+06,2.016119e+07,3.100396e+07
8.941577e-09,7.102675e-07,1.008294e-07,5.515521e-08,3.330423e+07,6.244914e+06,5.052377e+06
2.287466e-07,1.165064e-09,1.207684e-09,3.356064e-09,6.016529e+07,6.998235e+07,5.057199e+08
5.135402e-07,7.214548e-08,1.172237e-09,2.515648e-08,4.075727e+07,3.904360e+07,2.347310e+07
1.668555e-07,5.390306e-09,1.565082e-08,8.008418e-08,1.956866e+07,2.105810e+07,4.813045e+07
3.722177e-09,7.196659e-07,8.807408e-09,1.566836e-08,1.746536e+08,1.565837e+07,9.417220e+06
1.175795e-07,7.913255e-07,6.917423e-07,8.084889e-08,3.506404e+06,3.898580e+06,3.953533e+06
1.104466e-07,6.355699e-08,9.228811e-07,1.365483e-07,3.132211e+06,6.950898e+06,1.073434e+07
1.972806e-09,5.077433e-07,1.710481e-08,1.021033e-07,1.721467e+08,1.157204e+07,4.391956e+06
1.436906e-08,1.392428e-09,1.362639e-08,1.393506e-08,7.146533e+07,9.596383e+07,2.270174e+08
1.181398e-08,1.654020e-09,3.067379e-09,7.059452e-09,1.661186e+08,1.863443e+08,2.926471e+08
3.315861e-07,3.888128e-08,9.267203e-09,1.015583e-09,1.803963e+07,5.430607e+07,1.591373e+08
1.551776e-08,3.221590e-08,2.271532e-07,4.522077e-09,1.684326e+07,6.873835e+07,8.285065e+07
3.231100e-09,6.382625e-08,9.058808e-07,3.589277e-09,1.848372e+07,6.458505e+07,6.606887e+07
1.180124e-09,7.190325e-07,2.915129e-09,2.604970e-08,5.391471e+08,2.301309e+07,7.306753e+06
2.180978e-08,2.505576e-09,5.365873e-07,1.414817e-09,9.243877e+06,1.707188e+08,5.311242e+08
2.903771e-08,1.072012e-08,1.731831e-08,6.592182e-07,4.459294e+07,3.860708e+07,1.189558e+07
2.977231e-08,3.999461e-08,9.228467e-09,3.051779e-08,6.032940e+07,4.497612e+07,2.862350e+07
1.985715e-08,4.176528e-08,2.266011e-09,4.207738e-09,1.490769e+08,1.049671e+08,7.543415e+07
2.389953e-09,2.016272e-07,2.672034e-07,1.853421e-08,3.957166e+07,1.681676e+07,1.635831e+07
2.704950e-09,1.854067e-09,5.586546e-08,1.006669e-09,8.134835e+07,4.709763e+08,7.319710e+08
5.105134e-07,5.909661e-09,4.669179e-09,1.199253e-07,2.048218e+07,2.075730e+07,3.756327e+07
8.395412e-07,2.459992e-07,4.204013e-08,2.980309e-09,5.322883e+06,1.819362e+07,3.693197e+07
5.484239e-08,3.905742e-07,1.482948e-09,2.462513e-07,1.108865e+08,3.902632e+07,3.224475e+06
1.816821e-09,1.266957e-09,4.989646e-09,1.715788e-08,3.321307e+08,2.896372e+08,2.144802e+08
1.021553e-07,9.330471e-08,8.157526e-09,5.111625e-08,3.464099e+07,2.696768e+07,1.448001e+07
5.687414e-08,3.444451e-08,4.356064e-07,6.735955e-07,6.353243e+06,6.433967e+06,6.565085e+06
5.248394e-07,7.283753e-09,7.449245e-07,5.379147e-08,1.599303e+06,6.120364e+06,5.052027e+07
6.659852e-09,1.472688e-09,6.427319e-07,2.827933e-08,1.528455e+07,6.737555e+07,1.549566e+08
4.104546e-08,7.664180e-09,8.930578e-08,5.793520e-09,1.651687e+07,6.142853e+07,1.500707e+08
3.380224e-08,1.673023e-07,1.055922e-09,1.666553e-09,1.673830e+08,8.770927e+07,5.988795e+07
6.974367e-09,4.399342e-07,2.381960e-07,5.200609e-08,2.453468e+07,7.240134e+06,6.611181e+06
5.221516e-08,2.789111e-07,1.424564e-08,2.867037e-09,3.666576e+07,3.557169e+07,3.536311e+07
2.357650e-07,7.664531e-08,2.472287e-09,1.634795e-07,4.142008e+07,3.625327e+07,8.933580e+06
7.718409e-08,6.137853e-08,4.566262e-08,2.931524e-09,1.684441e+07,5.118489e+07,7.454956e+07
3.684866e-08,8.338321e-07,1.019624e-07,2.935791e-07,1.631433e+07,3.895687e+06,2.021148e+06
3.519590e-09,1.940896e-08,4.699041e-08,7.647513e-09,7.775876e+07,8.143180e+07,8.208026e+07
1.455001e-09,1.162633e-09,2.466432e-09,4.054059e-08,5.278782e+08,4.053551e+08,1.456578e+08
1.558041e-08,3.579821e-09,3.348438e-08,1.204153e-09,4.378138e+07,2.118998e+08,4.816466e+08
8.955853e-07,2.921654e-09,6.091093e-07,7.240258e-08,1.353938e+06,4.147165e+06,6.875569e+07
1.017962e-09,2.787263e-09,3.871684e-09,3.788062e-07,5.037143e+08,2.618593e+08,3.077531e+07
1.433105e-09,5.267311e-09,1.263193e-08,2.228435e-09,2.350315e+08,2.806913e+08,2.918808e+08
6.573602e-09,1.986622e-08,1.652401e-09,7.544081e-07,3.034175e+08,1.514566e+08,8.168441e+06
1.854386e-08,2.130745e-07,1.705795e-09,2.313226e-07,1.778019e+08,5.049466e+07,4.504279e+06
8.021169e-09,4.568869e-08,4.242890e-08,8.062200e-09,5.420636e+07,5.242310e+07,5.210373e+07
4.201491e-09,4.892100e-09,3.032832e-09,7.276339e-08,2.801394e+08,1.943459e+08,5.300244e+07
2.779281e-09,2.965100e-07,6.383813e-09,5.228730e-07,2.374071e+08,2.301704e+07,2.539699e+06
7.548955e-09,2.078718e-08,6.944526e-07,2.947688e-09,1.381132e+07,1.096500e+08,1.277502e+08
4.620470e-07,8.122842e-07,3.552287e-09,1.236270e-07,2.468328e+07,1.507497e+07,3.155654e+06
7.078004e-08,4.910817e-07,1.210889e-08,6.506170e-09,3.415799e+07,2.050702e+07,1.769133e+07
3.833115e-07,9.140414e-09,1.759051e-07,6.386693e-09,3.851101e+06,2.033355e+07,1.308817e+08
2.210682e-09,1.683821e-08,6.928094e-07,2.386142e-09,2.555230e+07,1.485811e+08,1.577625e+08
3.119624e-07,2.027083e-08,7.772652e-07,5.250261e-07,2.030787e+06,3.099256e+06,9.693349e+06
5.312578e-08,6.162669e-08,3.731129e-07,4.983377e-09,7.102761e+06,4.209574e+07,5.706288e+07
5.214586e-07,1.185158e-08,5.617259e-08,5.653958e-09,5.842892e+06,1.910553e+07,1.221619e+08
4.683620e-07,4.272337e-08,2.209144e-09,3.466630e-09,3.108831e+07,3.808027e+07,8.217005e+07
1.028859e-07,3.107070e-08,1.944461e-07,2.537688e-07,7.070049e+06,8.234596e+06,1.126173e+07
1.331844e-07,3.183101e-09,4.958123e-07,7.240172e-09,3.891479e+06,3.205665e+07,2.083053e+08
6.327772e-07,1.432359e-07,1.215441e-08,6.264767e-09,1.140270e+07,1.765555e+07,3.338271e+07
1.320563e-07,4.529687e-08,7.596311e-08,1.324230e-07,9.984334e+06,1.080766e+07,1.291172e+07
1.585494e-09,3.446324e-09,9.870749e-07,9.209285e-08,2.527799e+07,4.857290e+07,5.613180e+07
3.818866e-07,1.135994e-07,3.524679e-07,3.773054e-07,2.725668e+06,3.327913e+06,4.830204e+06
3.743922e-08,3.854732e-07,2.942340e-07,1.120500e-09,9.527746e+06,4.602504e+07,4.811682e+07
1.819425e-08,1.319570e-09,3.416989e-08,9.309937e-08,4.010616e+07,4.527885e+07,9.022159e+07
6.026669e-08,2.187655e-09,2.110026e-08,1.298396e-08,2.804255e+07,4.463215e+07,1.876320e+08
2.215323e-09,2.026104e-09,1.693493e-09,3.251216e-08,5.162853e+08,3.827175e+08,1.232101e+08
2.910382e-09,8.889224e-07,5.789261e-09,2.556888e-08,2.436203e+08,1.541225e+07,6.633033e+06
7.714212e-09,1.280762e-09,4.069069e-07,6.158319e-09,1.784870e+07,1.353726e+08,3.560694e+08
4.419843e-09,6.419688e-09,6.071018e-09,5.365986e-09,1.930482e+08,1.799680e+08,1.703799e+08
8.818172e-08,4.159558e-09,1.771567e-09,2.285477e-07,8.000773e+07,7.848741e+07,3.243307e+07
3.290608e-09,8.887392e-08,5.596902e-07,2.781106e-08,2.330172e+07,2.023671e+07,2.011426e+07
4.859872e-07,6.660509e-08,6.252199e-08,3.320264e-08,5.736820e+06,9.134961e+06,2.126473e+07
3.516928e-08,7.818198e-09,1.624063e-08,3.920813e-09,4.184243e+07,8.582234e+07,1.806170e+08
2.261492e-09,1.074449e-09,3.333778e-08,8.585888e-09,1.151686e+08,2.095364e+08,3.292414e+08
5.416840e-08,9.146419e-07,2.932971e-07,3.235940e-07,7.933652e+06,2.590185e+06,1.838122e+06
3.351487e-08,8.127589e-08,1.626745e-07,1.139204e-08,1.354321e+07,2.860511e+07,3.286384e+07
9.495799e-08,9.162451e-07,1.154232e-07,4.141630e-07,9.551856e+06,3.309916e+06,1.623336e+06
1.414165e-07,8.823307e-08,1.320866e-07,1.037350e-08,7.316790e+06,2.127756e+07,3.305382e+07
2.498099e-08,5.147521e-07,2.107262e-09,4.086621e-07,1.378275e+08,2.972816e+07,2.180313e+06
3.416976e-07,3.736772e-07,6.298731e-07,2.903868e-07,2.155522e+06,2.651999e+06,3.035731e+06
1.347321e-09,5.277025e-09,1.227085e-08,2.553475e-09,2.459388e+08,2.672470e+08,2.724204e+08
1.326523e-08,7.986284e-08,1.030050e-09,6.725504e-08,2.705288e+08,1.028800e+08,1.364474e+07
2.152133e-07,7.728717e-07,3.573709e-08,1.302973e-09,1.140265e+07,2.837340e+07,3.151219e+07
3.997063e-08,6.612011e-08,7.033359e-08,1.127823e-09,1.886028e+07,9.214996e+07,1.158011e+08
2.986265e-09,7.411645e-08,2.109846e-07,1.389434e-09,3.983918e+07,9.693297e+07,9.854253e+07
9.951315e-08,1.106598e-07,6.073612e-07,4.472270e-08,4.067581e+06,1.068749e+07,1.421481e+07
9.511469e-08,1.377251e-09,1.279539e-09,1.498650e-07,9.064617e+07,9.038031e+07,6.960549e+07
2.726409e-09,1.079936e-09,3.264474e-09,2.484528e-08,3.351953e+08,3.017491e+08,1.930541e+08
8.906217e-08,3.524571e-08,7.149409e-07,4.531107e-07,3.962947e+06,5.385728e+06,7.913064e+06
8.874433e-09,1.395799e-08,1.386916e-07,6.664470e-07,2.850392e+07,1.953221e+07,1.036826e+07
1.569873e-07,1.334802e-07,1.135141e-08,3.757343e-09,2.368879e+07,3.492209e+07,4.465305e+07
1.807496e-08,4.034949e-08,3.933607e-07,1.466893e-08,1.185949e+07,3.478996e+07,4.110378e+07
1.138209e-09,1.771144e-08,5.387229e-09,6.062163e-08,4.038371e+08,1.035507e+08,3.051822e+07
4.226085e-08,1.628189e-08,2.738817e-08,5.384672e-07,2.939337e+07,2.560089e+07,1.067992e+07
1.147688e-08,1.198554e-07,1.885345e-07,5.141595e-07,2.149774e+07,7.429387e+06,4.028304e+06
3.050549e-07,1.048299e-09,4.488295e-09,4.274662e-08,2.702529e+07,2.835999e+07,1.493849e+08
5.206560e-09,6.920593e-09,2.817642e-07,1.430302e-07,2.610848e+07,2.948175e+07,3.178444e+07
4.898068e-07,1.593938e-07,5.450704e-07,1.090939e-09,1.935358e+06,3.761357e+07,7.583403e+07
1.482639e-09,6.573224e-07,7.815701e-08,2.181398e-09,9.289629e+07,2.674433e+07,2.640848e+07
1.733319e-09,5.304194e-09,7.629803e-09,9.887772e-08,2.749819e+08,1.416363e+08,4.366576e+07
2.742289e-09,3.085779e-09,5.487119e-09,5.963020e-09,2.577931e+08,2.450404e+08,2.331226e+08
3.106149e-09,2.999225e-08,6.342261e-09,8.291423e-07,2.253029e+08,6.928339e+07,6.341338e+06
1.271664e-08,1.241341e-08,5.588743e-09,2.124593e-09,1.186197e+08,1.607791e+08,1.947227e+08
1.953607e-07,2.512381e-07,5.136225e-09,2.115747e-08,3.156890e+07,2.327626e+07,1.371594e+07
2.410354e-08,1.005965e-07,2.983981e-08,2.129252e-08,3.728735e+07,2.540405e+07,2.160703e+07
2.710389e-07,2.292161e-09,1.643101e-07,1.095505e-08,4.738622e+06,1.887401e+07,1.995585e+08
1.791729e-07,3.024455e-08,1.434400e-09,1.377352e-09,6.237761e+07,8.243744e+07,1.549366e+08
1.006876e-08,3.379185e-09,7.572558e-09,3.183412e-07,1.145224e+08,1.002664e+08,3.048931e+07
3.242979e-08,9.346597e-07,9.295158e-07,2.751990e-07,5.759696e+06,2.206770e+06,1.971741e+06
2.188388e-07,1.572692e-09,5.086898e-08,1.317759e-07,9.477883e+06,1.111840e+07,6.946405e+07
5.867492e-08,2.879084e-08,1.073458e-07,8.689801e-07,1.260031e+07,1.093908e+07,6.322196e+06
2.063528e-09,3.440995e-07,1.993611e-09,2.497026e-08,4.930314e+08,3.955661e+07,1.078814e+07
7.852416e-09,2.578033e-08,1.406881e-08,1.030137e-09,9.514142e+07,1.760014e+08,1.940476e+08
9.710646e-09,4.955637e-07,4.170159e-08,4.970381e-09,4.969351e+07,2.111025e+07,2.014909e+07
9.768239e-09,3.834325e-07,1.896517e-09,7.360378e-09,2.323344e+08,4.106739e+07,1.882372e+07
1.090933e-09,7.239098e-08,3.094308e-07,8.986991e-08,5.442761e+07,1.397883e+07,1.239797e+07
8.705043e-08,4.373362e-09,1.820758e-08,1.149419e-07,2.511820e+07,2.638000e+07,4.460188e+07
5.823835e-09,1.231123e-07,3.065140e-08,2.804249e-09,7.484630e+07,5.494321e+07,5.381967e+07
5.007622e-09,1.073712e-07,1.505442e-08,1.074282e-07,1.151734e+08,2.595995e+07,9.311012e+06
4.705315e-08,2.662622e-08,8.316953e-08,1.462572e-09,1.598540e+07,9.717486e+07,1.602458e+08
2.808699e-09,1.848090e-08,4.441077e-08,1.308634e-09,8.953715e+07,1.922265e+08,2.033430e+08
2.778635e-08,5.098693e-08,1.733314e-09,9.036126e-08,1.440939e+08,8.639681e+07,1.473260e+07
5.533094e-09,3.049480e-09,3.622034e-07,7.967785e-09,2.233776e+07,1.222496e+08,2.028702e+08
3.425261e-09,1.274898e-09,2.848367e-08,3.306381e-07,1.012407e+08,9.007207e+07,4.870638e+07
3.716234e-07,5.179175e-09,3.863664e-08,2.633005e-07,8.345431e+06,8.875152e+06,2.707970e+07
9.285763e-07,6.038583e-09,4.569237e-07,3.233763e-08,1.535215e+06,5.952209e+06,7.156133e+07
2.121240e-07,1.174650e-09,3.667826e-08,6.033285e-08,1.133707e+07,1.433624e+07,1.187870e+08
2.804082e-07,1.048845e-08,8.840102e-07,3.501503e-09,2.008519e+06,3.139510e+07,1.650126e+08
2.330015e-09,1.127029e-09,2.744330e-08,6.400394e-09,1.250554e+08,2.360831e+08,3.723310e+08
1.633544e-08,2.214686e-07,2.786520e-08,3.844862e-07,4.687093e+07,1.272192e+07,3.426917e+06
3.087676e-09,2.019239e-09,1.671987e-07,1.393493e-07,4.401166e+07,5.075760e+07,5.961475e+07
2.270930e-09,2.676671e-07,1.046602e-09,4.101805e-09,6.486453e+08,6.665397e+07,3.017970e+07
1.068803e-07,1.958692e-08,7.185433e-07,1.895745e-07,3.608483e+06,7.260486e+06,1.641070e+07
5.145437e-08,1.466540e-09,2.729740e-09,1.786011e-08,8.437781e+07,8.933265e+07,1.953939e+08
5.637936e-09,7.305622e-07,5.014815e-09,5.722267e-09,1.880669e+08,2.254414e+07,1.546633e+07
2.626925e-07,1.886486e-09,2.061466e-08,6.553814e-07,1.358902e+07,1.375179e+07,2.843977e+07
1.871553e-08,6.151169e-09,3.501210e-09,9.501968e-08,1.235349e+08,1.091288e+08,4.136323e+07
1.841194e-07,2.272163e-07,4.151838e-09,9.961968e-08,3.616846e+07,2.469722e+07,6.646725e+06
1.118855e-08,3.689794e-07,7.816102e-07,1.211977e-09,1.069345e+07,4.662314e+07,4.728809e+07
7.758908e-07,3.716361e-07,1.375095e-07,2.576453e-09,3.061494e+06,1.856258e+07,3.231692e+07
5.399917e-07,7.324905e-07,4.129209e-07,2.663862e-09,2.117742e+06,1.723116e+07,2.263826e+07
6.238516e-07,4.373125e-08,1.115434e-07,5.503363e-07,3.790858e+06,4.018843e+06,6.445995e+06
1.204563e-07,1.219515e-09,6.296619e-09,1.701259e-08,3.631044e+07,4.228854e+07,2.195438e+08
5.401148e-08,2.857073e-09,1.975571e-07,9.264344e-07,9.680786e+06,1.039182e+07,1.943712e+07
5.227693e-07,1.326435e-07,1.095164e-09,2.692833e-08,4.179318e+07,3.807671e+07,1.673217e+07
1.131354e-09,1.726921e-08,3.385667e-09,9.832449e-07,5.109501e+08,1.269138e+08,7.674196e+06
1.583669e-09,1.961030e-08,1.759077e-09,1.031032e-07,5.991359e+08,1.651676e+08,2.223933e+07
1.738237e-07,9.761696e-09,2.343475e-07,5.646528e-08,4.954677e+06,1.094125e+07,4.259382e+07
4.367350e-07,1.744491e-09,2.103095e-08,8.334670e-08,1.043426e+07,1.165348e+07,8.293188e+07
1.700913e-09,3.206916e-08,6.161011e-08,4.047222e-07,9.768615e+07,2.353300e+07,8.777639e+06
1.507094e-09,1.216020e-07,5.996132e-09,1.722414e-08,3.326551e+08,4.273504e+07,2.185047e+07
3.208801e-08,1.931700e-08,1.100191e-08,4.348380e-09,5.322243e+07,7.900559e+07,1.091105e+08
1.907597e-08,1.541860e-08,5.251228e-09,2.046005e-09,9.991397e+07,1.403201e+08,1.780427e+08
8.260216e-08,1.666719e-08,2.465071e-08,3.624555e-08,2.216101e+07,2.620268e+07,4.068567e+07
3.006098e-08,3.046827e-08,1.109426e-08,4.585751e-09,5.475821e+07,7.135693e+07,8.460010e+07
7.937106e-08,2.512707e-09,6.989823e-08,8.708869e-08,1.342567e+07,1.774675e+07,6.760023e+07
1.860703e-09,8.968670e-08,6.877269e-07,2.248699e-09,2.795461e+07,6.981041e+07,7.041583e+07
5.081259e-08,2.070357e-08,1.551381e-08,4.772143e-09,3.561681e+07,6.189843e+07,1.006053e+08
3.444264e-07,5.139096e-07,2.540065e-08,1.126058e-09,1.069127e+07,3.287080e+07,4.156964e+07
7.265583e-07,6.714035e-07,1.400550e-08,5.326240e-08,9.913236e+06,8.031499e+06,5.288078e+06
7.990900e-07,9.284803e-09,6.190990e-07,3.818733e-07,1.421746e+06,2.288574e+06,1.679400e+07
4.542384e-08,1.144454e-08,2.873792e-08,2.522830e-07,2.767773e+07,2.610732e+07,1.861044e+07
3.188182e-09,4.720547e-08,2.504043e-09,4.014771e-09,3.539220e+08,1.134345e+08,7.263960e+07
2.761402e-09,1.851221e-09,2.477360e-08,1.697796e-08,1.209040e+08,1.466983e+08,1.783726e+08
3.176424e-09,8.673220e-07,6.824679e-09,9.411509e-07,2.147779e+08,1.302098e+07,1.106828e+06
4.946174e-07,5.522989e-08,4.522946e-09,3.830816e-07,2.114241e+07,2.017052e+07,6.874914e+06
2.620590e-07,1.407630e-09,5.445448e-09,7.614432e-07,2.647181e+07,2.649524e+07,3.054478e+07
1.321670e-07,6.619470e-07,1.199705e-07,3.749119e-07,7.941475e+06,3.722268e+06,2.007353e+06
1.199326e-07,1.836904e-09,3.653311e-09,5.743832e-08,4.777361e+07,4.889646e+07,9.735447e+07
2.534881e-07,2.070228e-09,3.281898e-08,6.017273e-07,1.096374e+07,1.121306e+07,2.833290e+07
1.100126e-07,1.236898e-07,2.708301e-07,2.721213e-08,5.793357e+06,1.315460e+07,1.723660e+07
2.231337e-07,1.211370e-08,1.095335e-07,9.853957e-07,6.396523e+06,6.566770e+06,9.152847e+06
7.621428e-09,2.562272e-08,8.171773e-09,6.701278e-08,1.267137e+08,6.426430e+07,2.413285e+07
2.166652e-08,7.749679e-09,7.563586e-07,1.611079e-09,7.811628e+06,1.454154e+08,2.830087e+08
3.010662e-09,3.612921e-09,1.980488e-07,5.987222e-08,4.095273e+07,5.730573e+07,6.799204e+07
2.401702e-08,2.233739e-07,1.189005e-07,1.047822e-09,1.871323e+07,6.238349e+07,6.536422e+07
4.478639e-09,4.133326e-08,4.386190e-07,4.457254e-09,2.256229e+07,7.033519e+07,7.367438e+07
2.057558e-08,1.283054e-08,2.372857e-08,8.291835e-08,4.525725e+07,4.028098e+07,3.065859e+07
7.350119e-07,9.438149e-09,9.330199e-08,3.265121e-07,3.818628e+06,4.302448e+06,1.801387e+07
2.366017e-09,3.674661e-08,1.719789e-09,9.370621e-08,4.957395e+08,1.230419e+08,1.704147e+07
2.698728e-08,1.689968e-09,3.489828e-07,1.751309e-08,1.030430e+07,4.572803e+07,1.838144e+08
8.477308e-07,2.949245e-08,3.951911e-09,3.233057e-09,1.727696e+07,2.531903e+07,1.024089e+08
2.549740e-09,4.757140e-08,6.360741e-08,1.851245e-09,7.852323e+07,1.053143e+08,1.065602e+08
4.138139e-08,8.639630e-07,1.016210e-09,9.195361e-08,1.542076e+08,3.315033e+07,3.547873e+06
6.133833e-08,1.703066e-07,2.021763e-08,1.893699e-08,2.839677e+07,2.101162e+07,1.760876e+07
4.016689e-09,2.353246e-08,1.145059e-08,2.629608e-09,1.474524e+08,1.302839e+08,1.271220e+08
2.956161e-08,1.644497e-08,5.395938e-07,1.055283e-09,7.917763e+06,1.436580e+08,2.400484e+08
1.366934e-07,3.912513e-07,4.951691e-09,9.475364e-09,3.843700e+07,2.413348e+07,1.642382e+07
6.771920e-07,3.980877e-09,1.260744e-07,1.625376e-09,3.422399e+06,3.024656e+07,3.931278e+08
2.554056e-08,2.709555e-07,7.997313e-08,1.169415e-07,2.212650e+07,8.427003e+06,5.617806e+06
1.057116e-08,3.598501e-07,5.719275e-09,1.431849e-09,1.286081e+08,4.855345e+07,4.405453e+07
1.321495e-09,1.324682e-09,6.222924e-09,5.232236e-08,3.487145e+08,2.606728e+08,1.201159e+08
1.188708e-08,2.963438e-09,1.803465e-08,7.037749e-08,6.829809e+07,6.848799e+07,6.924448e+07
1.449169e-08,1.337227e-08,8.154292e-07,1.123751e-09,9.199142e+06,1.788309e+08,2.579659e+08
2.400902e-09,7.723068e-09,7.933354e-08,1.951430e-09,7.245767e+07,2.277324e+08,2.575898e+08
2.897840e-09,2.926700e-07,1.310740e-08,7.841877e-08,1.622574e+08,1.735704e+07,6.600865e+06
4.974576e-07,1.343113e-09,2.452405e-07,3.202013e-09,2.863030e+06,2.518499e+07,4.822055e+08
7.164436e-09,2.448672e-07,1.812794e-08,4.080454e-09,8.774749e+07,3.451457e+07,3.163591e+07
3.410905e-09,8.456257e-07,8.185227e-07,9.870358e-08,1.892561e+07,3.656733e+06,3.461342e+06
8.786920e-07,6.146290e-07,1.946231e-09,6.690514e-09,2.418157e+07,2.107519e+07,1.559422e+07
5.743375e-08,1.030527e-07,7.378375e-09,5.822480e-08,4.857760e+07,3.084671e+07,1.290970e+07
1.789117e-07,3.262790e-09,5.912822e-07,1.687117e-09,3.074562e+06,5.712186e+07,4.262190e+08
4.146412e-07,6.480209e-09,9.153949e-08,1.371426e-08,5.132861e+06,1.410993e+07,1.060765e+08
4.675536e-09,2.413795e-07,3.192814e-09,1.211665e-08,2.588198e+08,4.010382e+07,1.849092e+07
5.781661e-07,1.101994e-07,2.195021e-08,9.984388e-07,8.876757e+06,8.224192e+06,3.014738e+06
1.806172e-07,1.340050e-08,4.080643e-09,1.148500e-09,3.683461e+07,7.583413e+07,2.549025e+08
4.512111e-07,2.504600e-08,2.963943e-07,1.855601e-08,2.734483e+06,1.096536e+07,4.638616e+07
1.034497e-07,5.974409e-07,7.321073e-09,4.666533e-09,3.633690e+07,2.237467e+07,1.893893e+07
2.472534e-09,2.459323e-08,5.024493e-07,3.385639e-08,2.837153e+07,3.412948e+07,3.465548e+07
7.102094e-07,2.895133e-08,2.207364e-09,2.091437e-07,2.525631e+07,2.488705e+07,1.285119e+07
1.026266e-07,2.280453e-07,3.276059e-09,1.036903e-07,5.453737e+07,3.085887e+07,6.503100e+06
7.038130e-07,3.904531e-08,1.526306e-08,3.381775e-07,9.648296e+06,9.600903e+06,8.702483e+06
9.372994e-07,2.726615e-07,1.869593e-07,1.969497e-09,2.388841e+06,2.059265e+07,4.315295e+07
4.890744e-08,9.522451e-07,1.161867e-09,9.080450e-09,1.326583e+08,3.113989e+07,1.075405e+07
1.838623e-08,7.310047e-09,1.039097e-08,2.469464e-09,7.234784e+07,1.396572e+08,2.353632e+08
7.562281e-07,7.861739e-09,8.998792e-09,2.978073e-09,1.212220e+07,2.418464e+07,2.066679e+08
4.281551e-08,4.085272e-07,3.669839e-09,1.857275e-07,7.977667e+07,2.481259e+07,3.630375e+06
9.190391e-09,2.006282e-07,3.633817e-09,3.193698e-07,1.730420e+08,3.642112e+07,3.950546e+06
1.748744e-08,4.313297e-08,1.211374e-07,7.588451e-09,2.172690e+07,4.806266e+07,5.527373e+07
2.661800e-07,7.990843e-09,4.226097e-07,8.795284e-08,2.981553e+06,7.078141e+06,3.772062e+07
8.359029e-09,4.865842e-08,2.699769e-09,3.387704e-09,2.105032e+08,1.080435e+08,7.788759e+07
2.523933e-09,3.466588e-08,4.170035e-07,2.547689e-08,3.082416e+07,3.346508e+07,3.364927e+07
3.976035e-08,2.149949e-09,7.960611e-07,7.539649e-09,5.620846e+06,5.652116e+07,2.483764e+08
3.617464e-09,4.763018e-09,7.996173e-07,1.282765e-07,1.859331e+07,3.285489e+07,4.045623e+07
1.259809e-08,1.940649e-09,2.626479e-07,3.112318e-07,1.738443e+07,2.197445e+07,4.068970e+07
4.629036e-08,5.067888e-07,1.878064e-07,2.400280e-09,1.072506e+07,2.762060e+07,2.867184e+07
3.167466e-09,6.122441e-08,7.702799e-07,1.704752e-09,2.024509e+07,9.555070e+07,9.788295e+07
4.241905e-07,1.013768e-09,1.680090e-09,1.148585e-08,3.745875e+07,4.005708e+07,2.930550e+08
1.954556e-07,7.482543e-08,1.067169e-09,9.530966e-08,6.924036e+07,5.920978e+07,1.184151e+07
5.712090e-08,9.965955e-09,1.070826e-09,1.623627e-07,1.278624e+08,1.183721e+08,2.485979e+07
2.110741e-07,2.775582e-08,2.453103e-08,7.221661e-07,1.389711e+07,1.328469e+07,7.063247e+06
4.040769e-09,7.692868e-07,8.711453e-08,2.242192e-08,5.329945e+07,8.515613e+06,7.614116e+06
2.583749e-08,1.965177e-09,1.157306e-07,2.677937e-09,1.828735e+07,1.172260e+08,4.359122e+08
8.040190e-09,3.231810e-07,4.959932e-09,4.476865e-07,1.583540e+08,2.480822e+07,2.628997e+06
2.079719e-09,8.487325e-07,4.147722e-09,3.009919e-09,3.404810e+08,2.595888e+07,1.978505e+07
8.199781e-07,6.701158e-09,3.404542e-09,3.999200e-07,1.892647e+07,1.892966e+07,1.931695e+07
2.183429e-07,4.562993e-07,1.831913e-09,6.451593e-07,5.000092e+07,2.848568e+07,1.843069e+06
5.047968e-08,2.715271e-09,3.790531e-09,3.160638e-09,7.229224e+07,1.044375e+08,3.413548e+08
2.885827e-07,3.772595e-09,5.105453e-08,1.698152e-09,8.238491e+06,4.562064e+07,3.950860e+08
1.404925e-09,3.178761e-08,9.698558e-07,3.558934e-08,2.709067e+07,2.962411e+07,2.973110e+07
1.125182e-08,6.106581e-07,9.577666e-09,1.495284e-08,9.632937e+07,1.659579e+07,1.046500e+07
6.503156e-08,3.207255e-07,5.330784e-09,1.514820e-07,5.370842e+07,2.243663e+07,4.536833e+06
3.626212e-09,1.224565e-08,2.859697e-08,8.219727e-09,9.820043e+07,9.933899e+07,9.967365e+07
1.871986e-09,3.514231e-09,1.984429e-07,4.824533e-08,5.188370e+07,6.916508e+07,7.679929e+07
7.273801e-08,3.480698e-09,1.153570e-08,2.875542e-07,3.452211e+07,3.439444e+07,3.160873e+07
1.015086e-08,4.034546e-07,2.272523e-08,4.619263e-09,6.584071e+07,2.509582e+07,2.316415e+07
2.691051e-07,1.174460e-08,5.994619e-07,6.145045e-07,2.489764e+06,3.425493e+06,1.177114e+07
4.047076e-08,2.649053e-07,8.685218e-07,3.681382e-08,5.333827e+06,9.629228e+06,1.012626e+07
1.451633e-09,7.921304e-08,4.889424e-08,1.289915e-08,1.186978e+08,3.485137e+07,3.128391e+07
5.089607e-07,9.050034e-08,2.731479e-07,6.818299e-07,2.682001e+06,2.924685e+06,4.025658e+06
1.802847e-08,5.360455e-08,1.017218e-09,3.071634e-07,2.335143e+08,1.173422e+08,7.793176e+06
2.011702e-09,3.701437e-07,4.736399e-09,1.952927e-08,3.239620e+08,2.655014e+07,1.176175e+07
1.114381e-08,1.452810e-09,5.072780e-07,4.878461e-08,1.330026e+07,4.223480e+07,1.187830e+08
2.315902e-08,4.444784e-09,1.099599e-07,7.959980e-07,1.981631e+07,1.936406e+07,1.681197e+07
1.280716e-07,2.609243e-08,2.918395e-08,6.784829e-07,1.635692e+07,1.522585e+07,7.515766e+06
2.324028e-08,1.206426e-07,1.182509e-07,2.780715e-07,1.907555e+07,9.152489e+06,5.459733e+06
3.711803e-07,3.649706e-07,8.906276e-07,5.910744e-09,1.739240e+06,1.521009e+07,2.153030e+07
1.781693e-09,1.632378e-07,7.945493e-09,1.417113e-07,2.657805e+08,2.838036e+07,6.574874e+06
1.238963e-09,4.208642e-07,1.008584e-08,1.346777e-09,2.828881e+08,4.465392e+07,4.200308e+07
1.236356e-09,9.868564e-07,7.275466e-07,4.757519e-09,3.334247e+07,1.463276e+07,1.459428e+07
1.736883e-07,1.323881e-07,9.184918e-08,1.298169e-09,7.917299e+06,5.052043e+07,7.627987e+07
9.122257e-09,1.009318e-09,3.476549e-08,1.711114e-08,5.615322e+07,9.277558e+07,2.406282e+08
3.838368e-07,2.084896e-08,8.246105e-09,6.732409e-09,1.777470e+07,2.582057e+07,8.440586e+07
1.142051e-09,2.394904e-08,6.477615e-07,3.965267e-09,3.676628e+07,1.005609e+08,1.026171e+08
4.019362e-08,6.769728e-07,2.832198e-08,3.528584e-09,2.963873e+07,2.108077e+07,2.046040e+07
2.235938e-09,1.155232e-09,4.146530e-08,1.057831e-09,1.038551e+08,5.346719e+08,9.046017e+08
4.736753e-09,4.555170e-07,2.909784e-09,8.824125e-08,2.693576e+08,2.777256e+07,4.987833e+06
1.030234e-08,9.704354e-08,1.565236e-09,1.424517e-09,2.490246e+08,1.117638e+08,8.505169e+07
2.131015e-07,5.210333e-09,4.652470e-07,6.387601e-07,3.175887e+06,4.125121e+06,1.733398e+07
6.258042e-07,1.008305e-07,2.422314e-07,2.814462e-07,2.568417e+06,3.251330e+06,5.936169e+06
1.883506e-07,1.119726e-07,2.992384e-09,1.627521e-07,4.212189e+07,3.366302e+07,7.407657e+06
2.282332e-09,3.269173e-08,4.828410e-08,5.451118e-09,9.525954e+07,7.640321e+07,7.490974e+07
1.932785e-08,3.654496e-08,4.473508e-09,6.327706e-09,1.075435e+08,8.263971e+07,6.576020e+07
3.003348e-08,3.328012e-09,5.166554e-09,6.747546e-09,8.027802e+07,1.012126e+08,2.110253e+08
4.461081e-07,1.570437e-08,4.263055e-09,1.588853e-07,2.293081e+07,2.283790e+07,2.001925e+07
1.439827e-08,4.847882e-09,6.277516e-09,4.185465e-09,1.051843e+08,1.438434e+08,2.219996e+08
2.346966e-08,3.283223e-09,5.837614e-07,6.938811e-09,8.543365e+06,7.383089e+07,2.095112e+08
2.773436e-07,8.264095e-08,4.477427e-07,6.345438e-07,2.837767e+06,3.253001e+06,4.366883e+06
5.240530e-07,2.071701e-07,5.830549e-07,1.592558e-07,1.809080e+06,3.306477e+06,5.505398e+06
7.909351e-07,2.126265e-07,2.723520e-09,5.065336e-08,2.154588e+07,1.963519e+07,9.635787e+06
4.195463e-07,5.111501e-07,5.225536e-09,3.820708e-09,2.135722e+07,2.206443e+07,2.262840e+07
1.817928e-07,3.072395e-08,2.712706e-08,1.419823e-09,1.424001e+07,5.905605e+07,1.514065e+08
2.019652e-09,3.049493e-08,1.508153e-07,2.458608e-07,5.729795e+07,1.813893e+07,1.154892e+07
5.596161e-08,1.640364e-09,7.728035e-09,1.236641e-08,4.808619e+07,6.041753e+07,2.220282e+08
1.125474e-09,3.712026e-09,1.934466e-09,4.091290e-08,6.777221e+08,3.345345e+08,8.114549e+07
2.813438e-09,1.265151e-07,2.492191e-08,2.264241e-08,1.194237e+08,2.552945e+07,1.868389e+07
5.459761e-07,2.766972e-07,3.696802e-07,9.667342e-08,2.225872e+06,3.982698e+06,6.114263e+06
3.684228e-09,1.385584e-08,7.304206e-07,2.099939e-09,1.927704e+07,1.650078e+08,1.853874e+08
1.568008e-09,2.238650e-08,1.241600e-07,1.578912e-09,7.166961e+07,1.636332e+08,1.682008e+08
1.987392e-08,2.948330e-07,2.165726e-07,2.640065e-09,1.524251e+07,3.490363e+07,3.584302e+07
1.814754e-08,7.764539e-07,4.714995e-09,4.706459e-08,1.081062e+08,1.713629e+07,5.231124e+06
1.661730e-08,5.692555e-07,6.762618e-07,1.826497e-09,9.433271e+06,3.061079e+07,3.101251e+07
1.119887e-07,1.357621e-07,6.717417e-08,3.912479e-09,1.152954e+07,3.304147e+07,4.338951e+07
3.194245e-08,2.361049e-08,8.615922e-08,1.961479e-09,1.906185e+07,9.688192e+07,1.469453e+08
2.468802e-08,8.387262e-08,2.524321e-08,2.306507e-07,4.005757e+07,2.012075e+07,7.189729e+06
2.116635e-09,8.983008e-07,2.751098e-09,4.840731e-07,4.144040e+08,2.014910e+07,1.516469e+06
3.805207e-07,6.440454e-07,1.898151e-08,7.076947e-09,1.176645e+07,1.375992e+07,1.481217e+07
8.445349e-09,2.796551e-09,1.245155e-09,1.635187e-09,3.083752e+08,3.547372e+08,4.676328e+08
1.966260e-09,2.203315e-09,2.905698e-07,1.032474e-08,4.183640e+07,1.550946e+08,2.096632e+08
1.297458e-07,6.158514e-09,7.940802e-09,5.179149e-09,3.115453e+07,4.844937e+07,1.770650e+08
6.830100e-08,5.799029e-09,2.118153e-09,5.795901e-08,8.313958e+07,8.126554e+07,5.454587e+07
4.024633e-07,9.479184e-08,4.385562e-08,7.412572e-09,7.527040e+06,1.780891e+07,3.772507e+07
2.392047e-07,1.148857e-09,1.964431e-08,1.043817e-09,1.458804e+07,6.478951e+07,9.131766e+08
4.443360e-09,1.141934e-08,1.820537e-07,3.003866e-09,3.515964e+07,1.460579e+08,1.707416e+08
5.755243e-08,1.602359e-08,2.924050e-09,2.722986e-09,7.708604e+07,9.818090e+07,1.513901e+08
7.640179e-09,1.525351e-08,7.080617e-07,7.210443e-08,1.359605e+07,2.583563e+07,3.015325e+07
9.603238e-07,1.488511e-07,5.246649e-09,5.167262e-07,1.408803e+07,1.317506e+07,3.605734e+06
2.796785e-07,3.850671e-08,8.359954e-07,1.644041e-07,2.068086e+06,4.782868e+06,1.256827e+07
3.254540e-09,3.322779e-07,1.155291e-09,1.978559e-09,5.157148e+08,6.392219e+07,3.900091e+07
5.963923e-09,6.746974e-08,8.524291e-07,3.162714e-07,1.402506e+07,7.683249e+06,6.845663e+06
1.233814e-07,1.757670e-09,1.179029e-07,3.190358e-09,8.291115e+06,5.072028e+07,4.222908e+08
1.080238e-08,4.615741e-07,5.911032e-08,1.545401e-09,3.957387e+07,3.749208e+07,3.744198e+07
3.544871e-09,2.697112e-09,1.359891e-08,2.311403e-07,1.440282e+08,1.116865e+08,4.005093e+07
1.573936e-09,2.990376e-08,5.347061e-09,1.098491e-09,3.447060e+08,1.867122e+08,1.744773e+08
3.950966e-09,1.204919e-09,1.034536e-08,1.472732e-09,1.564140e+08,3.878710e+08,7.506875e+08
8.725382e-08,3.908935e-08,5.259718e-08,1.761148e-07,1.476137e+07,1.397943e+07,1.205238e+07
1.595213e-09,3.118189e-08,9.694202e-09,3.310093e-09,2.542931e+08,1.111942e+08,9.843027e+07
2.138757e-07,5.498781e-09,7.475803e-08,2.914565e-07,7.908432e+06,8.753041e+06,2.497928e+07
3.566722e-09,2.382413e-07,3.607400e-08,3.677003e-09,8.815932e+07,3.520420e+07,3.378660e+07
5.051693e-07,1.402430e-08,1.315323e-07,5.218844e-09,3.879407e+06,1.958833e+07,1.168886e+08
2.770300e-07,3.330347e-07,1.164206e-09,1.004651e-07,5.568288e+07,3.773975e+07,5.466982e+06
6.256461e-08,3.866967e-08,2.085336e-09,5.029362e-08,8.754827e+07,7.023767e+07,2.267558e+07
2.650921e-08,4.428304e-07,2.126574e-08,2.965429e-07,4.211738e+07,1.036228e+07,2.759545e+06
1.396533e-09,6.312107e-09,1.218540e-09,2.526143e-09,7.665747e+08,3.972554e+08,2.504286e+08
1.864760e-07,1.647558e-07,1.997387e-08,5.609960e-09,1.638541e+07,2.549617e+07,3.289272e+07
2.160123e-09,3.877830e-08,1.684649e-09,9.207273e-07,5.242110e+08,1.205249e+08,5.292247e+06
9.172509e-07,3.985302e-08,2.498866e-07,1.055243e-08,2.088740e+06,1.015841e+07,4.876330e+07
1.262012e-07,4.285771e-09,9.916787e-08,7.257781e-09,8.938873e+06,3.366295e+07,1.793014e+08
9.139931e-07,3.139991e-09,1.334426e-07,1.087958e-07,2.863395e+06,4.265323e+06,5.410404e+07
6.085737e-07,2.233211e-09,1.130907e-07,1.807287e-07,3.811799e+06,4.851335e+06,4.977618e+07
3.707824e-09,1.551425e-09,1.934741e-07,1.355764e-08,3.733610e+07,1.225048e+08,2.180432e+08
4.013443e-08,4.466138e-09,2.352134e-08,9.185421e-07,3.254696e+07,3.126722e+07,1.561293e+07
3.502528e-09,6.906835e-08,1.166723e-07,6.891912e-08,4.946811e+07,1.783381e+07,1.449408e+07
2.025018e-07,6.269773e-07,4.268110e-09,3.278318e-09,3.401478e+07,2.549909e+07,2.205711e+07
3.925849e-09,5.287575e-07,9.552796e-07,5.879096e-07,1.632932e+07,2.271195e+06,1.793562e+06
1.369811e-09,4.345924e-08,1.460639e-08,5.757954e-08,2.235621e+08,4.375634e+07,1.999055e+07
5.337825e-08,1.670356e-09,7.260577e-09,6.868411e-08,5.079633e+07,5.259711e+07,9.336139e+07
1.766205e-08,6.633501e-09,2.542566e-08,1.205092e-08,4.718927e+07,7.095294e+07,1.118455e+08
6.275468e-09,1.249265e-07,9.340550e-09,1.959961e-07,1.306143e+08,2.923837e+07,6.390708e+06
3.180162e-08,7.646931e-09,6.415591e-07,1.581875e-08,7.000951e+06,4.052170e+07,9.092229e+07
9.250907e-07,2.208441e-09,6.340295e-08,4.732599e-08,4.129078e+06,6.308354e+06,9.781540e+07
8.939440e-08,9.009708e-09,3.146073e-08,1.364166e-08,1.885647e+07,3.267948e+07,9.020092e+07
2.140118e-08,3.483511e-09,1.689770e-08,7.713199e-08,5.258565e+07,5.384375e+07,6.100623e+07
9.375381e-08,4.074018e-07,1.476412e-09,2.015222e-08,8.499663e+07,3.808579e+07,1.103639e+07
3.210610e-07,5.082023e-09,9.023770e-09,3.454189e-09,1.857857e+07,3.503489e+07,2.386759e+08
3.778044e-09,1.705389e-08,2.720170e-07,2.382215e-09,3.119381e+07,1.425733e+08,1.568909e+08
1.750913e-09,1.237978e-08,3.130935e-07,3.617253e-09,4.271011e+07,1.406770e+08,1.494356e+08
1.860180e-08,4.285876e-07,8.067711e-08,2.218472e-07,2.581353e+07,6.147977e+06,3.243047e+06
7.573221e-07,1.491246e-07,5.837414e-09,5.431882e-09,1.504005e+07,1.980121e+07,3.513582e+07
9.781842e-08,4.042255e-07,1.634782e-07,1.081526e-08,7.907874e+06,1.401268e+07,1.512410e+07
1.166925e-09,3.270959e-07,2.488238e-07,4.197506e-08,5.868574e+07,9.209666e+06,8.534278e+06
1.901462e-07,2.801152e-08,6.799973e-07,6.916716e-07,2.781010e+06,3.656249e+06,7.184254e+06
4.944546e-09,2.393055e-08,6.269928e-08,8.340378e-08,5.679440e+07,3.110597e+07,2.238364e+07
2.435457e-07,6.810934e-07,8.513648e-09,2.007268e-09,2.196099e+07,2.580359e+07,2.704543e+07
2.995787e-08,1.798493e-07,3.221126e-09,1.102388e-09,1.017983e+08,7.617934e+07,7.101964e+07
2.861546e-07,1.612314e-08,3.504661e-07,1.160382e-08,3.157742e+06,1.716207e+07,7.310966e+07
1.467283e-09,1.747682e-07,2.443878e-09,1.614943e-08,5.280844e+08,5.170271e+07,1.882306e+07
1.993445e-08,1.818099e-09,2.754983e-07,8.494730e-08,1.349393e+07,2.660912e+07,8.046674e+07
2.566378e-07,3.010889e-08,7.721567e-08,1.015735e-08,7.103739e+06,1.971045e+07,5.718241e+07
2.075265e-09,1.623363e-09,9.878631e-08,2.976533e-08,6.984170e+07,1.087213e+08,1.438589e+08
9.234390e-08,9.388965e-09,8.669590e-07,6.516398e-08,3.534245e+06,1.273512e+07,4.042847e+07
9.484343e-09,8.029409e-07,2.357158e-08,3.157740e-07,6.688089e+07,7.491122e+06,1.985958e+06
2.131948e-08,4.091057e-08,8.733343e-09,9.550792e-09,7.328608e+07,5.935088e+07,5.058975e+07
2.430810e-09,7.043311e-08,1.538934e-09,1.145825e-07,5.170285e+08,9.506721e+07,1.113147e+07
5.641781e-08,2.238978e-08,7.485260e-09,2.175938e-07,4.866183e+07,4.187519e+07,1.432689e+07
9.678780e-07,2.917150e-09,2.071366e-08,1.123586e-07,7.062546e+06,7.674470e+06,5.523539e+07
2.182550e-09,3.316083e-07,1.353281e-07,1.150901e-09,5.818673e+07,5.123688e+07,5.118801e+07
4.312314e-09,2.134954e-09,7.516142e-08,6.353572e-07,5.554530e+07,4.803894e+07,2.715168e+07
3.394255e-08,6.523950e-07,6.444240e-09,1.181142e-07,6.761483e+07,1.544119e+07,3.602414e+06
3.810502e-08,1.035456e-09,7.844817e-08,9.533819e-07,1.829016e+07,1.877440e+07,3.182736e+07
3.551931e-08,2.679905e-08,4.905228e-07,9.676004e-09,7.575968e+06,4.112309e+07,6.210010e+07
1.398875e-07,3.228229e-07,2.584886e-09,4.487565e-08,5.258838e+07,2.973621e+07,8.308305e+06
2.804894e-08,1.269782e-09,5.975609e-09,3.787037e-08,7.724150e+07,8.129270e+07,1.442068e+08
1.638100e-09,2.628736e-09,2.457857e-08,6.223628e-07,1.575983e+08,9.955874e+07,2.472320e+07
7.138617e-09,2.671182e-09,1.873110e-09,2.479822e-09,2.734710e+08,3.090786e+08,3.885421e+08
2.575208e-08,7.350044e-08,1.237202e-07,4.284342e-08,1.771632e+07,1.779332e+07,1.782022e+07
1.336729e-08,1.168637e-09,8.766579e-08,2.839256e-09,2.921213e+07,1.581604e+08,5.489817e+08
9.518429e-07,7.203126e-08,2.250526e-09,8.571639e-07,2.160605e+07,2.085951e+07,4.024460e+06
1.525264e-09,4.110660e-08,1.511077e-09,1.254028e-09,6.586947e+08,1.850085e+08,1.392806e+08
2.655917e-08,6.655571e-07,4.421013e-07,1.371556e-07,9.228515e+06,3.715167e+06,3.309791e+06
6.465943e-09,1.511574e-08,9.575627e-07,1.770702e-08,1.270868e+07,5.162539e+07,6.112411e+07
1.304607e-07,2.495713e-08,1.735772e-08,2.133522e-07,2.101424e+07,2.002109e+07,1.370421e+07
1.033373e-09,4.430785e-08,7.387008e-09,2.182773e-08,3.619405e+08,6.321437e+07,3.215551e+07
4.934235e-07,3.311302e-07,4.639696e-09,1.779642e-09,2.089995e+07,3.070610e+07,4.119403e+07
3.605482e-08,1.160433e-07,9.391506e-07,6.783872e-09,5.434389e+06,3.124368e+07,3.564111e+07
8.533802e-07,2.687324e-07,9.407073e-07,4.367526e-08,1.116096e+06,4.620817e+06,9.230437e+06
2.723887e-08,2.225877e-08,2.304222e-08,6.094302e-08,3.991566e+07,3.476043e+07,2.715110e+07
2.301476e-07,6.025571e-08,8.214201e-07,1.620085e-08,2.299927e+06,1.472216e+07,3.200604e+07
1.715393e-07,9.459426e-07,4.193192e-08,2.024162e-08,1.179087e+07,8.096318e+06,7.226783e+06
4.321392e-09,3.951585e-08,3.260559e-08,1.530902e-07,8.424462e+07,2.913129e+07,1.285703e+07
1.960366e-07,2.324060e-07,1.301033e-08,2.484687e-09,1.980101e+07,3.344797e+07,4.161410e+07
1.060751e-07,5.629795e-07,2.502333e-07,6.901454e-07,6.137913e+06,2.852842e+06,1.604292e+06
5.966764e-08,2.603415e-07,1.888994e-07,4.315984e-09,9.419227e+06,2.721350e+07,2.983241e+07
1.501680e-07,5.676737e-09,1.432954e-07,2.057321e-09,6.817029e+06,5.624687e+07,2.926170e+08
7.058965e-07,2.256072e-08,1.294092e-09,1.232749e-07,3.308620e+07,3.274033e+07,1.896209e+07
1.543209e-08,1.435691e-09,1.303370e-07,1.963833e-08,2.229738e+07,5.893793e+07,1.883290e+08
6.176539e-07,7.047842e-09,2.269090e-08,3.936711e-09,8.446982e+06,2.184425e+07,1.898476e+08
8.427694e-07,1.111838e-09,6.695064e-07,5.937700e-09,1.331276e+06,1.418952e+07,3.891976e+08
1.243435e-09,8.625973e-08,1.166846e-08,6.859360e-09,2.625317e+08,5.143417e+07,4.111063e+07
7.086457e-08,3.966505e-08,2.885921e-07,9.370001e-07,6.992673e+06,6.403562e+06,5.187119e+06
1.277492e-07,1.602816e-09,3.300148e-09,1.882220e-08,4.870282e+07,5.247193e+07,1.820636e+08
1.702146e-07,1.027745e-07,2.564203e-09,2.858510e-07,4.786581e+07,3.796561e+07,5.834283e+06
4.199209e-08,4.100120e-09,2.255115e-07,9.083524e-08,1.027619e+07,1.830444e+07,5.181727e+07
4.923955e-08,3.742700e-09,2.547921e-09,1.148033e-09,8.927914e+07,1.544286e+08,4.824255e+08
5.302702e-07,5.099595e-07,2.340005e-09,2.065869e-07,2.838854e+07,2.038322e+07,3.080923e+06
1.909168e-09,1.886146e-08,5.315506e-07,8.721910e-08,3.139104e+07,2.534904e+07,2.465509e+07
9.097530e-08,4.421717e-09,1.326058e-07,2.107379e-08,9.104519e+06,2.400977e+07,1.035937e+08
2.877241e-07,4.076305e-08,2.087307e-07,1.970528e-08,4.080550e+06,1.300285e+07,3.528380e+07
3.893671e-08,2.967678e-09,3.635848e-08,9.706895e-08,2.657771e+07,3.003653e+07,5.891847e+07
7.397350e-07,2.630995e-08,1.207090e-08,6.656456e-08,1.058259e+07,1.130292e+07,2.389563e+07
2.785802e-07,2.766096e-08,8.893994e-08,8.253716e-08,6.352965e+06,8.733697e+06,2.092867e+07
4.813402e-08,2.288575e-09,1.126563e-08,1.145418e-08,4.294338e+07,5.909219e+07,1.953149e+08
1.453314e-07,4.870771e-07,1.348033e-08,7.768079e-08,2.259279e+07,1.173272e+07,5.140961e+06
1.351141e-09,2.133849e-07,8.466725e-08,2.139440e-09,9.349576e+07,4.724071e+07,4.680240e+07
6.442881e-08,2.104580e-09,1.927661e-09,7.335368e-09,8.973144e+07,9.922712e+07,2.545109e+08
1.044545e-09,1.194187e-09,5.419593e-08,1.106999e-09,1.329086e+08,6.416764e+08,8.697417e+08
1.845520e-08,4.606170e-08,3.690796e-08,1.359517e-08,3.831603e+07,3.949754e+07,3.996112e+07
3.924990e-08,1.118960e-09,4.792248e-07,5.915408e-07,7.291402e+06,9.673017e+06,3.886874e+07
2.861365e-08,5.922293e-09,4.674958e-07,2.570651e-07,8.646185e+06,1.321269e+07,2.562911e+07
2.511769e-09,1.298554e-07,4.728895e-09,1.447607e-08,2.901552e+08,4.603746e+07,2.306453e+07
1.592585e-08,1.993155e-09,1.580209e-07,2.024511e-09,1.993386e+07,1.670888e+08,4.978166e+08
5.129405e-08,6.668162e-07,5.333105e-08,1.483150e-07,1.911950e+07,5.958222e+06,3.179833e+06
3.072741e-07,4.805440e-07,1.716830e-08,2.669371e-08,1.376808e+07,1.102207e+07,8.829355e+06
4.397857e-09,2.224037e-07,6.211977e-08,2.261744e-07,6.050128e+07,9.511704e+06,4.458690e+06
2.924485e-09,2.930133e-09,1.368626e-07,2.118953e-09,4.998421e+07,2.861055e+08,4.013245e+08
4.126232e-07,2.323410e-09,2.140551e-08,4.785004e-07,1.064046e+07,1.084536e+07,2.999135e+07
3.452542e-07,6.604837e-07,9.232396e-08,1.531300e-08,5.601100e+06,8.700636e+06,9.943490e+06
2.962611e-07,1.028577e-09,8.129736e-07,4.411145e-07,2.037626e+06,3.429732e+06,4.694680e+07
4.986428e-07,6.752703e-07,1.313149e-07,3.123872e-08,3.907944e+06,5.810009e+06,6.885169e+06
1.114206e-07,1.807370e-07,2.210202e-07,5.634335e-08,6.372375e+06,8.731297e+06,9.909577e+06
1.084749e-09,1.005200e-08,2.963048e-08,4.765069e-07,1.763868e+08,5.673501e+07,1.444905e+07
1.063178e-07,1.672709e-08,9.204362e-09,1.477407e-08,3.196687e+07,3.785573e+07,6.361209e+07
3.181932e-07,2.307182e-07,3.306810e-08,6.019313e-09,9.748772e+06,1.891426e+07,2.683401e+07
1.436019e-09,3.157294e-09,3.828943e-09,1.331647e-08,4.264622e+08,2.705683e+08,1.542226e+08
6.314472e-08,3.604062e-08,1.767774e-07,2.284448e-09,9.464946e+06,6.686115e+07,1.102080e+08
3.105467e-07,9.906505e-08,2.158087e-08,7.975286e-08,1.221524e+07,1.198901e+07,1.125037e+07
9.447954e-08,2.146961e-09,6.508632e-08,8.400043e-07,1.275223e+07,1.308918e+07,2.354763e+07
3.837331e-08,2.084786e-07,1.028947e-08,1.402243e-08,5.032558e+07,2.612661e+07,1.849514e+07
6.682842e-07,1.836769e-07,1.277665e-07,7.948011e-08,3.422243e+06,4.894362e+06,8.276439e+06
7.274425e-09,3.171307e-09,9.505833e-08,5.483349e-08,3.802818e+07,5.246884e+07,7.583295e+07
7.368346e-09,1.342436e-09,3.508825e-09,4.425076e-08,1.966682e+08,1.879146e+08,1.297456e+08
2.136779e-08,1.028446e-07,3.070209e-07,1.370261e-07,1.234628e+07,9.218205e+06,8.423791e+06
2.959558e-09,1.034148e-09,9.038974e-09,1.090020e-08,1.933423e+08,2.251069e+08,2.978458e+08
2.676729e-08,3.864181e-09,4.976179e-08,1.635869e-08,2.739995e+07,5.149462e+07,1.257758e+08
2.197367e-07,3.192610e-07,5.474302e-07,6.288012e-09,2.883264e+06,1.727547e+07,2.231878e+07
4.245113e-08,2.061180e-07,8.812079e-07,7.888995e-09,5.170305e+06,2.268302e+07,2.479883e+07
1.159088e-08,5.701539e-09,8.203448e-09,4.946268e-07,1.025519e+08,8.465367e+07,1.883064e+07
1.214572e-09,1.084016e-07,4.411717e-09,1.214940e-07,4.320008e+08,4.629182e+07,8.713744e+06
3.938744e-07,8.086390e-08,1.148416e-09,5.012269e-09,4.701880e+07,4.748108e+07,4.967129e+07
6.653220e-07,2.642064e-09,4.002330e-08,5.495598e-09,6.128125e+06,1.760173e+07,2.624345e+08
2.434217e-08,4.146827e-07,4.131325e-07,1.559564e-09,9.971848e+06,3.828882e+07,3.932243e+07
3.872700e-07,8.684631e-08,2.079690e-09,3.077767e-07,3.523658e+07,3.195366e+07,6.116549e+06
1.352125e-09,1.355340e-09,1.608078e-09,4.698260e-07,6.781692e+08,4.800727e+08,3.962847e+07
8.649645e-09,9.767226e-07,3.876561e-07,8.900914e-09,1.726941e+07,1.079971e+07,1.072499e+07
1.038138e-09,9.936323e-07,7.999271e-07,3.850111e-09,3.470141e+07,1.619819e+07,1.616779e+07
2.359844e-09,2.040841e-07,3.034463e-08,4.107635e-07,1.181728e+08,1.309286e+07,3.453819e+06
2.661264e-09,7.583751e-08,7.262449e-09,4.452844e-09,2.274650e+08,6.793363e+07,5.441758e+07
3.463356e-09,2.029926e-09,6.464002e-09,2.979039e-07,2.113492e+08,1.696269e+08,4.066510e+07
2.189826e-09,6.051628e-07,4.918846e-08,1.528775e-09,9.635263e+07,3.332375e+07,3.287699e+07
6.863254e-08,1.092302e-07,1.042211e-09,8.671271e-08,1.182380e+08,7.388801e+07,1.027513e+07
3.806945e-09,5.776645e-08,6.492660e-09,2.679779e-09,2.011409e+08,9.253053e+07,8.037346e+07
2.355812e-08,2.669789e-08,6.986491e-09,4.437992e-09,7.794713e+07,8.562517e+07,9.186885e+07
2.102510e-08,6.210727e-07,4.121198e-08,8.093646e-09,3.397185e+07,1.517273e+07,1.410447e+07
3.085877e-07,1.971598e-08,1.465682e-07,1.553122e-09,4.702089e+06,4.451930e+07,1.807124e+08
2.565873e-09,9.130948e-08,2.985728e-08,1.045148e-07,1.142503e+08,2.141730e+07,1.023654e+07
1.241115e-07,7.074972e-07,4.720423e-08,1.010584e-09,1.306482e+07,3.486215e+07,3.739827e+07
3.513390e-07,3.152308e-07,4.360334e-09,8.633074e-09,2.554918e+07,2.275601e+07,1.916915e+07
2.829983e-07,1.718153e-09,1.678114e-08,3.120359e-09,1.451100e+07,3.653622e+07,4.318837e+08
1.341859e-08,6.040259e-08,7.639806e-09,1.600966e-08,9.876553e+07,5.117854e+07,3.215741e+07
6.222696e-08,3.670160e-08,3.438261e-07,5.125743e-09,6.836617e+06,4.473774e+07,7.290865e+07
8.839478e-07,3.123752e-09,1.035924e-09,2.937441e-08,3.304628e+07,3.356469e+07,1.043944e+08
8.463739e-08,1.456219e-07,1.442426e-09,1.814419e-07,9.050492e+07,5.508890e+07,6.152021e+06
1.605457e-08,2.657288e-07,4.234967e-07,9.965569e-09,1.212762e+07,1.909158e+07,1.943254e+07
1.719100e-08,2.790854e-08,1.972461e-08,1.063396e-07,5.430568e+07,3.650549e+07,1.835625e+07
5.489510e-09,5.405922e-09,1.044500e-09,5.204694e-09,4.176178e+08,3.248164e+08,1.885244e+08
2.052281e-09,5.753058e-08,5.622376e-07,5.363564e-08,2.943890e+07,1.851392e+07,1.800213e+07
9.592005e-08,8.940361e-08,3.762949e-07,3.379902e-09,5.263579e+06,4.013509e+07,5.752683e+07
3.645533e-08,6.546144e-09,4.025361e-07,3.442951e-09,8.255000e+06,8.253579e+07,2.106405e+08
2.278598e-07,1.361121e-09,5.266619e-07,1.796724e-09,2.886690e+06,4.935960e+07,6.394564e+08
1.770705e-09,7.692947e-09,1.355256e-08,3.254163e-07,2.041344e+08,9.011980e+07,1.998637e+07
5.375469e-07,5.358783e-07,9.097829e-08,3.960639e-08,4.521921e+06,5.810436e+06,6.864111e+06
1.195151e-08,3.537515e-09,2.789089e-09,5.801899e-07,1.732038e+08,1.525100e+08,2.207322e+07
1.354546e-08,1.718564e-07,9.562648e-08,1.157086e-08,2.778524e+07,2.285931e+07,2.242510e+07
4.468247e-09,4.821446e-09,5.997198e-08,9.166800e-08,6.108818e+07,5.449079e+07,4.756664e+07
1.025219e-07,1.591424e-08,5.368392e-09,1.078745e-08,4.262550e+07,4.853344e+07,7.632163e+07
1.263741e-09,4.539027e-09,2.889144e-09,1.726166e-09,5.233430e+08,3.993530e+08,3.572542e+08
3.267567e-07,3.356900e-09,8.856781e-08,1.184573e-09,5.878274e+06,5.090641e+07,5.014757e+08
3.990811e-07,1.783825e-07,1.560848e-08,2.206374e-09,1.267036e+07,2.993016e+07,5.040624e+07
1.897805e-08,1.204285e-07,1.045338e-08,1.592601e-08,7.099794e+07,3.371388e+07,2.283399e+07
4.130259e-08,3.363733e-09,7.635230e-07,3.471594e-08,5.631192e+06,2.596575e+07,9.253900e+07
5.242075e-08,1.498175e-08,1.440668e-08,7.085582e-08,3.638869e+07,3.520232e+07,3.069241e+07
1.602679e-07,1.246743e-09,3.513360e-08,1.226303e-09,1.332648e+07,7.228449e+07,8.087470e+08
5.997963e-08,3.235610e-08,1.052957e-07,2.894821e-09,1.258325e+07,6.200027e+07,1.033263e+08
4.536421e-08,2.534710e-08,1.051419e-09,1.632983e-07,1.447956e+08,1.163486e+08,1.554337e+07
1.479208e-08,1.396638e-09,5.160567e-09,6.570279e-09,1.144555e+08,1.461900e+08,3.301157e+08
1.599573e-08,4.342179e-08,1.910562e-07,1.199895e-08,1.808912e+07,3.860980e+07,4.381013e+07
3.979137e-07,1.685403e-07,1.316185e-09,4.861976e-09,4.369654e+07,4.128406e+07,3.493347e+07
6.932885e-09,5.416606e-09,5.530929e-07,1.837115e-08,1.614894e+07,6.748429e+07,1.002463e+08
1.294287e-09,5.189241e-08,6.508367e-07,2.984642e-08,3.445472e+07,2.566781e+07,2.540984e+07
2.523108e-08,1.391118e-07,1.571923e-07,4.781995e-08,1.587875e+07,1.288233e+07,1.226065e+07
3.970615e-07,1.885296e-07,5.501813e-07,2.473057e-08,2.139529e+06,8.494414e+06,1.464513e+07
9.989018e-07,4.005518e-09,5.780864e-07,4.614017e-08,1.315959e+06,4.830641e+06,7.355819e+07
8.658869e-09,7.949510e-09,1.886091e-08,1.019011e-08,7.825067e+07,9.539955e+07,1.111067e+08
2.148615e-09,1.912329e-07,1.756844e-08,1.413129e-07,1.627624e+08,1.819162e+07,6.083141e+06
3.677863e-07,2.444051e-09,2.962094e-09,1.461156e-07,3.029722e+07,3.050160e+07,5.291715e+07
2.200032e-07,8.944570e-09,1.340421e-09,6.831255e-09,5.823242e+07,6.243333e+07,1.279293e+08
2.395094e-08,9.972912e-07,6.537839e-07,2.157385e-07,7.991378e+06,2.456943e+06,2.155883e+06
1.011905e-09,8.357464e-07,5.653901e-09,7.414952e-08,4.180768e+08,1.508282e+07,4.017062e+06
3.770988e-08,4.473739e-08,2.429979e-08,3.048940e-09,3.303476e+07,6.691211e+07,8.562296e+07
5.153128e-08,2.075905e-07,8.762388e-07,9.406684e-09,4.706015e+06,2.036332e+07,2.262966e+07
1.384943e-08,3.294083e-07,1.198714e-08,4.303073e-09,7.761155e+07,3.033235e+07,2.656093e+07
2.440037e-08,1.391073e-08,8.301455e-09,1.071097e-09,7.026268e+07,1.658728e+08,2.590661e+08
1.026592e-08,1.503481e-08,7.181578e-08,7.808409e-09,3.682910e+07,7.491431e+07,9.229322e+07
1.504338e-09,8.646179e-08,8.973688e-07,4.168884e-07,2.721710e+07,6.319563e+06,5.267178e+06
6.375643e-08,9.806311e-08,4.111371e-09,2.279480e-08,6.176532e+07,4.212106e+07,2.115092e+07
3.952227e-08,9.620779e-08,1.178129e-08,1.990849e-09,4.634284e+07,6.577291e+07,7.225630e+07
1.035536e-07,1.207681e-09,2.300936e-07,7.253549e-07,6.478362e+06,7.392235e+06,3.378693e+07
3.510515e-09,1.110718e-09,2.577284e-08,1.702503e-07,1.051316e+08,9.832177e+07,7.272005e+07
4.385829e-09,2.794789e-08,2.437786e-08,2.276242e-07,9.671110e+07,3.747720e+07,1.253765e+07
1.370067e-08,2.752586e-08,3.347072e-09,3.870236e-07,1.476714e+08,8.549662e+07,9.688595e+06
1.508964e-08,2.547302e-08,1.413946e-09,6.586975e-07,2.164931e+08,1.321862e+08,7.719991e+06
1.609813e-07,1.034861e-08,2.311616e-09,4.410933e-09,5.183873e+07,6.203364e+07,1.480109e+08
1.351733e-08,3.293801e-09,4.392530e-09,9.831630e-09,1.297768e+08,1.399731e+08,1.757270e+08
1.041045e-07,1.794061e-07,1.592907e-07,5.336123e-07,7.765512e+06,5.362206e+06,3.231979e+06
5.696556e-07,2.554070e-08,6.006693e-07,8.669051e-09,1.709527e+06,1.402154e+07,6.720441e+07
2.679241e-07,1.100126e-07,2.016983e-09,1.906721e-07,4.301729e+07,3.641031e+07,6.904546e+06
4.507873e-08,1.121951e-09,4.851056e-08,3.190027e-08,2.138435e+07,3.353650e+07,1.671536e+08
1.697905e-09,1.275598e-08,1.409936e-09,2.075443e-07,6.463140e+08,2.222686e+08,1.943514e+07
1.462645e-07,3.919955e-09,2.777579e-07,3.108449e-07,4.961322e+06,6.737420e+06,2.864756e+07
9.162568e-08,3.544534e-08,2.132492e-07,1.245251e-09,7.153980e+06,7.972832e+07,1.505192e+08
2.817236e-07,7.763888e-09,7.613810e-09,7.874077e-09,2.159173e+07,2.987310e+07,1.278971e+08
3.592449e-09,4.906952e-08,7.592617e-07,1.121021e-07,1.914736e+07,1.394276e+07,1.348302e+07
1.902284e-08,1.498284e-09,4.698205e-08,3.096884e-09,3.345002e+07,1.295086e+08,4.642378e+08
4.579345e-08,9.551182e-09,3.509056e-07,2.226142e-09,7.888659e+06,9.037724e+07,2.168678e+08
3.705652e-07,3.952608e-07,1.018730e-09,3.448774e-09,5.146810e+07,4.074792e+07,2.708481e+07
2.244233e-07,1.354204e-09,2.024514e-09,1.642606e-08,4.691434e+07,4.957212e+07,2.120271e+08
3.148954e-07,2.820463e-09,1.252020e-07,2.192719e-08,5.036296e+06,1.298772e+07,1.271594e+08
7.286447e-08,3.667857e-09,1.686743e-07,5.334946e-09,9.020230e+06,5.026599e+07,2.260626e+08
1.250814e-08,2.755813e-07,2.422754e-09,1.261777e-09,1.816557e+08,6.468170e+07,5.362703e+07
2.944250e-08,4.281394e-09,1.234088e-09,2.047882e-07,1.658974e+08,1.554757e+08,3.377185e+07
4.936034e-09,4.959761e-09,1.373693e-09,2.856553e-08,3.840308e+08,2.776700e+08,8.401339e+07
1.275436e-07,1.272677e-08,2.192205e-07,9.838639e-08,5.980399e+06,1.024599e+07,2.826008e+07
1.981576e-09,5.821891e-07,4.010884e-07,4.322700e-08,3.547110e+07,6.623358e+06,6.303626e+06
2.695713e-09,8.843665e-08,6.319529e-09,6.204375e-08,2.422818e+08,4.374050e+07,1.350003e+07
1.253201e-09,2.741851e-09,5.728823e-07,4.730025e-07,3.732131e+07,3.108252e+07,2.776811e+07
2.052188e-08,4.639842e-07,1.189867e-09,9.264619e-09,2.023681e+08,4.424240e+07,1.525227e+07
1.914676e-08,3.133990e-07,2.078862e-07,2.869469e-07,1.585038e+07,4.994478e+06,3.334651e+06
9.943746e-07,3.410092e-07,6.134231e-09,1.521604e-08,1.280398e+07,1.308783e+07,1.388245e+07
1.002212e-08,9.298297e-08,5.440437e-07,7.559214e-07,1.354264e+07,5.539637e+06,3.771898e+06
3.428409e-09,1.296247e-09,1.924350e-08,4.550188e-09,1.231152e+08,2.398220e+08,4.117574e+08
2.104727e-09,2.017940e-08,1.256594e-08,2.625435e-08,1.944485e+08,7.266637e+07,4.344554e+07
5.459541e-08,3.704297e-08,7.491039e-08,2.878326e-07,1.563691e+07,1.354939e+07,9.684497e+06
5.084165e-08,8.761457e-07,2.222882e-07,2.469721e-08,9.406584e+06,6.966531e+06,6.798105e+06
5.266273e-08,2.984870e-09,2.515640e-08,5.808917e-08,2.747414e+07,3.199525e+07,7.594335e+07
1.493648e-08,4.946211e-09,1.426242e-08,4.096976e-07,6.851399e+07,6.040830e+07,2.221427e+07
1.884087e-09,8.406285e-09,2.253355e-07,2.459765e-08,4.853273e+07,6.619646e+07,6.954263e+07
2.021180e-07,4.267132e-07,8.683994e-09,2.686297e-07,2.386919e+07,1.374934e+07,2.953622e+06
2.914381e-09,6.736293e-09,9.688775e-08,1.693653e-08,5.951034e+07,8.477971e+07,9.362186e+07
2.479530e-08,3.592502e-09,8.511355e-07,2.171319e-07,6.883606e+06,1.426964e+07,3.580467e+07
3.545601e-08,3.175751e-08,1.195974e-08,4.997072e-09,4.856173e+07,6.497183e+07,7.938144e+07
2.760752e-08,4.244805e-08,8.279725e-09,8.320015e-07,6.614216e+07,4.172737e+07,5.321194e+06
1.687988e-08,2.824387e-08,1.219062e-09,2.082552e-07,2.204462e+08,1.352234e+08,1.303887e+07
5.739376e-09,1.347464e-09,7.439105e-07,1.068347e-07,1.530408e+07,3.886485e+07,8.334610e+07
8.207799e-08,1.092560e-08,1.654772e-08,1.434926e-07,2.713424e+07,2.692037e+07,2.525588e+07
1.159076e-07,8.922788e-09,1.102266e-08,2.337756e-09,2.797699e+07,6.444765e+07,2.189526e+08
1.585079e-07,7.812680e-07,8.225282e-09,1.156465e-09,2.769486e+07,3.239575e+07,3.326854e+07
2.980156e-07,3.127318e-08,4.327163e-08,7.626037e-07,8.806003e+06,8.611808e+06,6.475369e+06
8.571066e-09,2.103382e-08,1.283687e-07,8.624890e-07,3.014762e+07,1.738672e+07,7.424447e+06
1.535679e-07,3.236450e-09,5.091533e-07,1.492002e-09,3.576231e+06,6.547442e+07,4.550728e+08
4.320499e-08,4.272169e-09,1.125150e-07,5.615975e-08,1.434260e+07,2.371182e+07,6.455995e+07
1.011329e-07,9.720107e-09,3.828732e-08,4.199236e-09,1.607038e+07,4.882468e+07,1.565234e+08
5.601330e-09,3.235037e-09,1.057796e-08,3.146817e-08,1.299133e+08,1.195610e+08,9.911163e+07
1.334833e-07,2.278721e-07,1.501836e-07,1.259438e-08,7.062774e+06,1.543231e+07,1.866663e+07
2.615707e-07,3.488428e-07,5.027800e-09,3.095881e-08,2.757506e+07,1.946154e+07,9.622611e+06
2.616854e-08,1.764469e-07,2.460214e-07,1.274358e-09,1.246304e+07,6.239357e+07,6.668793e+07
9.632966e-09,6.298435e-07,1.511745e-08,3.928097e-09,8.286684e+07,2.239516e+07,2.010447e+07
5.533834e-07,2.410033e-09,3.955963e-07,8.198437e-08,2.137277e+06,5.147247e+06,7.114149e+07
1.994928e-09,4.198728e-07,3.878387e-08,6.988187e-07,1.136870e+08,8.031844e+06,1.846115e+06
8.615328e-07,5.556239e-08,7.347291e-09,8.485350e-09,1.256899e+07,1.664068e+07,4.605477e+07
1.265035e-09,1.519186e-07,1.764838e-07,6.278112e-08,6.692622e+07,1.187316e+07,1.023953e+07
3.691906e-09,1.058434e-09,4.879347e-08,6.011309e-07,7.450644e+07,6.829732e+07,3.964455e+07
2.077106e-08,1.758410e-07,3.783172e-09,6.824973e-07,1.128087e+08,3.676777e+07,2.886619e+06
5.067521e-08,1.947868e-08,1.603743e-07,4.430961e-08,1.109264e+07,2.026281e+07,3.403856e+07
3.465073e-07,1.777192e-09,2.534627e-07,4.000845e-07,3.374324e+06,4.301684e+06,3.750222e+07
3.272845e-08,4.652007e-07,1.076539e-09,3.754561e-07,1.684699e+08,4.325368e+07,2.392766e+06
7.510653e-08,1.255969e-09,1.397201e-07,2.886231e-08,9.761841e+06,2.339759e+07,1.660906e+08
3.611393e-09,2.606037e-08,3.154049e-08,1.607096e-08,9.369758e+07,5.626377e+07,4.886397e+07
9.291095e-09,8.488191e-08,3.395487e-09,2.239366e-07,1.780391e+08,5.634477e+07,7.253204e+06
4.049170e-07,1.805600e-09,8.298279e-08,2.100730e-08,5.455354e+06,1.211066e+07,1.623694e+08
8.980863e-09,8.063670e-08,7.677852e-08,7.264198e-07,3.808212e+07,1.267655e+07,4.131805e+06
9.414314e-09,6.275033e-08,2.819158e-09,8.361587e-09,1.941091e+08,8.107166e+07,4.365637e+07
8.385448e-09,6.936516e-09,3.243490e-09,2.799412e-08,1.917479e+08,1.498449e+08,7.176223e+07
3.775935e-08,1.476906e-08,1.367209e-09,1.244322e-08,1.391779e+08,1.243147e+08,7.376616e+07
1.476640e-09,1.832938e-07,1.285512e-08,1.934041e-09,2.295222e+08,5.673938e+07,5.311207e+07
6.240638e-08,1.945341e-09,6.592305e-07,5.776751e-07,4.930226e+06,7.104405e+06,2.983048e+07
2.007133e-09,4.280206e-07,8.389581e-07,4.983567e-08,2.436923e+07,7.030918e+06,6.846956e+06
8.756868e-08,2.994914e-07,3.106081e-08,8.917951e-09,1.917429e+07,1.931019e+07,1.934975e+07
7.360101e-08,5.337802e-08,8.220096e-09,7.012694e-08,4.065553e+07,3.271632e+07,1.634468e+07
4.100504e-09,2.333041e-09,3.290417e-08,1.375013e-09,8.609063e+07,3.431715e+08,5.583229e+08
3.934374e-09,5.080979e-08,2.690184e-07,1.257663e-07,3.073769e+07,1.459950e+07,1.250962e+07
4.963989e-08,8.532850e-09,1.659129e-07,1.294978e-08,1.101906e+07,3.782935e+07,9.513094e+07
1.631873e-07,2.535231e-09,4.061213e-07,6.922045e-09,3.884445e+06,2.977570e+07,2.387119e+08
4.312484e-08,6.787160e-07,9.390692e-08,2.320020e-09,1.571402e+07,2.473620e+07,2.520056e+07
2.198941e-09,2.876812e-07,6.830051e-08,9.263390e-08,8.159833e+07,9.367383e+06,6.125750e+06
4.088160e-08,1.665009e-07,8.782361e-07,5.740247e-07,5.277526e+06,3.727051e+06,3.234643e+06
3.600804e-07,3.387692e-07,5.339249e-09,3.172360e-08,2.280658e+07,1.769482e+07,9.646213e+06
3.303252e-07,3.111458e-09,2.344901e-07,4.020185e-08,3.593080e+06,9.348265e+06,8.941184e+07
8.843355e-09,5.655501e-08,1.391043e-09,8.018390e-08,2.851157e+08,1.057502e+08,1.484981e+07
2.014972e-07,6.046902e-09,1.870082e-08,1.494410e-09,1.629053e+07,5.900705e+07,3.326585e+08
5.012727e-07,2.309872e-08,5.844852e-08,2.998112e-07,5.842197e+06,6.244085e+06,1.201661e+07
9.966328e-09,1.308872e-07,4.514251e-08,5.686716e-07,4.714543e+07,1.302899e+07,3.665393e+06
3.405297e-08,1.036556e-08,1.924041e-07,5.847103e-08,1.235422e+07,2.240625e+07,4.061938e+07
4.521385e-09,1.419649e-09,4.293082e-08,1.079224e-09,7.177607e+07,3.998568e+08,8.078926e+08
1.209218e-07,2.884655e-07,3.428621e-08,3.537479e-07,1.553059e+07,8.840180e+06,3.130445e+06
1.323420e-08,1.098215e-07,3.402847e-07,3.525136e-07,1.490150e+07,6.850833e+06,5.082394e+06
1.085946e-07,6.716456e-07,2.999195e-09,3.657106e-07,5.541069e+07,2.075664e+07,2.017721e+06
2.221087e-09,9.489038e-08,8.792682e-07,1.057990e-08,2.262854e+07,3.138493e+07,3.156081e+07
2.068337e-07,3.037351e-07,3.464740e-07,1.840472e-07,3.735546e+06,4.036680e+06,4.229489e+06
1.141417e-08,2.287595e-07,8.913948e-07,3.324312e-09,9.913860e+06,3.545641e+07,3.626265e+07
5.737598e-08,2.200127e-07,3.553381e-08,4.272486e-09,2.214696e+07,3.074470e+07,3.261638e+07
2.027606e-08,5.471448e-07,1.023597e-08,2.685288e-07,6.941346e+07,1.336923e+07,2.608876e+06
7.965945e-09,9.924779e-07,8.960983e-08,3.239595e-09,3.742859e+07,1.788010e+07,1.763576e+07
3.641192e-07,1.522078e-08,3.810095e-09,3.294435e-08,2.684790e+07,2.778320e+07,4.465716e+07
3.510128e-08,1.443086e-07,3.180184e-07,1.409631e-07,9.464820e+06,7.554321e+06,7.011340e+06
1.405270e-07,2.263410e-09,1.547200e-08,2.461279e-08,2.144603e+07,2.715105e+07,1.339794e+08
1.706467e-07,4.314729e-07,1.288102e-07,2.733485e-09,6.744906e+06,2.490922e+07,2.911823e+07
6.995366e-08,1.338368e-09,1.152929e-07,1.192339e-08,1.113508e+07,3.602880e+07,2.503297e+08
1.513296e-07,1.820617e-09,3.261725e-07,6.218659e-07,4.501056e+06,5.524362e+06,2.971956e+07
7.223709e-09,7.533667e-08,2.403555e-09,4.969017e-07,2.399898e+08,7.115984e+07,5.168465e+06
7.793968e-09,3.143287e-07,1.645939e-07,4.730806e-08,2.791990e+07,9.191416e+06,8.200502e+06
2.471540e-07,3.064147e-07,1.377484e-07,5.491816e-09,5.419670e+06,1.849462e+07,2.437739e+07
4.136853e-07,7.826426e-07,3.325716e-07,8.994018e-07,2.696015e+06,1.855479e+06,1.191904e+06
5.891165e-08,5.146643e-08,9.625703e-09,2.777162e-07,4.199361e+07,3.120623e+07,8.364450e+06
5.662838e-08,6.575551e-08,2.630227e-08,1.965691e-07,2.591113e+07,1.876769e+07,8.795819e+06
1.380199e-07,3.788010e-09,1.267974e-08,1.248291e-09,2.390418e+07,7.877375e+07,4.598715e+08
3.986826e-07,2.153433e-08,1.018453e-07,1.738440e-09,4.962676e+06,3.731287e+07,1.634385e+08
1.052597e-07,5.032838e-09,6.575065e-09,6.792403e-08,3.801183e+07,3.889024e+07,5.408562e+07
2.014734e-08,1.815327e-07,1.960267e-08,1.843776e-08,5.031918e+07,2.284439e+07,1.728496e+07
3.788317e-09,1.814745e-08,2.584545e-08,8.146489e-09,1.010613e+08,8.578952e+07,8.224451e+07
1.234809e-09,1.492274e-09,2.153512e-08,2.136560e-09,1.939217e+08,4.343444e+08,5.600389e+08
2.842921e-09,1.610663e-09,9.349421e-07,9.528374e-09,1.939658e+07,1.542899e+08,2.552632e+08
4.055676e-09,1.224948e-09,1.011960e-07,3.492754e-08,4.936131e+07,8.540009e+07,1.528823e+08
1.030199e-09,2.457133e-09,1.498886e-08,2.018072e-09,2.544809e+08,4.015260e+08,4.490734e+08
2.968317e-08,5.677446e-08,1.027192e-08,6.707134e-09,5.726893e+07,5.339011e+07,5.124541e+07
8.669852e-07,5.036431e-07,9.674190e-09,1.015283e-07,1.091910e+07,9.088591e+06,4.422267e+06
4.894108e-09,1.870626e-09,2.662674e-09,1.691562e-07,2.770156e+08,2.374691e+08,5.621634e+07
1.249783e-09,3.123731e-07,3.726397e-09,4.874599e-07,4.633809e+08,2.936333e+07,2.562676e+06
1.301265e-08,6.863945e-07,1.483907e-07,2.418227e-09,2.275694e+07,2.451301e+07,2.454509e+07
2.501044e-07,4.969433e-07,5.011968e-08,4.784953e-09,8.931722e+06,1.750602e+07,2.050726e+07
2.464781e-07,9.956728e-08,2.816079e-08,1.287538e-07,1.200296e+07,1.118311e+07,8.832052e+06
1.423500e-09,4.212647e-08,1.861959e-07,6.287698e-08,6.142373e+07,2.210235e+07,1.943017e+07
2.034435e-09,7.343793e-09,1.729797e-09,6.956356e-09,5.330654e+08,2.774373e+08,1.399100e+08
3.534695e-07,1.145651e-07,3.888977e-08,2.387276e-08,8.529162e+06,1.201828e+07,1.912153e+07
2.047464e-09,4.253129e-09,2.164500e-09,4.227316e-09,4.750213e+08,3.329740e+08,2.358378e+08
1.344469e-07,9.257181e-09,7.291575e-08,2.269280e-09,1.009983e+07,5.623108e+07,2.181808e+08
1.794298e-08,1.681766e-07,4.249789e-07,2.297538e-07,1.145168e+07,6.002344e+06,5.087282e+06
3.175127e-07,1.465907e-07,1.889258e-08,2.256664e-07,1.291141e+07,1.111745e+07,5.498109e+06
9.841131e-09,5.767935e-09,1.092789e-08,5.453302e-08,9.642936e+07,8.388892e+07,5.638454e+07
7.683248e-08,8.052027e-07,9.270592e-07,2.038319e-07,3.746915e+06,2.604820e+06,2.468376e+06
2.313205e-09,3.392042e-07,2.443196e-07,5.132499e-09,4.206431e+07,2.413479e+07,2.396652e+07
1.153545e-09,6.032537e-07,7.707702e-08,2.924832e-08,1.060523e+08,8.833659e+06,7.528345e+06
6.415426e-07,6.277432e-09,4.877212e-07,9.031039e-07,1.787728e+06,2.207773e+06,1.328129e+07
1.180369e-09,4.746656e-08,5.667374e-07,1.368943e-09,3.866341e+07,1.226884e+08,1.240548e+08
8.265622e-08,5.792735e-08,4.505791e-07,8.632034e-07,5.181753e+06,4.901764e+06,4.471998e+06
6.499395e-08,8.660917e-08,9.303735e-09,1.835328e-07,4.066632e+07,2.729324e+07,7.931608e+06
7.892809e-09,2.041540e-09,1.310293e-09,3.359061e-09,3.109567e+08,3.267876e+08,3.818670e+08
1.504862e-08,5.044438e-09,5.671443e-08,4.114020e-07,3.422984e+07,3.159904e+07,2.195131e+07
3.113769e-08,2.605083e-09,9.301252e-08,7.290986e-09,1.858173e+07,6.620699e+07,2.294543e+08
3.117582e-09,6.793875e-09,7.367017e-07,1.326195e-08,2.086629e+07,8.800388e+07,1.053507e+08
1.269807e-08,3.844257e-08,4.492774e-07,5.025526e-07,1.323957e+07,9.079220e+06,7.194540e+06
5.541332e-09,1.372329e-08,5.885070e-08,8.996654e-09,5.537543e+07,8.155863e+07,8.999750e+07
1.447423e-07,2.389554e-09,1.049822e-08,2.968057e-09,2.565337e+07,5.419716e+07,3.754961e+08
3.675771e-09,1.040474e-09,3.709958e-08,7.166091e-08,8.563302e+07,9.313474e+07,1.158092e+08
1.310919e-07,4.394384e-07,1.237983e-09,3.158433e-08,7.849728e+07,3.835765e+07,8.488191e+06
1.901023e-09,4.493025e-08,1.711564e-09,1.421764e-07,5.543829e+08,1.123658e+08,1.251172e+07
2.849447e-07,6.185465e-08,3.823084e-07,1.848232e-07,3.029792e+06,4.810804e+06,9.352670e+06
5.479478e-09,3.339087e-07,7.241470e-07,2.655707e-07,1.587512e+07,3.894071e+06,3.358119e+06
1.004097e-09,8.133805e-07,1.142141e-09,1.392047e-07,9.337965e+08,3.292302e+07,2.971845e+06
1.380955e-07,5.539054e-07,4.154216e-07,1.160346e-07,4.175089e+06,3.991555e+06,3.944467e+06
1.211431e-07,3.703521e-09,1.930492e-07,3.492550e-07,6.539082e+06,8.026530e+06,2.780490e+07
6.003911e-09,3.422446e-07,1.350401e-07,7.281992e-07,3.511975e+07,5.020702e+06,2.003118e+06
1.395921e-07,3.379277e-07,2.511861e-07,9.124048e-09,5.340375e+06,1.542262e+07,1.800920e+07
6.504645e-09,6.880257e-07,6.693560e-09,1.190255e-07,1.515513e+08,1.507323e+07,3.494441e+06
3.219173e-07,8.382131e-09,5.101167e-07,4.871798e-08,2.467704e+06,8.251034e+06,4.948552e+07
6.002191e-07,2.177277e-09,8.355917e-09,4.159453e-09,1.412043e+07,2.444925e+07,3.322960e+08
3.074734e-08,1.234970e-09,1.453440e-09,5.605190e-08,1.495883e+08,1.485612e+08,1.201923e+08
1.045178e-08,6.454987e-09,3.484294e-08,2.681240e-08,5.240195e+07,6.247839e+07,7.601240e+07
2.216898e-07,7.256024e-08,6.505608e-09,1.292929e-08,2.633196e+07,2.802216e+07,3.264851e+07
6.622048e-09,2.319811e-09,3.928356e-09,5.983302e-09,1.960643e+08,2.171618e+08,2.684128e+08
1.377783e-09,4.879028e-08,4.323342e-08,2.672998e-09,1.295686e+08,8.898442e+07,8.756571e+07
8.240757e-09,1.521777e-07,8.020810e-07,1.194632e-07,1.230006e+07,7.742920e+06,7.416644e+06
7.051077e-08,2.216917e-08,3.751987e-07,8.612688e-09,6.148110e+06,3.579860e+07,7.236956e+07
5.373185e-09,2.866773e-08,4.272257e-08,1.354483e-07,6.600175e+07,3.007476e+07,1.604784e+07
1.020105e-07,2.323366e-08,1.618879e-08,1.877402e-07,2.460766e+07,2.314594e+07,1.514128e+07
4.515135e-09,4.818817e-07,1.076354e-08,4.741565e-09,1.434455e+08,2.499215e+07,2.092035e+07
7.851227e-09,1.077272e-08,1.589285e-08,1.916263e-09,8.952211e+07,1.771972e+08,2.200948e+08
1.465113e-08,2.265546e-09,1.133943e-08,1.871886e-09,7.758341e+07,1.918140e+08,4.855946e+08
2.492655e-07,1.246769e-08,1.485811e-08,2.098031e-09,1.643188e+07,4.558757e+07,1.955244e+08
1.127360e-08,2.019574e-08,1.582021e-07,1.290947e-09,2.367896e+07,1.575313e+08,1.958466e+08
1.883862e-08,9.242098e-08,7.214401e-08,3.343536e-07,2.712535e+07,1.230714e+07,5.688683e+06
1.939016e-09,1.195710e-07,4.586520e-09,8.354484e-09,3.353263e+08,5.272013e+07,3.163933e+07
9.009842e-09,8.341285e-08,1.349030e-09,2.397682e-09,2.868340e+08,1.119513e+08,7.071111e+07
9.755687e-07,5.578978e-09,1.181906e-08,4.156710e-09,9.312784e+06,1.820528e+07,2.076576e+08
3.372923e-09,9.665285e-08,2.329177e-09,2.307968e-09,3.567759e+08,9.286525e+07,6.695418e+07
2.929441e-08,3.988918e-09,3.317420e-07,1.402306e-09,1.014396e+07,1.466835e+08,4.228157e+08
7.431481e-08,1.015476e-09,2.713483e-07,3.670322e-07,7.042045e+06,9.224426e+06,5.179800e+07
5.722479e-08,2.264742e-08,6.265528e-09,1.777666e-09,5.281156e+07,9.508510e+07,1.576034e+08
3.326629e-08,1.428252e-08,3.097192e-08,8.536940e-08,3.115399e+07,3.042019e+07,2.863825e+07
7.455115e-07,4.716892e-09,3.592935e-07,4.651245e-07,1.932183e+06,2.564293e+06,2.134949e+07
8.525747e-09,8.013309e-08,1.248496e-09,2.104587e-09,3.065069e+08,1.199732e+08,7.700353e+07
9.701884e-09,9.305361e-07,1.102342e-07,8.016076e-07,3.057833e+07,3.312850e+06,1.157850e+06
6.819465e-07,3.644432e-08,1.664934e-07,1.820005e-08,2.967743e+06,9.211081e+06,3.882834e+07
6.607212e-08,1.804253e-07,3.109050e-09,2.223070e-09,6.977134e+07,5.594398e+07,4.993151e+07
1.600320e-09,7.409745e-09,2.228146e-09,3.504209e-07,5.295717e+08,2.238930e+08,1.962472e+07
4.572906e-09,3.797075e-07,3.669647e-07,6.997714e-09,2.441135e+07,1.946703e+07,1.939980e+07
3.906155e-07,5.453875e-08,3.546019e-09,2.287099e-08,2.686920e+07,2.705039e+07,2.831424e+07
7.336986e-09,5.651803e-09,2.458624e-09,5.646031e-07,2.354480e+08,1.773426e+08,1.770251e+07
6.420699e-08,8.980522e-08,1.902286e-08,4.129249e-08,2.861349e+07,2.232867e+07,1.642153e+07
3.357811e-07,9.498386e-07,4.848562e-07,6.535969e-09,2.478366e+06,1.098238e+07,1.269171e+07
1.685184e-08,8.302048e-08,5.348840e-07,6.439798e-09,1.053286e+07,3.966798e+07,4.324852e+07
5.651083e-09,8.394012e-07,3.569709e-08,5.629786e-09,7.040731e+07,1.559955e+07,1.454686e+07
1.432728e-08,1.320146e-08,1.463559e-09,1.056514e-07,2.183801e+08,1.586314e+08,2.677635e+07
1.967781e-08,1.388513e-09,3.999436e-09,1.327496e-09,1.127229e+08,2.182369e+08,7.365605e+08
7.237778e-08,2.596251e-09,6.913259e-08,9.623278e-07,1.413696e+07,1.438030e+07,2.000623e+07
6.154607e-07,5.732698e-08,6.312923e-08,3.474171e-09,5.073230e+06,2.124557e+07,7.085898e+07
6.231594e-07,5.379199e-07,7.965392e-08,5.944872e-07,4.488455e+06,3.501625e+06,1.768357e+06
3.654913e-08,1.110817e-07,9.334352e-08,1.856361e-09,1.712062e+07,6.100373e+07,6.963821e+07
1.498168e-09,2.356401e-08,9.719410e-08,1.315001e-09,8.287047e+07,1.753662e+08,1.796439e+08
6.399015e-09,9.480973e-09,1.407761e-07,1.064526e-07,3.331800e+07,3.223159e+07,3.147716e+07
1.223714e-09,1.222118e-07,1.086521e-08,1.554703e-07,2.742464e+08,2.824422e+07,7.254705e+06
1.119939e-08,7.395564e-09,5.773339e-09,5.270142e-08,1.243625e+08,1.016628e+08,5.065277e+07
7.070765e-09,4.227725e-08,2.724898e-08,4.264277e-08,7.204299e+07,3.491245e+07,2.355179e+07
3.172118e-08,2.776513e-09,1.794222e-08,2.822896e-07,4.191671e+07,4.145222e+07,3.571928e+07
3.017749e-08,4.383258e-07,1.974494e-09,1.863993e-07,1.295480e+08,3.305247e+07,3.498479e+06
4.783525e-08,1.131455e-08,5.444279e-08,2.990524e-08,1.959548e+07,2.959491e+07,5.436353e+07
8.990329e-07,6.844230e-07,2.261241e-08,2.337968e-07,7.013564e+06,5.534407e+06,2.499876e+06
4.882442e-09,2.811065e-07,2.559629e-07,5.719667e-07,2.828739e+07,4.446806e+06,2.493901e+06
1.389707e-09,1.134622e-08,8.441552e-07,2.062733e-07,2.919626e+07,2.176383e+07,2.067059e+07
7.932634e-09,2.347741e-07,4.165107e-08,1.672107e-07,5.501464e+07,1.111587e+07,5.047111e+06
4.044715e-07,7.570574e-07,1.273692e-08,4.916611e-08,1.393233e+07,9.225199e+06,5.183256e+06
7.845350e-08,1.056678e-09,5.949897e-08,5.001459e-09,1.463656e+07,5.221158e+07,4.349910e+08
5.820169e-09,1.184877e-07,1.346945e-09,1.405074e-09,3.571555e+08,1.081563e+08,7.750215e+07
5.688149e-09,1.051329e-08,1.504380e-09,1.985043e-07,3.418502e+08,2.033218e+08,2.188999e+07
7.715847e-07,4.690885e-08,4.748101e-08,6.631432e-08,5.224542e+06,6.644938e+06,1.792953e+07
1.590476e-07,1.710048e-08,8.241358e-07,1.992911e-07,2.762085e+06,5.947661e+06,1.712978e+07
1.100087e-08,4.056278e-09,2.258521e-09,8.519168e-09,2.006201e+08,1.928772e+08,1.701130e+08
1.429166e-07,1.428236e-09,4.376352e-07,2.542172e-07,3.998550e+06,6.563682e+06,5.248045e+07
4.036049e-09,5.408992e-08,6.977392e-09,2.593746e-07,1.884409e+08,5.031907e+07,8.442638e+06
1.023807e-09,5.321131e-08,1.273667e-07,2.942874e-07,8.757156e+07,1.440204e+07,7.991204e+06
2.558294e-09,5.351398e-08,4.972175e-09,4.914763e-07,2.803829e+08,6.019196e+07,6.166164e+06
5.177244e-08,3.914482e-09,9.208664e-07,1.658714e-09,4.579862e+06,1.041426e+08,3.924435e+08
8.401320e-08,2.233752e-09,2.074157e-09,1.428781e-08,7.575397e+07,8.000962e+07,1.770108e+08
6.793408e-09,2.759351e-08,1.605784e-08,3.408803e-09,9.574421e+07,1.016961e+08,1.031088e+08
1.977926e-07,1.722200e-08,5.727903e-08,1.500974e-08,9.395008e+06,1.977503e+07,6.219731e+07
3.826799e-08,1.377372e-07,1.488283e-08,2.847363e-07,4.190245e+07,2.004277e+07,5.049554e+06
1.271288e-09,5.820372e-08,1.171346e-08,2.331157e-08,2.591406e+08,4.644016e+07,2.714806e+07
8.121775e-07,1.217010e-08,4.519513e-08,1.921655e-08,5.219498e+06,9.485138e+06,6.539060e+07
6.176876e-08,6.542370e-08,6.615110e-07,6.440516e-08,4.947059e+06,1.157401e+07,1.540537e+07
6.217800e-09,3.506822e-09,6.968971e-08,3.570729e-09,4.803937e+07,1.739945e+08,2.825951e+08
1.191376e-07,1.261350e-09,4.093312e-08,1.180807e-09,1.431984e+07,8.506966e+07,8.193941e+08
1.908983e-07,1.800118e-08,1.180855e-09,2.556612e-07,6.660405e+07,6.381660e+07,1.474067e+07
2.112907e-08,6.766265e-09,6.743870e-09,9.516669e-09,8.377321e+07,9.530256e+07,1.246186e+08
4.494191e-09,1.193713e-08,1.244394e-07,3.548265e-08,4.228588e+07,4.694950e+07,4.858946e+07
1.825032e-07,8.896115e-09,4.798402e-09,4.832676e-09,3.379220e+07,4.658274e+07,1.525127e+08
1.367700e-09,6.938030e-07,2.806941e-08,2.712620e-08,1.613942e+08,1.021164e+07,7.289327e+06
3.544076e-07,9.486574e-09,1.800467e-08,1.170359e-09,1.251860e+07,5.000672e+07,3.001137e+08
2.834537e-09,4.485317e-08,2.878555e-08,3.508892e-08,1.107061e+08,3.641565e+07,2.520684e+07
5.617235e-07,3.419758e-08,9.843386e-07,5.091090e-08,1.344827e+06,5.887765e+06,2.396608e+07
4.261062e-08,6.602584e-09,1.851504e-08,1.272489e-07,3.560236e+07,3.545642e+07,3.449975e+07
8.720506e-09,3.182192e-07,3.876703e-09,3.448225e-08,1.719879e+08,2.962583e+07,9.546387e+06
2.110271e-09,1.088905e-08,3.353533e-07,2.207949e-08,3.759063e+07,6.093841e+07,6.449270e+07
3.624243e-08,6.858412e-08,7.507787e-09,8.262831e-08,6.062272e+07,3.723003e+07,1.328384e+07
1.241590e-08,7.075444e-09,3.205341e-07,3.659904e-08,1.585162e+07,3.952048e+07,6.214244e+07
1.072882e-08,1.911303e-08,3.140183e-07,2.529326e-09,1.722846e+07,1.155651e+08,1.438245e+08
1.544703e-09,6.825080e-08,2.185201e-09,4.565996e-08,5.442918e+08,8.288803e+07,1.791341e+07
3.505879e-08,2.093025e-09,3.233722e-08,8.919516e-07,2.969957e+07,2.936918e+07,2.314420e+07
1.140049e-07,4.505064e-07,1.054230e-09,3.935679e-08,9.121590e+07,4.153709e+07,7.509996e+06
9.260981e-08,1.381150e-08,4.650550e-08,5.259815e-08,1.523770e+07,1.951161e+07,3.710174e+07
1.244223e-08,9.619474e-09,5.390069e-07,7.667723e-08,1.221107e+07,2.598538e+07,3.682062e+07
2.385307e-07,4.336211e-09,2.556592e-07,2.977698e-07,4.049461e+06,5.471114e+06,2.782944e+07
5.769570e-09,2.276506e-08,3.470622e-09,1.940586e-08,2.234728e+08,1.091034e+08,4.757722e+07
2.435452e-09,4.584725e-09,3.908091e-09,1.342893e-09,3.241364e+08,3.775229e+08,4.030164e+08
5.029735e-07,6.968873e-08,2.978823e-09,4.460433e-07,2.583480e+07,2.429259e+07,5.671922e+06
1.728234e-08,7.973232e-08,2.633984e-07,3.829839e-09,1.482150e+07,5.225473e+07,5.722589e+07
1.687173e-07,2.801282e-09,1.494177e-08,8.903074e-08,1.991678e+07,2.134679e+07,6.332155e+07
3.983324e-09,8.562026e-07,3.156540e-08,2.516802e-07,8.918083e+07,6.438063e+06,2.154206e+06
4.226450e-09,5.012148e-08,2.518164e-07,1.623942e-08,3.065280e+07,3.472912e+07,3.505119e+07
6.639347e-08,1.719196e-08,4.429285e-09,2.303959e-09,5.831369e+07,8.884699e+07,1.588912e+08
4.330163e-07,7.722817e-08,3.827937e-08,1.104736e-08,7.767217e+06,1.511960e+07,3.423598e+07
1.067684e-09,1.247884e-08,3.567676e-09,2.434313e-07,5.123725e+08,1.448948e+08,1.814365e+07
6.857823e-09,5.579702e-07,2.439727e-08,1.512351e-07,7.731011e+07,9.180097e+06,3.442455e+06
4.018910e-09,8.163971e-08,1.494892e-07,2.389115e-07,4.079819e+07,1.126759e+07,7.160292e+06
1.128475e-09,1.507676e-08,2.022181e-07,4.930653e-08,6.619788e+07,3.945485e+07,3.667700e+07
1.325997e-09,3.923483e-07,1.895627e-08,8.766877e-07,1.994584e+08,1.170039e+07,1.705068e+06
1.314065e-07,8.548448e-08,5.562209e-08,5.667434e-07,1.169682e+07,9.540807e+06,4.543213e+06
1.834585e-07,3.069875e-09,4.788795e-09,2.118124e-09,3.373789e+07,6.042002e+07,3.921606e+08
1.837846e-09,1.159139e-08,6.935031e-08,1.814299e-09,8.857705e+07,2.052238e+08,2.180609e+08
2.155614e-07,4.557049e-08,1.836746e-09,3.781967e-09,5.025624e+07,5.565512e+07,7.617269e+07
3.853532e-09,1.546631e-09,3.938480e-08,2.224721e-07,8.117199e+07,7.439204e+07,5.390993e+07
5.868760e-07,1.116852e-09,6.706484e-08,1.229817e-08,5.040567e+06,1.279250e+07,2.698249e+08
3.867853e-07,8.951363e-07,1.696668e-07,1.002593e-08,3.903612e+06,9.077659e+06,1.055585e+07
3.884278e-09,8.496167e-07,8.429836e-07,2.159279e-07,1.747573e+07,2.610741e+06,2.334716e+06
8.298503e-09,3.678076e-09,9.315944e-07,2.606843e-08,1.137330e+07,5.738112e+07,1.021250e+08
4.437103e-08,3.588253e-08,8.893073e-09,1.444565e-07,5.034129e+07,3.856689e+07,1.388960e+07
8.584407e-08,1.234944e-08,2.165699e-08,1.792224e-09,2.319241e+07,7.843818e+07,2.125593e+08
9.968454e-08,1.684366e-09,4.928937e-08,8.170027e-09,1.426624e+07,3.751801e+07,2.695691e+08
1.032392e-08,8.024625e-08,5.491256e-07,6.098379e-08,1.328134e+07,1.418300e+07,1.429488e+07
1.403715e-08,1.181403e-08,4.508795e-09,1.073596e-09,1.256985e+08,2.112123e+08,2.807893e+08
3.494005e-08,9.843757e-09,7.049861e-09,1.099051e-07,6.371592e+07,5.805634e+07,3.040259e+07
1.094360e-09,1.371837e-07,2.337406e-08,9.695911e-09,1.977210e+08,3.248470e+07,2.741918e+07
1.357602e-08,6.657535e-09,3.185848e-09,1.827245e-07,1.520552e+08,1.256333e+08,2.867113e+07
3.925807e-07,1.414063e-07,1.064254e-08,1.783348e-09,1.547080e+07,3.501528e+07,6.297201e+07
6.223019e-08,7.083010e-09,1.790273e-08,1.253061e-09,2.995986e+07,1.109932e+08,3.356641e+08
2.636099e-07,9.557592e-07,2.050429e-07,1.404493e-08,4.301270e+06,7.898768e+06,8.631097e+06
1.257770e-09,4.242191e-09,5.977164e-08,3.182466e-08,1.153325e+08,9.356849e+07,8.606428e+07
1.246074e-08,1.840966e-09,5.311221e-09,6.059432e-09,1.229224e+08,1.571758e+08,2.994064e+08
2.781272e-08,6.683233e-08,3.178903e-08,4.489571e-09,3.363098e+07,5.182451e+07,5.773036e+07
1.673611e-08,1.888851e-07,1.261690e-08,1.063787e-08,6.881709e+07,2.902809e+07,2.230868e+07
1.287594e-09,1.927449e-07,3.970291e-08,2.194289e-09,1.398619e+08,4.978485e+07,4.862523e+07
3.695151e-07,7.755649e-08,2.565332e-09,1.147488e-08,3.247971e+07,3.266273e+07,3.352099e+07
3.491570e-09,1.056663e-08,2.772599e-07,1.973800e-08,3.214002e+07,6.213219e+07,6.924367e+07
2.183209e-09,8.195430e-08,5.422719e-08,1.998030e-09,9.190599e+07,7.853462e+07,7.814714e+07
4.844366e-09,7.521341e-07,9.625718e-07,3.029013e-09,1.464418e+07,2.091654e+07,2.095086e+07
3.237897e-09,1.404574e-08,1.138038e-07,3.632942e-09,5.209428e+07,1.281967e+08,1.399905e+08
1.110721e-08,8.285572e-08,3.591619e-08,1.891426e-09,5.006710e+07,7.696116e+07,7.988112e+07
1.619893e-08,1.614979e-09,2.514311e-09,2.586592e-07,1.566922e+08,1.501452e+08,4.892745e+07
6.845357e-08,5.371617e-09,8.509419e-08,1.876191e-09,1.310244e+07,8.590035e+07,3.149988e+08
1.177984e-07,3.890562e-07,6.462417e-08,5.077984e-09,1.146127e+07,2.047096e+07,2.249822e+07
2.484769e-09,1.111085e-08,1.591143e-07,6.497754e-07,5.029240e+07,2.398882e+07,1.176914e+07
4.804462e-07,1.815796e-08,1.184385e-09,4.358008e-09,4.192095e+07,4.640665e+07,1.124145e+08
2.340757e-08,1.022631e-09,1.085832e-07,1.036420e-09,1.983538e+07,1.996786e+08,9.713434e+08
1.185693e-09,2.710255e-07,3.414221e-07,2.212759e-09,4.970135e+07,4.087735e+07,4.083456e+07
1.891066e-09,9.514876e-08,1.546268e-07,4.046756e-09,5.847957e+07,5.111889e+07,5.096182e+07
7.659768e-08,2.145521e-08,4.580379e-08,2.340239e-09,1.688268e+07,6.767998e+07,1.411249e+08
1.791884e-09,3.461992e-07,8.812271e-09,1.094165e-09,2.516524e+08,5.433621e+07,5.138018e+07
5.029529e-08,1.014887e-07,2.151399e-09,9.787895e-07,9.613374e+07,5.539917e+07,3.172827e+06
1.376997e-09,2.989967e-07,4.117733e-07,6.557070e-08,4.199565e+07,7.671862e+06,7.141869e+06
7.144373e-08,1.873548e-09,6.709912e-09,3.009201e-07,4.567300e+07,4.558555e+07,4.211550e+07
3.416083e-09,1.355434e-08,2.864869e-07,5.267043e-09,3.196564e+07,1.067398e+08,1.183525e+08
1.671222e-07,2.815448e-08,3.297092e-07,3.985169e-09,4.260076e+06,3.606287e+07,9.440671e+07
1.154795e-08,9.071296e-07,2.343660e-08,1.922159e-07,6.078554e+07,7.218613e+06,2.394808e+06
2.039515e-07,5.170460e-09,1.954650e-07,3.818146e-09,5.008435e+06,3.573343e+07,2.250656e+08
1.559637e-09,1.057646e-08,2.531383e-08,5.347238e-07,1.591510e+08,5.838824e+07,1.329735e+07
4.801733e-08,4.411139e-08,1.337442e-07,8.955539e-08,1.247853e+07,1.422536e+07,1.591031e+07
7.021798e-08,2.931798e-09,5.786851e-08,6.220554e-08,1.568753e+07,2.135415e+07,7.404887e+07
2.229238e-09,3.335680e-08,5.297922e-08,7.190505e-09,9.201720e+07,6.662186e+07,6.456960e+07
3.568806e-08,2.615731e-07,5.475765e-08,3.828274e-08,2.262122e+07,1.221920e+07,9.993139e+06
1.725465e-08,2.241802e-09,1.204360e-07,1.355781e-09,2.193657e+07,1.955952e+08,5.735966e+08
7.699394e-09,1.033207e-07,6.235119e-09,6.626079e-07,1.443276e+08,3.818656e+07,3.821888e+06
2.968154e-07,3.577280e-08,6.218212e-07,2.171423e-08,2.327684e+06,1.197093e+07,3.587990e+07
5.014477e-09,2.299639e-08,1.883081e-08,7.020370e-07,1.029088e+08,4.412147e+07,7.870280e+06
9.680826e-08,3.060396e-09,3.785426e-07,6.377450e-07,5.223799e+06,6.492513e+06,2.263537e+07
1.996816e-07,5.011931e-09,4.004799e-09,1.190919e-08,3.536231e+07,4.037439e+07,1.294364e+08
1.413809e-09,5.855138e-09,4.134287e-08,3.089065e-08,1.307990e+08,8.821041e+07,7.435633e+07
2.746184e-07,2.748487e-09,1.897301e-09,2.689512e-08,4.380938e+07,4.510316e+07,1.163098e+08
8.601003e-08,2.201405e-08,8.859528e-09,1.844543e-07,3.622598e+07,3.309188e+07,1.569299e+07
1.942050e-07,2.624770e-07,4.550910e-07,9.171529e-09,3.363727e+06,1.560648e+07,2.038137e+07
1.844151e-09,1.825825e-07,9.014756e-08,6.279954e-07,7.755768e+07,8.293510e+06,2.953195e+06
2.289278e-09,7.847838e-07,1.535513e-08,2.376515e-09,1.686646e+08,2.484677e+07,2.315553e+07
3.586454e-08,2.246438e-09,4.530622e-07,9.053928e-08,7.844919e+06,1.864738e+07,7.011876e+07
1.370799e-07,3.039863e-08,3.217508e-08,5.015568e-08,1.505751e+07,1.745346e+07,2.561020e+07
3.161549e-07,7.421029e-08,1.495799e-09,1.428135e-07,4.598471e+07,4.159972e+07,9.713668e+06
6.153366e-09,5.783364e-09,1.390415e-07,3.723456e-07,3.418782e+07,2.876649e+07,2.154947e+07
9.376425e-07,5.806097e-08,6.243015e-09,1.880997e-09,1.307026e+07,2.635901e+07,9.568940e+07
4.907092e-09,1.882451e-07,1.213225e-09,1.586666e-09,4.098428e+08,8.677754e+07,5.786227e+07
2.697927e-07,6.514381e-08,7.857151e-08,3.588893e-07,6.868349e+06,6.805743e+06,6.540082e+06
6.549632e-07,4.238011e-07,2.316635e-08,5.885384e-09,8.118256e+06,1.405421e+07,2.002311e+07
3.601990e-09,6.960371e-07,4.337439e-09,1.498736e-09,2.529951e+08,3.582184e+07,3.096145e+07
2.497697e-09,3.848561e-09,9.270235e-08,4.995932e-07,6.571807e+07,4.489074e+07,2.280565e+07
5.282867e-09,5.007033e-07,4.213714e-08,9.409556e-08,6.702435e+07,8.240513e+06,4.607074e+06
9.738304e-09,3.499095e-08,5.342097e-07,6.475152e-09,1.386444e+07,5.911469e+07,6.643503e+07
7.607860e-07,5.397266e-08,3.423711e-08,3.521407e-09,6.196125e+06,1.960588e+07,7.253623e+07
4.339976e-09,5.727269e-07,4.290017e-09,1.583065e-09,2.317538e+08,3.871159e+07,3.321061e+07
1.709991e-09,4.985334e-07,3.053318e-08,1.118416e-07,1.383940e+08,9.129314e+06,4.234978e+06
2.697372e-08,4.303500e-08,1.440721e-09,6.656414e-09,1.604130e+08,1.098195e+08,5.908386e+07
1.574899e-07,1.347892e-07,2.548458e-08,7.763678e-07,1.578465e+07,1.177540e+07,3.091282e+06
4.476523e-08,7.209812e-09,4.774885e-08,4.844210e-08,2.162958e+07,2.828634e+07,5.350897e+07
1.490697e-09,4.012498e-08,8.767184e-09,3.031935e-07,2.766147e+08,5.310452e+07,9.066354e+06
7.837048e-07,2.734177e-08,3.680619e-07,1.941903e-07,1.861930e+06,3.114358e+06,1.372375e+07
1.472339e-09,1.450524e-07,1.383410e-09,1.911479e-07,7.006815e+08,7.049120e+07,6.005549e+06
5.778429e-07,2.575872e-08,3.212499e-07,7.611225e-08,2.320992e+06,5.188828e+06,2.258450e+07
3.987958e-08,7.441070e-07,3.315865e-09,1.407564e-09,8.696135e+07,3.592873e+07,3.089927e+07
1.136992e-09,2.776406e-07,1.805682e-07,4.608123e-07,6.979122e+07,5.258311e+06,2.795738e+06
9.508423e-09,2.809071e-09,6.486650e-08,5.710127e-09,4.026572e+07,1.243759e+08,2.496869e+08
5.635831e-09,4.539621e-08,7.132347e-09,1.637510e-08,1.577265e+08,6.280194e+07,3.667737e+07
1.611945e-07,2.247702e-07,1.021575e-08,1.649638e-09,2.464279e+07,4.271081e+07,5.193215e+07
1.655238e-09,3.213843e-09,6.988544e-07,1.973162e-07,2.940197e+07,3.653399e+07,3.971059e+07
1.156768e-07,1.935995e-07,9.138133e-07,1.760380e-09,3.075729e+06,4.289843e+07,5.416823e+07
4.833142e-07,2.665292e-07,4.766363e-09,1.379759e-08,2.083491e+07,1.940237e+07,1.649020e+07
2.425664e-09,2.809938e-08,4.016332e-09,2.163893e-09,3.203833e+08,1.526305e+08,1.282430e+08
1.824901e-09,1.198438e-09,1.842569e-07,7.219797e-09,5.453415e+07,2.181927e+08,3.399615e+08
1.608122e-09,1.143836e-07,3.454098e-07,1.309079e-08,4.243001e+07,2.614454e+07,2.584253e+07
7.817892e-09,1.493106e-07,2.635208e-08,1.441888e-07,6.967030e+07,1.690104e+07,6.815361e+06
3.292240e-08,7.595617e-08,1.316260e-08,1.193042e-07,4.803784e+07,2.783451e+07,1.050487e+07
1.981002e-08,2.850994e-07,5.567574e-07,2.415149e-07,9.521920e+06,4.412504e+06,3.810921e+06
3.757912e-07,5.988942e-08,3.625871e-07,2.948105e-07,2.709072e+06,3.757096e+06,7.525814e+06
1.729082e-07,1.285970e-07,1.150623e-07,2.089181e-07,7.089665e+06,6.685862e+06,6.100937e+06
2.084377e-08,5.202955e-07,6.973375e-07,9.181370e-07,8.294502e+06,2.159336e+06,1.446842e+06
3.932019e-08,9.679419e-07,7.355580e-07,1.435823e-09,5.880087e+06,2.632097e+07,2.682409e+07
3.557788e-07,1.546397e-07,1.491450e-09,8.275784e-09,4.341158e+07,3.937437e+07,2.795342e+07
4.997037e-09,7.581440e-09,7.574299e-08,2.736590e-07,5.140111e+07,3.660771e+07,2.195429e+07
4.214650e-09,9.525303e-09,8.089364e-09,7.519582e-07,1.712624e+08,9.536165e+07,1.181582e+07
2.237672e-08,1.230357e-08,1.877443e-08,3.603147e-08,4.878861e+07,4.833347e+07,4.749451e+07
6.934952e-08,5.253239e-08,3.941890e-09,4.330490e-08,6.048198e+07,4.765360e+07,2.096611e+07
1.000383e-07,1.279056e-08,7.501992e-07,4.359329e-08,3.650301e+06,1.466714e+07,4.234922e+07
3.354882e-07,1.562929e-09,2.362249e-08,1.033117e-08,1.123307e+07,2.031692e+07,2.488603e+08
7.970152e-07,4.334875e-09,1.360778e-09,1.926244e-08,3.036498e+07,3.133414e+07,1.094349e+08
8.148495e-07,1.725153e-07,3.747395e-08,1.240321e-08,5.722642e+06,1.042510e+07,2.161819e+07
3.656346e-09,6.525756e-09,3.795065e-08,1.422524e-08,8.489199e+07,9.742643e+07,1.037898e+08
2.204596e-08,1.124329e-09,6.225610e-07,2.777790e-08,8.535807e+06,4.028687e+07,1.789384e+08
1.386675e-07,2.340070e-09,1.231445e-07,4.083064e-08,7.652531e+06,1.520783e+07,1.023040e+08
1.085981e-08,4.814679e-08,3.700558e-09,1.057764e-07,1.577449e+08,6.884669e+07,1.401270e+07
1.541013e-09,2.705724e-08,2.817708e-09,2.959760e-08,4.798979e+08,1.165814e+08,3.533703e+07
5.750584e-09,4.668582e-07,2.347185e-09,1.111669e-08,2.721889e+08,3.304249e+07,1.388097e+07
2.272750e-08,1.349303e-08,2.770031e-08,7.681342e-09,3.985492e+07,6.775647e+07,9.822604e+07
2.974170e-09,6.000478e-09,9.894692e-09,7.311892e-08,1.843385e+08,1.130707e+08,4.774107e+07
1.283160e-07,9.699532e-07,3.584495e-07,2.648734e-09,4.662788e+06,1.860909e+07,1.972902e+07
1.253146e-07,3.759332e-09,9.425484e-07,1.548220e-07,2.909694e+06,7.632893e+06,4.145036e+07
5.853205e-08,4.368677e-07,1.774874e-07,1.078528e-09,9.811138e+06,4.339323e+07,4.606907e+07
1.032472e-07,2.611807e-09,2.059113e-07,6.871808e-09,6.858368e+06,3.769026e+07,2.360445e+08
1.782941e-07,1.333163e-07,8.271068e-09,6.197592e-07,2.604058e+07,1.982860e+07,3.478939e+06
2.602735e-07,7.318082e-08,2.012239e-09,4.805365e-07,4.369636e+07,3.868561e+07,5.332590e+06
8.078269e-09,4.487682e-07,6.400700e-07,3.417176e-08,1.390680e+07,8.214389e+06,8.075237e+06
1.195629e-09,3.706866e-08,2.604556e-08,1.469906e-07,1.791987e+08,3.436845e+07,1.354727e+07
1.604967e-07,3.897590e-08,1.469773e-09,2.012486e-09,6.510910e+07,7.682407e+07,1.129108e+08
4.794192e-09,1.218555e-09,3.533110e-09,8.299248e-09,2.429762e+08,2.590605e+08,3.144547e+08
3.346911e-07,2.818653e-07,2.365597e-09,2.324001e-09,3.553919e+07,3.719571e+07,3.907158e+07
6.211301e-07,4.591124e-07,6.040952e-08,2.111393e-09,5.162452e+06,2.130173e+07,3.211855e+07
8.963436e-08,2.254502e-09,4.992270e-08,1.435314e-08,1.494905e+07,3.124424e+07,1.757929e+08
1.668878e-09,2.959334e-07,3.609732e-09,6.146073e-08,4.074274e+08,3.139334e+07,7.414881e+06
2.716526e-07,5.979743e-08,2.330701e-08,7.183178e-08,1.256752e+07,1.309387e+07,1.525810e+07
2.868962e-09,3.465108e-09,1.593180e-09,1.392631e-09,4.677407e+08,4.609346e+08,4.552223e+08
7.125644e-09,1.264754e-08,1.420914e-09,2.565808e-07,3.142708e+08,1.891808e+08,1.755436e+07
8.667546e-07,6.334240e-09,1.156237e-08,3.063174e-09,9.989148e+06,2.174791e+07,2.270215e+08
4.745489e-09,1.447859e-08,3.757422e-08,1.908523e-09,7.488839e+07,1.692338e+08,1.902340e+08
2.166664e-07,2.372649e-09,8.105961e-09,5.080974e-07,2.386173e+07,2.392070e+07,2.880114e+07
5.549420e-08,2.666019e-09,5.289478e-07,8.859064e-09,5.836732e+06,4.442218e+07,2.057664e+08
6.576948e-09,8.850344e-07,1.271425e-07,2.256128e-09,3.458139e+07,2.249312e+07,2.237886e+07
9.954787e-07,8.522243e-08,1.364806e-07,1.086943e-09,2.712992e+06,2.929316e+07,1.039010e+08
3.724914e-07,1.187526e-07,2.449852e-09,6.287738e-07,3.310336e+07,2.888191e+07,3.659580e+06
2.853233e-09,6.491779e-09,1.408577e-09,8.319969e-09,4.988169e+08,2.980457e+08,1.360684e+08
1.425799e-09,1.213030e-07,1.229889e-07,8.634135e-08,7.551581e+07,1.267361e+07,9.771356e+06
6.385933e-09,4.508379e-08,2.199864e-09,1.220096e-07,2.668025e+08,9.482144e+07,1.348319e+07
1.411453e-07,1.023979e-07,1.030763e-08,4.935315e-09,2.621726e+07,3.507596e+07,4.448330e+07
2.731263e-07,2.980658e-08,6.141129e-07,1.128928e-07,2.441710e+06,5.883536e+06,1.723895e+07
3.640855e-09,5.303871e-08,1.323119e-09,4.244678e-07,4.556159e+08,1.156547e+08,6.664708e+06
2.952364e-09,2.957171e-08,4.989317e-07,1.565684e-09,2.605520e+07,1.403543e+08,1.469636e+08
1.929233e-09,3.383009e-09,1.161879e-07,1.349828e-09,6.679242e+07,3.756038e+08,4.679605e+08
3.473272e-07,7.733636e-09,8.261885e-07,2.089537e-08,1.866771e+06,1.175566e+07,7.866528e+07
4.017809e-07,4.505741e-08,2.808071e-09,4.630189e-07,2.977154e+07,2.831612e+07,6.923370e+06
1.539415e-08,1.624388e-08,2.368087e-09,7.880637e-08,1.656240e+08,1.172534e+08,2.794952e+07
2.195891e-08,8.462798e-08,9.973745e-09,1.110208e-07,6.757181e+07,3.201841e+07,1.031670e+07
3.841583e-09,1.520295e-08,7.118337e-08,9.387948e-07,6.047218e+07,2.817061e+07,8.370487e+06
4.070059e-09,3.772599e-08,1.344723e-07,2.017449e-07,4.274480e+07,1.721966e+07,1.146248e+07
2.314107e-07,1.074215e-07,1.513743e-09,1.676337e-08,5.342963e+07,4.610571e+07,2.356535e+07
3.901989e-08,4.905717e-09,6.675820e-09,4.103128e-08,6.195904e+07,6.296842e+07,7.048411e+07
7.257910e-08,7.404624e-07,1.395665e-09,9.014650e-07,9.935819e+07,2.970907e+07,1.223979e+06
7.014529e-08,1.450509e-08,2.994835e-08,2.636407e-08,2.181797e+07,2.902652e+07,5.113680e+07
1.495608e-07,1.270817e-07,6.892031e-09,1.804641e-07,3.114710e+07,2.333488e+07,6.603332e+06
2.247806e-08,1.605360e-07,1.191695e-07,2.194374e-07,1.932137e+07,8.411391e+06,5.327930e+06
2.276644e-08,1.000505e-09,4.022245e-09,9.359396e-09,1.045004e+08,1.222953e+08,3.267882e+08
2.442781e-09,2.829757e-08,7.519531e-07,4.144294e-09,2.333256e+07,8.884108e+07,9.234219e+07
1.743798e-08,1.285466e-08,3.768351e-07,6.883359e-07,1.233605e+07,1.164301e+07,1.063089e+07
8.922172e-07,2.431763e-08,1.307844e-07,3.248455e-08,2.927431e+06,6.475315e+06,3.557959e+07
7.925767e-07,4.911868e-09,1.538167e-08,8.377533e-09,9.056860e+06,1.520526e+07,1.558901e+08
5.971948e-09,5.614772e-09,4.848090e-09,1.541925e-07,1.858475e+08,1.355055e+08,3.398617e+07
9.800462e-08,6.103787e-08,1.240895e-08,6.354984e-08,2.867538e+07,2.460977e+07,1.605621e+07
1.040899e-08,2.463146e-07,4.537451e-09,1.598575e-08,1.455090e+08,3.319840e+07,1.593633e+07
1.614487e-09,5.229237e-07,1.473150e-07,2.394558e-07,6.484244e+07,4.571957e+06,2.825974e+06
1.125974e-07,1.708626e-09,4.295955e-08,1.137062e-08,1.437825e+07,3.119350e+07,2.268738e+08
5.600299e-08,4.864299e-09,2.659469e-08,2.346906e-07,2.591176e+07,2.622528e+07,2.959661e+07
3.484001e-08,7.975428e-09,6.666562e-09,1.272349e-09,6.561602e+07,1.478517e+08,3.139207e+08
4.956312e-07,1.979461e-08,4.924807e-09,5.322216e-09,2.024072e+07,2.754070e+07,9.742722e+07
5.597145e-09,9.167301e-08,1.938508e-07,7.838015e-09,3.035868e+07,3.694148e+07,3.730579e+07
7.423357e-09,3.980758e-08,3.778634e-08,6.997141e-08,5.970798e+07,2.937536e+07,1.894771e+07
1.518086e-08,3.569234e-07,2.060833e-09,4.972410e-08,1.787847e+08,3.685229e+07,7.506354e+06
2.894382e-08,7.563249e-07,9.757834e-07,4.852810e-09,5.950388e+06,1.623946e+07,1.650628e+07
3.347790e-09,7.141106e-08,1.572626e-09,6.200897e-09,4.358210e+08,1.032613e+08,4.752148e+07
2.452636e-09,9.981549e-08,1.658963e-08,1.116781e-09,1.567708e+08,9.667023e+07,9.471462e+07
8.296267e-08,1.250656e-08,1.991577e-08,2.638112e-07,2.460142e+07,2.378337e+07,1.740943e+07
3.406435e-07,1.878111e-09,8.645286e-08,9.767439e-08,5.827205e+06,7.978753e+06,7.383275e+07
6.480212e-07,7.881575e-08,2.844392e-08,1.130419e-09,7.365643e+06,3.557334e+07,1.059434e+08
3.288116e-09,5.009078e-09,5.145577e-08,1.556918e-09,7.687930e+07,2.824063e+08,3.580868e+08
1.834694e-09,2.250063e-07,6.796694e-09,4.702643e-07,2.831844e+08,2.565112e+07,3.074197e+06
7.448394e-09,1.644157e-07,1.097332e-08,2.738265e-09,1.106113e+08,5.152815e+07,4.712926e+07
1.665687e-09,3.006348e-09,1.112200e-08,1.352401e-08,2.323335e+08,1.872734e+08,1.568294e+08
4.143369e-09,4.951133e-08,6.647466e-08,1.449924e-09,6.025529e+07,1.146064e+08,1.180253e+08
1.330315e-07,1.771828e-07,7.833497e-08,1.105254e-07,9.795911e+06,8.385532e+06,7.145921e+06
1.012158e-08,1.419912e-08,2.497719e-08,7.488929e-07,6.289325e+07,4.124434e+07,9.697491e+06
5.922528e-07,6.963878e-08,1.863760e-08,1.496616e-08,9.518125e+06,1.349119e+07,3.097557e+07
1.916971e-09,4.516251e-09,3.498222e-09,9.843402e-09,3.861611e+08,2.454109e+08,1.499817e+08
5.109660e-09,9.427151e-07,7.078389e-08,2.744996e-07,5.258196e+07,4.329979e+06,1.965798e+06
8.778642e-08,9.364010e-07,9.488524e-07,4.589610e-07,3.464870e+06,1.776624e+06,1.525391e+06
1.114610e-07,1.082509e-07,2.035140e-08,9.569824e-07,2.099624e+07,1.511282e+07,3.106935e+06
1.715160e-09,1.031500e-08,2.471153e-08,7.140970e-07,1.536023e+08,5.899317e+07,1.165163e+07
3.400381e-07,7.715928e-07,7.458339e-09,3.338756e-07,1.985707e+07,1.110442e+07,1.970215e+06
8.310153e-09,2.681164e-09,1.272344e-09,1.637000e-07,3.075341e+08,2.684443e+08,4.773248e+07
4.461815e-09,1.170893e-09,2.804012e-09,2.268231e-07,2.827185e+08,2.531742e+08,6.136176e+07
9.393464e-09,2.987409e-09,1.701773e-07,1.611112e-07,2.501130e+07,3.124021e+07,4.558163e+07
5.717647e-07,2.861988e-08,9.151394e-09,3.112112e-09,1.382444e+07,2.678066e+07,1.059591e+08
7.293388e-07,8.437818e-09,1.262363e-07,3.448891e-07,3.295666e+06,3.829781e+06,1.853725e+07
1.363500e-08,3.955469e-08,8.743284e-07,7.378140e-07,9.158728e+06,6.854523e+06,5.853661e+06
3.025995e-08,1.988187e-07,2.785507e-08,2.404588e-08,3.444401e+07,1.839174e+07,1.446275e+07
8.348257e-09,1.257184e-09,1.858952e-08,2.607904e-07,8.027273e+07,7.745671e+07,5.522741e+07
2.344335e-07,5.892523e-09,1.048055e-07,1.374415e-08,6.379668e+06,1.850541e+07,1.111195e+08
2.074514e-09,4.123244e-08,1.072033e-08,3.056431e-09,2.120497e+08,9.853338e+07,8.907857e+07
5.994192e-08,1.431476e-09,3.013575e-09,5.094246e-08,7.440354e+07,7.567439e+07,1.171030e+08
1.147249e-09,6.531159e-08,3.904339e-08,2.590604e-09,1.494161e+08,7.869976e+07,7.687841e+07
6.541927e-07,2.863107e-09,3.818267e-07,1.244029e-09,2.000847e+06,3.503402e+07,5.298660e+08
9.627495e-07,3.624229e-08,3.976397e-09,2.004457e-09,1.616213e+07,2.740674e+07,1.173259e+08
1.795504e-08,3.467847e-07,3.461242e-08,1.711764e-07,4.011353e+07,9.758463e+06,4.104385e+06
9.023385e-07,1.688005e-07,2.131567e-08,7.324092e-07,7.210507e+06,6.713626e+06,2.844043e+06
2.405420e-07,1.209231e-07,7.110031e-07,1.284249e-08,2.418069e+06,1.480913e+07,2.537586e+07
3.257977e-07,1.214500e-08,1.522166e-08,4.027214e-09,1.420022e+07,3.048230e+07,1.429878e+08
4.556915e-09,3.895470e-09,1.962955e-09,7.787052e-07,3.343562e+08,2.458113e+08,1.815656e+07
7.373160e-07,4.220997e-09,2.278540e-08,2.431452e-09,7.715158e+06,2.477524e+07,3.121473e+08
2.841616e-08,8.319131e-07,7.170856e-08,3.885734e-09,2.215296e+07,1.775784e+07,1.758833e+07
7.152944e-08,1.979783e-07,3.778844e-07,3.215542e-07,6.082444e+06,4.621496e+06,3.963365e+06
5.503871e-07,1.919355e-08,1.022967e-07,1.171191e-08,4.214392e+06,1.292547e+07,6.669733e+07
3.691026e-08,1.255445e-07,5.541284e-08,5.896321e-08,2.211166e+07,1.467931e+07,1.162279e+07
2.319529e-08,7.375632e-07,5.263858e-09,1.319603e-07,9.049987e+07,1.611455e+07,3.205375e+06
2.235272e-07,2.679439e-07,4.604525e-08,1.478296e-09,9.856947e+06,3.769054e+07,5.024552e+07
3.448177e-08,9.586541e-07,4.832642e-07,3.569023e-08,7.746631e+06,5.504189e+06,5.406228e+06
1.212772e-08,1.436971e-08,3.292681e-09,9.934460e-09,1.582470e+08,1.235333e+08,8.369585e+07
6.783955e-09,8.685395e-09,1.336868e-08,1.187374e-08,1.050060e+08,1.013891e+08,9.847171e+07
5.481220e-08,6.505026e-07,1.365303e-08,7.692721e-08,3.655501e+07,1.105785e+07,4.470288e+06
7.491388e-09,2.305342e-09,5.039044e-07,5.562362e-08,1.627589e+07,4.514053e+07,8.830854e+07
6.560637e-08,9.006923e-07,1.071069e-08,5.564322e-09,3.772404e+07,1.681087e+07,1.412556e+07
6.056589e-07,5.612489e-07,1.632906e-08,3.017430e-08,1.005554e+07,8.993417e+06,7.684289e+06
1.986900e-07,2.965603e-08,3.118022e-07,1.369715e-08,4.017653e+06,1.826937e+07,4.961675e+07
4.280850e-09,1.778474e-07,5.315035e-08,5.975778e-08,6.629518e+07,1.397088e+07,9.700164e+06
2.375950e-09,9.583771e-09,6.530471e-09,4.012819e-08,2.538687e+08,1.220137e+08,5.099258e+07
2.770831e-08,2.668364e-07,4.727184e-07,2.121677e-08,8.737631e+06,1.293059e+07,1.329039e+07
1.452458e-08,4.465990e-08,1.383294e-07,3.579156e-07,2.230955e+07,1.301357e+07,7.909533e+06
2.295908e-08,3.747166e-07,3.027728e-08,1.017386e-07,3.792838e+07,1.038119e+07,5.121601e+06
3.610315e-08,1.187468e-08,6.390584e-08,9.074426e-08,2.081887e+07,2.357626e+07,3.046347e+07
1.419965e-09,2.547521e-09,2.286675e-08,1.314917e-08,1.754927e+08,1.737554e+08,1.727794e+08
3.368893e-09,2.813130e-07,3.400370e-08,1.158773e-07,9.343150e+07,1.155929e+07,5.538674e+06
1.654007e-07,1.915002e-08,3.337199e-09,6.159152e-07,4.256379e+07,4.040401e+07,9.207781e+06
2.560938e-08,1.073412e-09,2.026612e-07,1.210370e-09,1.388082e+07,1.764893e+08,8.773193e+08
9.218879e-09,3.616509e-09,4.350750e-09,3.852514e-07,1.578988e+08,1.345712e+08,2.679064e+07
3.304707e-08,4.739763e-08,1.314856e-09,2.491515e-08,1.517031e+08,9.976532e+07,2.909979e+07
3.917092e-08,3.627329e-07,6.457998e-07,3.929748e-07,6.287372e+06,3.191305e+06,2.648648e+06
2.199659e-08,1.256131e-07,2.842622e-09,7.828340e-09,1.264628e+08,5.699674e+07,3.188950e+07
2.507829e-07,4.430156e-09,1.556400e-08,1.746045e-08,1.600628e+07,2.182117e+07,1.137006e+08
4.176295e-08,4.024296e-09,9.806105e-08,1.539371e-09,1.562630e+07,1.200434e+08,4.017754e+08
6.475590e-08,1.129521e-07,2.609077e-09,1.141942e-09,7.693375e+07,8.416969e+07,8.805032e+07
7.859637e-08,1.362841e-08,6.633243e-08,1.988731e-07,1.384955e+07,1.476442e+07,1.920832e+07
1.549617e-07,9.226492e-07,1.449952e-08,5.713109e-08,2.109653e+07,8.957881e+06,4.355575e+06
1.001025e-09,2.568713e-08,3.165382e-07,2.688673e-09,5.617777e+07,1.185519e+08,1.203298e+08
4.775257e-07,7.176619e-07,1.766251e-08,7.152075e-08,1.088868e+07,7.685663e+06,4.413916e+06
1.070652e-07,1.777205e-08,8.106493e-08,3.975384e-07,1.073394e+07,1.090711e+07,1.189712e+07
5.969888e-07,8.809388e-09,9.396429e-09,9.892744e-07,1.335167e+07,1.331703e+07,1.071196e+07
5.350790e-08,9.226863e-09,8.257977e-08,4.083019e-07,1.504368e+07,1.523375e+07,1.629229e+07
5.456110e-09,5.156514e-07,6.695824e-08,1.790287e-07,5.231864e+07,6.275221e+06,3.291248e+06
3.539693e-08,2.623482e-09,7.441104e-08,6.166560e-07,1.948491e+07,1.990268e+07,2.486220e+07
2.149734e-08,6.206317e-08,6.680041e-08,3.590832e-07,2.638871e+07,1.457665e+07,6.698622e+06
2.796734e-08,1.415619e-08,9.849528e-09,4.825537e-09,6.025134e+07,8.561446e+07,1.209913e+08
1.694346e-08,4.627810e-07,1.160686e-07,1.618372e-07,2.254974e+07,5.553366e+06,3.654038e+06
4.093430e-08,6.587246e-09,4.034615e-08,5.532102e-09,2.460681e+07,6.576761e+07,1.656544e+08
9.248876e-09,1.686805e-08,1.915655e-08,1.406809e-07,7.512714e+07,4.765429e+07,2.052816e+07
2.922909e-09,7.797425e-08,1.254920e-08,3.707271e-08,1.651141e+08,3.631072e+07,1.859933e+07
1.853428e-08,3.251913e-07,2.369277e-08,1.805225e-08,4.772042e+07,1.685089e+07,1.305163e+07
3.225252e-07,6.413951e-07,2.399271e-08,7.586383e-08,1.136785e+07,7.544156e+06,4.533356e+06
6.080154e-08,4.599854e-09,4.378896e-09,4.121208e-07,6.128587e+07,5.940449e+07,2.296760e+07
1.275078e-09,4.230023e-07,3.909236e-08,2.706476e-07,1.416399e+08,8.306644e+06,2.955470e+06
3.461868e-08,1.396602e-07,8.779135e-09,8.542628e-09,5.736129e+07,3.640425e+07,2.895129e+07
1.922259e-09,1.475972e-07,1.224726e-09,5.587754e-09,6.517404e+08,8.159541e+07,3.482108e+07
1.123888e-07,1.676096e-07,9.101250e-07,1.591758e-09,3.126712e+06,4.740926e+07,6.122265e+07
5.281062e-08,2.158736e-09,3.337154e-08,8.656747e-07,2.382052e+07,2.379388e+07,2.313252e+07
2.752786e-07,5.431847e-08,1.537160e-07,2.445020e-07,4.861320e+06,5.669804e+06,8.677307e+06
1.516341e-07,1.830551e-08,7.734481e-08,7.664385e-07,9.233917e+06,9.151956e+06,8.442488e+06
1.064629e-08,4.312156e-09,1.111025e-09,2.036119e-09,2.907628e+08,3.049661e+08,3.374824e+08
1.937771e-07,3.805720e-09,5.753812e-09,5.758572e-07,2.994821e+07,2.980619e+07,2.136113e+07
1.043773e-08,6.835262e-07,7.139080e-08,1.099130e-09,3.663329e+07,3.648587e+07,3.648361e+07
3.649844e-09,5.182612e-07,1.134323e-07,8.249624e-09,4.914672e+07,1.578445e+07,1.529356e+07
1.661406e-09,8.320339e-09,1.810354e-09,6.642382e-09,5.766075e+08,2.653699e+08,1.345140e+08
5.531583e-08,5.967082e-08,8.172051e-08,6.043371e-07,1.487338e+07,1.099136e+07,5.265982e+06
3.331635e-07,3.936833e-07,1.144219e-07,1.811336e-09,5.121730e+06,2.777727e+07,3.744786e+07
2.204113e-07,7.004153e-09,1.223925e-07,2.312395e-08,6.088434e+06,1.503619e+07,7.857623e+07
1.954159e-09,2.599893e-07,2.914585e-08,3.551080e-09,1.325048e+08,3.472811e+07,3.291107e+07
1.087141e-08,9.447328e-09,2.988880e-09,2.807061e-08,1.754295e+08,1.349797e+08,6.140724e+07
1.948944e-08,1.151633e-07,8.854998e-07,6.209687e-09,7.612128e+06,3.470364e+07,3.739453e+07
7.765721e-08,8.559051e-08,7.730171e-07,5.653076e-07,4.081451e+06,4.331319e+06,4.546161e+06
2.241873e-07,8.986826e-09,6.294867e-09,6.333165e-08,2.661958e+07,2.736802e+07,4.191664e+07
2.175676e-09,4.879523e-09,2.213858e-09,4.452288e-07,4.556464e+08,2.536574e+08,2.145456e+07
1.552424e-08,1.726616e-09,3.161718e-07,7.758481e-09,1.427359e+07,8.749245e+07,2.732208e+08
1.561623e-07,8.408994e-08,1.128225e-08,1.221578e-08,2.382397e+07,2.663934e+07,3.120092e+07
2.284631e-07,1.503069e-07,4.027985e-07,2.716516e-09,3.296462e+06,3.127992e+07,4.948851e+07
1.501566e-08,8.764239e-09,5.454537e-08,5.636291e-07,3.494209e+07,2.907869e+07,1.422808e+07
4.352153e-08,3.412106e-09,1.071493e-07,1.859828e-07,1.464378e+07,1.770348e+07,3.969651e+07
1.228049e-08,1.747598e-09,8.292890e-07,6.231948e-08,9.909216e+06,3.506897e+07,9.582246e+07
1.460224e-07,3.209303e-09,5.210208e-08,3.162574e-08,1.146470e+07,1.845255e+07,9.926000e+07
3.799519e-08,4.217178e-07,5.597933e-09,5.554540e-09,6.856806e+07,2.793215e+07,2.066165e+07
1.071452e-08,2.087600e-09,3.220389e-09,6.539343e-07,1.702391e+08,1.561247e+08,2.706508e+07
7.895000e-07,1.445524e-07,1.507920e-08,1.398455e-09,9.165050e+06,2.892335e+07,7.033362e+07
1.888044e-07,2.536136e-08,3.687484e-07,2.355099e-08,3.789910e+06,1.452326e+07,4.091751e+07
6.038599e-09,8.134210e-09,4.942293e-08,2.998660e-08,5.788522e+07,6.148660e+07,6.402929e+07
4.711346e-09,6.988793e-08,3.698857e-07,2.039647e-09,2.395487e+07,8.129228e+07,8.375706e+07
3.551686e-09,2.035540e-09,1.075561e-07,3.087885e-09,5.116409e+07,2.441843e+08,3.988684e+08
5.576616e-07,5.262352e-07,1.977836e-08,1.347872e-08,9.521811e+06,1.072824e+07,1.187369e+07
1.468417e-08,1.532309e-08,7.660476e-07,1.486508e-09,9.428606e+06,1.498733e+08,2.095286e+08
6.810997e-09,7.151368e-09,1.866353e-09,4.193656e-09,2.804774e+08,2.354854e+08,1.826035e+08
2.072522e-07,1.254621e-08,7.866737e-09,2.509318e-08,2.476584e+07,2.756168e+07,5.635935e+07
1.411946e-09,1.310030e-08,1.763196e-09,7.331971e-07,6.337830e+08,1.979265e+08,1.020350e+07
2.926003e-07,2.844397e-09,4.578146e-07,4.486854e-07,2.732233e+06,3.864827e+06,2.799200e+07
1.036587e-08,4.995734e-07,7.892187e-08,1.039937e-09,3.496217e+07,4.370990e+07,4.387294e+07
6.015964e-09,2.718490e-08,4.191022e-07,8.778907e-09,1.991533e+07,5.918432e+07,6.473154e+07
1.237358e-08,5.026752e-08,7.136538e-07,2.954247e-09,1.064164e+07,7.366208e+07,8.206026e+07
4.664523e-08,1.536211e-07,2.105344e-08,4.690277e-09,3.191059e+07,3.608036e+07,3.725420e+07
1.222849e-08,1.443000e-08,7.998385e-09,1.848602e-09,1.011142e+08,1.580560e+08,1.936178e+08
3.583475e-07,3.140686e-09,1.098642e-07,3.638461e-07,5.039874e+06,5.725618e+06,2.958209e+07
1.457102e-07,5.985917e-07,1.019873e-08,2.233009e-08,2.594072e+07,1.385292e+07,8.649469e+06
1.306073e-09,1.101063e-08,2.169089e-09,1.174800e-07,5.941247e+08,1.952481e+08,2.780430e+07
8.209767e-09,3.186210e-08,1.189333e-08,3.626463e-09,1.012006e+08,9.476104e+07,9.302961e+07
7.001891e-07,4.293004e-08,1.120130e-08,1.629195e-08,1.129167e+07,1.423846e+07,3.781228e+07
2.391887e-08,5.116371e-08,2.798891e-07,1.610025e-07,1.222184e+07,1.141529e+07,1.101800e+07
3.333951e-09,1.107249e-08,1.371400e-07,9.743877e-08,4.676688e+07,3.490744e+07,3.044468e+07
1.521333e-07,6.119297e-09,5.177759e-07,2.927764e-09,3.563009e+06,4.658873e+07,2.362551e+08
3.240313e-07,2.055898e-07,4.742008e-07,2.706038e-09,2.551088e+06,2.649025e+07,4.239672e+07
4.514531e-08,1.155874e-07,2.613073e-09,1.118434e-09,9.206996e+07,8.912695e+07,8.795076e+07
9.063217e-07,5.671869e-07,1.777543e-09,5.698124e-09,2.491430e+07,2.238065e+07,1.759021e+07
8.370099e-07,2.427315e-09,3.830070e-07,5.038056e-09,1.766165e+06,1.547790e+07,2.859601e+08
4.897836e-08,5.751865e-07,1.584871e-08,1.659910e-09,3.589227e+07,3.265405e+07,3.236335e+07
1.165731e-09,1.872505e-07,2.048476e-08,9.453937e-07,2.046376e+08,1.626973e+07,2.376743e+06
1.158983e-09,2.570913e-07,1.384063e-09,8.489441e-07,7.895572e+08,5.293652e+07,2.140507e+06
3.659651e-07,4.925210e-08,6.189746e-08,6.973328e-08,6.644216e+06,8.570074e+06,1.706348e+07
4.794156e-07,3.162948e-07,1.430104e-08,1.207497e-09,1.207703e+07,3.359550e+07,5.116949e+07
1.819799e-07,2.291850e-08,2.793842e-09,2.089134e-08,4.434936e+07,4.450256e+07,4.570079e+07
4.667999e-08,1.269574e-08,7.409631e-08,9.126386e-07,1.700342e+07,1.567646e+07,9.290126e+06
6.593187e-09,5.856215e-08,1.650985e-07,2.618886e-09,3.030964e+07,7.715857e+07,8.074826e+07
1.054680e-09,1.924950e-09,1.083209e-08,7.099348e-07,2.958581e+08,1.773580e+08,2.705086e+07
5.327027e-09,1.039643e-09,8.216224e-08,1.012425e-08,4.779929e+07,1.320065e+08,3.082311e+08
2.396280e-09,4.083667e-09,1.026345e-07,2.338066e-08,6.376530e+07,9.002239e+07,1.023402e+08
4.752524e-07,1.658548e-07,6.759622e-07,4.343212e-08,1.764317e+06,6.182320e+06,1.178231e+07
3.365336e-08,1.202191e-09,1.091386e-07,2.179573e-08,1.650048e+07,3.973890e+07,1.953563e+08
5.762352e-09,4.885549e-07,4.379153e-08,3.182116e-09,6.295135e+07,2.611387e+07,2.536211e+07
4.722607e-08,1.262738e-08,5.426032e-09,2.201294e-07,6.246948e+07,5.616967e+07,1.896725e+07
4.970686e-08,1.751138e-09,1.298529e-08,1.765573e-07,3.936100e+07,4.008283e+07,5.687180e+07
3.156274e-09,1.550395e-07,9.674993e-07,3.824367e-07,1.809620e+07,4.802353e+06,4.106758e+06
5.625414e-08,3.617811e-08,1.068378e-08,2.161255e-08,4.079061e+07,3.889997e+07,3.576218e+07
3.145238e-08,9.357299e-09,3.035711e-07,1.336646e-09,1.023394e+07,1.356951e+08,2.827591e+08
2.218835e-08,5.833454e-09,2.214534e-07,3.388725e-09,1.426581e+07,1.034026e+08,2.249153e+08
8.617754e-09,6.202064e-09,4.758747e-09,5.094158e-07,1.561553e+08,1.196331e+08,1.779081e+07
2.118545e-08,3.429531e-09,3.197438e-07,4.067835e-08,1.215011e+07,3.355237e+07,8.466443e+07
8.558580e-09,2.338178e-07,1.421622e-08,1.836380e-08,9.065819e+07,2.269118e+07,1.526089e+07
9.672758e-09,2.921001e-07,3.073269e-08,1.111926e-08,5.799954e+07,2.014557e+07,1.754673e+07
2.428250e-07,6.419712e-08,1.184741e-08,3.712504e-09,1.864411e+07,3.394483e+07,6.477520e+07
8.112321e-09,5.256792e-09,1.946476e-07,1.027589e-07,2.516535e+07,3.334953e+07,4.302589e+07
4.608240e-07,2.829765e-07,2.384381e-07,2.404020e-08,3.016787e+06,7.846240e+06,1.212428e+07
8.182173e-08,2.003164e-07,8.552419e-07,9.325316e-09,3.780256e+06,1.960163e+07,2.313715e+07
2.877658e-09,6.174820e-09,4.098555e-07,1.426093e-09,2.911823e+07,2.788024e+08,3.369876e+08
2.886106e-08,1.059964e-08,1.005938e-07,1.329604e-07,1.855916e+07,2.103607e+07,2.663748e+07
6.079657e-07,7.636997e-09,6.427735e-08,1.713782e-09,5.058613e+06,3.119506e+07,2.764146e+08
9.050222e-09,2.119438e-09,1.831518e-07,8.035295e-09,2.456206e+07,1.078457e+08,2.423197e+08
6.077324e-09,4.077630e-09,7.686313e-09,3.292128e-07,1.463136e+08,1.145021e+08,2.729341e+07
1.052042e-09,2.915493e-07,1.298529e-09,5.565950e-07,8.555738e+08,5.136201e+07,2.482415e+06
1.145126e-07,1.970382e-09,2.014123e-07,3.920487e-08,6.584615e+06,1.617406e+07,1.137771e+08
9.233049e-09,9.347714e-09,2.461274e-09,2.084348e-08,2.097720e+08,1.563599e+08,7.164108e+07
3.136528e-09,5.247317e-08,3.723512e-09,2.534693e-07,2.926167e+08,7.000275e+07,8.670990e+06
2.209693e-07,2.697554e-07,3.490997e-09,3.802092e-07,3.600471e+07,2.427119e+07,3.122509e+06
3.866472e-09,2.174611e-07,1.235740e-07,1.340375e-07,4.574872e+07,8.382781e+06,5.857281e+06
7.408148e-08,9.905270e-07,1.716262e-07,9.192459e-09,8.868565e+06,1.037574e+07,1.047975e+07
9.330828e-07,1.008844e-09,5.219852e-07,8.111770e-07,1.432883e+06,1.835946e+06,3.495669e+07
3.178271e-09,2.194055e-08,6.887039e-07,1.160980e-09,2.137412e+07,1.853334e+08,1.981362e+08
1.014043e-07,7.430155e-07,5.131631e-07,2.292322e-08,4.383734e+06,7.346368e+06,7.662373e+06
1.004369e-08,7.317731e-09,3.009752e-08,6.184387e-07,5.751591e+07,4.479823e+07,1.486495e+07
8.752037e-09,2.838787e-08,1.949750e-08,8.577571e-08,7.655189e+07,4.116867e+07,2.026523e+07
4.453915e-09,5.563065e-09,2.382992e-08,5.681758e-08,9.706614e+07,7.711243e+07,5.624728e+07
1.475685e-07,1.794432e-09,5.618552e-09,2.238034e-08,3.472889e+07,3.861032e+07,1.577986e+08
1.214021e-08,5.861629e-08,2.004204e-08,3.590364e-08,6.410854e+07,3.314820e+07,2.179825e+07
8.100608e-07,1.070630e-07,1.555773e-07,5.378249e-07,2.816878e+06,3.005973e+06,4.167348e+06
1.077087e-07,2.134195e-08,5.642210e-08,1.060055e-08,1.282773e+07,2.946740e+07,6.648423e+07
9.166726e-09,5.134746e-09,3.608918e-07,1.561283e-07,1.738619e+07,2.532993e+07,3.531830e+07
1.068127e-08,5.135749e-08,2.590559e-09,3.453680e-07,1.901042e+08,7.917615e+07,7.508567e+06
2.050109e-08,3.610921e-08,3.273353e-08,5.509953e-09,3.860247e+07,6.120129e+07,7.089524e+07
5.145208e-09,2.278499e-09,3.032802e-07,1.226708e-08,2.531492e+07,1.068880e+08,1.891494e+08
3.104145e-07,1.578500e-08,5.275190e-09,1.203360e-07,2.471212e+07,2.462950e+07,2.294457e+07
1.187076e-07,1.436463e-07,1.903410e-07,4.113327e-09,6.652650e+06,3.076821e+07,4.113923e+07
2.074786e-08,2.067743e-09,5.757452e-09,1.767718e-08,9.149517e+07,1.004596e+08,1.654037e+08
4.703986e-07,3.139079e-08,3.898475e-09,1.551405e-08,2.335176e+07,2.529125e+07,4.531441e+07
1.062533e-09,1.418048e-07,5.604184e-07,9.777542e-09,4.098005e+07,2.698824e+07,2.685590e+07
1.063137e-08,1.323990e-09,3.654141e-08,5.248010e-07,5.073559e+07,4.948147e+07,3.793676e+07
9.537539e-09,3.560283e-07,3.458689e-08,6.298110e-08,5.505872e+07,1.106904e+07,6.678096e+06
3.949527e-07,2.938578e-09,3.330674e-09,9.234175e-07,2.757156e+07,2.751906e+07,1.919695e+07
6.991173e-09,2.723412e-08,2.764237e-09,5.352559e-08,2.274769e+08,1.054321e+08,2.619164e+07
4.692091e-07,1.691760e-08,1.787996e-09,6.189830e-08,3.452499e+07,3.440533e+07,3.090233e+07
1.241675e-07,8.426550e-07,1.164607e-08,2.869501e-08,2.629701e+07,1.117397e+07,6.430902e+06
1.216811e-08,4.734643e-07,2.526397e-07,1.241081e-09,1.803589e+07,4.083289e+07,4.125307e+07
2.457139e-08,1.368751e-07,4.952190e-07,3.124370e-07,9.065390e+06,5.686159e+06,4.835668e+06
4.056735e-08,1.909504e-09,7.892372e-09,3.894497e-08,5.588663e+07,5.989499e+07,1.159616e+08
1.236615e-07,2.934314e-08,3.359489e-08,4.406860e-08,1.551480e+07,1.851633e+07,2.780879e+07
7.871568e-08,3.503118e-07,2.168717e-08,1.103574e-08,2.420293e+07,1.785177e+07,1.608318e+07
1.286202e-07,1.511828e-07,1.106542e-07,7.981707e-08,8.382266e+06,8.779236e+06,9.103344e+06
6.469456e-08,1.972516e-09,3.762094e-08,1.305329e-09,2.026989e+07,1.090413e+08,6.232034e+08
3.487143e-07,2.239204e-07,5.514584e-07,1.773772e-09,2.280388e+06,3.142748e+07,5.017695e+07
1.010438e-08,3.679726e-07,5.388195e-08,8.818828e-07,4.285716e+07,7.217156e+06,1.755443e+06
2.224925e-09,1.421837e-07,3.932905e-08,1.053618e-07,1.069019e+08,1.554983e+07,8.170216e+06
9.769520e-08,1.756488e-07,9.766053e-09,1.709923e-08,3.237456e+07,2.426013e+07,1.824690e+07
1.049743e-08,8.834142e-09,1.141938e-08,1.951899e-07,9.133502e+07,6.924548e+07,2.408181e+07
8.507916e-07,8.343193e-09,2.084280e-09,2.891987e-07,2.374709e+07,2.371651e+07,2.035803e+07
1.677049e-08,1.065164e-07,1.281703e-07,2.583594e-09,2.156917e+07,5.659303e+07,6.028088e+07
5.516349e-07,3.555832e-07,1.565966e-07,6.161412e-08,3.402381e+06,4.992877e+06,6.755994e+06
6.864996e-07,7.109326e-08,1.708896e-07,5.020610e-07,2.919591e+06,3.217641e+06,5.293069e+06
8.668034e-08,9.223012e-08,1.276793e-09,1.180694e-08,9.505596e+07,6.964965e+07,3.030365e+07
9.553401e-07,7.895633e-08,2.553393e-08,3.799167e-09,6.402685e+06,1.709832e+07,5.773808e+07
2.996941e-07,8.476079e-09,7.262977e-08,4.518237e-08,6.778032e+06,1.079339e+07,5.109966e+07
1.734524e-08,1.137045e-09,3.561201e-08,1.939502e-07,4.023571e+07,4.240617e+07,6.733890e+07
1.148811e-07,5.662056e-07,1.331109e-09,7.478049e-09,8.086657e+07,3.604666e+07,1.536805e+07
2.156642e-08,1.995276e-09,7.522274e-08,5.533989e-08,2.482769e+07,3.648484e+07,9.516547e+07
6.742453e-08,1.458262e-09,1.095776e-08,3.655778e-09,3.679003e+07,7.277320e+07,4.331040e+08
1.747511e-09,4.913063e-08,1.127527e-09,1.790409e-09,7.124045e+08,1.685515e+08,1.066222e+08
7.298420e-07,5.247552e-07,8.727846e-09,2.177484e-08,1.252945e+07,1.131061e+07,9.355008e+06
5.596715e-07,2.678336e-09,8.420220e-09,4.025940e-07,1.456705e+07,1.468351e+07,3.045326e+07
4.853591e-09,2.189958e-08,1.919406e-08,6.121930e-09,1.036060e+08,8.973921e+07,8.636504e+07
1.272459e-07,1.041025e-08,1.197878e-07,6.915447e-09,8.099754e+06,3.333340e+07,1.178581e+08
6.719917e-07,4.393745e-08,7.094450e-08,8.211642e-08,4.579928e+06,6.057909e+06,1.664821e+07
3.221545e-08,2.652517e-08,5.820467e-09,6.421683e-08,7.302792e+07,5.647966e+07,2.422961e+07
5.100493e-08,1.705970e-09,2.992822e-07,5.249937e-09,8.093819e+06,6.063856e+07,3.341467e+08
1.772588e-07,1.417808e-08,1.387498e-08,9.804293e-08,2.016415e+07,2.073064e+07,2.682151e+07
1.444409e-07,8.445227e-07,6.152920e-07,4.113306e-08,3.354395e+06,5.121136e+06,5.365359e+06
4.840427e-08,9.846669e-08,4.182269e-09,2.911497e-08,7.028331e+07,4.314913e+07,1.867657e+07
1.309023e-08,3.319427e-08,2.425014e-08,4.323926e-07,5.612665e+07,3.067427e+07,8.346978e+06
1.046142e-07,1.710220e-07,9.036683e-07,9.049756e-07,3.252371e+06,2.832601e+06,2.541883e+06
3.138019e-07,3.163399e-08,3.957708e-09,1.742344e-09,2.837595e+07,4.891780e+07,1.346964e+08
4.391986e-08,4.061157e-08,6.855656e-09,3.889709e-08,5.762952e+07,4.505224e+07,2.516034e+07
1.469886e-09,2.416506e-09,1.078695e-07,6.317734e-09,7.941616e+07,2.076373e+08,2.559325e+08
1.620847e-07,2.652134e-09,6.612628e-09,9.305294e-07,3.054513e+07,3.040572e+07,2.012969e+07
7.507807e-09,1.226568e-07,1.136389e-07,6.068497e-09,3.423576e+07,3.651826e+07,3.665335e+07
1.924170e-09,2.978581e-07,3.080596e-09,3.137912e-09,4.107343e+08,4.632360e+07,3.270957e+07
1.297633e-08,2.484235e-09,6.378106e-08,7.561456e-09,3.475987e+07,9.781668e+07,2.307283e+08
5.507636e-08,1.224393e-09,9.900639e-07,7.770690e-09,4.282386e+06,4.799663e+07,3.241976e+08
8.235452e-07,7.484068e-07,2.598703e-08,3.307704e-08,6.835620e+06,6.611506e+06,6.355764e+06
9.343951e-07,5.433411e-07,3.251084e-07,8.685476e-07,1.814348e+06,1.691337e+06,1.455683e+06
5.690292e-08,1.209728e-09,7.306175e-09,2.366684e-09,4.904420e+07,9.811309e+07,5.909981e+08
2.013511e-07,3.196037e-09,7.710387e-07,6.181702e-09,2.537961e+06,2.823470e+07,2.249780e+08
9.875321e-07,8.303318e-07,3.022767e-09,1.615650e-09,1.830299e+07,2.285747e+07,2.730238e+07
3.374418e-07,3.837927e-07,6.375114e-07,2.717738e-07,2.156039e+06,2.697516e+06,3.096334e+06
8.142314e-09,6.877099e-09,5.680095e-07,2.393277e-08,1.470443e+07,5.384420e+07,7.794726e+07
8.688103e-08,1.008710e-08,3.519589e-09,3.463332e-07,5.718624e+07,5.440454e+07,1.691881e+07
2.524102e-08,9.989896e-09,1.088820e-07,5.858238e-08,1.907517e+07,2.729843e+07,4.133672e+07
3.400598e-09,1.540879e-08,8.035351e-08,1.502305e-07,6.049506e+07,3.186734e+07,2.078436e+07
7.741763e-08,2.420007e-07,3.171073e-08,7.074815e-07,2.018259e+07,1.015636e+07,2.416763e+06
4.367034e-09,1.800461e-07,3.361321e-07,4.529796e-09,2.610067e+07,3.483145e+07,3.501618e+07
1.722154e-07,1.581302e-09,8.561755e-09,5.987131e-07,2.604249e+07,2.610845e+07,3.249999e+07
4.180011e-07,5.966956e-07,3.370280e-09,5.666593e-08,2.664271e+07,1.760129e+07,5.438292e+06
3.470690e-09,1.026938e-08,6.036082e-07,1.397567e-08,2.184814e+07,7.299441e+07,8.347215e+07
7.524929e-07,6.263144e-08,1.270169e-07,3.427333e-08,3.234581e+06,6.741914e+06,2.158369e+07
9.242995e-07,3.637466e-08,2.197597e-07,9.394937e-08,2.218808e+06,3.976990e+06,1.710620e+07
3.618703e-07,1.626110e-09,1.585951e-08,2.053441e-07,1.320014e+07,1.366973e+07,5.472477e+07
7.769199e-09,4.448526e-09,4.464920e-08,1.020040e-09,5.369144e+07,2.864847e+08,4.694436e+08
4.564923e-09,4.805301e-09,1.022327e-09,2.955962e-08,4.629012e+08,3.286345e+08,8.390548e+07
8.746076e-08,3.746057e-08,2.824408e-07,5.911924e-08,6.362527e+06,1.279638e+07,2.124948e+07
7.485902e-08,8.102093e-07,1.907532e-09,1.386552e-08,8.368393e+07,2.595766e+07,9.434813e+06
2.257955e-09,1.773112e-09,2.980608e-07,9.585008e-09,3.854694e+07,1.634432e+08,2.425692e+08
5.375845e-08,7.928667e-08,3.940925e-07,3.602329e-09,6.870329e+06,4.588647e+07,5.917090e+07
1.652496e-08,9.615473e-09,1.785764e-07,1.201502e-09,1.840847e+07,1.790348e+08,2.942067e+08
4.871940e-09,2.081409e-07,2.802547e-07,1.927811e-09,2.706279e+07,4.951691e+07,4.992167e+07
4.429886e-08,5.349942e-09,6.109406e-08,1.376736e-07,1.922225e+07,2.181693e+07,3.684684e+07
8.853004e-07,6.189043e-07,1.712011e-07,3.745822e-08,2.568629e+06,4.650917e+06,6.567720e+06
8.320259e-08,7.741213e-08,1.416916e-08,7.675397e-08,2.912457e+07,2.281508e+07,1.297314e+07
5.503568e-09,5.870868e-09,3.226697e-07,3.946699e-07,2.373006e+07,2.225366e+07,2.077456e+07
1.532754e-07,4.751282e-07,2.714741e-09,1.240606e-07,4.902295e+07,2.447467e+07,4.118867e+06
1.484550e-08,3.041148e-09,2.333853e-07,4.642050e-08,1.698892e+07,3.799901e+07,8.416400e+07
1.650372e-07,8.926794e-07,2.902272e-09,1.270857e-08,4.569199e+07,2.000374e+07,9.388666e+06
1.177460e-09,1.761160e-08,2.705685e-09,5.726307e-08,5.602583e+08,1.435272e+08,3.148932e+07
1.201392e-07,1.161981e-08,1.438937e-07,1.215010e-09,7.605658e+06,7.936807e+07,2.661403e+08
3.994056e-09,9.734064e-08,1.846357e-07,1.434216e-09,3.682435e+07,8.327103e+07,8.463415e+07
1.096302e-07,1.157161e-08,6.579631e-09,8.770563e-08,3.723353e+07,3.671579e+07,3.138987e+07
3.080953e-07,8.625757e-07,1.549059e-07,2.489285e-09,4.577450e+06,1.867270e+07,2.158063e+07
2.853203e-08,7.130482e-09,1.980562e-09,1.104432e-09,1.330269e+08,1.988646e+08,3.563452e+08
2.035463e-07,1.088937e-07,3.141354e-07,1.394793e-09,3.954668e+06,4.800913e+07,8.114164e+07
1.316119e-09,1.044563e-08,1.405809e-07,5.096369e-09,7.351724e+07,1.314820e+08,1.370573e+08
6.020469e-07,1.234899e-07,3.147906e-09,6.620433e-07,2.297069e+07,2.097439e+07,3.497366e+06
1.846112e-07,1.596981e-09,1.752807e-08,3.870833e-08,1.757939e+07,2.109794e+07,1.271885e+08
1.186039e-09,1.715850e-07,7.023915e-09,1.009594e-08,3.464661e+08,3.738105e+07,2.402630e+07
9.392549e-08,1.864157e-08,4.166781e-09,1.342233e-08,5.054846e+07,5.285694e+07,6.321858e+07
7.439219e-07,6.626657e-08,9.927426e-07,5.920477e-08,1.163638e+06,4.700102e+06,1.596520e+07
7.696334e-08,8.207360e-08,7.343837e-09,2.021644e-07,4.206264e+07,2.978775e+07,7.763292e+06
1.187438e-08,2.010005e-08,1.598340e-07,3.894112e-09,2.295408e+07,9.070295e+07,1.130309e+08
3.436553e-09,4.958557e-08,7.229923e-08,2.401568e-07,6.344124e+07,1.842263e+07,9.163785e+06
1.575903e-08,5.318858e-07,6.092365e-09,6.548686e-09,1.020569e+08,2.405316e+07,1.694391e+07
9.144843e-09,2.689032e-08,2.308950e-08,7.024789e-08,6.881841e+07,3.996140e+07,2.300835e+07
1.755917e-08,2.404350e-08,3.043247e-09,1.980234e-07,1.367979e+08,8.955351e+07,1.449249e+07
8.309524e-08,4.580350e-08,4.184954e-07,4.402242e-09,5.362491e+06,4.219986e+07,7.042288e+07
1.848460e-09,1.294192e-07,6.599083e-08,2.565290e-08,9.054264e+07,2.030778e+07,1.735531e+07
9.862034e-08,1.870588e-07,1.118180e-09,6.969967e-09,9.522716e+07,6.027178e+07,2.769463e+07
1.023165e-09,4.769489e-09,1.956417e-08,9.639047e-07,2.235097e+08,9.488417e+07,1.474847e+07
2.870195e-08,7.798564e-08,1.220964e-08,1.210958e-07,5.341864e+07,2.907040e+07,1.029030e+07
7.671729e-07,2.406332e-07,2.295074e-07,4.568256e-09,2.383170e+06,1.488388e+07,3.016109e+07
1.956882e-09,1.312829e-08,2.150471e-08,9.447835e-08,1.541526e+08,6.151615e+07,2.839421e+07
3.530673e-08,1.630905e-08,2.201405e-07,1.209924e-08,1.134283e+07,4.110058e+07,7.118796e+07
8.271943e-09,2.523806e-08,8.994375e-07,5.620417e-09,1.159340e+07,7.309391e+07,8.396297e+07
5.143766e-07,2.077829e-09,1.967795e-09,6.345347e-08,3.143181e+07,3.185120e+07,8.708982e+07
5.044170e-07,1.263786e-07,6.330458e-08,5.584422e-09,5.596127e+06,1.757616e+07,3.764212e+07
3.550114e-07,1.815619e-07,6.799228e-08,5.433168e-07,6.436489e+06,5.553407e+06,3.183912e+06
2.039533e-09,2.123562e-09,4.911686e-09,6.508190e-07,3.159507e+08,2.219776e+08,2.689908e+07
7.427360e-07,3.520879e-09,7.249435e-08,2.167044e-08,4.309538e+06,8.962190e+06,1.144829e+08
3.024977e-09,2.452579e-07,2.554266e-09,6.692703e-07,3.597542e+08,3.978512e+07,2.468242e+06
2.910944e-07,5.272366e-08,1.078984e-08,3.009371e-08,1.784332e+07,1.913659e+07,2.510495e+07
7.784240e-07,8.131874e-08,8.572337e-07,2.430735e-08,1.224172e+06,7.014853e+06,2.249240e+07
4.000484e-07,6.788935e-08,4.329016e-09,6.124726e-08,2.402974e+07,2.299013e+07,1.550800e+07
5.340428e-07,1.002204e-08,1.018117e-08,3.696445e-09,1.356167e+07,2.603401e+07,1.642971e+08
9.138976e-08,9.250461e-07,1.724442e-09,6.040921e-08,7.965755e+07,2.422410e+07,4.230257e+06
1.397805e-08,2.028503e-07,5.756073e-08,4.723889e-09,3.525442e+07,3.250270e+07,3.230445e+07
1.970686e-07,6.793196e-08,4.854164e-09,1.304345e-08,3.233211e+07,3.266034e+07,3.359438e+07
4.176624e-09,2.146981e-07,4.400378e-07,3.052222e-07,2.332611e+07,5.035042e+06,3.906410e+06
3.402697e-08,4.361241e-07,3.525276e-08,1.821888e-07,2.887300e+07,8.485847e+06,3.547596e+06
4.820760e-09,4.107702e-07,1.114704e-08,3.704742e-09,1.364151e+08,2.941694e+07,2.563431e+07
1.778877e-07,2.541740e-07,1.588733e-09,5.188737e-09,5.948419e+07,4.362190e+07,2.753617e+07
5.175104e-08,6.930611e-08,3.437866e-08,1.073638e-07,2.370806e+07,1.781072e+07,1.159272e+07
5.091341e-09,6.430646e-09,2.373558e-07,4.910924e-09,2.876630e+07,1.343079e+08,1.779472e+08
2.674064e-09,2.390724e-07,9.601541e-07,3.668938e-08,1.973530e+07,1.081914e+07,1.067739e+07
1.863811e-09,1.308867e-09,3.017496e-08,8.264206e-07,1.333447e+08,1.040521e+08,3.040546e+07
1.005127e-07,4.061026e-07,1.506390e-07,7.855618e-08,8.126823e+06,6.183078e+06,5.598761e+06
5.857427e-09,1.643340e-09,7.388915e-07,1.668679e-07,1.520044e+07,3.129513e+07,6.038788e+07
1.892962e-08,1.084850e-09,2.136476e-07,6.931251e-07,1.572462e+07,1.749131e+07,3.646778e+07
1.432126e-08,8.816973e-09,2.720596e-09,1.350797e-08,1.602054e+08,1.381490e+08,9.163158e+07
1.358061e-09,3.509254e-07,8.130384e-08,2.018615e-08,9.516668e+07,1.324900e+07,1.188135e+07
1.800927e-07,3.100100e-09,2.066907e-09,8.375735e-08,5.183122e+07,5.202102e+07,6.205842e+07
2.190511e-08,7.684170e-07,2.316371e-07,2.347292e-08,1.403858e+07,7.705025e+06,7.445912e+06
6.675612e-08,8.787723e-08,2.032880e-07,3.099631e-09,8.584175e+06,4.602347e+07,6.059082e+07
8.546637e-08,5.241798e-09,1.613689e-07,7.704394e-07,8.515153e+06,9.089939e+06,1.573586e+07
7.960319e-08,1.825599e-09,3.584788e-09,3.937021e-07,5.919746e+07,5.879597e+07,3.730040e+07
1.190521e-09,3.724545e-07,2.488713e-08,6.395161e-08,1.837148e+08,1.222245e+07,6.479442e+06
3.119147e-08,8.029272e-09,4.908459e-09,1.414628e-08,8.081827e+07,8.364692e+07,9.382981e+07
4.655838e-08,1.634308e-07,1.521645e-07,2.702633e-09,1.188076e+07,4.234781e+07,4.758165e+07
1.162015e-08,8.656505e-09,4.600798e-09,1.522675e-09,1.367658e+08,2.076254e+08,2.754388e+08
2.178427e-07,1.682653e-09,8.772278e-08,2.255136e-08,7.233896e+06,1.593499e+07,1.623366e+08
1.557750e-09,4.364520e-09,7.904841e-07,7.305479e-09,2.849735e+07,1.527317e+08,1.770955e+08
1.386804e-07,8.120472e-09,1.530482e-09,6.682357e-08,6.864017e+07,6.747437e+07,4.292838e+07
1.879537e-09,2.181736e-09,9.548235e-08,9.746925e-07,7.464710e+07,5.321094e+07,2.168528e+07
2.626444e-08,2.873002e-08,2.137227e-08,3.955254e-09,4.220760e+07,7.381156e+07,9.380908e+07
5.650554e-07,6.818303e-09,6.659154e-07,2.378746e-07,1.630215e+06,3.158640e+06,2.483063e+07
7.113850e-08,6.581227e-08,1.343087e-09,2.784544e-09,1.023047e+08,8.977162e+07,7.387024e+07
1.457397e-09,3.152384e-08,3.379149e-08,1.594504e-09,1.424976e+08,1.411126e+08,1.410482e+08
2.907075e-08,1.487540e-08,8.064054e-09,1.381283e-07,6.531233e+07,5.464921e+07,2.206096e+07
8.248865e-07,9.613066e-07,1.273811e-09,3.197229e-09,3.084966e+07,2.479138e+07,1.803774e+07
7.092395e-09,8.195409e-09,1.723861e-07,3.271486e-07,2.859910e+07,2.407058e+07,1.931266e+07
1.786263e-08,2.358137e-07,2.098536e-07,8.724779e-09,1.633312e+07,2.169343e+07,2.204643e+07
7.040058e-09,3.288601e-08,4.367948e-08,4.257867e-09,5.702603e+07,8.034779e+07,8.450810e+07
8.377614e-07,1.608635e-07,4.701834e-07,1.185490e-08,1.593332e+06,9.305870e+06,2.289931e+07
1.867647e-08,6.771492e-08,4.778429e-08,1.421893e-08,3.347419e+07,3.250093e+07,3.222733e+07
9.837106e-09,4.113081e-07,1.002112e-09,1.353006e-09,3.184991e+08,6.422179e+07,4.239031e+07
3.773129e-07,4.198499e-08,1.076398e-09,1.139051e-07,4.962068e+07,4.729275e+07,1.446043e+07
3.202713e-08,2.052104e-08,2.619114e-07,1.183787e-07,1.091852e+07,1.527794e+07,2.028913e+07
7.792964e-08,5.388065e-07,3.844849e-09,2.595607e-07,5.777088e+07,2.068729e+07,2.674017e+06
2.800215e-09,6.340374e-08,2.710142e-08,1.263802e-07,1.147911e+08,2.601661e+07,1.117128e+07
5.579591e-09,2.288295e-08,8.544346e-07,3.587935e-08,1.448303e+07,3.194280e+07,3.489970e+07
5.694509e-09,9.021701e-08,2.946377e-08,7.906608e-07,7.720185e+07,1.915867e+07,3.744214e+06
2.372789e-07,8.057741e-07,5.798963e-07,9.695787e-07,2.695847e+06,1.625445e+06,1.131363e+06
3.454893e-08,3.199809e-09,1.299918e-07,7.317664e-09,1.492192e+07,6.183790e+07,2.066578e+08
1.250282e-07,6.901542e-08,8.689683e-08,2.518998e-09,9.593873e+06,4.588192e+07,7.584257e+07
2.607992e-09,2.753687e-07,6.442781e-08,3.414383e-09,7.714543e+07,3.330834e+07,3.261269e+07
7.489867e-07,8.067935e-09,2.321743e-08,5.305751e-07,7.583258e+06,7.706007e+06,1.528429e+07
1.648211e-08,9.545966e-09,8.846704e-08,2.836407e-08,2.618803e+07,4.229443e+07,6.077232e+07
2.227213e-07,9.385642e-08,4.617648e-08,6.425400e-07,9.860722e+06,8.562874e+06,4.072095e+06
5.188673e-09,2.486743e-07,4.542421e-08,1.834516e-09,6.513706e+07,4.726469e+07,4.681917e+07
2.268891e-07,7.189453e-09,1.752913e-09,1.124597e-08,5.014331e+07,5.307544e+07,1.112125e+08
1.218996e-09,2.832562e-09,1.052080e-08,2.138912e-07,2.792380e+08,1.568885e+08,4.062691e+07
8.194048e-08,2.631651e-09,1.607169e-07,2.863370e-09,8.714049e+06,6.483094e+07,3.642898e+08
2.630492e-08,1.847986e-07,5.733927e-08,2.032707e-08,2.574871e+07,1.776664e+07,1.631599e+07
3.877579e-08,2.096816e-08,2.697216e-07,2.007500e-07,9.778265e+06,1.205963e+07,1.541317e+07
6.791296e-08,1.440838e-07,9.355691e-08,4.196491e-07,1.254544e+07,7.852360e+06,4.066768e+06
1.762646e-07,6.532534e-07,1.117072e-08,5.520716e-07,2.253600e+07,1.049292e+07,1.665181e+06
8.140162e-07,6.909532e-09,2.685952e-09,3.370223e-08,2.138624e+07,2.212839e+07,6.553094e+07
4.162589e-08,9.369482e-08,5.074338e-09,5.193481e-07,6.880635e+07,3.834772e+07,4.533284e+06
3.825560e-09,5.816182e-09,4.353654e-08,1.537003e-07,7.748641e+07,5.529068e+07,3.344596e+07
1.556781e-07,3.503135e-08,6.673667e-07,3.057064e-07,3.102444e+06,5.000945e+06,9.663162e+06
1.374403e-07,3.270667e-09,2.079979e-07,1.152105e-08,5.914440e+06,2.551506e+07,1.629055e+08
1.725097e-09,6.128527e-09,3.601150e-09,5.223846e-07,4.012108e+08,1.886845e+08,1.767367e+07
4.406025e-09,3.754918e-07,1.109768e-07,5.417064e-07,4.522311e+07,5.345887e+06,2.217266e+06
4.843370e-08,1.190742e-08,2.322925e-09,3.215267e-09,9.427761e+07,1.108540e+08,1.616153e+08
2.571764e-09,1.795358e-08,2.638861e-07,1.913183e-09,3.838630e+07,1.601567e+08,1.706264e+08
4.304050e-09,5.518841e-07,1.266619e-08,1.750006e-09,1.354373e+08,3.419572e+07,3.217779e+07
1.173847e-09,1.137916e-09,3.456017e-09,1.415818e-08,4.964852e+08,3.946100e+08,2.491387e+08
1.712961e-09,7.247412e-07,3.990361e-07,3.298710e-07,3.824901e+07,2.760920e+06,2.045203e+06
8.272711e-07,4.150016e-09,4.874976e-07,3.437542e-07,1.574671e+06,2.442562e+06,2.647592e+07
5.433072e-07,3.545628e-07,3.136682e-08,1.029985e-08,7.660234e+06,1.198497e+07,1.654772e+07
3.084002e-08,2.191632e-09,1.140118e-09,5.528670e-07,1.686428e+08,1.631200e+08,2.872803e+07
5.077041e-07,3.824284e-08,3.226713e-08,2.826043e-09,7.812940e+06,2.655012e+07,9.619124e+07
1.953669e-08,8.719522e-07,2.186879e-08,6.083532e-09,4.837958e+07,1.535185e+07,1.373017e+07
6.752350e-07,1.513328e-09,1.671940e-08,3.078092e-09,9.411571e+06,2.384187e+07,4.633323e+08
4.929349e-09,2.760663e-07,2.750998e-08,1.356407e-07,8.587368e+07,1.247396e+07,5.167712e+06
6.517782e-09,4.892828e-08,9.426232e-08,8.733097e-07,4.034419e+07,1.455972e+07,4.837666e+06
1.635982e-09,1.411637e-08,1.042202e-08,4.397915e-07,2.421781e+08,7.896548e+07,1.269156e+07
4.818494e-07,3.197547e-08,2.016517e-08,2.109028e-08,1.014480e+07,1.374013e+07,3.850795e+07
2.599553e-07,3.559764e-09,4.088772e-08,3.322244e-07,9.699609e+06,1.020951e+07,2.907861e+07
2.002996e-07,3.369930e-09,5.523298e-08,7.507472e-08,9.507376e+06,1.242155e+07,6.286989e+07
1.043514e-07,6.306007e-09,1.416522e-07,8.565691e-09,8.225065e+06,3.344859e+07,1.360635e+08
2.567931e-08,1.281769e-07,4.075798e-07,1.250973e-08,9.774667e+06,2.314105e+07,2.497302e+07
1.636363e-07,1.328670e-08,7.280492e-09,6.312655e-08,2.897209e+07,2.942588e+07,3.452912e+07
1.996132e-09,4.584869e-08,9.449168e-07,4.130109e-09,2.302547e+07,7.129332e+07,7.267010e+07
9.916202e-07,8.690416e-08,4.314315e-09,1.757336e-09,1.528873e+07,2.724928e+07,8.091933e+07
6.123355e-09,5.310368e-08,2.640299e-09,2.842361e-07,2.487017e+08,8.033804e+07,8.139506e+06
2.931791e-09,6.431596e-08,5.371079e-08,4.947801e-08,7.968980e+07,2.402927e+07,1.772697e+07
1.967433e-07,1.365773e-09,9.647439e-07,1.526214e-08,2.295324e+06,1.832941e+07,2.190297e+08
5.562570e-08,5.689438e-08,3.435960e-09,3.297844e-09,7.233329e+07,7.267351e+07,7.300461e+07
2.330299e-08,2.507075e-09,1.232543e-09,1.337401e-08,1.865921e+08,1.852881e+08,1.726973e+08
2.671919e-07,2.153266e-07,1.225870e-07,2.217022e-07,5.525431e+06,5.123863e+06,4.576844e+06
6.851629e-09,2.972098e-08,3.642378e-09,1.296252e-09,2.001753e+08,1.691173e+08,1.611105e+08
4.033178e-08,1.930520e-09,2.638247e-08,2.831913e-09,3.065622e+07,9.618871e+07,4.276839e+08
8.637656e-07,1.003813e-08,1.161895e-08,4.667332e-07,9.982026e+06,1.004730e+07,1.460963e+07
5.912840e-09,5.038960e-08,1.895271e-07,2.302544e-08,2.987214e+07,2.941236e+07,2.935794e+07
5.289025e-08,2.176678e-08,1.005595e-08,4.155551e-08,4.336112e+07,4.067352e+07,3.324977e+07
2.756535e-08,9.731993e-09,6.237530e-07,1.093525e-09,7.626265e+06,1.567209e+08,3.065383e+08
6.286475e-09,4.567111e-09,7.339476e-08,4.365639e-07,4.655474e+07,3.829344e+07,2.239522e+07
5.027315e-09,3.312632e-09,4.462951e-09,1.510203e-09,2.111159e+08,3.259804e+08,4.470907e+08
2.821055e-09,6.453287e-07,1.679018e-08,5.917660e-09,1.453003e+08,1.877792e+07,1.618209e+07
1.057051e-07,5.848798e-07,1.458282e-09,1.489509e-07,8.054363e+07,3.166549e+07,3.388014e+06
7.297124e-09,3.963864e-09,1.770618e-08,1.235064e-07,8.797548e+07,7.572534e+07,4.519558e+07
1.007800e-08,6.462009e-07,6.812410e-09,6.175377e-09,1.206876e+08,2.168909e+07,1.583013e+07
1.113215e-08,2.573945e-09,4.572994e-09,1.424209e-07,1.401555e+08,1.283233e+08,5.222921e+07
1.280714e-08,2.044042e-08,1.562785e-09,1.119646e-08,2.235241e+08,1.480958e+08,6.610202e+07
7.666839e-09,4.051313e-09,9.544077e-07,2.150057e-09,1.169028e+07,1.994500e+08,3.388263e+08
1.942305e-08,2.827234e-09,2.143672e-07,1.132777e-09,1.549752e+07,1.997122e+08,5.587879e+08
2.087330e-08,1.128268e-08,1.884046e-09,2.814813e-08,1.594626e+08,1.327064e+08,5.611372e+07
1.208341e-08,1.052045e-07,1.129381e-07,5.991775e-09,2.706979e+07,3.870979e+07,3.982951e+07
5.203016e-07,1.430525e-07,3.574610e-07,1.652287e-09,2.318772e+06,3.027513e+07,6.504436e+07
2.088555e-07,1.021445e-07,6.081900e-08,3.682595e-07,8.872732e+06,7.848588e+06,5.156031e+06
2.485793e-07,2.586489e-07,1.690644e-07,2.667254e-07,4.877996e+06,4.364943e+06,3.807260e+06
3.383769e-08,3.538003e-08,8.992967e-08,3.015527e-09,1.812793e+07,7.036744e+07,9.681426e+07
1.679986e-07,2.832916e-07,2.218103e-08,5.087719e-07,1.638160e+07,1.021051e+07,2.634035e+06
2.093998e-07,1.456140e-08,2.240046e-07,5.244388e-09,4.617250e+06,2.951830e+07,1.144329e+08
4.647881e-07,5.575309e-08,2.414793e-07,7.388666e-08,2.984919e+06,5.827159e+06,1.558054e+07
3.197914e-09,3.097969e-07,1.937804e-09,3.390461e-08,4.017091e+08,4.174897e+07,9.757356e+06
8.670984e-09,3.188633e-09,7.447448e-08,3.704889e-07,3.935157e+07,3.687529e+07,2.909445e+07
1.523535e-08,9.666241e-09,1.751419e-07,5.540186e-09,1.935882e+07,8.647425e+07,1.366498e+08
8.326288e-07,1.620661e-07,1.587129e-07,3.474850e-07,2.750858e+06,3.037673e+06,4.213916e+06
7.355829e-09,9.290212e-09,3.354532e-09,6.974035e-07,2.013113e+08,1.341438e+08,1.242353e+07
8.736409e-09,1.070782e-09,6.909869e-09,2.179642e-07,1.287059e+08,1.233871e+08,6.545712e+07
1.231999e-08,4.936992e-07,1.643047e-09,2.757875e-09,2.222644e+08,4.381029e+07,2.710076e+07
6.766652e-09,2.230102e-07,7.826358e-07,1.316057e-09,1.374147e+07,5.755385e+07,5.837143e+07
3.525559e-09,6.790398e-09,2.114560e-07,9.885298e-07,3.662486e+07,2.359003e+07,1.220555e+07
1.853234e-07,6.548456e-08,1.815915e-09,1.039594e-08,5.451136e+07,5.078558e+07,3.832645e+07
6.506614e-07,8.301271e-09,7.223218e-09,3.561070e-07,1.458670e+07,1.464080e+07,1.839236e+07
1.490230e-07,8.634494e-09,8.436267e-08,2.743568e-09,8.918630e+06,4.885784e+07,2.054583e+08
1.640469e-08,3.116302e-07,3.465302e-09,1.061200e-07,1.326311e+08,3.014026e+07,5.498974e+06
2.490892e-08,3.144834e-08,8.135966e-09,2.962753e-07,7.024542e+07,4.733727e+07,1.035985e+07
6.276355e-08,8.617804e-09,7.091280e-09,2.030585e-07,4.740061e+07,4.521673e+07,2.390513e+07
8.717764e-07,2.139199e-07,2.875538e-07,7.729386e-07,1.997275e+06,2.096368e+06,2.459246e+06
4.474850e-07,9.577758e-08,3.330686e-07,4.300486e-07,2.590263e+06,3.131591e+06,4.927304e+06
9.618196e-08,1.706988e-08,7.914626e-09,8.595107e-09,3.624415e+07,4.629206e+07,8.255800e+07
2.295736e-07,2.901412e-07,6.101496e-07,4.043139e-08,2.671904e+06,7.123453e+06,9.232853e+06
9.272525e-08,5.479405e-09,8.058637e-07,2.217420e-09,3.658223e+06,6.785887e+07,2.868860e+08
9.184124e-08,5.338539e-09,1.246096e-08,1.632837e-08,2.956006e+07,3.815756e+07,1.071069e+08
2.543793e-07,3.299992e-09,2.730712e-08,2.374584e-07,1.199834e+07,1.258807e+07,3.572315e+07
3.356159e-09,1.065536e-09,5.307609e-07,3.767015e-07,2.369350e+07,3.203847e+07,4.991340e+07
5.981112e-08,5.218474e-09,6.246673e-08,1.412183e-09,1.636005e+07,1.055245e+08,3.683687e+08
3.933740e-07,1.011880e-07,5.111422e-07,2.702960e-07,2.230110e+06,3.381787e+06,6.046661e+06
8.704275e-09,1.908642e-08,3.256177e-08,1.391699e-08,5.939907e+07,6.075065e+07,6.135714e+07
9.997855e-09,2.724398e-09,2.838444e-07,3.024207e-07,1.877182e+07,2.316963e+07,3.483846e+07
4.115933e-07,8.590055e-08,1.857721e-08,4.224393e-07,1.143604e+07,1.062824e+07,5.249523e+06
2.805698e-08,6.310273e-07,6.103688e-09,4.351544e-07,7.641584e+07,1.587662e+07,1.908333e+06
5.899748e-07,5.820879e-07,1.322769e-08,9.079886e-07,1.131987e+07,8.089528e+06,1.375516e+06
2.060113e-09,1.367342e-07,1.192721e-09,1.078238e-07,6.379476e+08,7.815083e+07,8.235768e+06
3.155916e-08,2.270888e-08,7.605088e-08,1.232402e-09,2.041198e+07,1.232657e+08,1.890279e+08
2.812674e-08,2.418468e-08,7.051887e-07,5.179113e-07,7.100478e+06,8.001149e+06,8.935156e+06
2.864910e-07,2.705959e-09,2.319905e-07,1.254311e-07,3.878907e+06,6.517122e+06,5.427962e+07
3.861757e-07,7.023738e-07,1.649857e-09,1.033712e-09,3.961725e+07,3.801976e+07,3.711215e+07
8.567577e-07,7.949606e-07,2.720750e-08,1.480079e-07,6.549779e+06,5.132528e+06,2.915310e+06
1.348154e-07,8.815935e-07,1.147287e-08,7.142831e-08,2.542695e+07,9.976423e+06,3.985021e+06
2.640455e-09,9.821336e-09,2.878042e-07,8.100328e-07,3.627539e+07,1.943922e+07,1.121149e+07
3.962332e-08,3.443346e-09,4.254131e-09,2.126727e-08,7.702277e+07,8.093201e+07,1.168568e+08
2.597814e-09,3.245755e-09,5.922599e-07,2.376237e-08,2.549410e+07,8.654821e+07,1.138668e+08
1.434935e-07,3.362381e-08,3.097443e-08,2.439295e-07,1.499969e+07,1.433264e+07,1.104191e+07
1.131367e-07,4.832728e-08,1.626881e-09,1.505400e-09,7.370896e+07,8.899972e+07,1.172406e+08
4.372012e-08,1.701926e-09,5.416750e-07,5.171751e-08,6.498153e+06,2.159481e+07,1.065886e+08
6.907834e-08,1.126144e-07,3.603503e-08,4.760726e-08,2.004318e+07,1.638118e+07,1.365735e+07
3.296402e-08,8.364108e-08,2.257628e-08,5.180927e-08,3.665673e+07,2.335369e+07,1.519100e+07
6.801126e-08,1.527440e-07,4.122603e-09,2.579480e-08,5.972055e+07,3.569888e+07,1.593133e+07
2.332187e-07,5.549898e-09,2.766322e-07,2.917679e-07,3.937014e+06,5.430857e+06,2.485071e+07
5.841846e-08,4.263577e-08,1.492745e-08,3.665657e-09,3.386352e+07,5.798692e+07,7.999025e+07
3.197228e-07,3.214184e-07,6.605270e-09,2.063230e-08,2.176045e+07,1.765583e+07,1.227979e+07
3.291760e-07,4.172417e-07,1.297053e-09,7.440979e-08,4.839574e+07,3.241774e+07,5.675330e+06
3.100491e-08,8.725344e-09,1.057657e-07,3.333945e-09,1.746274e+07,8.824688e+07,1.854084e+08
2.001865e-09,1.779268e-08,2.482381e-08,1.082452e-07,1.418562e+08,5.001809e+07,2.278636e+07
2.503471e-08,2.049583e-07,8.424030e-08,1.647996e-09,2.177553e+07,5.186467e+07,5.441131e+07
5.394176e-08,4.845423e-08,3.135565e-09,1.647828e-07,7.689172e+07,5.633701e+07,1.119124e+07
1.546398e-07,1.506989e-09,2.854895e-09,5.917785e-07,4.759313e+07,4.747702e+07,3.348616e+07
6.293210e-07,7.238921e-07,1.679314e-07,4.630981e-09,3.076082e+06,1.280523e+07,1.727136e+07
1.294742e-07,2.009436e-09,1.239219e-09,2.768620e-09,7.894679e+07,9.425701e+07,4.239663e+08
8.237734e-08,4.187824e-07,8.328419e-07,1.264714e-08,3.817815e+06,1.265577e+07,1.374072e+07
2.571636e-07,2.378400e-07,3.041754e-07,1.314713e-07,3.575471e+06,4.691217e+06,5.655123e+06
2.043894e-07,2.492723e-07,1.984202e-08,1.542143e-09,1.570283e+07,3.924866e+07,5.100359e+07
2.755579e-07,6.325335e-07,2.160231e-07,3.690711e-08,4.098675e+06,5.910584e+06,6.544903e+06
6.180596e-09,7.505063e-07,2.327961e-08,2.602281e-09,8.336754e+07,2.376156e+07,2.262798e+07
2.447301e-07,4.410085e-09,4.415895e-08,1.006997e-07,9.619375e+06,1.143475e+07,4.745286e+07
1.278146e-08,3.640889e-07,1.335060e-08,1.062648e-09,7.655252e+07,5.192060e+07,5.083952e+07
3.234047e-07,4.018768e-07,3.355009e-08,4.595206e-08,9.600193e+06,8.432120e+06,7.358699e+06
4.033722e-07,7.145495e-07,1.001391e-08,1.751872e-07,1.573422e+07,9.717690e+06,2.826394e+06
5.356783e-09,5.093272e-07,2.141875e-07,4.747861e-07,2.952235e+07,3.628147e+06,2.033539e+06
8.424943e-09,2.044341e-07,8.831443e-09,8.139757e-07,1.159313e+08,2.318897e+07,2.451420e+06
2.322097e-07,6.956149e-09,3.175909e-09,1.218747e-07,3.682356e+07,3.675382e+07,3.434463e+07
5.448368e-07,1.358602e-08,1.515045e-08,1.524247e-07,1.100662e+07,1.139942e+07,2.197486e+07
7.119865e-07,4.933709e-09,1.741698e-09,1.245218e-07,2.839734e+07,2.849669e+07,4.034507e+07
2.562313e-07,5.313190e-09,3.411094e-07,8.972126e-09,3.382494e+06,2.091304e+07,1.448354e+08
6.424173e-09,4.829920e-08,1.107701e-07,1.549440e-07,3.748695e+07,1.681986e+07,1.155960e+07
6.713370e-09,1.925202e-08,5.262940e-08,1.972904e-09,5.320047e+07,1.423118e+08,1.622590e+08
1.961206e-08,9.280117e-07,1.872221e-08,9.816444e-09,5.218670e+07,1.280098e+07,1.047722e+07
5.251701e-08,4.351254e-07,1.262028e-09,2.904492e-07,1.228331e+08,4.039766e+07,2.812922e+06
5.776459e-08,4.167865e-08,1.812840e-07,8.560868e-07,9.772134e+06,8.198620e+06,5.294004e+06
7.240552e-09,2.209588e-07,1.798220e-08,1.440164e-08,8.763805e+07,2.340882e+07,1.772713e+07
1.514842e-08,2.038889e-08,3.751558e-09,2.760849e-07,1.326510e+08,8.719321e+07,1.332852e+07
1.752966e-08,7.937261e-09,7.067193e-09,2.526344e-07,8.984414e+07,7.557520e+07,2.233153e+07
2.064656e-08,4.699655e-07,2.190068e-08,1.027413e-08,4.702700e+07,1.707212e+07,1.439112e+07
1.162702e-09,4.987757e-09,1.295106e-08,4.138493e-08,2.576992e+08,1.283856e+08,6.960273e+07
1.533866e-08,1.336695e-07,8.110787e-07,9.007820e-08,8.965506e+06,9.098166e+06,9.113265e+06
6.199299e-08,3.273750e-08,1.375585e-08,1.573913e-09,3.424404e+07,8.645473e+07,1.393115e+08
7.592104e-08,2.784211e-08,7.030610e-07,1.290151e-07,4.328350e+06,9.402495e+06,1.668509e+07
2.011204e-08,2.934573e-07,3.162623e-08,4.203291e-07,3.965046e+07,1.041268e+07,2.847297e+06
1.360373e-07,7.053353e-08,2.103987e-07,1.897399e-09,5.910844e+06,5.073827e+07,8.644162e+07
1.765730e-09,1.147797e-08,5.116589e-09,7.446217e-07,3.326961e+08,1.218968e+08,1.081682e+07
3.046263e-07,3.903461e-09,1.499879e-08,6.402271e-08,1.479408e+07,1.633161e+07,6.325692e+07
1.173010e-07,4.000035e-07,5.696272e-09,1.466888e-07,3.868600e+07,1.877605e+07,4.128285e+06
4.478611e-08,6.742341e-07,2.668387e-09,3.004996e-08,9.147532e+07,2.382203e+07,7.025426e+06
1.456746e-08,7.632320e-07,3.729729e-08,9.139787e-08,4.290121e+07,6.966917e+06,3.786201e+06
5.658080e-08,1.177981e-07,6.656975e-08,8.471549e-09,1.629397e+07,2.762379e+07,3.165551e+07
1.203079e-09,1.397656e-08,7.885777e-08,5.443386e-09,1.026670e+08,1.137442e+08,1.146477e+08
1.599344e-09,2.024724e-07,3.819937e-09,1.283834e-09,4.045768e+08,7.141207e+07,6.202441e+07
7.165963e-07,6.844243e-08,8.667503e-08,2.586880e-08,4.012506e+06,7.996136e+06,2.376562e+07
7.538708e-08,2.295884e-07,9.889537e-08,1.074507e-09,1.158147e+07,5.554047e+07,6.366788e+07
2.597372e-08,1.898668e-08,1.705660e-07,2.250640e-09,1.502404e+07,1.000641e+08,1.529757e+08
4.819684e-07,1.581215e-09,2.580238e-09,1.516953e-09,2.835703e+07,4.652717e+07,6.456815e+08
1.911346e-07,1.842339e-07,1.718373e-07,7.066726e-08,5.517872e+06,7.293956e+06,8.764074e+06
2.420242e-07,9.793199e-07,5.051194e-09,1.099533e-08,2.860050e+07,1.538050e+07,9.636818e+06
9.473432e-08,6.013466e-07,3.976868e-07,6.791982e-08,5.151999e+06,4.976349e+06,4.948110e+06
1.391296e-09,6.098513e-09,8.745452e-08,6.471757e-08,9.065653e+07,5.991422e+07,5.033579e+07
2.489189e-09,2.441417e-09,3.045230e-08,4.614778e-07,1.148579e+08,8.425896e+07,2.979227e+07
9.353456e-09,8.999103e-08,3.073913e-09,5.948021e-09,1.864954e+08,7.047676e+07,4.322292e+07
1.055987e-08,1.692873e-09,1.967244e-07,2.716052e-07,2.194024e+07,2.674613e+07,4.663574e+07
9.220657e-07,4.830779e-09,1.754183e-07,5.488278e-07,2.486461e+06,2.848865e+06,1.942108e+07
7.946557e-07,1.952664e-08,8.125574e-08,8.169500e-07,3.935351e+06,4.076640e+06,7.917507e+06
2.748039e-08,7.275938e-07,2.092763e-07,3.153865e-09,1.318647e+07,2.064580e+07,2.087536e+07
1.957583e-08,1.439392e-09,1.629625e-09,1.867708e-07,1.770501e+08,1.716231e+08,6.098963e+07
1.568919e-08,2.769828e-09,2.854643e-08,4.546971e-09,4.725240e+07,1.175248e+08,2.817815e+08
1.768426e-07,4.858894e-08,2.008819e-09,3.847316e-08,5.305619e+07,4.820301e+07,2.312876e+07
4.253998e-08,2.771697e-08,6.336864e-09,1.051138e-09,6.090657e+07,1.256469e+08,1.852666e+08
4.163511e-07,2.359164e-09,6.315470e-07,4.588465e-08,1.950147e+06,7.472044e+06,9.611414e+07
1.104625e-09,9.087892e-09,2.391981e-09,7.484622e-08,6.151964e+08,2.057366e+08,3.834277e+07
5.309945e-07,2.646880e-09,1.801102e-07,1.281169e-09,3.233596e+06,3.838054e+07,5.430372e+08
2.488009e-08,5.252798e-07,3.249163e-07,1.866857e-08,1.112214e+07,1.014685e+07,1.009832e+07
1.580061e-09,1.190491e-07,2.181824e-08,2.188244e-07,1.703151e+08,2.044101e+07,6.195680e+06
1.409114e-08,1.090408e-09,2.902337e-07,2.660478e-09,1.563699e+07,1.580679e+08,5.871184e+08
1.645172e-07,4.099376e-07,6.140664e-08,3.349205e-08,9.949166e+06,8.962386e+06,8.534347e+06
9.112789e-07,3.830732e-08,1.066463e-07,8.898626e-07,3.207757e+06,3.325363e+06,5.416237e+06
4.504708e-07,1.966179e-07,4.514435e-07,2.409248e-07,2.217507e+06,3.136492e+06,4.594600e+06
3.633126e-07,7.547091e-07,5.527678e-09,9.031548e-09,2.231456e+07,1.615071e+07,1.211237e+07
4.782316e-07,3.469446e-08,5.420779e-07,5.643014e-09,1.964039e+06,1.868383e+07,7.146845e+07
3.727567e-09,6.814797e-08,1.198263e-09,5.342176e-08,4.731635e+08,1.089558e+08,1.657351e+07
6.636281e-09,1.023455e-09,1.739666e-08,5.952845e-08,9.306893e+07,9.847636e+07,1.281160e+08
4.705198e-09,1.346196e-08,1.283222e-08,3.734580e-09,1.286946e+08,1.379444e+08,1.410344e+08
2.269595e-09,1.569697e-09,1.749231e-08,1.322513e-09,1.587093e+08,4.602577e+08,6.940523e+08
2.045420e-09,3.943083e-08,3.085084e-07,5.144899e-09,3.980844e+07,6.902450e+07,7.020913e+07
2.734579e-08,2.436717e-07,7.199671e-09,3.576350e-09,7.126864e+07,3.929653e+07,3.387486e+07
3.580871e-09,5.728187e-09,2.660755e-07,2.883969e-08,3.239688e+07,6.425368e+07,7.780296e+07
1.946513e-09,2.577511e-07,6.961062e-09,2.171457e-09,2.716650e+08,4.823340e+07,4.226920e+07
4.622980e-08,6.254233e-09,4.185209e-08,1.109042e-08,2.273424e+07,4.661826e+07,1.200712e+08
8.162989e-09,5.710070e-07,5.204879e-09,8.396046e-09,1.534158e+08,2.318134e+07,1.444248e+07
8.034608e-07,5.122491e-09,6.184055e-09,8.918621e-08,1.418669e+07,1.462374e+07,4.678542e+07
1.077574e-09,4.646136e-08,1.135553e-09,1.009374e-07,9.040089e+08,1.368677e+08,1.460253e+07
2.860605e-09,2.394702e-09,4.835740e-09,2.473589e-09,2.688683e+08,3.409922e+08,4.108757e+08
5.681827e-07,1.905123e-09,1.457661e-08,2.497444e-07,1.098823e+07,1.128545e+07,4.584486e+07
6.036033e-07,3.393463e-08,3.890182e-09,3.650868e-08,2.063665e+07,2.112266e+07,2.841060e+07
2.880256e-07,8.756923e-08,4.660498e-08,1.401040e-07,8.631143e+06,8.725321e+06,9.028155e+06
4.094883e-07,5.589893e-09,3.177028e-09,5.400947e-09,2.772482e+07,3.470419e+07,1.819966e+08
1.306894e-07,1.673660e-09,6.848127e-09,9.343886e-07,3.342673e+07,3.333622e+07,2.528731e+07
1.082526e-08,5.210750e-08,2.950356e-07,7.038024e-09,1.769472e+07,4.807900e+07,5.221852e+07
7.574919e-09,3.129555e-09,1.048712e-08,3.476549e-09,1.121974e+08,1.891537e+08,3.031688e+08
1.657062e-07,1.089237e-08,1.990382e-08,5.622420e-07,1.741255e+07,1.716297e+07,1.277842e+07
1.360856e-08,3.721256e-08,1.519474e-07,8.682632e-09,2.199111e+07,4.894619e+07,5.563262e+07
4.055124e-07,3.824012e-09,2.040906e-09,4.032578e-08,3.476054e+07,3.546249e+07,8.052838e+07
4.323818e-07,3.302600e-07,1.004427e-07,2.269538e-08,4.798519e+06,8.416044e+06,1.155057e+07
3.055345e-08,2.156321e-09,1.474463e-08,2.452401e-08,4.711433e+07,5.761977e+07,1.375142e+08
2.831141e-08,3.023992e-07,9.751495e-08,1.326830e-07,1.903197e+07,7.334718e+06,4.992316e+06
7.463187e-08,1.533526e-09,5.625592e-08,1.267627e-07,1.543312e+07,1.835646e+07,7.172305e+07
3.850846e-07,2.045253e-09,3.382448e-08,2.732484e-08,8.762062e+06,1.307293e+07,1.337666e+08
1.385126e-09,4.970610e-08,4.313717e-08,5.162487e-08,1.293688e+08,2.885950e+07,1.974084e+07
1.010057e-09,1.670865e-07,1.309827e-07,9.929714e-09,8.694010e+07,2.538750e+07,2.455054e+07
2.849534e-09,4.149206e-09,2.570121e-08,9.152587e-09,1.168520e+08,1.455011e+08,1.622727e+08
8.503292e-08,2.886930e-09,1.583289e-09,6.130971e-07,8.618393e+07,8.486653e+07,2.376935e+07
1.877255e-08,1.039575e-07,5.690972e-07,1.024287e-09,9.674870e+06,8.926969e+07,9.690832e+07
1.721506e-07,1.360678e-07,5.026263e-08,2.133317e-08,1.075036e+07,1.471852e+07,1.856071e+07
5.436907e-08,2.479093e-09,8.032054e-08,1.379259e-07,1.513250e+07,1.861569e+07,5.407925e+07
1.301318e-07,1.946472e-07,5.001934e-07,7.876597e-07,3.919577e+06,3.172495e+06,2.553916e+06
4.883342e-08,2.719679e-09,6.160653e-09,3.289872e-09,5.765381e+07,9.510376e+07,3.343118e+08
4.451773e-08,2.413444e-08,4.682221e-09,1.680445e-07,6.926399e+07,5.654764e+07,1.570251e+07
1.250593e-09,2.008030e-08,6.778407e-08,1.786704e-08,1.086121e+08,5.758003e+07,5.279449e+07
2.578102e-07,6.865966e-09,1.657697e-09,1.533682e-09,4.837237e+07,6.886706e+07,3.081637e+08
1.006799e-09,1.629249e-07,1.693857e-08,1.781655e-07,2.421532e+08,1.985873e+07,5.869410e+06
8.905920e-07,1.175368e-07,1.580347e-08,4.157704e-07,8.429162e+06,8.071729e+06,4.523622e+06
1.424597e-08,1.060982e-09,1.883597e-07,1.912543e-08,1.930456e+07,6.134080e+07,2.219936e+08
4.106562e-09,1.823739e-08,3.163180e-09,2.325742e-07,2.774590e+08,1.197544e+08,1.535458e+07
5.414144e-09,3.058113e-08,1.301789e-07,2.109789e-07,3.766732e+07,1.857655e+07,1.244955e+07
1.812839e-07,3.783816e-07,2.869527e-09,6.461475e-09,4.384450e+07,2.998671e+07,2.022410e+07
1.092389e-07,2.305004e-07,6.870127e-08,4.179768e-07,1.154327e+07,7.063006e+06,3.221722e+06
8.786443e-09,1.302335e-09,7.103247e-09,1.085281e-07,1.265800e+08,1.219324e+08,8.411389e+07
1.468774e-07,1.496737e-07,3.204874e-08,4.707025e-09,1.457528e+07,2.866383e+07,3.767506e+07
4.979734e-08,1.334822e-08,1.080848e-09,1.969008e-07,1.363059e+08,1.213766e+08,1.950584e+07
4.168538e-09,2.893599e-09,6.557657e-08,7.744157e-09,6.048306e+07,1.429828e+08,2.112486e+08
1.916708e-07,2.440686e-08,1.481606e-07,2.001174e-07,5.934110e+06,7.373085e+06,1.430875e+07
1.353378e-07,4.471388e-07,1.488554e-07,1.982963e-09,7.045440e+06,2.961946e+07,3.358316e+07
3.309819e-07,6.883068e-08,1.543337e-09,9.914175e-07,4.424533e+07,4.028832e+07,3.828077e+06
1.219693e-08,6.082188e-09,1.828628e-08,1.443620e-09,6.695948e+07,2.022068e+08,3.374766e+08
8.999454e-07,1.315700e-08,1.460554e-09,7.208038e-07,2.758246e+07,2.741075e+07,1.026864e+07
3.703555e-08,7.543003e-09,9.830034e-09,9.437800e-07,5.240987e+07,4.801860e+07,1.185202e+07
9.073734e-08,2.471778e-08,2.150256e-07,3.302823e-08,7.159157e+06,1.739317e+07,3.499876e+07
8.506531e-09,7.131445e-07,1.038986e-09,1.203840e-08,3.363712e+08,3.806340e+07,1.079262e+07
2.278822e-09,1.994063e-07,9.140130e-09,7.999286e-09,2.191133e+08,3.409253e+07,2.503831e+07
1.329703e-08,2.167073e-07,1.123278e-07,5.420987e-07,2.587493e+07,6.835648e+06,2.917589e+06
8.960552e-09,1.620599e-08,1.282876e-09,1.820745e-09,2.949445e+08,2.297765e+08,1.840932e+08
8.594605e-07,4.115900e-09,3.219013e-07,2.420005e-08,1.901191e+06,7.172684e+06,1.001981e+08
1.446121e-09,5.647253e-09,1.609787e-08,6.578486e-08,2.072591e+08,1.044053e+08,5.188220e+07
5.007635e-08,1.408265e-07,6.127434e-07,2.622309e-08,5.708794e+06,1.443283e+07,1.645568e+07
1.760509e-07,9.043630e-07,2.621130e-08,1.651883e-07,1.472098e+07,6.396487e+06,2.587253e+06
4.179185e-08,1.209913e-08,2.261433e-07,5.085421e-09,1.028637e+07,6.108119e+07,1.274851e+08
7.252238e-09,5.528299e-07,4.816627e-07,8.933114e-09,1.691969e+07,1.426800e+07,1.422993e+07
8.295567e-07,1.483014e-09,5.638759e-09,3.162737e-09,1.462127e+07,2.436936e+07,4.617383e+08
5.306803e-09,1.776998e-07,4.345894e-07,6.470630e-08,2.082303e+07,9.849920e+06,9.325739e+06
5.726582e-09,1.112306e-07,1.827400e-07,1.849063e-08,3.091259e+07,2.256529e+07,2.205018e+07
1.035132e-08,1.859937e-07,1.654995e-07,4.403331e-08,2.416038e+07,1.210116e+07,1.104995e+07
3.881690e-08,7.211572e-07,3.656497e-08,4.066451e-09,2.654342e+07,1.896231e+07,1.846619e+07
1.523541e-09,1.118749e-08,2.970790e-08,1.292171e-09,1.486404e+08,2.520548e+08,2.630108e+08
3.029060e-07,1.044857e-08,8.367368e-08,7.696597e-09,6.281330e+06,2.127848e+07,1.115121e+08
6.769798e-08,5.571754e-07,2.366878e-07,4.326560e-09,7.899948e+06,1.940735e+07,2.036726e+07
6.727799e-09,4.323550e-09,1.467414e-09,4.761642e-07,3.182638e+08,2.487048e+08,2.203948e+07
1.925998e-07,3.350691e-08,8.705753e-07,4.667689e-08,2.442131e+06,9.991565e+06,2.528610e+07
2.531103e-09,6.903061e-07,1.148683e-08,1.139441e-09,1.854578e+08,3.731436e+07,3.565606e+07
1.170386e-09,9.023201e-09,4.663499e-07,3.046303e-08,4.280351e+07,5.857205e+07,6.031609e+07
7.442764e-09,7.514058e-09,6.129428e-08,5.889479e-09,4.681908e+07,1.115486e+08,1.503226e+08
7.203874e-07,2.589175e-08,1.676719e-09,1.365593e-08,2.877311e+07,2.995485e+07,5.318126e+07
1.573005e-07,5.513887e-08,2.755974e-09,5.875780e-08,4.802831e+07,4.228617e+07,1.756865e+07
2.410702e-09,5.142424e-09,1.003594e-09,2.459691e-09,6.429085e+08,4.309843e+08,2.811744e+08
3.905439e-09,3.515435e-08,1.783927e-09,2.225975e-08,3.788581e+08,1.245050e+08,3.574789e+07
4.082071e-07,8.523672e-07,1.267570e-09,5.497910e-08,4.396163e+07,2.530343e+07,4.619424e+06
5.919510e-09,2.964737e-08,3.989062e-08,2.279264e-09,6.507613e+07,1.141946e+08,1.216493e+08
3.962787e-08,2.946782e-09,2.607122e-08,1.257230e-08,3.111136e+07,5.262289e+07,1.642928e+08
1.889109e-08,7.249595e-09,9.033378e-08,2.027620e-07,2.420730e+07,2.474161e+07,2.608254e+07
6.404890e-07,5.946851e-09,1.700035e-08,2.347689e-09,9.583302e+06,2.738461e+07,2.676308e+08
1.664723e-07,2.717897e-07,2.219339e-09,3.880193e-09,5.202561e+07,4.020156e+07,3.079334e+07
1.707313e-08,1.464980e-09,1.169205e-09,5.477988e-07,2.238195e+08,2.150230e+08,3.529991e+07
3.857585e-08,1.304860e-08,6.783536e-09,1.403601e-07,6.181789e+07,5.471332e+07,2.336664e+07
7.178701e-09,3.366827e-07,3.154669e-07,1.714437e-07,2.101359e+07,5.116762e+06,4.162256e+06
3.878402e-09,4.031163e-09,2.644249e-09,5.157175e-07,3.122644e+08,2.192215e+08,2.193203e+07
2.937107e-08,2.282239e-08,2.546744e-07,2.234513e-07,1.156238e+07,1.268758e+07,1.400322e+07
7.403869e-09,1.917576e-07,2.586740e-07,2.077856e-08,2.285042e+07,1.615724e+07,1.584222e+07
2.605905e-08,7.465944e-08,1.951927e-07,2.070142e-09,1.402132e+07,6.962035e+07,8.043732e+07
2.078261e-07,1.730570e-07,1.050208e-07,7.928176e-07,6.768808e+06,5.320823e+06,2.699720e+06
6.434493e-09,2.859010e-07,7.041023e-07,3.408140e-08,1.485679e+07,1.025805e+07,1.013056e+07
2.163344e-09,3.879399e-09,2.004591e-08,8.443429e-08,1.518533e+08,1.010712e+08,5.525331e+07
3.219539e-09,2.170550e-07,1.202258e-09,1.997991e-08,5.082814e+08,6.327139e+07,1.518512e+07
7.817662e-08,9.797321e-09,5.753772e-08,2.202199e-08,1.491026e+07,2.671560e+07,6.807976e+07
1.141406e-07,6.971001e-09,7.549761e-09,7.644964e-08,3.406538e+07,3.466497e+07,4.331763e+07
6.528570e-07,2.814514e-09,3.770446e-08,3.489852e-07,6.373744e+06,6.694810e+06,3.190765e+07
8.324019e-09,1.635393e-09,8.674483e-08,3.142769e-09,3.721445e+07,1.819512e+08,4.410956e+08
6.128093e-07,6.221410e-08,5.967412e-07,1.083587e-09,1.653653e+06,3.700861e+07,1.217934e+08
1.268653e-07,4.460485e-07,4.863151e-08,2.324399e-08,1.273121e+07,1.053493e+07,9.820953e+06
3.856876e-09,1.350180e-07,6.705173e-07,8.429708e-08,1.966424e+07,9.806113e+06,9.373414e+06
4.091642e-07,9.408981e-09,2.297667e-09,6.108373e-09,3.261427e+07,3.782716e+07,1.319064e+08
1.829177e-07,1.290756e-07,2.678625e-08,6.770205e-08,1.428618e+07,1.292289e+07,1.069737e+07
1.268584e-09,2.308292e-09,2.591460e-07,5.602147e-07,5.515286e+07,3.972246e+07,2.780849e+07
2.481774e-07,1.383008e-07,6.415810e-08,1.223124e-08,7.924888e+06,1.587058e+07,2.431378e+07
4.282448e-07,4.933288e-08,2.419718e-08,1.486157e-08,9.823619e+06,1.508073e+07,3.693171e+07
6.205079e-09,5.673372e-08,7.684000e-07,2.311252e-08,1.448214e+07,2.661046e+07,2.761568e+07
1.470325e-07,7.773336e-08,2.092286e-08,1.363257e-09,1.802946e+07,5.895934e+07,9.714208e+07
5.876730e-09,7.025509e-09,6.172593e-09,1.556765e-07,1.660345e+08,1.142555e+08,3.023776e+07
4.331439e-09,1.137275e-08,1.575508e-07,7.142543e-09,3.828014e+07,9.653695e+07,1.109535e+08
3.247224e-08,3.975874e-07,1.248660e-07,1.361210e-09,1.570442e+07,4.155540e+07,4.298541e+07
1.857800e-09,2.622595e-07,1.618440e-07,9.989472e-08,5.767030e+07,7.829174e+06,6.178216e+06
4.727711e-09,3.426908e-08,1.453201e-07,3.982127e-08,3.815151e+07,2.864290e+07,2.707019e+07
1.363841e-07,3.073799e-07,6.294029e-07,2.774034e-09,3.413137e+06,2.856427e+07,3.424573e+07
1.134276e-09,6.989748e-07,1.041129e-07,6.433115e-07,9.202127e+07,3.992434e+06,1.491278e+06
4.932296e-08,3.352371e-07,4.948002e-08,2.022619e-09,2.024233e+07,3.658143e+07,3.840315e+07
8.060727e-09,6.388421e-07,2.829659e-08,9.273219e-08,6.621339e+07,8.443888e+06,4.108544e+06
1.641995e-08,8.173001e-09,6.750567e-09,1.113858e-09,9.498259e+07,2.062259e+08,3.314320e+08
4.256897e-07,4.843041e-07,5.961463e-08,1.267982e-07,6.277359e+06,5.205779e+06,4.035380e+06
2.754546e-09,3.830151e-09,1.286213e-09,3.369746e-07,5.312740e+08,3.442730e+08,2.783514e+07
1.147469e-07,3.882578e-07,1.138138e-08,5.746831e-07,2.767146e+07,1.334673e+07,2.117023e+06
2.623131e-08,2.541431e-09,7.775445e-09,5.119972e-08,7.002085e+07,7.175423e+07,8.766516e+07
1.261029e-09,1.745768e-08,1.321616e-07,5.451134e-07,7.746130e+07,2.241034e+07,1.025093e+07
1.743580e-07,6.199863e-07,1.049073e-09,1.084542e-08,7.393943e+07,3.627793e+07,1.219511e+07
1.049010e-09,6.651854e-07,1.852564e-09,1.507348e-08,7.173376e+08,3.016274e+07,9.986696e+06
3.752413e-08,8.262163e-07,1.452020e-07,9.231827e-08,1.354748e+07,4.529274e+06,3.620840e+06
4.490205e-07,1.167304e-07,9.512178e-09,3.243078e-08,1.530125e+07,1.550238e+07,1.625284e+07
1.373728e-07,2.362773e-09,7.582855e-07,6.038922e-07,3.098369e+06,4.613890e+06,2.647337e+07
2.251630e-07,2.783980e-07,5.510240e-08,5.460860e-09,8.977724e+06,1.999230e+07,2.564699e+07
5.782293e-09,1.328912e-09,4.226847e-09,1.649837e-08,2.022748e+08,2.044321e+08,2.135656e+08
1.053759e-08,4.404997e-08,1.778717e-08,1.335557e-08,7.304256e+07,4.900574e+07,4.122835e+07
2.552407e-07,3.928956e-07,1.356763e-09,4.524433e-07,5.373696e+07,3.377264e+07,2.371807e+06
2.698968e-09,5.460969e-09,1.994628e-07,4.063896e-09,4.309930e+07,1.754143e+08,2.122726e+08
4.822801e-08,1.293187e-09,1.012113e-08,5.284947e-08,4.526222e+07,4.875718e+07,1.209620e+08
6.066625e-08,2.901229e-08,1.107452e-08,2.129903e-07,3.858015e+07,3.254619e+07,1.272123e+07
8.794860e-09,1.078606e-09,7.156424e-08,5.057581e-07,3.986002e+07,4.019342e+07,4.281513e+07
8.739113e-07,2.225112e-09,3.160524e-09,1.258517e-09,1.902772e+07,3.560976e+07,5.975779e+08
6.098748e-07,1.122501e-08,2.350370e-07,7.905824e-08,2.641262e+06,5.216849e+06,3.356859e+07
2.263804e-07,1.584314e-07,2.182316e-09,3.430116e-08,4.499060e+07,3.558858e+07,1.356516e+07
1.217937e-07,1.181044e-09,3.447184e-07,1.259789e-07,4.880399e+06,9.388186e+06,8.198188e+07
6.519828e-08,1.237161e-09,4.060717e-09,5.782769e-08,6.145831e+07,6.298476e+07,1.182276e+08
2.541815e-08,2.693919e-08,1.807319e-07,1.234672e-08,1.475403e+07,4.065229e+07,5.483172e+07
3.203152e-07,1.305525e-09,5.795039e-09,1.964116e-09,2.321042e+07,4.603874e+07,6.244876e+08
2.299885e-09,5.170766e-08,4.687043e-08,9.145221e-07,9.631578e+07,2.037870e+07,4.598598e+06
4.759930e-08,4.316405e-07,3.377546e-07,8.944407e-08,7.886769e+06,5.432029e+06,5.089360e+06
1.151417e-07,1.898584e-07,1.904360e-09,9.485499e-07,6.753193e+07,4.153470e+07,2.356433e+06
5.918270e-08,3.735922e-09,7.860415e-07,1.297327e-07,4.636389e+06,1.194695e+07,4.542306e+07
1.853100e-09,2.923246e-08,5.689677e-08,5.355120e-09,9.738830e+07,8.107155e+07,7.992501e+07
1.255121e-08,2.380703e-09,2.086791e-08,2.363992e-09,6.178995e+07,1.775915e+08,4.215261e+08
3.829705e-09,2.855531e-08,1.864595e-07,1.699366e-09,3.742184e+07,1.354112e+08,1.435532e+08
4.895261e-07,2.328654e-07,1.624029e-07,3.497310e-09,3.546624e+06,2.010820e+07,3.504132e+07
2.213510e-08,1.227716e-09,2.064118e-07,1.136487e-07,1.479422e+07,2.416595e+07,8.465814e+07
3.423536e-07,5.790053e-07,1.220656e-07,2.633249e-09,4.891769e+06,2.051985e+07,2.561019e+07
3.828470e-08,8.422694e-09,1.208933e-09,1.806889e-09,1.469895e+08,1.719266e+08,2.563355e+08
1.144302e-08,1.063175e-07,3.684962e-09,6.845419e-08,1.539973e+08,4.927981e+07,1.172189e+07
1.572309e-08,8.697991e-09,6.443966e-07,1.218946e-08,9.934693e+06,5.850522e+07,9.711769e+07
5.675350e-07,7.473422e-09,2.780705e-07,2.380200e-08,2.517249e+06,8.906161e+06,7.497795e+07
1.333359e-08,4.501859e-09,2.240277e-08,1.025088e-08,5.785962e+07,8.928786e+07,1.472053e+08
5.054568e-09,1.795164e-09,1.834973e-08,1.275691e-08,1.038349e+08,1.392843e+08,2.089658e+08
1.343720e-08,1.262183e-09,2.746102e-09,1.901186e-07,1.646218e+08,1.585281e+08,6.455450e+07
1.107220e-07,2.298402e-09,5.068386e-08,2.562685e-07,1.334898e+07,1.446021e+07,4.120400e+07
1.555097e-09,1.098442e-09,1.257242e-07,6.069072e-08,7.151741e+07,9.595266e+07,1.224758e+08
2.611008e-07,4.486999e-07,3.473491e-08,3.882419e-07,1.050057e+07,6.647461e+06,2.395912e+06
5.819075e-08,6.069567e-07,4.778057e-07,7.033515e-07,5.997184e+06,2.298704e+06,1.530506e+06
9.915498e-08,1.163194e-07,9.258805e-07,1.920994e-09,3.300390e+06,4.920274e+07,6.689767e+07
8.187138e-09,5.590992e-07,1.645755e-09,3.401044e-07,2.724278e+08,3.280685e+07,2.293240e+06
5.128331e-07,2.482672e-07,6.840182e-08,2.238718e-09,5.339224e+06,2.461912e+07,4.241707e+07
4.643499e-08,2.193200e-09,2.332362e-07,1.734470e-07,9.609025e+06,1.437814e+07,5.127167e+07
8.130014e-08,4.406675e-07,3.703918e-08,1.871990e-07,1.822316e+07,7.871374e+06,3.481711e+06
1.899801e-07,6.369128e-09,2.792251e-07,7.127596e-07,4.341789e+06,5.038359e+06,1.484187e+07
1.525267e-08,8.046009e-09,2.388250e-07,3.726629e-07,1.656865e+07,1.717237e+07,1.826214e+07
1.755051e-07,1.019010e-08,4.741095e-08,2.940095e-08,1.096266e+07,1.722637e+07,5.777368e+07
4.921631e-07,1.944311e-07,6.819426e-08,6.444357e-09,5.458478e+06,1.572780e+07,2.825057e+07
4.227047e-09,7.026856e-08,1.319723e-09,3.355479e-07,4.233895e+08,1.010522e+08,6.512417e+06
2.452505e-08,1.983701e-08,1.824928e-08,1.935650e-08,4.726854e+07,4.898749e+07,5.103269e+07
7.171085e-08,8.656371e-07,1.953392e-09,7.824887e-08,8.449147e+07,2.365970e+07,3.842316e+06
1.876886e-09,1.156190e-07,2.024339e-08,1.683459e-08,1.622331e+08,3.043013e+07,2.266648e+07
5.411449e-07,4.966691e-09,1.628933e-08,4.073229e-07,1.065103e+07,1.081241e+07,2.223294e+07
1.222803e-07,4.261234e-07,2.481643e-09,1.983355e-08,5.740531e+07,2.875281e+07,1.087758e+07
1.102067e-09,1.474272e-07,1.082944e-07,3.036134e-07,9.153621e+07,9.183972e+06,4.726621e+06
2.168445e-09,2.801489e-07,6.000748e-09,1.345804e-07,2.772191e+08,2.483139e+07,5.150087e+06
3.003893e-07,7.461678e-07,5.040622e-09,5.056200e-09,2.569897e+07,1.945614e+07,1.628057e+07
6.632760e-07,1.260092e-07,4.589200e-08,6.331343e-07,5.731712e+06,5.441391e+06,3.540389e+06
3.563880e-08,5.929344e-07,6.578720e-08,6.619009e-09,2.065227e+07,1.626458e+07,1.596247e+07
1.486406e-07,2.421841e-09,3.129270e-09,1.276743e-09,4.636708e+07,8.544201e+07,5.686899e+08
1.199504e-08,9.132845e-07,4.547913e-09,2.263457e-09,1.353921e+08,2.674167e+07,2.199433e+07
2.133109e-07,5.948908e-07,9.168133e-07,3.583985e-09,2.261273e+06,1.861677e+07,2.165700e+07
4.343277e-08,9.115567e-07,5.480005e-09,9.584111e-08,6.481877e+07,1.421295e+07,3.383236e+06
9.556313e-08,1.636638e-08,5.011948e-07,2.665380e-08,4.569320e+06,1.878882e+07,4.787888e+07
2.105550e-08,7.355055e-07,3.769743e-09,1.588885e-08,1.122435e+08,2.082822e+07,9.250405e+06
4.070389e-08,1.141154e-07,1.125501e-09,1.766115e-09,1.477438e+08,9.693383e+07,7.043984e+07
7.465040e-09,5.980410e-09,2.431497e-09,1.051211e-08,2.347184e+08,1.940699e+08,1.261216e+08
5.930978e-07,3.243481e-08,2.286144e-09,3.650977e-07,2.715720e+07,2.652642e+07,9.189455e+06
3.788819e-07,1.615627e-07,1.571431e-08,1.365493e-09,1.295986e+07,3.837721e+07,6.732628e+07
1.895152e-09,3.242561e-08,7.127576e-09,1.224148e-09,2.720865e+08,1.670020e+08,1.587226e+08
1.492470e-08,1.067944e-07,6.652275e-07,2.989348e-09,1.003603e+07,5.254192e+07,5.596770e+07
5.731659e-07,6.123557e-08,1.911697e-08,2.049974e-09,9.553232e+06,2.917852e+07,8.925323e+07
5.293218e-09,2.877779e-07,6.552565e-09,5.175564e-09,1.697987e+08,3.435131e+07,2.591149e+07
2.205165e-09,2.703240e-08,1.339952e-08,5.481566e-08,1.839648e+08,5.636025e+07,2.597798e+07
9.044959e-07,1.474732e-08,7.487851e-07,3.232522e-07,1.215117e+06,2.195030e+06,1.448347e+07
2.463888e-09,2.596703e-08,4.116302e-08,3.061414e-08,9.929694e+07,4.475928e+07,3.546728e+07
2.307325e-08,6.386577e-08,1.446281e-07,1.604079e-07,1.731089e+07,1.229784e+07,9.879911e+06
6.980089e-07,1.878261e-07,3.444209e-08,1.244340e-07,6.449481e+06,6.469021e+06,6.541125e+06
8.754656e-07,8.970358e-07,1.340104e-07,1.255259e-08,2.919519e+06,7.011048e+06,9.423852e+06
8.703938e-07,3.766480e-08,2.281352e-09,2.473541e-07,2.244119e+07,2.207194e+07,1.036031e+07
1.232014e-07,4.013887e-07,1.540446e-07,6.771884e-09,7.258868e+06,1.714262e+07,1.918062e+07
1.615705e-08,3.782798e-08,2.651334e-07,1.852361e-07,1.527872e+07,1.303325e+07,1.194622e+07
1.072249e-09,3.052482e-07,3.895417e-08,1.075403e-08,1.547302e+08,1.968173e+07,1.745371e+07
5.983536e-07,1.448813e-09,2.381860e-08,3.154951e-08,8.376507e+06,1.108336e+07,1.479100e+08
1.820416e-09,5.884637e-08,2.681362e-09,3.905187e-07,4.526234e+08,7.867427e+07,6.596587e+06
2.432192e-08,1.857505e-08,2.430058e-07,2.505447e-08,1.300747e+07,3.203701e+07,4.635456e+07
4.566180e-08,5.185076e-08,5.871500e-07,1.222931e-07,6.107296e+06,1.006591e+07,1.255803e+07
3.319825e-09,6.547531e-09,1.187402e-09,9.759358e-07,5.036670e+08,2.923242e+08,1.250981e+07
6.309893e-07,9.172025e-09,8.799995e-08,1.279993e-08,4.243730e+06,1.182334e+07,9.229190e+07
9.900619e-08,6.059811e-08,1.014085e-07,4.254795e-08,9.980024e+06,1.445828e+07,1.969387e+07
9.882285e-09,2.081828e-09,1.186417e-07,3.839336e-09,2.920469e+07,1.499158e+08,3.537118e+08
2.541828e-09,1.025799e-09,1.448105e-09,4.040209e-09,5.212269e+08,5.127761e+08,4.912097e+08
1.644344e-07,4.051678e-07,2.781926e-09,1.816175e-07,4.675530e+07,2.531292e+07,3.686411e+06
6.699624e-07,7.817249e-08,1.919392e-09,1.858439e-09,2.788643e+07,3.762490e+07,8.296576e+07
3.043653e-08,3.402644e-08,1.118659e-07,5.849745e-09,1.713774e+07,5.282562e+07,7.087993e+07
5.468233e-09,4.995808e-09,1.337122e-09,4.809793e-07,3.698205e+08,2.677118e+08,2.040018e+07
3.815305e-08,4.182633e-08,4.375132e-07,2.856410e-07,7.739980e+06,8.505907e+06,9.148815e+06
2.898274e-07,4.979994e-08,1.201806e-08,5.323644e-07,1.694389e+07,1.582811e+07,6.141594e+06
6.647706e-09,3.827159e-07,4.108853e-08,1.978826e-08,6.050675e+07,1.386705e+07,1.149100e+07
3.826399e-07,1.244312e-07,4.259926e-08,1.174113e-08,7.832562e+06,1.463764e+07,2.616257e+07
8.981281e-08,6.012358e-09,1.295499e-07,1.659292e-08,9.270695e+06,2.663600e+07,1.001189e+08
7.096823e-09,3.582291e-07,1.775072e-08,6.838818e-08,8.909638e+07,1.393673e+07,6.388943e+06
4.601189e-09,3.096960e-09,1.601025e-09,4.417625e-07,3.684393e+08,2.853602e+08,2.703571e+07
6.114690e-08,1.766325e-07,5.816675e-07,1.890538e-08,5.302435e+06,1.515534e+07,1.730502e+07
2.177547e-08,2.084077e-08,5.757213e-07,8.444577e-07,8.931205e+06,8.279210e+06,7.537966e+06
4.133682e-09,4.020167e-08,2.112446e-09,2.209068e-08,3.384065e+08,1.081592e+08,3.355625e+07
2.131367e-09,1.104285e-08,2.884481e-08,6.351032e-09,1.275373e+08,1.207612e+08,1.194091e+08
2.262629e-08,9.144636e-08,1.921774e-07,1.574262e-08,1.516499e+07,2.454526e+07,2.635592e+07
9.059994e-09,1.143951e-09,5.168586e-08,8.453430e-07,4.621151e+07,4.485561e+07,3.215732e+07
9.548694e-08,4.043228e-08,2.654373e-08,2.431640e-07,1.986310e+07,1.753378e+07,1.008524e+07
4.528008e-07,1.242094e-08,4.964045e-08,4.385607e-07,6.670042e+06,6.942833e+06,1.354902e+07
2.959987e-08,4.521895e-09,1.203710e-09,6.101247e-07,1.675306e+08,1.561893e+08,1.903840e+07
6.947807e-09,1.555750e-08,1.170889e-07,1.168448e-09,3.506052e+07,1.959787e+08,2.345445e+08
3.207167e-09,5.491871e-09,1.670365e-07,6.760515e-08,4.320495e+07,4.887326e+07,5.189792e+07
1.740455e-08,1.251238e-09,1.255852e-07,4.719843e-09,2.138944e+07,1.085528e+08,4.114967e+08
1.259988e-07,1.202991e-08,6.408685e-09,1.370888e-09,3.519106e+07,8.009541e+07,2.462452e+08
3.496175e-07,1.967704e-08,4.263910e-07,7.431363e-09,2.589998e+06,1.925446e+07,8.269625e+07
1.245894e-07,2.253933e-09,5.725791e-07,2.955462e-07,3.744051e+06,6.359559e+06,3.874510e+07
1.338510e-07,2.549668e-07,3.639626e-07,3.442375e-08,4.530653e+06,9.043190e+06,1.067405e+07
7.690206e-09,6.387314e-09,4.283059e-08,1.715992e-09,5.510030e+07,2.074959e+08,3.020531e+08
2.850567e-08,3.762649e-07,1.330614e-07,3.914451e-07,1.623709e+07,4.987805e+06,2.605660e+06
6.823177e-08,2.179871e-07,2.485675e-09,3.777165e-07,7.678643e+07,3.761430e+07,3.484991e+06
1.669499e-08,3.939628e-09,4.749832e-07,1.444957e-08,1.122969e+07,5.878706e+07,1.325394e+08
2.383104e-08,3.265602e-08,3.085889e-08,6.496399e-09,3.687553e+07,5.743479e+07,6.865656e+07
1.976101e-07,1.010450e-07,3.061570e-09,7.261101e-09,4.065588e+07,3.943100e+07,3.691827e+07
6.897954e-07,3.086900e-07,4.436446e-07,1.069787e-07,1.807683e+06,3.408711e+06,5.502881e+06
1.185295e-07,3.813265e-07,3.385925e-07,3.636358e-08,4.991696e+06,7.805411e+06,8.492161e+06
1.420431e-07,4.793726e-08,1.376889e-09,4.681041e-09,7.150566e+07,7.033752e+07,6.675628e+07
7.042930e-08,6.555284e-07,6.382271e-09,1.090329e-07,4.716672e+07,1.511504e+07,3.740463e+06
1.774850e-07,1.180854e-07,4.206908e-09,2.219358e-08,3.659634e+07,3.093002e+07,1.953386e+07
2.169062e-08,1.480480e-07,1.579340e-09,6.650381e-08,1.708544e+08,6.179715e+07,1.007803e+07
1.896031e-07,3.546729e-09,4.586871e-07,3.287036e-08,3.390932e+06,1.299211e+07,9.261553e+07
3.042236e-09,3.670570e-07,3.693206e-09,1.065469e-08,2.983333e+08,3.138794e+07,1.599053e+07
2.605241e-09,3.167620e-09,7.286684e-07,2.666642e-07,2.295150e+07,2.978799e+07,3.440734e+07
1.284318e-08,1.469869e-08,3.744168e-09,1.214132e-08,1.442069e+08,1.126401e+08,7.485619e+07
2.351092e-09,1.650600e-09,1.386347e-07,2.271505e-09,5.538972e+07,3.343878e+08,5.164428e+08
1.007318e-09,3.662060e-08,1.481015e-09,5.958398e-07,8.187228e+08,1.341233e+08,6.769749e+06
1.684495e-09,8.014893e-07,2.415006e-08,2.044088e-08,1.567856e+08,1.060498e+07,7.812704e+06
6.694402e-09,4.049961e-08,3.975228e-08,6.619358e-08,6.130037e+07,2.920852e+07,1.931375e+07
1.973561e-08,4.641122e-08,2.594400e-09,1.172488e-09,1.397515e+08,1.368246e+08,1.355608e+08
4.765212e-08,2.614296e-08,3.925066e-07,7.818142e-07,7.311987e+06,7.201192e+06,6.994728e+06
8.804895e-07,1.999255e-07,1.410869e-07,4.502770e-08,2.837230e+06,5.207289e+06,1.053964e+07
1.408350e-07,1.806452e-08,1.176143e-08,1.219401e-09,2.457053e+07,7.547213e+07,2.130657e+08
2.504838e-09,3.841498e-09,1.826520e-09,2.033907e-07,4.675176e+08,2.950310e+08,3.577538e+07
1.347400e-08,3.398382e-09,3.627835e-08,6.580891e-09,4.523014e+07,1.031497e+08,2.114568e+08
1.447282e-08,1.013068e-08,8.881968e-08,7.858867e-07,2.789130e+07,2.256826e+07,1.120729e+07
1.747092e-07,1.568954e-07,5.947539e-07,1.727145e-08,3.102226e+06,1.340421e+07,1.921014e+07
3.102974e-09,1.918201e-09,2.094347e-08,1.102427e-07,1.240471e+08,1.063756e+08,6.876666e+07
3.938490e-08,4.738282e-09,7.879095e-09,3.458910e-08,5.676713e+07,5.942794e+07,7.811238e+07
1.358121e-07,3.787413e-08,1.396668e-08,2.548814e-09,2.296065e+07,5.168296e+07,1.017793e+08
3.134678e-08,5.628997e-09,1.462287e-08,2.057643e-08,4.670757e+07,5.624800e+07,9.291793e+07
1.210648e-09,1.479658e-08,4.453306e-09,4.864973e-09,4.306752e+08,1.639186e+08,1.178635e+08
8.260005e-09,6.058432e-09,1.462017e-07,1.718943e-07,2.877621e+07,2.973201e+07,3.098769e+07
1.136770e-08,2.909556e-09,1.105518e-08,5.739076e-08,8.920326e+07,8.692557e+07,7.738657e+07
4.981787e-09,1.536093e-08,6.545885e-08,1.657879e-07,5.537621e+07,3.236479e+07,1.981595e+07
6.186031e-07,1.206413e-08,2.160228e-09,1.008382e-08,2.735547e+07,2.985383e+07,9.066498e+07
1.227079e-08,2.739167e-08,5.578706e-09,1.386517e-07,1.208640e+08,6.856607e+07,1.622662e+07
4.224886e-07,1.080889e-07,1.243587e-09,1.540463e-07,4.362690e+07,3.908710e+07,7.749682e+06
2.944226e-07,2.531908e-09,1.546399e-09,2.149675e-07,4.686554e+07,4.683287e+07,4.286370e+07
2.943854e-09,8.544935e-07,2.433786e-09,1.162474e-07,3.735947e+08,2.211856e+07,3.172882e+06
1.393720e-08,4.601972e-07,4.439749e-09,5.420440e-08,1.271256e+08,2.267071e+07,6.331561e+06
3.345808e-08,3.104988e-07,3.989039e-07,1.960601e-08,8.655962e+06,1.247303e+07,1.281668e+07
5.703696e-09,1.502682e-09,4.097014e-09,1.916056e-08,2.068655e+08,2.027617e+08,1.863642e+08
2.058137e-07,1.752182e-07,5.155493e-08,1.462537e-08,9.707954e+06,1.517732e+07,1.975409e+07
3.391933e-07,4.362418e-08,4.001416e-07,7.124249e-08,2.714373e+06,6.572267e+06,1.793770e+07
8.557288e-08,2.472535e-07,2.099678e-07,3.064021e-07,7.460287e+06,4.910767e+06,3.633146e+06
3.370787e-07,1.046889e-07,1.059189e-09,1.162354e-09,5.292339e+07,6.391084e+07,9.065264e+07
3.167411e-07,3.792018e-07,8.373045e-09,1.191993e-09,1.941807e+07,3.710889e+07,4.703574e+07
2.085343e-09,3.200019e-08,1.062172e-08,1.187589e-09,2.124779e+08,1.657283e+08,1.622149e+08
5.794374e-09,4.039792e-09,2.926544e-08,8.157075e-08,7.679257e+07,6.871115e+07,5.508752e+07
1.074844e-08,1.291534e-08,1.356102e-07,7.754635e-08,2.619275e+07,2.926715e+07,3.159850e+07
9.440479e-07,2.336550e-09,3.267233e-09,2.270364e-07,1.800582e+07,1.811252e+07,4.341749e+07
8.064203e-07,3.236607e-07,8.098003e-07,2.678050e-07,1.237458e+06,2.096895e+06,3.396609e+06
5.072759e-09,8.869889e-07,2.572123e-09,1.521103e-07,2.768420e+08,2.105222e+07,2.722461e+06
4.299734e-08,5.410967e-07,1.727950e-08,3.599123e-07,3.668712e+07,1.019004e+07,2.266022e+06
2.671778e-09,7.344298e-07,6.473120e-09,2.251092e-08,2.404601e+08,1.642715e+07,7.777288e+06
2.340688e-07,1.895477e-09,3.561748e-07,1.388744e-07,3.463352e+06,6.512660e+06,6.163532e+07
1.018071e-07,1.702128e-08,2.513711e-07,1.018769e-07,6.251054e+06,1.077418e+07,2.401408e+07
8.877266e-07,3.871328e-07,3.491993e-08,6.115779e-07,5.679678e+06,4.872926e+06,2.055153e+06
1.985186e-07,2.317030e-07,2.674655e-07,8.286003e-09,4.339758e+06,1.700617e+07,2.282242e+07
1.361326e-09,8.154424e-07,3.868826e-08,5.261554e-07,1.377937e+08,5.828525e+06,1.526674e+06
1.282937e-09,2.434674e-09,2.120887e-08,1.229384e-09,1.917073e+08,4.811272e+08,5.780105e+08
1.380453e-08,9.082621e-07,9.650058e-08,3.263844e-08,2.739834e+07,6.668343e+06,5.808041e+06
7.335504e-07,5.005508e-08,3.019526e-07,6.934396e-07,2.124788e+06,2.463058e+06,5.367494e+06
5.165742e-07,3.441280e-08,3.246648e-08,3.172609e-09,7.721755e+06,2.505917e+07,9.570436e+07
5.337307e-09,1.108421e-09,1.842897e-09,3.147802e-07,3.188515e+08,2.909920e+08,5.353575e+07
1.565086e-09,5.219550e-08,1.014422e-08,3.878699e-07,2.509699e+08,4.337753e+07,7.028141e+06
1.627906e-09,4.768918e-07,3.120715e-08,1.247544e-07,1.403002e+08,9.149636e+06,4.099794e+06
3.227635e-09,1.184675e-09,1.719807e-08,2.550029e-07,1.342202e+08,1.186040e+08,5.753442e+07
6.355528e-09,6.899083e-09,8.045571e-07,7.512760e-07,1.398446e+07,1.393541e+07,1.389007e+07
2.421638e-08,6.488226e-07,2.878643e-09,9.558104e-08,1.197710e+08,2.305841e+07,4.015606e+06
4.605809e-09,1.241637e-07,2.279884e-09,8.706797e-09,3.085963e+08,6.556034e+07,3.041400e+07
3.219878e-08,1.891923e-09,4.665433e-09,1.312012e-07,8.158951e+07,8.069072e+07,6.347159e+07
3.893355e-07,1.809929e-08,1.941273e-08,3.316940e-08,1.150256e+07,1.415722e+07,4.081317e+07
5.040122e-09,3.225259e-09,2.928642e-07,9.104082e-09,2.602833e+07,1.170572e+08,1.845439e+08
1.051551e-09,3.683486e-08,2.231589e-07,1.335630e-07,6.527962e+07,1.777350e+07,1.425697e+07
6.922194e-08,1.850037e-07,2.955606e-08,1.616436e-07,2.210827e+07,1.254675e+07,5.782698e+06
2.026251e-09,2.835966e-08,8.195727e-08,4.654068e-08,7.759963e+07,3.329675e+07,2.752537e+07
6.149665e-08,2.953494e-09,1.345415e-08,5.024126e-09,3.476531e+07,6.512690e+07,2.595982e+08
1.313973e-08,1.327238e-08,1.276538e-08,6.719894e-09,7.721290e+07,9.273712e+07,1.058874e+08
8.058854e-08,5.394355e-08,1.402741e-07,9.119578e-08,9.405342e+06,1.159733e+07,1.425748e+07
6.225380e-09,1.592132e-07,5.054148e-08,1.451410e-07,5.637585e+07,1.269810e+07,6.578326e+06
1.148797e-09,7.226326e-09,3.865014e-07,2.396929e-08,4.745727e+07,7.273482e+07,7.598252e+07
3.962781e-09,1.485507e-07,3.190340e-07,1.461595e-09,2.812428e+07,6.713128e+07,6.786552e+07
7.861038e-07,6.188438e-09,1.288415e-09,9.268578e-09,3.142188e+07,3.340358e+07,1.320392e+08
6.365389e-08,3.551819e-08,4.212237e-07,1.685643e-07,6.107045e+06,9.151960e+06,1.292385e+07
1.340845e-07,2.658758e-08,1.227542e-08,1.747776e-07,2.464862e+07,2.329438e+07,1.466958e+07
2.465888e-08,4.796318e-07,4.070175e-08,8.732124e-08,3.156507e+07,8.451562e+06,4.886367e+06
1.560863e-08,1.856607e-07,6.615774e-08,8.516403e-07,3.111912e+07,8.996351e+06,2.514849e+06
6.295260e-09,9.031710e-07,4.336163e-07,1.022571e-08,1.913993e+07,1.049111e+07,1.040563e+07
1.861518e-07,6.403347e-07,6.023849e-09,5.831122e-09,2.986272e+07,2.020781e+07,1.636517e+07
3.092250e-09,1.510024e-07,1.732647e-07,3.363126e-07,4.320237e+07,7.533288e+06,4.437481e+06
3.957264e-07,1.405514e-07,1.480261e-08,3.993875e-09,1.306572e+07,2.434877e+07,4.220707e+07
2.345987e-09,2.443071e-07,6.196862e-08,5.318475e-07,8.293756e+07,8.546794e+06,2.774204e+06
1.613414e-08,3.818355e-09,8.604716e-09,3.426739e-09,8.487089e+07,1.430051e+08,2.764530e+08
6.019547e-08,5.293443e-08,2.862319e-09,3.350417e-08,7.618318e+07,5.789666e+07,2.374551e+07
1.878982e-07,5.945971e-08,1.436528e-08,1.802652e-07,1.924782e+07,1.743129e+07,9.659011e+06
1.127558e-07,2.231798e-08,8.935055e-07,1.790628e-07,3.150518e+06,7.044914e+06,1.581866e+07
6.061435e-09,3.539575e-07,4.469489e-07,3.099432e-07,1.921248e+07,3.895689e+06,3.019141e+06
6.251414e-09,4.746567e-09,6.021273e-08,2.561556e-08,5.154264e+07,7.113161e+07,9.068977e+07
9.707950e-07,7.280002e-08,1.103106e-09,6.500865e-08,3.055819e+07,2.972207e+07,1.453613e+07
5.617701e-09,5.053829e-08,2.232009e-09,1.828624e-09,2.824052e+08,1.331032e+08,1.040225e+08
1.520308e-09,1.107403e-07,3.902846e-07,5.159431e-09,4.105287e+07,4.182513e+07,4.183563e+07
2.055208e-07,2.300031e-07,3.009328e-07,1.141055e-08,4.021030e+06,1.445181e+07,1.952000e+07
2.832714e-07,8.924541e-08,5.888142e-09,4.004131e-09,2.448553e+07,3.356077e+07,5.289966e+07
9.995148e-08,3.453631e-09,1.106269e-09,2.635477e-08,9.509878e+07,9.543934e+07,1.048172e+08
6.551070e-09,3.247320e-07,7.651401e-07,7.671764e-09,1.412451e+07,1.993513e+07,2.003502e+07
2.097386e-09,5.155368e-09,5.344286e-08,9.905796e-09,9.445305e+07,1.284481e+08,1.399347e+08
3.113992e-07,1.922683e-09,1.442487e-07,5.658286e-08,4.718297e+06,8.861805e+06,9.587464e+07
3.438447e-07,1.103560e-09,3.919010e-08,6.016145e-08,8.614511e+06,1.105256e+07,1.227278e+08
7.466818e-07,2.423145e-08,2.065532e-08,3.217437e-08,8.052231e+06,1.015466e+07,3.581420e+07
7.021799e-07,1.802218e-09,3.988051e-09,2.174180e-09,1.889711e+07,3.177313e+07,5.051829e+08
7.158989e-09,1.016861e-08,2.615992e-07,2.422275e-09,2.310766e+07,1.550674e+08,2.014919e+08
1.058611e-09,5.014079e-07,4.421836e-09,7.732981e-08,4.622006e+08,2.181322e+07,5.078447e+06
9.772433e-07,7.442060e-09,5.867328e-08,1.452639e-07,4.176173e+06,4.929472e+06,3.041407e+07
7.635620e-08,5.604139e-07,3.291400e-07,4.881224e-09,6.307940e+06,1.806929e+07,1.911970e+07
1.581722e-08,7.682235e-09,4.211148e-09,2.724215e-08,1.225278e+08,1.080148e+08,6.912506e+07
4.772852e-09,8.577723e-09,2.542357e-09,5.040808e-07,2.870733e+08,1.720775e+08,1.520771e+07
5.097420e-07,3.096628e-08,5.782672e-07,3.574514e-08,1.841877e+06,7.411980e+06,3.005709e+07
1.830519e-08,2.903828e-09,2.935568e-08,2.122459e-07,4.313868e+07,4.275864e+07,4.028051e+07
1.757421e-09,2.335757e-08,7.037171e-09,9.860546e-08,2.843564e+08,7.785806e+07,2.083703e+07
1.097120e-08,1.953256e-07,3.054780e-07,1.572555e-07,1.727361e+07,6.833235e+06,5.705813e+06
6.540441e-09,1.953182e-09,2.606046e-07,9.876285e-09,2.422175e+07,1.112331e+08,2.276837e+08
1.809530e-09,1.178960e-08,1.638939e-08,2.738544e-08,1.836267e+08,8.468675e+07,5.565326e+07
1.392769e-08,9.873460e-09,4.271739e-07,6.259507e-07,1.296457e+07,1.286378e+07,1.272024e+07
1.229995e-09,6.696066e-07,3.560713e-09,9.302095e-09,4.778372e+08,2.406028e+07,1.267067e+07
7.077536e-07,1.353317e-08,9.399277e-09,2.370198e-07,1.226060e+07,1.238351e+07,1.765663e+07
4.266583e-09,1.210757e-09,2.133698e-09,1.718032e-08,3.314312e+08,3.101483e+08,2.192582e+08
9.033282e-08,2.329915e-08,1.632096e-07,4.375980e-09,8.235772e+06,4.544201e+07,9.903581e+07
5.122004e-09,6.341306e-07,4.754222e-08,1.175164e-07,6.408263e+07,6.798199e+06,3.663206e+06
2.248993e-09,5.533284e-09,5.376660e-07,1.749487e-09,2.875740e+07,2.714543e+08,3.214054e+08
7.049491e-09,7.165995e-08,2.857033e-07,6.075578e-07,2.228248e+07,8.085826e+06,4.792564e+06
1.597896e-08,6.708815e-08,5.120037e-07,4.572209e-07,1.105577e+07,7.059892e+06,5.709710e+06
4.415987e-08,7.878876e-09,1.172934e-08,4.819174e-09,4.393891e+07,7.500547e+07,1.622862e+08
7.563405e-08,6.842781e-09,8.822173e-08,1.165898e-09,1.224203e+07,1.026490e+08,3.540409e+08
4.285654e-07,4.096421e-08,8.488334e-09,8.227756e-09,1.657984e+07,2.257792e+07,5.446995e+07
3.279609e-09,5.631498e-08,2.039208e-08,1.388705e-08,1.222808e+08,4.506877e+07,3.575881e+07
1.813462e-09,3.301998e-08,2.836944e-07,2.405032e-09,4.408799e+07,1.097172e+08,1.122151e+08
4.559349e-08,8.248970e-07,4.866480e-08,6.681096e-07,2.122956e+07,5.032432e+06,1.347027e+06
2.355014e-08,4.438730e-07,6.888046e-08,5.408602e-09,2.482877e+07,2.065460e+07,2.040930e+07
1.821631e-08,1.699686e-07,3.346513e-07,6.633520e-09,1.280777e+07,2.858234e+07,2.978130e+07
2.549722e-08,5.337547e-07,1.748454e-07,3.538325e-09,1.497706e+07,2.270638e+07,2.301072e+07
9.398860e-07,9.994747e-07,2.803875e-08,1.328932e-08,6.160034e+06,7.562451e+06,8.676862e+06
4.078979e-08,4.120360e-08,6.036749e-09,1.309109e-07,6.372689e+07,4.597253e+07,1.361584e+07
2.738229e-09,6.347745e-09,6.284043e-08,1.510624e-08,7.623344e+07,9.506383e+07,1.021203e+08
5.880900e-07,4.108601e-09,1.990279e-07,4.492493e-07,2.922948e+06,3.499017e+06,2.327605e+07
8.121047e-08,1.374914e-08,3.582864e-08,6.057163e-07,1.853868e+07,1.764389e+07,1.095790e+07
6.444287e-09,7.413744e-09,1.064844e-09,1.563633e-08,3.817417e+08,2.690372e+08,9.287819e+07
1.108302e-08,1.504041e-07,4.639425e-08,2.536830e-08,4.410003e+07,1.943131e+07,1.618916e+07
1.480512e-07,2.607425e-07,1.370247e-09,1.164300e-07,7.020928e+07,4.250001e+07,5.739337e+06
1.331770e-09,1.016910e-09,4.601452e-08,7.387589e-07,1.277432e+08,9.914286e+07,3.648442e+07
1.319711e-09,2.251141e-08,1.023831e-07,8.314219e-07,8.602931e+07,2.145513e+07,7.309504e+06
4.006597e-08,1.640535e-08,1.361889e-09,5.970829e-07,1.353759e+08,1.141589e+08,1.010392e+07
6.276149e-07,1.584511e-08,7.393200e-08,5.874115e-09,4.642342e+06,1.689934e+07,1.036528e+08
3.759109e-07,8.504167e-08,1.971056e-08,6.840040e-07,1.161738e+07,1.064122e+07,4.146243e+06
1.691638e-09,2.105009e-07,1.968471e-09,2.469470e-07,5.480015e+08,4.912408e+07,4.386025e+06
5.179093e-07,5.744579e-09,5.707063e-08,1.508031e-07,5.816568e+06,6.791508e+06,3.397550e+07
3.336202e-09,2.589567e-07,4.401154e-09,1.884630e-08,2.609700e+08,3.268874e+07,1.431441e+07
1.362383e-09,6.717512e-09,7.948755e-08,1.576376e-07,9.609502e+07,4.839567e+07,3.073023e+07
4.685949e-09,8.735068e-08,7.842882e-07,3.899004e-07,1.649542e+07,6.459128e+06,5.418636e+06
8.830548e-07,2.739407e-09,2.372636e-09,1.072561e-08,2.184694e+07,2.410536e+07,1.844849e+08
1.675156e-09,1.553893e-09,9.209099e-08,8.846731e-09,8.051259e+07,1.958797e+08,2.697107e+08
3.479894e-09,1.888388e-08,6.724661e-09,5.360440e-07,2.067196e+08,8.205393e+07,9.939262e+06
7.474277e-08,6.674510e-09,4.052530e-07,7.528530e-09,5.745824e+06,4.076464e+07,1.410702e+08
8.816978e-09,3.874031e-07,6.405605e-08,3.806915e-09,4.207848e+07,2.650217e+07,2.603945e+07
3.936356e-09,1.659651e-07,9.605876e-09,6.464916e-07,1.626239e+08,2.493651e+07,3.052883e+06
3.338879e-08,5.443648e-08,5.558870e-07,4.984460e-07,7.340175e+06,6.582287e+06,6.070800e+06
9.730100e-08,1.785471e-08,5.086968e-09,5.239937e-08,4.494815e+07,4.327599e+07,3.269344e+07
6.087640e-09,2.615156e-09,2.828074e-09,1.162519e-08,2.410073e+08,2.247544e+08,1.813640e+08
1.657312e-09,1.763761e-08,7.720032e-09,1.654467e-08,2.795685e+08,9.922644e+07,5.853979e+07
1.316809e-08,5.712211e-08,7.023561e-08,4.928891e-09,3.288213e+07,5.557836e+07,5.959684e+07
1.168617e-07,6.292828e-08,1.352728e-09,3.646045e-08,7.953506e+07,6.530141e+07,2.087690e+07
7.974514e-08,1.393337e-07,8.338397e-08,2.850954e-08,1.226328e+07,1.465770e+07,1.586634e+07
1.429402e-09,8.791427e-08,1.664211e-09,2.298424e-09,6.483634e+08,1.076814e+08,7.034856e+07
5.068089e-09,1.074137e-08,4.341774e-08,2.361456e-08,6.741309e+07,6.430725e+07,6.278851e+07
2.125516e-09,1.070536e-08,3.411840e-08,8.443250e-09,1.174285e+08,1.073079e+08,1.051827e+08
7.813231e-07,1.674954e-08,5.895422e-08,1.296066e-07,4.659370e+06,5.560751e+06,2.146273e+07
2.418939e-09,2.119061e-08,5.162830e-07,7.551096e-08,2.829721e+07,2.535669e+07,2.499904e+07
2.713465e-09,3.099025e-08,4.544379e-07,5.791438e-07,2.847742e+07,1.079451e+07,7.464389e+06
8.530931e-08,1.410468e-09,7.421560e-08,1.598868e-09,1.256765e+07,8.583475e+07,6.659047e+08
1.074803e-09,2.222510e-07,3.643331e-08,3.900814e-09,1.598035e+08,3.564839e+07,3.396257e+07
8.465795e-09,4.691384e-09,1.151432e-09,1.867394e-09,3.202927e+08,3.266635e+08,3.378560e+08
1.018893e-08,1.053885e-08,1.527456e-09,4.807046e-09,2.534845e+08,2.040123e+08,1.404961e+08
2.661698e-08,5.839999e-09,3.313137e-08,1.330728e-09,3.367448e+07,1.551860e+08,3.587145e+08
6.842175e-07,4.184886e-09,4.916830e-07,2.659444e-08,1.724091e+06,7.587906e+06,9.479005e+07
1.226220e-07,3.767284e-07,4.610729e-09,6.246391e-08,4.205629e+07,2.159619e+07,6.518854e+06
4.439686e-07,8.493377e-09,3.733024e-07,2.965146e-08,2.456368e+06,8.969810e+06,6.301396e+07
5.358612e-09,5.933387e-09,4.596948e-07,2.758788e-07,2.014833e+07,2.266385e+07,2.471664e+07
5.332286e-08,2.178350e-08,9.776533e-09,5.220277e-08,4.379765e+07,4.021108e+07,2.965442e+07
1.069407e-09,7.072608e-08,7.353595e-08,1.504357e-08,1.127661e+08,3.339587e+07,3.065736e+07
9.286984e-09,7.182295e-08,3.205727e-09,2.578271e-07,1.832734e+08,6.239977e+07,7.348591e+06
4.630628e-09,7.946318e-08,7.818773e-09,2.124053e-07,1.661922e+08,3.970986e+07,7.697228e+06
1.710217e-08,5.326682e-07,2.950980e-09,3.764915e-08,1.407639e+08,2.578175e+07,7.061453e+06
1.012810e-07,2.658581e-09,9.247883e-08,4.541194e-08,1.033273e+07,1.777342e+07,9.101019e+07
8.360250e-08,3.644825e-09,1.905577e-07,3.379599e-08,7.922771e+06,1.998226e+07,9.010089e+07
8.585266e-07,3.735586e-08,6.204146e-07,1.607378e-09,1.370194e+06,2.638623e+07,1.290511e+08
1.246703e-09,2.315950e-09,5.506419e-08,1.079823e-07,1.206935e+08,8.773201e+07,6.323523e+07
1.047780e-07,9.857728e-07,4.531451e-08,4.483020e-09,1.451263e+07,1.499260e+07,1.504272e+07
4.609118e-08,9.705303e-07,9.449352e-08,5.056523e-08,1.515270e+07,5.464687e+06,4.514082e+06
1.177228e-08,7.122477e-07,1.842848e-08,6.223732e-09,6.789301e+07,1.722989e+07,1.501962e+07
2.835624e-08,5.602779e-09,3.061190e-08,7.363984e-09,3.394146e+07,7.043278e+07,1.556832e+08
9.194918e-07,9.196767e-07,1.528803e-08,8.823292e-09,8.434325e+06,9.858451e+06,1.110113e+07
9.810963e-07,2.396002e-07,2.859722e-07,4.107389e-09,1.887914e+06,1.422361e+07,3.187671e+07
2.648813e-09,7.099493e-09,5.274600e-07,4.285570e-09,2.675344e+07,1.553418e+08,1.812934e+08
3.566843e-07,3.993425e-07,1.072494e-09,7.296420e-08,5.112821e+07,3.537550e+07,5.858310e+06
2.256152e-07,1.658312e-08,4.893061e-07,4.422509e-09,3.009716e+06,3.069261e+07,1.167703e+08
3.665302e-09,3.280002e-07,6.784476e-07,1.994149e-08,2.005335e+07,1.247561e+07,1.236472e+07
3.250378e-07,1.710525e-09,2.054429e-09,5.225156e-09,3.869791e+07,4.555662e+07,3.344920e+08
1.684096e-07,4.722872e-09,9.402033e-08,2.654086e-07,7.947046e+06,9.121135e+06,2.824486e+07
2.789851e-07,6.081625e-08,1.289293e-07,1.450409e-08,5.272707e+06,1.502421e+07,3.367014e+07
2.069414e-08,9.714195e-08,4.304322e-09,4.029557e-07,1.059556e+08,4.463913e+07,5.054380e+06
3.309424e-09,4.665687e-07,4.321891e-09,6.321694e-07,2.644155e+08,2.226640e+07,1.841304e+06
5.991231e-07,1.190480e-09,4.716931e-07,1.195797e-09,1.881101e+06,3.737077e+07,8.381279e+08
5.575138e-08,1.505211e-09,5.149075e-07,1.201098e-07,5.902114e+06,1.339141e+07,7.437246e+07
9.700508e-07,2.429061e-07,1.796712e-07,1.127178e-08,2.395320e+06,8.816449e+06,1.911105e+07
5.155337e-09,1.735046e-07,4.935025e-07,1.446935e-09,1.982562e+07,6.228704e+07,6.311317e+07
1.552380e-09,6.887106e-07,3.098066e-07,4.629385e-08,4.559903e+07,5.997524e+06,5.600412e+06
4.196629e-09,6.094309e-07,1.033762e-07,4.832012e-08,4.801085e+07,7.034947e+06,5.827386e+06
2.695348e-07,2.558578e-07,1.455528e-07,1.042201e-07,5.048732e+06,5.598153e+06,6.123857e+06
5.260787e-07,1.202020e-07,2.266077e-07,3.798498e-07,2.896258e+06,3.301766e+06,4.679918e+06
1.563834e-08,3.593359e-08,1.383077e-08,1.555896e-08,6.799569e+07,5.146093e+07,4.229212e+07
4.273122e-07,1.332710e-08,1.687523e-09,1.001654e-07,3.723938e+07,3.697953e+07,2.736992e+07
2.146430e-09,3.819162e-08,1.385606e-08,2.731140e-07,1.833672e+08,4.335797e+07,9.791381e+06
5.117428e-08,1.316887e-09,3.809896e-08,3.978738e-08,2.264736e+07,3.128659e+07,1.381507e+08
1.532605e-09,1.050755e-07,1.612660e-08,2.104563e-07,2.011470e+08,2.502454e+07,6.724627e+06
2.460058e-07,1.976145e-08,7.412616e-07,1.530896e-08,2.341756e+06,1.583855e+07,5.749338e+07
5.801704e-08,6.649989e-08,4.364035e-08,1.669389e-09,1.987367e+07,7.067383e+07,9.490973e+07
4.878988e-07,9.096025e-08,1.716323e-09,4.282289e-07,3.455697e+07,3.178943e+07,5.066828e+06
3.061990e-07,8.733166e-09,4.780822e-09,1.937484e-09,2.613646e+07,4.799003e+07,2.431057e+08
2.514102e-09,1.113655e-08,5.970336e-09,2.330536e-07,2.581126e+08,1.121803e+08,1.962893e+07
1.234663e-08,1.648878e-07,7.543938e-08,4.388946e-09,3.276625e+07,3.688293e+07,3.717284e+07
1.720968e-09,2.714680e-08,2.399412e-07,8.505300e-09,4.921088e+07,6.494005e+07,6.581060e+07
5.286617e-07,3.016673e-09,2.157461e-07,3.904835e-08,2.961008e+06,7.542193e+06,9.213711e+07
1.290148e-07,2.245577e-08,6.587026e-07,1.004395e-07,3.430327e+06,8.703632e+06,2.105639e+07
2.242288e-09,1.044420e-09,9.879769e-09,2.907808e-08,2.124618e+08,2.031237e+08,1.814594e+08
1.630643e-09,1.433533e-09,1.898848e-07,1.465407e-07,5.682971e+07,6.281501e+07,6.899492e+07
7.323937e-09,1.060533e-07,1.532386e-08,1.480686e-08,9.439382e+07,3.422364e+07,2.523518e+07
1.418488e-08,4.711385e-07,3.536661e-07,1.646343e-08,1.411856e+07,1.144470e+07,1.135444e+07
5.109405e-08,5.990293e-09,2.081045e-08,5.393773e-09,3.066720e+07,6.394993e+07,1.759258e+08
1.841171e-08,1.459527e-07,2.502961e-08,3.987382e-07,4.658283e+07,1.607271e+07,4.145244e+06
2.154842e-09,4.892708e-07,6.831413e-07,4.293972e-07,2.606376e+07,2.778073e+06,2.181704e+06
4.786509e-08,3.660159e-09,1.329977e-09,4.430108e-09,1.253339e+08,1.377448e+08,2.483378e+08
1.992959e-07,2.463935e-08,2.845098e-09,2.793965e-07,4.199545e+07,3.981899e+07,1.205244e+07
2.296292e-07,8.237793e-07,3.007482e-09,4.791339e-08,3.805265e+07,1.831553e+07,5.033454e+06
3.776297e-07,1.350110e-09,4.041154e-08,1.004960e-08,8.094951e+06,1.810687e+07,2.714820e+08
4.757115e-09,5.497765e-08,1.068564e-07,1.577866e-08,4.435350e+07,3.489462e+07,3.395251e+07
4.958494e-09,7.352547e-09,1.056238e-08,6.958444e-07,1.381797e+08,8.835744e+07,1.398057e+07
7.734467e-09,8.899085e-08,1.203380e-08,1.538150e-08,1.036534e+08,3.913142e+07,2.702887e+07
2.615393e-09,1.579971e-07,1.593641e-08,1.302748e-08,1.548946e+08,2.947226e+07,2.204171e+07
1.508136e-07,8.167203e-07,5.232995e-07,7.382005e-09,3.559628e+06,1.191575e+07,1.287882e+07
5.523182e-07,1.091589e-09,2.667442e-08,1.917928e-07,8.238684e+06,8.784278e+06,6.911213e+07
7.373575e-08,3.360311e-07,5.118809e-08,8.836302e-07,1.627708e+07,7.101915e+06,1.835165e+06
4.563795e-07,1.004293e-07,5.195783e-08,6.792339e-07,6.493988e+06,6.099966e+06,3.828777e+06
2.879479e-08,2.505142e-07,3.496256e-07,1.574710e-09,9.966471e+06,4.778957e+07,5.034816e+07
2.538919e-07,1.538314e-07,1.490392e-07,5.037254e-08,5.140737e+06,8.071335e+06,1.136006e+07
2.405830e-09,2.218716e-08,9.283577e-09,2.351812e-09,2.115972e+08,1.472061e+08,1.384356e+08
5.988292e-09,4.298386e-09,8.125371e-09,4.860852e-07,1.433596e+08,1.102911e+08,2.187717e+07
1.287384e-08,2.348513e-08,1.998110e-09,4.263223e-07,1.971679e+08,1.175980e+08,9.993889e+06
4.158893e-07,8.174663e-08,3.235372e-07,3.917528e-07,2.726145e+06,3.367573e+06,5.588033e+06
3.203848e-09,3.997622e-09,2.142354e-09,3.661433e-09,3.816967e+08,3.205339e+08,2.613807e+08
3.080168e-09,2.165240e-09,1.252808e-09,2.199759e-09,5.090617e+08,4.887104e+08,4.582045e+08
7.505677e-07,7.147882e-08,3.845208e-07,7.047640e-08,1.861423e+06,4.519334e+06,1.408930e+07
1.089933e-08,4.529315e-07,4.754081e-07,5.286696e-07,1.389206e+07,2.934799e+06,2.043580e+06
4.421467e-07,1.231999e-09,7.218446e-07,7.973935e-07,1.770088e+06,2.439874e+06,3.190498e+07
4.947583e-08,1.524732e-09,8.964142e-09,5.756819e-09,4.748420e+07,7.478852e+07,3.375296e+08
3.581045e-09,2.095435e-09,1.360718e-07,7.401165e-08,4.530134e+07,6.062088e+07,8.029950e+07
1.730722e-07,1.429459e-08,9.161878e-07,1.946328e-07,2.511274e+06,5.766009e+06,1.895859e+07
3.713726e-08,1.052277e-09,4.406808e-08,4.793561e-09,2.471912e+07,7.782527e+07,4.452520e+08
1.946743e-07,3.946841e-09,4.062622e-08,2.438736e-09,1.124456e+07,4.678037e+07,3.223241e+08
5.890353e-09,1.247917e-09,8.016139e-08,6.370015e-08,4.602001e+07,6.282363e+07,1.121597e+08
3.257908e-08,4.482937e-09,7.551648e-09,7.508550e-09,6.375433e+07,8.465486e+07,1.723617e+08
5.455135e-08,3.032836e-09,2.835398e-09,5.124823e-07,8.040633e+07,7.847647e+07,2.536507e+07
3.440179e-08,8.423636e-08,1.160018e-08,1.046994e-08,5.005843e+07,3.913684e+07,3.367271e+07
1.767747e-09,1.492507e-08,1.566812e-09,7.009128e-09,6.008712e+08,2.162895e+08,9.777094e+07
6.568156e-07,4.523827e-08,5.648915e-07,2.499797e-09,1.641707e+06,2.392331e+07,9.403612e+07
6.644482e-07,2.260098e-08,1.598335e-09,2.949287e-08,3.068566e+07,3.098364e+07,3.873271e+07
1.424392e-07,2.068052e-08,1.084979e-09,1.176896e-08,8.044048e+07,7.855707e+07,6.409885e+07
6.876764e-07,9.041589e-09,2.902468e-08,1.291953e-07,7.078223e+06,7.782069e+06,2.925864e+07
3.010270e-07,3.115426e-09,6.527537e-08,1.518199e-09,7.133828e+06,4.707494e+07,4.598084e+08
1.218651e-09,3.801871e-09,9.455672e-09,2.535825e-09,2.945874e+08,3.156141e+08,3.220636e+08
9.119953e-08,3.726444e-08,1.307457e-08,1.053782e-08,2.895943e+07,3.652500e+07,5.046349e+07
6.198904e-07,1.298238e-08,6.743434e-08,1.533957e-07,4.891049e+06,5.807961e+06,2.240867e+07
3.231659e-08,5.822561e-08,5.190032e-07,1.235650e-09,7.721509e+06,9.465489e+07,1.178949e+08
2.890682e-07,6.284770e-09,1.853160e-07,3.646645e-09,4.320593e+06,3.076905e+07,2.088856e+08
5.930065e-08,1.605805e-08,6.114876e-07,3.423112e-07,5.251416e+06,7.776019e+06,1.348786e+07
1.025862e-09,4.316367e-08,2.059548e-09,5.929688e-07,6.879701e+08,1.050043e+08,6.250646e+06
5.229546e-09,1.221355e-07,1.790074e-07,7.930455e-09,3.268380e+07,3.215430e+07,3.213143e+07
8.020436e-08,1.631743e-09,2.177212e-09,2.943034e-09,7.567469e+07,9.881547e+07,4.563274e+08
4.746812e-08,7.838339e-08,7.748805e-08,1.155284e-07,1.648852e+07,1.308899e+07,1.050857e+07
1.219590e-07,7.038746e-07,1.114162e-09,1.011912e-07,8.578646e+07,3.314800e+07,3.746977e+06
1.528285e-09,4.665455e-09,2.506630e-08,4.090447e-09,1.615670e+08,2.142706e+08,2.289115e+08
5.197184e-08,1.018646e-09,1.941227e-09,4.225953e-09,9.955838e+07,1.191088e+08,4.819768e+08
2.740308e-07,1.096874e-08,2.643164e-07,2.156988e-08,3.715680e+06,1.326443e+07,6.501265e+07
2.303576e-08,2.170475e-09,9.107887e-08,1.865225e-08,2.183182e+07,5.062167e+07,1.571654e+08
2.656289e-09,2.471117e-09,7.437294e-09,1.885644e-07,2.249857e+08,1.650987e+08,4.632587e+07
2.161866e-08,3.929780e-09,6.264140e-07,5.195878e-08,8.593200e+06,2.856221e+07,6.998201e+07
2.475175e-08,4.557069e-09,1.174555e-07,1.325036e-09,1.854643e+07,1.613701e+08,4.069522e+08
2.766803e-07,1.331689e-09,4.460022e-07,5.694924e-07,2.846705e+06,3.792230e+06,3.631238e+07
1.701584e-08,1.124331e-07,2.684514e-07,1.398608e-07,1.479587e+07,9.165709e+06,7.974525e+06
7.108821e-08,8.787233e-09,5.039872e-08,2.860009e-08,1.670673e+07,2.619450e+07,6.307979e+07
1.805195e-09,5.836594e-08,3.195574e-08,1.662672e-08,1.316629e+08,3.898234e+07,3.210088e+07
2.097835e-08,2.568377e-07,1.010953e-08,3.138763e-07,6.866714e+07,1.917078e+07,3.522016e+06
1.488872e-08,7.837907e-09,5.564467e-09,1.038638e-09,1.098651e+08,2.242140e+08,3.504836e+08
9.583182e-09,2.116565e-09,1.132375e-09,3.765380e-09,3.035639e+08,3.133364e+08,3.542255e+08
5.441108e-09,5.382330e-08,5.308344e-09,2.880687e-09,1.860702e+08,9.505867e+07,8.030948e+07
4.106578e-07,9.933282e-08,5.860630e-07,1.140284e-07,2.038393e+06,4.532289e+06,9.396087e+06
7.314480e-07,8.330926e-08,5.823154e-09,2.820490e-09,1.532248e+07,2.541516e+07,6.523656e+07
2.990965e-08,3.374467e-08,6.118874e-08,1.002571e-09,2.337538e+07,1.261995e+08,1.719253e+08
3.095080e-07,9.915680e-09,3.211987e-09,1.029093e-07,3.171591e+07,3.170323e+07,3.130483e+07
2.703974e-08,4.603164e-09,2.168864e-07,1.119082e-08,1.305818e+07,5.449487e+07,1.393287e+08
7.687549e-07,2.105773e-08,2.314112e-09,8.202760e-09,2.370903e+07,2.648555e+07,7.608766e+07
7.644599e-08,2.171948e-08,5.659914e-08,7.634112e-09,1.520259e+07,3.891494e+07,7.765976e+07
5.191237e-07,7.467419e-07,2.301056e-08,1.903993e-09,9.149576e+06,2.119515e+07,2.652052e+07
1.464022e-09,7.613763e-08,3.658628e-09,8.794655e-07,4.320829e+08,5.947122e+07,3.864479e+06
2.686634e-08,1.902710e-08,5.233630e-08,8.314604e-08,2.666823e+07,2.604616e+07,2.514160e+07
1.059873e-09,1.304655e-07,9.173045e-09,2.081212e-09,3.207128e+08,6.694818e+07,6.068677e+07
5.570531e-07,1.294430e-07,1.497052e-09,6.141433e-09,3.462846e+07,3.478814e+07,3.546712e+07
4.547903e-07,9.830613e-08,2.205204e-07,7.377939e-08,3.157694e+06,5.718770e+06,1.174200e+07
2.951343e-07,6.512725e-09,2.187912e-09,1.541110e-08,3.935276e+07,4.159708e+07,9.981637e+07
2.406190e-08,1.282944e-09,3.850417e-09,5.688895e-08,1.038918e+08,1.045978e+08,1.170529e+08
2.633021e-09,2.062963e-09,1.436846e-07,2.437624e-09,5.141237e+07,2.980618e+08,4.459344e+08
1.643520e-09,1.477730e-09,9.425173e-09,7.568895e-07,2.540785e+08,1.855147e+08,2.990103e+07
7.750448e-09,5.843289e-07,4.452006e-08,4.929926e-07,5.383426e+07,6.431412e+06,1.863164e+06
1.613154e-09,2.162790e-08,2.122670e-07,2.797195e-08,5.404070e+07,4.172450e+07,4.065663e+07
4.156269e-08,2.346377e-09,1.544063e-07,1.708835e-07,1.248290e+07,1.675620e+07,4.994029e+07
3.912957e-09,1.462998e-08,1.699954e-09,7.330245e-08,3.877296e+08,1.801651e+08,3.053648e+07
9.741147e-07,2.202228e-09,2.233578e-08,2.903436e-09,6.779449e+06,1.996576e+07,3.954693e+08
4.341163e-07,5.326518e-09,5.435830e-09,6.532913e-08,2.058562e+07,2.129470e+07,5.360742e+07
2.969348e-09,6.452487e-08,6.752929e-08,2.615416e-07,7.061930e+07,1.661479e+07,7.697790e+06
7.315285e-08,2.562820e-09,2.703494e-08,3.270383e-09,2.248649e+07,6.728287e+07,3.454153e+08
1.266675e-08,1.082444e-08,2.520073e-09,3.676055e-07,1.769950e+08,1.304141e+08,1.585281e+07
1.425862e-08,2.371070e-09,1.532768e-07,5.708062e-07,2.139060e+07,2.230845e+07,2.718213e+07
2.644784e-07,3.156850e-07,2.631577e-09,8.492202e-07,3.790503e+07,2.563236e+07,1.931358e+06
1.962479e-09,2.150700e-07,1.091434e-08,6.261909e-08,2.160721e+08,2.226527e+07,8.617011e+06
1.480001e-09,5.600439e-08,5.682388e-09,2.712595e-09,3.448288e+08,9.733679e+07,8.113281e+07
3.283502e-07,1.809407e-09,1.304240e-08,1.923576e-07,1.528103e+07,1.574725e+07,5.360152e+07
1.103247e-07,5.429751e-07,2.481884e-07,3.929570e-08,6.043282e+06,6.717186e+06,6.846010e+06
4.383281e-07,5.058200e-09,7.756927e-07,8.756779e-08,1.714966e+06,5.353807e+06,4.751490e+07
2.591920e-09,7.463893e-08,1.421656e-07,1.739791e-08,5.209452e+07,2.890185e+07,2.775037e+07
2.508888e-08,8.226091e-09,1.305717e-09,1.519158e-08,1.747169e+08,1.580013e+08,8.945442e+07
2.919949e-07,2.207813e-08,6.029941e-08,3.434390e-07,7.536260e+06,7.878679e+06,1.148402e+07
2.513649e-07,7.528646e-08,1.501447e-09,2.009715e-07,5.147456e+07,4.532304e+07,8.129696e+06
1.152368e-08,1.570795e-07,2.822964e-08,8.379589e-07,5.544364e+07,1.473701e+07,2.756316e+06
2.135686e-09,5.459389e-07,1.302274e-09,1.208398e-07,5.996255e+08,3.763194e+07,3.893346e+06
1.647430e-09,3.414351e-07,4.322402e-07,1.840190e-09,3.747433e+07,3.988338e+07,3.989465e+07
2.037073e-08,3.517552e-07,2.303572e-09,2.095876e-08,1.459808e+08,3.598305e+07,1.164654e+07
3.034593e-08,1.377149e-09,2.072532e-07,2.482393e-07,1.260954e+07,1.670579e+07,5.408468e+07
2.103483e-07,8.362048e-09,5.280055e-08,2.291346e-07,9.488799e+06,1.032227e+07,2.284538e+07
3.154378e-09,2.033670e-07,1.725394e-08,3.998566e-08,1.355498e+08,2.004331e+07,1.108939e+07
6.042295e-09,1.244312e-09,9.788309e-07,9.468093e-08,1.300305e+07,3.987086e+07,9.213064e+07
2.341113e-09,2.642908e-07,7.167566e-09,4.392906e-08,2.441198e+08,2.467052e+07,9.280750e+06
3.074846e-09,8.005714e-09,6.048049e-09,4.507450e-07,2.318893e+08,1.229719e+08,1.664694e+07
1.138710e-08,1.176484e-09,4.488339e-08,4.385065e-08,4.423343e+07,5.990423e+07,1.392256e+08
3.854063e-08,2.110669e-09,2.524725e-09,3.767345e-08,1.013756e+08,1.019627e+08,1.121430e+08
1.208054e-09,4.830149e-07,1.002683e-08,2.508529e-09,2.873260e+08,3.208147e+07,2.872832e+07
4.084969e-09,2.096194e-07,3.005880e-07,3.096402e-07,2.853776e+07,5.538918e+06,3.925144e+06
5.489150e-07,4.619019e-08,2.184849e-07,9.685303e-08,2.887598e+06,5.004076e+06,1.495094e+07
1.787169e-09,1.530928e-08,1.379972e-09,1.164582e-08,6.367692e+08,2.177353e+08,7.489235e+07
6.380662e-07,3.044070e-07,2.955547e-09,1.191143e-09,2.302757e+07,3.535211e+07,5.251589e+07
7.770880e-07,1.516519e-09,4.282589e-07,2.872770e-08,1.733452e+06,6.907003e+06,1.515045e+08
8.913080e-09,2.996604e-08,4.897707e-09,1.250676e-07,1.513525e+08,7.387317e+07,1.633477e+07
2.120456e-09,1.959733e-07,8.629662e-07,2.149377e-08,2.337699e+07,1.551496e+07,1.540797e+07
1.705165e-09,9.628089e-07,8.503258e-09,4.566179e-07,2.626178e+08,1.114448e+07,1.508181e+06
7.282154e-09,1.646949e-09,4.819853e-09,4.638041e-09,1.687925e+08,2.176753e+08,3.618201e+08
1.039740e-08,2.386009e-09,6.384551e-07,7.530155e-08,1.227361e+07,3.407882e+07,7.460398e+07
1.598160e-07,4.781369e-08,1.326981e-09,5.282257e-07,6.866850e+07,6.032089e+07,6.292368e+06
4.477888e-07,1.940424e-08,1.247072e-07,5.308104e-08,4.231726e+06,7.582071e+06,3.115889e+07
2.593630e-07,1.893457e-08,5.796186e-08,9.600376e-07,8.155955e+06,8.107814e+06,7.416999e+06
2.827687e-09,9.151041e-09,2.465015e-07,4.553593e-07,3.787691e+07,2.284721e+07,1.549129e+07
4.912957e-07,2.742511e-07,2.307801e-07,1.785214e-07,2.969815e+06,3.602396e+06,4.519399e+06
6.605375e-07,7.636553e-08,1.009222e-09,1.563662e-07,3.873093e+07,3.678735e+07,9.151238e+06
2.645824e-08,3.316686e-08,1.243107e-08,2.031253e-08,5.513982e+07,4.663505e+07,3.852705e+07
5.482555e-07,4.211524e-09,7.481428e-09,1.278270e-07,1.561408e+07,1.600316e+07,4.309919e+07
1.048577e-08,1.138673e-08,5.365539e-08,1.547183e-08,4.215929e+07,6.170180e+07,7.534069e+07
9.649347e-08,3.693970e-09,1.332328e-08,3.036921e-09,2.788980e+07,6.352802e+07,2.985634e+08
3.039622e-09,1.099705e-09,1.060811e-08,1.792718e-08,1.761048e+08,1.903931e+08,2.252195e+08
8.870384e-08,3.203418e-07,1.558494e-07,1.281385e-07,8.505038e+06,5.896193e+06,4.935753e+06
1.007014e-07,1.530401e-09,9.956357e-08,2.747832e-08,9.986932e+06,2.131254e+07,1.542064e+08
1.293547e-08,1.165826e-08,1.055890e-07,4.366303e-09,2.705824e+07,9.847584e+07,1.401607e+08
2.127449e-08,3.469936e-09,2.284753e-08,9.934411e-07,4.535767e+07,4.253820e+07,1.703210e+07
2.338311e-07,5.287737e-09,1.527299e-07,4.217093e-08,5.291597e+06,1.124945e+07,6.696664e+07
1.258167e-08,1.661758e-09,7.993270e-09,7.811908e-07,9.971686e+07,9.419787e+07,2.775476e+07
2.387711e-09,1.366734e-08,5.543237e-09,1.549437e-09,2.748700e+08,2.267935e+08,2.173057e+08
4.361378e-09,9.352037e-08,1.801010e-09,1.310694e-09,3.568043e+08,1.160485e+08,9.032256e+07
2.395114e-07,2.523045e-09,4.105857e-07,1.435518e-08,3.188856e+06,1.725915e+07,1.661626e+08
1.440393e-07,8.216336e-07,1.741530e-07,1.144081e-07,6.313848e+06,3.872666e+06,3.261614e+06
5.944621e-08,1.362228e-07,2.566713e-07,1.509996e-09,8.095604e+06,5.834784e+07,6.972479e+07
6.827138e-09,7.442887e-08,1.146499e-07,3.029258e-08,3.574323e+07,2.266288e+07,2.106013e+07
4.739583e-07,2.018876e-07,2.052155e-08,4.955200e-09,1.013969e+07,1.925363e+07,3.161656e+07
1.510987e-09,7.163680e-09,9.986717e-08,2.748536e-09,8.140634e+07,2.075957e+08,2.253623e+08
1.099178e-09,2.405615e-08,1.530948e-07,2.771779e-07,7.708783e+07,2.007693e+07,1.224638e+07
1.441447e-09,4.383211e-09,9.073200e-09,1.107004e-07,2.765161e+08,1.430838e+08,4.539721e+07
5.945013e-07,1.783254e-09,3.893148e-07,3.188375e-07,2.078611e+06,3.093153e+06,4.193809e+07
1.971222e-08,9.190625e-09,7.976977e-09,7.159439e-09,7.974677e+07,9.575966e+07,1.232787e+08
1.169228e-08,3.387441e-08,8.411188e-09,4.252760e-07,1.008374e+08,5.158227e+07,8.331605e+06
1.275198e-08,2.364915e-07,7.522494e-09,3.273238e-08,1.021010e+08,2.561106e+07,1.136589e+07
1.349238e-07,1.277363e-09,6.472345e-08,2.116365e-07,1.070101e+07,1.217085e+07,6.082015e+07
1.658240e-08,2.630211e-08,1.214390e-07,4.325931e-07,2.228421e+07,1.568189e+07,9.374862e+06
3.522619e-07,7.486896e-09,2.116562e-08,1.245493e-08,1.158115e+07,1.882854e+07,1.035567e+08
1.389276e-08,1.978295e-09,6.874849e-08,2.099572e-07,3.235744e+07,3.487972e+07,4.906695e+07
2.194962e-09,4.298623e-07,7.791527e-09,3.733896e-08,2.418105e+08,1.894837e+07,7.893221e+06
8.316530e-07,3.011727e-07,4.482050e-09,4.026892e-09,1.637912e+07,2.040013e+07,2.871489e+07
9.486594e-07,2.160740e-08,1.170020e-09,1.541775e-08,3.001569e+07,3.078516e+07,5.478835e+07
8.354794e-07,4.495172e-09,8.548570e-09,5.553374e-07,1.183274e+07,1.189152e+07,2.001467e+07
6.729623e-08,4.899484e-07,7.776399e-08,1.285702e-08,1.382342e+07,1.275358e+07,1.259954e+07
2.875391e-09,6.975885e-07,3.945944e-07,8.040119e-08,2.968767e+07,4.623227e+06,4.222495e+06
1.081931e-07,1.343695e-08,1.265352e-07,2.068531e-08,8.546622e+06,2.150438e+07,5.998169e+07
2.719245e-08,1.847251e-09,1.034561e-09,7.423884e-09,1.885375e+08,1.947401e+08,2.700359e+08
1.932527e-07,2.580348e-09,5.830439e-08,7.783619e-09,9.420774e+06,2.726948e+07,2.231362e+08
1.189099e-07,1.600613e-07,1.640025e-07,2.280991e-08,7.160869e+06,1.337938e+07,1.654989e+07
5.017343e-08,2.207370e-07,6.065507e-07,2.511531e-07,5.732308e+06,4.558826e+06,4.247107e+06
2.944829e-07,2.117008e-07,2.392090e-08,3.129890e-07,1.191465e+07,9.428650e+06,3.884850e+06
5.262383e-09,7.385726e-07,5.171969e-07,5.584827e-07,1.916818e+07,2.237538e+06,1.557036e+06
5.153195e-07,1.300432e-08,6.624326e-07,7.254458e-08,1.711555e+06,5.380387e+06,3.255770e+07
6.562390e-08,1.825753e-08,5.419223e-09,2.367642e-08,5.302742e+07,5.199416e+07,4.809733e+07
8.484201e-08,6.132403e-07,4.629645e-09,4.689307e-08,5.045691e+07,1.843817e+07,5.896989e+06
7.000475e-09,1.377539e-08,4.044332e-07,2.072158e-07,1.879372e+07,1.874290e+07,1.871702e+07
6.586198e-07,2.089921e-08,9.956618e-07,8.868245e-08,1.234885e+06,4.251166e+06,2.322824e+07
3.500760e-07,4.805158e-08,1.737308e-07,4.498288e-09,4.054903e+06,2.393404e+07,6.801779e+07
2.094266e-07,2.056895e-09,3.266975e-07,2.339003e-08,3.823060e+06,1.471844e+07,1.441712e+08
1.157171e-08,6.284395e-07,6.224099e-08,3.565780e-07,3.726172e+07,5.430050e+06,2.112472e+06
3.607814e-07,1.958251e-09,2.093347e-09,1.567092e-07,3.638793e+07,3.653115e+07,5.708455e+07
4.198385e-07,3.554802e-09,2.447734e-08,4.164418e-08,9.864537e+06,1.237771e+07,8.218928e+07
7.189616e-08,9.404472e-08,5.584035e-08,9.992218e-09,1.578240e+07,2.666482e+07,3.262134e+07
6.760262e-09,1.275994e-07,4.693195e-07,1.801113e-08,1.775350e+07,2.071441e+07,2.085956e+07
2.739623e-08,1.087990e-09,3.851639e-07,7.189769e-07,9.734908e+06,1.183123e+07,3.575445e+07
1.293776e-07,4.657418e-08,3.141214e-09,1.131866e-08,4.960458e+07,4.807720e+07,4.355418e+07
1.375933e-08,1.483120e-08,2.796240e-08,2.072849e-08,5.098168e+07,5.420530e+07,5.703324e+07
2.798571e-09,5.725336e-09,3.423396e-09,1.045303e-09,3.230749e+08,3.827556e+08,4.087695e+08
3.311448e-08,5.757399e-08,2.966866e-07,6.308661e-09,1.008886e+07,4.224977e+07,5.247087e+07
1.314037e-09,1.922479e-07,4.177092e-09,7.926259e-08,4.268341e+08,3.608321e+07,8.100933e+06
3.058359e-09,5.921421e-08,1.868110e-09,1.131291e-07,4.183643e+08,9.347745e+07,1.221799e+07
1.401271e-09,4.330559e-07,7.315110e-07,5.145116e-08,3.123406e+07,6.919726e+06,6.699316e+06
1.262794e-08,5.757819e-09,1.160528e-09,1.333983e-09,2.612197e+08,2.960390e+08,3.608244e+08
2.650234e-07,5.931202e-08,7.814122e-09,3.134129e-08,2.197444e+07,2.220241e+07,2.319371e+07
7.800024e-08,1.619255e-09,7.156933e-09,4.942705e-07,4.232418e+07,4.219379e+07,3.534761e+07
5.599057e-07,2.486565e-08,1.822527e-09,2.478183e-08,3.130441e+07,3.173801e+07,4.028408e+07
4.619634e-09,8.443750e-08,7.197341e-08,2.144537e-09,5.484161e+07,7.343016e+07,7.431312e+07
6.446290e-07,1.005980e-09,5.062893e-07,1.224969e-07,1.750434e+06,3.962744e+06,9.008296e+07
2.638412e-07,7.280957e-07,2.871415e-09,1.754994e-08,3.633128e+07,2.021224e+07,8.846427e+06
4.590342e-09,5.919298e-07,4.552002e-08,6.136893e-09,6.917932e+07,1.760663e+07,1.659169e+07
3.095802e-08,2.125809e-08,5.628077e-07,6.036062e-09,7.575885e+06,5.662880e+07,8.827974e+07
3.002245e-09,8.604805e-08,2.291310e-09,4.767447e-08,3.812721e+08,7.166941e+07,1.561301e+07
2.404024e-07,1.933772e-08,3.504960e-08,3.607747e-08,1.089404e+07,1.471595e+07,3.785990e+07
1.760123e-08,6.614331e-09,1.516423e-07,7.013838e-07,1.935612e+07,1.819893e+07,1.468180e+07
4.810092e-09,4.704205e-08,7.233440e-09,1.459977e-08,1.695317e+08,6.314369e+07,3.815785e+07
1.832800e-08,3.000672e-09,5.949654e-09,1.066840e-08,9.576275e+07,1.107931e+08,1.767425e+08
3.775544e-09,3.031377e-07,5.321144e-07,1.736271e-08,2.231042e+07,1.392053e+07,1.378387e+07
1.717174e-08,6.151888e-07,1.061287e-07,1.217219e-09,2.342482e+07,3.625014e+07,3.654361e+07
7.817318e-07,2.761973e-09,1.364559e-07,1.666902e-07,3.061787e+06,4.121735e+06,4.660530e+07
5.210351e-08,1.452691e-07,3.308872e-09,2.054397e-09,7.615993e+07,6.322505e+07,5.788568e+07
1.519699e-07,4.861885e-09,8.316802e-07,5.401237e-07,2.812827e+06,4.412697e+06,1.951421e+07
1.373561e-09,8.080353e-07,5.653762e-07,1.957872e-07,3.588453e+07,2.914701e+06,2.514159e+06
9.919451e-09,8.229934e-08,2.289697e-07,1.197499e-09,2.098298e+07,9.540813e+07,1.007312e+08
1.003310e-07,6.033911e-08,1.445800e-08,4.605367e-08,2.625599e+07,2.378296e+07,1.897005e+07
1.198593e-09,3.333732e-08,6.547026e-07,1.124988e-07,3.569785e+07,1.736693e+07,1.632904e+07
9.088712e-09,2.409229e-09,1.281226e-08,6.964588e-08,9.266933e+07,8.964916e+07,7.719928e+07
1.697246e-07,2.033850e-08,6.848722e-07,8.345848e-07,2.933072e+06,3.739859e+06,7.675475e+06
1.338672e-09,7.795714e-07,9.939532e-08,7.224609e-08,8.669220e+07,5.532487e+06,4.213712e+06
5.181161e-09,3.446746e-07,4.815015e-09,1.471462e-08,2.002109e+08,2.806915e+07,1.404174e+07
1.394198e-09,6.399394e-08,6.057283e-08,4.312178e-08,1.088175e+08,2.464004e+07,1.903629e+07
1.451400e-07,8.791627e-07,2.418947e-07,7.088743e-07,5.336951e+06,2.326620e+06,1.266720e+06
6.907044e-09,1.934683e-09,3.369044e-07,1.798631e-08,2.073006e+07,8.138687e+07,1.695212e+08
4.859286e-08,1.561884e-08,3.914558e-09,1.611426e-08,7.250575e+07,7.031922e+07,6.303337e+07
1.064878e-09,7.594055e-09,2.805722e-07,4.823049e-07,5.785325e+07,2.551596e+07,1.652351e+07
4.331833e-08,1.273248e-09,1.488359e-09,1.928431e-08,1.245404e+08,1.273983e+08,2.018094e+08
1.622830e-08,1.529503e-07,4.477302e-08,2.342164e-07,3.709841e+07,1.254020e+07,5.283433e+06
7.142814e-07,1.739558e-08,9.523882e-08,3.960170e-07,3.834055e+06,4.219201e+06,1.204824e+07
1.311109e-09,3.922261e-08,5.216874e-09,1.437075e-07,3.823626e+08,7.000511e+07,1.331963e+07
1.795374e-07,1.289800e-09,8.997463e-07,6.885421e-08,2.488069e+06,9.298548e+06,1.061142e+08
3.764680e-08,1.414881e-09,3.548497e-07,2.988112e-07,8.651945e+06,1.256262e+07,4.863418e+07
4.140153e-08,5.157229e-08,1.855381e-07,6.823265e-08,1.140973e+07,1.468344e+07,1.685760e+07
3.259619e-08,1.520145e-09,1.531628e-09,5.114811e-09,1.415272e+08,1.576964e+08,3.586267e+08
2.809447e-07,1.042726e-07,1.208201e-07,1.859073e-08,5.427753e+06,1.269339e+07,2.271259e+07
5.167863e-09,2.689172e-09,7.013434e-08,2.643776e-07,5.252658e+07,4.791801e+07,3.750407e+07
1.066582e-07,6.252834e-07,6.166215e-07,9.602806e-08,3.899362e+06,4.055005e+06,4.080961e+06
2.533486e-08,6.494730e-08,3.023437e-07,1.133638e-07,1.142590e+07,1.159058e+07,1.165419e+07
1.300172e-09,1.158949e-09,4.054142e-09,4.660815e-07,4.355622e+08,3.180836e+08,4.302659e+07
2.124947e-07,7.918108e-09,1.794542e-07,1.604387e-08,5.120934e+06,1.755179e+07,8.872269e+07
3.110599e-08,2.880362e-09,1.737738e-09,1.052147e-09,1.360147e+08,2.118900e+08,5.744314e+08
3.277447e-07,1.461002e-08,3.717216e-08,4.715078e-08,9.059898e+06,1.185445e+07,3.810046e+07
7.918374e-09,7.563401e-09,5.375442e-09,1.902702e-08,1.532763e+08,1.241406e+08,8.335969e+07
9.151738e-07,4.439040e-08,1.076656e-08,8.860962e-07,1.007418e+07,9.897991e+06,5.042141e+06
2.822791e-08,1.623590e-07,7.559468e-08,2.164512e-07,2.164786e+07,9.677283e+06,5.334354e+06
5.620704e-08,2.351133e-07,2.955647e-07,9.936723e-08,7.758510e+06,6.794036e+06,6.542441e+06
4.396239e-08,1.558733e-07,5.880484e-07,8.197332e-07,6.219462e+06,3.822859e+06,2.797550e+06
8.152727e-08,3.347163e-09,9.706287e-09,1.198761e-08,3.554856e+07,4.686919e+07,1.578684e+08
2.973877e-07,6.237349e-09,1.819234e-07,2.885598e-09,4.299265e+06,3.405105e+07,2.357122e+08
1.624296e-07,1.607797e-08,3.660882e-07,1.685477e-09,4.100856e+06,5.778402e+07,1.920981e+08
1.795782e-09,6.698030e-09,1.413843e-07,3.732110e-08,6.275851e+07,6.314511e+07,6.324836e+07
4.872250e-07,7.560641e-08,3.925335e-09,8.727188e-07,2.286635e+07,2.132293e+07,3.892992e+06
1.171033e-07,8.575908e-07,2.040213e-07,8.358594e-08,6.469604e+06,4.159694e+06,3.735023e+06
5.517146e-09,3.190866e-07,1.839929e-07,4.895713e-07,3.138645e+07,4.799591e+06,2.530100e+06
2.337449e-08,8.702647e-07,3.685410e-08,1.302869e-07,3.407109e+07,6.241186e+06,2.969778e+06
8.001577e-09,2.481704e-08,7.169543e-07,8.871647e-09,1.320281e+07,5.896689e+07,6.739425e+07
7.732051e-07,4.673761e-08,3.479112e-07,1.942332e-08,1.928051e+06,8.142226e+06,3.318983e+07
1.092071e-08,1.376163e-07,9.656963e-09,1.168804e-08,9.737650e+07,3.568122e+07,2.493413e+07
9.361315e-09,3.281859e-07,2.356998e-07,2.801348e-07,2.128884e+07,4.810883e+06,3.298045e+06
3.322295e-08,2.637913e-07,5.291682e-09,9.520690e-08,7.541957e+07,2.591554e+07,6.310090e+06
3.593556e-07,1.085526e-08,1.561293e-07,8.740060e-09,4.221779e+06,1.806533e+07,1.026651e+08
2.445560e-09,6.117129e-07,1.907845e-08,1.070327e-08,1.463994e+08,1.541008e+07,1.235856e+07
2.824202e-07,5.235391e-09,1.638773e-09,7.407147e-07,4.648284e+07,4.610882e+07,1.605831e+07
3.148839e-08,3.714673e-07,8.621264e-09,2.596836e-09,6.069310e+07,3.526333e+07,3.219715e+07
4.681741e-08,1.553439e-07,3.648546e-07,1.495777e-07,7.651320e+06,6.828444e+06,6.560237e+06
4.378768e-08,1.570349e-08,6.077947e-08,5.139248e-08,1.938410e+07,2.456901e+07,3.520077e+07
2.578487e-08,4.134006e-09,7.780966e-08,3.785471e-09,2.232548e+07,9.622386e+07,2.527868e+08
7.206899e-09,2.281879e-09,2.010482e-08,9.311604e-07,8.307602e+07,7.317847e+07,2.169409e+07
1.913077e-09,1.894102e-07,2.517955e-08,6.122158e-08,1.440820e+08,1.711589e+07,9.286370e+06
4.347042e-09,4.352786e-09,5.808346e-08,6.932083e-08,6.293277e+07,6.030851e+07,5.756844e+07
7.384905e-08,5.502480e-07,4.822818e-07,1.453452e-08,5.298795e+06,1.065666e+07,1.118202e+07
1.333746e-08,3.717957e-09,2.020075e-09,5.811183e-09,1.926548e+08,1.977738e+08,2.151372e+08
6.049329e-08,1.543585e-09,7.672182e-08,4.804004e-08,1.467868e+07,2.335903e+07,1.161269e+08
4.413802e-07,3.343837e-08,3.542619e-08,4.613035e-09,7.997078e+06,2.271556e+07,8.051635e+07
3.023919e-07,1.533441e-07,2.291932e-08,2.502185e-09,1.201197e+07,3.118771e+07,5.105130e+07
1.839743e-07,1.692140e-07,1.259228e-09,2.565378e-09,6.570057e+07,5.789782e+07,4.799611e+07
6.158999e-08,5.561263e-08,1.427012e-09,1.113834e-07,1.066673e+08,7.781832e+07,1.270583e+07
2.670710e-08,2.112759e-08,1.250829e-08,2.188817e-09,5.471265e+07,1.059353e+08,1.470518e+08
3.164394e-08,7.040314e-09,4.016993e-08,3.768459e-09,2.804815e+07,8.662087e+07,1.941431e+08
9.109701e-09,1.064964e-08,8.875644e-09,3.285177e-07,1.112111e+08,7.652489e+07,1.690648e+07
1.504358e-07,1.433279e-08,5.937986e-07,7.231969e-07,3.345837e+06,4.314267e+06,9.822146e+06
1.873397e-07,2.912119e-08,1.120240e-07,1.477422e-07,6.902867e+06,8.515179e+06,1.524555e+07
2.210419e-08,2.339670e-07,4.253887e-08,1.567605e-09,3.261142e+07,5.082291e+07,5.221609e+07
1.442651e-09,7.598893e-07,7.540286e-07,2.522853e-08,3.031974e+07,7.335226e+06,7.222356e+06
2.444279e-08,4.249913e-08,2.437298e-07,5.862446e-08,1.295598e+07,1.777932e+07,2.003413e+07
3.534016e-09,2.974132e-09,5.735558e-09,1.484273e-09,2.221150e+08,3.609858e+08,4.759518e+08
6.668918e-09,1.605460e-09,4.500377e-08,8.481706e-08,5.772286e+07,6.411187e+07,8.569562e+07
9.456943e-07,2.443666e-08,2.747724e-07,3.280053e-08,1.961725e+06,5.931054e+06,3.532146e+07
2.114941e-08,2.030745e-08,2.281037e-07,2.758126e-08,1.439742e+07,3.130986e+07,4.225374e+07
3.274068e-08,1.367729e-08,2.933446e-09,3.258850e-09,1.020392e+08,1.181304e+08,1.497848e+08
1.205484e-08,7.091417e-08,3.287427e-09,5.006741e-08,1.588514e+08,6.250623e+07,1.678247e+07
5.426454e-08,5.883508e-07,5.458662e-07,4.735905e-07,5.810304e+06,2.477218e+06,1.894438e+06
4.307098e-07,8.091939e-08,3.236867e-08,3.725356e-09,8.469255e+06,2.418765e+07,5.759567e+07
2.416762e-08,2.507772e-08,3.004221e-08,6.945310e-08,3.711224e+07,3.111767e+07,2.396129e+07
3.016613e-09,6.921820e-07,1.249679e-08,2.413238e-08,1.628700e+08,1.321782e+07,7.737307e+06
1.334069e-09,3.411256e-09,6.041861e-07,1.145245e-09,3.522293e+07,4.293673e+08,5.059336e+08
3.456285e-09,5.165305e-07,1.729040e-07,3.642986e-07,4.090653e+07,4.049875e+06,2.305278e+06
4.290869e-09,1.063826e-09,5.488361e-08,1.175410e-09,6.516374e+07,4.028463e+08,8.942729e+08
5.879669e-08,6.310022e-08,1.519260e-09,8.145680e-08,1.058053e+08,7.416523e+07,1.394829e+07
2.099931e-09,5.763940e-07,1.779309e-07,4.063332e-08,5.173350e+07,7.228918e+06,6.534301e+06
2.185033e-08,3.803680e-07,3.402967e-09,3.531342e-08,1.159691e+08,2.830204e+07,8.628357e+06
9.024260e-09,5.110706e-09,3.301915e-08,6.852833e-09,5.793103e+07,1.116525e+08,1.689758e+08
1.737376e-09,1.134888e-09,3.079617e-08,8.373416e-07,1.367114e+08,1.082636e+08,3.243936e+07
3.445038e-09,1.000315e-07,5.891038e-07,1.597580e-07,2.219765e+07,8.769052e+06,7.910433e+06
2.375209e-08,1.025345e-08,5.852640e-08,7.028605e-09,2.682089e+07,6.845697e+07,1.177960e+08
1.124474e-08,1.382225e-09,7.327514e-08,8.602148e-07,3.483750e+07,3.424708e+07,2.900061e+07
2.069091e-09,1.990297e-09,3.125996e-07,4.208761e-08,3.932023e+07,8.149316e+07,1.092607e+08
3.896526e-09,3.564701e-09,3.746076e-07,1.602604e-07,2.617417e+07,3.455546e+07,4.183842e+07
1.475203e-08,1.462235e-07,6.431420e-09,8.204861e-07,1.026646e+08,3.120055e+07,2.887060e+06
3.049811e-09,1.594743e-09,5.097730e-09,2.460679e-09,2.536151e+08,3.601864e+08,5.048090e+08
2.621007e-09,3.323904e-09,3.114331e-09,2.068861e-09,3.500125e+08,3.678561e+08,3.813380e+08
3.386210e-07,1.079743e-08,3.084343e-09,4.101587e-08,3.094295e+07,3.158567e+07,4.751861e+07
1.291012e-08,1.289036e-08,1.856365e-09,7.496445e-09,2.042694e+08,1.613979e+08,1.017278e+08
3.955313e-09,2.994623e-09,3.954069e-08,1.894593e-09,7.996271e+07,2.821076e+08,4.198276e+08
7.897999e-08,4.146683e-08,1.833532e-07,2.487568e-07,8.309927e+06,8.868860e+06,9.846052e+06
1.345318e-09,5.909363e-08,4.624038e-08,1.891193e-07,1.267876e+08,2.110226e+07,9.459360e+06
8.080035e-08,5.298656e-07,1.205474e-07,1.762013e-09,1.013245e+07,3.070751e+07,3.272748e+07
2.453592e-07,1.873965e-08,3.320241e-09,1.743543e-08,3.503596e+07,3.684546e+07,5.532264e+07
1.540966e-07,1.104453e-09,2.156726e-09,2.872305e-09,5.485371e+07,7.232394e+07,5.614501e+08
1.544414e-07,3.578019e-07,3.632153e-07,3.332949e-08,4.222173e+06,7.996714e+06,9.157235e+06
3.618756e-08,4.926489e-07,4.202162e-07,1.031685e-09,8.109311e+06,4.286454e+07,4.435654e+07
6.968652e-08,3.525034e-07,2.030849e-07,4.992545e-08,8.405951e+06,7.688036e+06,7.538021e+06
1.586354e-08,3.967267e-07,2.539056e-09,3.133252e-08,1.575665e+08,3.212361e+07,8.969259e+06
3.665006e-08,4.762729e-07,7.419613e-07,7.638181e-08,6.064179e+06,5.305863e+06,5.242967e+06
1.997598e-08,1.150023e-08,1.465232e-07,4.356177e-07,1.848386e+07,1.702225e+07,1.412843e+07
1.477716e-08,3.493411e-07,9.530976e-09,8.883481e-07,8.426279e+07,1.706583e+07,1.795079e+06
3.034759e-07,2.319256e-08,6.525624e-07,2.205210e-07,2.247123e+06,4.309613e+06,1.398301e+07
6.545363e-08,3.955656e-09,1.983247e-09,2.415792e-07,8.776973e+07,8.558118e+07,3.234901e+07
1.107071e-09,1.282953e-07,8.581511e-08,1.582534e-07,1.025960e+08,1.178491e+07,7.018077e+06
1.205150e-09,4.012244e-09,2.653282e-09,2.532627e-08,5.592266e+08,2.824986e+08,9.920206e+07
3.301985e-09,1.141143e-09,2.664859e-08,5.780860e-08,1.066045e+08,1.110812e+08,1.231215e+08
1.402114e-08,1.452348e-08,3.998518e-08,2.356262e-07,4.223367e+07,3.201291e+07,1.709436e+07
4.070219e-07,1.195516e-08,3.424473e-07,3.746885e-09,2.678516e+06,2.537656e+07,1.494126e+08
3.818746e-09,2.524122e-07,1.152507e-08,7.583559e-09,1.507363e+08,2.921061e+07,2.285643e+07
4.129009e-09,2.730116e-07,9.673881e-08,2.643106e-09,5.003532e+07,3.744950e+07,3.722650e+07
1.853817e-07,5.262323e-08,7.652267e-08,1.816914e-08,8.395982e+06,1.691613e+07,3.234030e+07
3.579472e-07,1.172916e-07,4.302752e-07,3.838855e-08,2.548105e+06,7.726818e+06,1.490272e+07
1.258262e-07,4.687043e-07,5.098625e-08,8.253847e-07,1.248498e+07,5.918370e+06,1.607764e+06
5.430085e-09,3.637837e-07,5.398718e-09,2.752716e-08,1.846934e+08,2.449648e+07,9.993041e+06
6.095645e-09,3.076286e-08,9.994171e-09,3.244449e-07,1.281200e+08,5.289880e+07,1.000959e+07
4.524200e-08,6.216756e-09,1.742059e-09,5.743198e-09,1.126413e+08,1.205772e+08,1.673560e+08
9.008792e-08,2.796913e-07,2.412533e-09,5.401612e-08,6.783129e+07,3.422002e+07,8.135773e+06
1.673785e-09,6.987179e-09,1.227464e-09,1.689273e-07,6.976631e+08,3.078114e+08,2.910711e+07
3.062523e-09,1.471998e-09,6.339422e-07,8.886507e-08,2.269528e+07,5.319309e+07,8.743411e+07
3.383979e-09,1.328157e-07,4.088824e-09,6.574394e-07,2.688357e+08,4.250686e+07,3.384133e+06
1.885967e-07,1.309336e-09,2.723425e-07,3.331636e-07,4.412403e+06,5.927934e+06,4.787908e+07
2.915490e-08,4.259742e-09,2.612192e-08,1.812245e-08,3.623612e+07,5.288708e+07,1.138151e+08
7.294654e-08,8.053234e-08,8.609141e-08,5.059515e-09,1.261879e+07,3.692512e+07,4.954050e+07
8.646111e-08,2.183214e-08,2.675120e-09,2.453827e-07,6.575336e+07,5.907206e+07,1.366249e+07
3.127735e-08,2.786003e-09,8.174924e-07,5.063290e-07,6.253787e+06,9.689753e+06,2.662520e+07
1.869369e-07,7.337093e-08,5.295870e-08,3.819064e-08,1.005041e+07,1.315788e+07,1.889120e+07
6.913973e-07,5.779059e-07,5.920534e-08,9.705255e-09,4.942603e+06,9.720227e+06,1.335267e+07
4.247771e-09,3.404420e-08,7.848390e-09,1.665242e-08,1.731925e+08,6.996928e+07,4.199907e+07
9.831663e-07,4.073613e-08,6.012364e-07,1.320611e-09,1.300660e+06,2.722448e+07,1.363398e+08
4.112218e-08,1.732086e-08,1.024370e-09,3.402983e-08,1.540755e+08,1.311733e+08,4.118939e+07
1.416815e-09,3.650058e-09,5.081201e-08,1.989996e-08,1.178583e+08,1.174809e+08,1.173340e+08
8.038072e-07,5.234945e-08,1.522480e-09,4.896547e-09,2.858566e+07,3.171299e+07,6.245957e+07
4.266620e-08,1.423244e-09,9.612921e-08,1.351940e-07,1.561458e+07,2.009259e+07,7.209109e+07
4.593313e-08,2.977451e-07,2.213031e-08,2.183734e-09,3.136485e+07,3.826123e+07,3.921731e+07
1.097945e-07,2.265961e-07,6.868258e-07,4.060632e-07,3.641552e+06,3.413076e+06,3.296681e+06
1.247447e-07,1.564303e-07,7.068351e-07,9.659516e-08,3.367673e+06,6.469177e+06,8.135082e+06
9.639253e-07,9.815146e-07,5.941742e-08,1.736221e-09,4.178510e+06,1.745592e+07,2.422418e+07
6.780941e-07,4.581234e-07,8.725022e-07,2.028232e-09,1.300085e+06,2.085521e+07,3.280574e+07
3.081911e-08,1.403809e-09,3.529946e-09,1.777315e-08,9.587512e+07,1.026532e+08,2.001999e+08
9.825821e-08,1.850240e-08,9.826936e-08,9.711125e-07,1.017669e+07,9.796578e+06,7.460212e+06
1.422182e-08,1.716965e-09,5.913119e-09,2.851862e-09,1.090471e+08,1.805824e+08,4.519132e+08
1.087262e-07,8.203921e-09,4.404161e-08,7.462556e-08,1.445111e+07,1.757222e+07,4.041527e+07
3.145949e-09,2.560361e-07,8.981363e-09,1.677407e-09,1.881278e+08,5.224692e+07,4.825365e+07
2.252617e-08,1.538925e-09,8.402206e-07,1.841705e-09,7.268749e+06,1.503736e+08,5.939929e+08
6.343980e-09,1.229163e-08,2.354262e-09,7.177195e-09,2.587568e+08,1.739815e+08,1.064677e+08
8.614844e-08,1.766013e-09,4.723222e-08,1.343370e-08,1.567679e+07,3.297808e+07,2.053077e+08
2.022654e-08,8.282996e-09,7.588324e-09,3.146154e-07,8.071723e+07,6.880298e+07,1.958918e+07
1.800929e-09,1.019257e-07,6.622838e-09,3.953112e-08,2.895540e+08,4.122567e+07,1.575392e+07
1.678983e-08,1.014446e-08,2.910264e-08,5.577934e-08,4.523876e+07,4.406078e+07,4.203866e+07
1.773350e-08,6.299900e-08,5.928479e-09,1.381636e-08,9.752842e+07,5.464296e+07,3.389506e+07
2.323868e-09,8.736091e-07,1.134379e-09,8.624664e-08,6.159070e+08,3.193177e+07,3.643094e+06
5.398592e-09,2.054498e-09,1.013002e-09,1.956048e-08,4.276167e+08,3.732423e+08,1.577457e+08
1.575596e-09,1.910895e-09,2.593887e-08,1.556612e-08,1.564235e+08,1.717079e+08,1.833544e+08
1.781348e-08,1.017645e-07,7.189154e-09,2.992387e-09,8.836630e+07,6.291198e+07,5.730506e+07
4.347931e-07,2.470160e-08,3.795134e-07,8.776978e-07,2.461757e+06,2.866011e+06,6.791488e+06
1.525981e-07,1.792487e-08,2.942185e-09,5.807973e-07,4.719441e+07,4.475802e+07,9.800760e+06
2.240076e-08,8.592292e-09,4.430645e-07,6.737904e-08,1.003772e+07,2.348799e+07,4.156072e+07
3.797500e-07,4.139580e-07,2.536715e-07,1.065946e-09,3.221924e+06,3.445184e+07,4.760517e+07
6.317626e-09,6.001711e-07,1.388436e-09,5.832519e-07,3.376448e+08,3.450182e+07,1.690186e+06
5.226190e-08,8.858094e-08,3.234326e-09,7.910276e-09,7.691579e+07,5.561311e+07,3.777757e+07
1.073648e-07,5.717275e-08,3.243070e-09,7.861215e-09,5.359089e+07,5.145053e+07,4.716943e+07
1.038334e-07,2.886486e-08,3.187955e-08,7.355339e-07,1.738102e+07,1.570452e+07,6.862999e+06
3.563740e-09,7.451361e-09,1.833522e-09,1.049165e-08,3.912046e+08,2.411778e+08,1.130994e+08
2.729470e-09,4.723953e-07,5.256705e-07,4.243547e-09,2.640001e+07,2.236030e+07,2.233483e+07
1.628896e-07,3.753571e-08,9.591475e-08,5.835251e-09,8.000380e+06,3.011747e+07,6.756906e+07
1.739285e-09,8.964465e-09,3.573745e-09,2.423321e-08,4.011002e+08,1.731974e+08,6.784727e+07
3.270200e-09,1.067835e-09,3.542473e-07,5.211228e-07,2.938052e+07,3.306176e+07,4.239141e+07
4.917532e-09,1.022131e-08,2.694440e-08,5.870166e-07,8.687446e+07,5.063661e+07,1.290986e+07
9.143039e-08,6.831974e-09,1.615829e-07,3.543605e-07,8.227295e+06,9.576066e+06,2.032377e+07
4.411648e-08,2.524947e-09,4.035607e-09,1.231403e-08,7.494542e+07,8.398730e+07,1.793386e+08
2.874671e-08,1.294844e-08,9.556441e-09,2.354847e-07,6.033341e+07,5.110311e+07,1.810964e+07
1.225210e-09,7.362575e-09,4.805000e-08,1.416043e-09,1.303311e+08,2.909565e+08,3.097040e+08
1.289915e-09,5.878347e-09,1.953661e-08,3.204486e-07,1.992026e+08,8.704009e+07,2.304057e+07
2.311232e-09,3.276609e-09,6.563299e-08,6.477711e-07,8.119273e+07,5.479916e+07,2.170585e+07
5.840912e-09,8.256094e-08,1.619648e-09,9.348113e-08,3.251242e+08,8.429252e+07,1.138284e+07
6.385286e-07,2.423829e-07,1.666643e-08,1.262951e-09,9.693675e+06,3.109581e+07,5.715519e+07
4.214616e-07,4.772195e-08,1.686232e-08,1.410391e-08,1.186212e+07,1.665883e+07,3.854528e+07
3.433179e-07,2.343187e-08,2.922973e-07,6.251119e-09,3.156744e+06,2.110723e+07,8.262617e+07
5.912747e-08,3.125755e-08,2.067694e-07,1.098898e-08,9.044036e+06,3.256247e+07,5.395650e+07
5.947948e-09,1.739200e-09,1.097405e-09,9.506073e-07,3.914110e+08,3.444962e+08,2.459374e+07
9.934722e-09,4.954315e-07,4.071125e-09,9.316964e-08,1.572407e+08,2.252302e+07,4.654478e+06
4.832990e-09,6.743842e-08,4.686059e-07,1.942343e-09,2.101301e+07,8.457693e+07,8.737422e+07
1.115234e-09,3.482402e-07,3.240255e-07,3.502685e-08,5.260505e+07,9.516013e+06,9.054407e+06
2.993929e-09,3.255908e-08,7.916010e-08,7.277983e-08,6.495702e+07,2.723574e+07,2.054274e+07
2.364267e-07,4.191237e-07,6.774819e-08,4.522649e-08,7.901379e+06,7.499671e+06,7.263274e+06
1.624579e-09,3.489500e-08,8.410344e-08,6.522948e-09,8.555052e+07,6.725671e+07,6.628213e+07
1.148676e-08,3.498324e-09,3.735563e-09,2.185983e-07,1.526593e+08,1.347944e+08,3.616151e+07
2.380832e-09,2.567445e-09,3.619095e-09,1.780570e-08,3.406714e+08,2.592100e+08,1.479006e+08
1.443246e-08,3.080069e-07,2.146163e-09,1.755585e-07,1.796795e+08,3.824574e+07,4.300399e+06
1.098654e-09,6.398311e-09,7.248980e-07,8.539492e-07,3.543489e+07,1.844475e+07,1.352855e+07
3.248905e-09,1.258949e-08,4.243527e-07,1.111626e-09,2.693196e+07,2.386344e+08,2.673108e+08
6.298091e-08,6.071161e-09,1.115634e-09,9.667715e-07,1.192984e+08,1.139991e+08,1.305276e+07
7.887073e-07,2.063888e-08,1.497076e-07,1.039060e-07,2.910182e+06,4.488248e+06,2.159417e+07
1.121712e-09,3.686368e-07,3.110514e-07,1.946625e-08,5.353568e+07,1.215013e+07,1.180482e+07
1.477145e-07,2.131352e-08,1.661683e-09,1.802114e-09,6.382845e+07,8.272401e+07,1.613546e+08
1.742026e-09,4.246737e-07,4.092489e-07,4.540189e-07,3.745234e+07,3.300847e+06,2.277379e+06
3.123544e-09,1.843626e-08,1.928294e-08,8.950938e-07,1.288515e+08,4.957004e+07,7.784474e+06
2.306069e-09,2.271582e-09,1.476939e-08,1.909807e-08,1.713494e+08,1.619549e+08,1.518242e+08
1.310406e-08,5.959258e-09,1.089095e-09,2.290050e-07,2.647063e+08,2.199876e+08,2.706957e+07
5.383704e-07,3.338790e-09,7.671947e-09,1.524587e-09,1.555989e+07,3.809782e+07,4.432302e+08
1.339996e-09,1.155931e-08,1.673807e-09,3.722454e-09,6.677218e+08,2.591170e+08,1.524472e+08
6.897718e-08,1.973319e-07,3.861440e-09,1.642319e-09,6.127349e+07,5.708649e+07,5.554854e+07
3.133223e-07,2.701356e-07,4.653051e-09,8.050313e-07,2.619000e+07,1.924765e+07,2.144385e+06
4.912507e-08,1.515762e-07,2.222741e-08,7.717098e-07,3.026245e+07,1.518611e+07,2.923866e+06
6.393870e-08,1.761937e-09,1.566986e-08,2.389573e-09,3.159262e+07,8.567903e+07,4.873541e+08
4.196327e-08,1.985023e-09,1.643173e-08,3.614968e-08,3.808235e+07,4.487983e+07,1.180497e+08
7.952370e-09,1.193397e-09,4.291295e-07,1.042888e-07,1.711818e+07,3.610030e+07,8.963729e+07
1.618838e-09,3.309220e-08,1.878661e-09,3.962987e-07,5.734216e+08,1.241278e+08,8.732244e+06
9.570488e-09,5.557272e-07,2.195637e-09,2.290935e-09,2.181487e+08,3.972209e+07,2.802611e+07
1.497218e-07,2.852978e-07,3.130860e-08,8.425243e-09,1.460581e+07,1.860814e+07,2.039669e+07
4.715717e-08,1.833458e-08,1.328829e-07,1.153899e-09,1.263257e+07,1.155315e+08,2.174105e+08
1.113163e-09,1.668099e-08,1.512951e-07,1.347458e-07,7.705631e+07,2.808054e+07,2.109267e+07
2.680393e-09,4.234302e-09,3.851407e-08,6.903938e-08,9.842175e+07,7.648346e+07,5.848718e+07
1.198693e-08,3.478333e-08,4.868753e-09,2.839195e-08,1.308993e+08,7.172562e+07,3.182122e+07
3.751503e-09,2.222812e-09,1.685593e-07,1.706703e-09,3.976683e+07,3.147492e+08,5.134163e+08
9.429091e-09,5.472555e-08,1.416457e-09,2.155523e-09,2.736298e+08,1.350400e+08,9.207222e+07
4.660559e-07,4.191275e-08,2.383824e-09,1.989111e-09,3.000157e+07,4.260901e+07,1.095210e+08
1.990658e-09,1.047400e-07,2.552141e-07,4.314752e-09,4.436591e+07,4.699136e+07,4.703984e+07
8.463992e-07,6.573388e-09,5.005463e-08,3.014716e-07,4.858366e+06,5.225959e+06,2.246374e+07
1.663371e-07,1.447815e-09,1.084397e-08,1.018099e-08,2.354569e+07,3.369008e+07,2.604644e+08
8.385227e-08,1.946008e-09,3.844331e-08,7.421038e-07,1.761295e+07,1.785737e+07,2.631451e+07
8.802451e-08,1.715057e-08,1.968032e-07,1.445475e-07,7.597700e+06,1.068126e+07,2.008424e+07
2.286360e-08,2.152009e-08,1.289413e-08,2.500986e-07,5.824137e+07,4.286556e+07,1.363083e+07
5.674127e-09,2.494705e-07,4.047951e-08,8.066094e-08,6.598312e+07,1.205874e+07,7.049507e+06
1.024847e-08,7.852730e-08,7.623254e-08,2.824452e-08,3.577670e+07,2.337900e+07,2.123355e+07
1.399623e-07,1.036351e-07,9.484049e-08,7.913067e-08,8.679557e+06,9.755129e+06,1.104267e+07
1.497364e-08,5.705237e-09,1.031252e-09,3.615411e-07,2.544801e+08,2.168566e+08,2.201833e+07
1.912655e-08,9.254987e-08,2.002579e-09,1.731862e-09,1.615797e+08,9.819303e+07,7.898698e+07
4.402473e-07,1.739116e-07,2.347334e-08,8.600272e-08,9.837036e+06,9.396707e+06,8.176729e+06
9.039617e-08,9.777920e-08,2.439885e-09,2.517627e-09,6.733491e+07,6.548926e+07,6.373545e+07
1.487769e-09,4.425636e-07,9.987757e-07,2.850033e-09,2.594169e+07,2.814992e+07,2.815705e+07
9.649121e-09,1.786981e-07,2.233095e-08,4.234185e-08,6.812438e+07,1.905648e+07,1.149622e+07
2.523993e-07,4.612535e-07,1.404102e-09,4.649462e-09,5.311982e+07,3.604636e+07,2.159379e+07
6.440682e-08,3.627965e-09,1.223971e-09,5.590942e-08,1.126285e+08,1.107775e+08,7.021436e+07
9.083438e-07,9.778143e-09,2.443824e-07,9.647755e-09,2.122462e+06,1.083289e+07,1.029577e+08
3.887966e-07,7.889849e-07,4.167973e-07,8.147587e-09,2.484142e+06,1.030759e+07,1.247243e+07
4.673321e-07,2.350214e-09,2.359512e-09,1.305922e-07,3.011453e+07,3.030924e+07,5.708049e+07
2.791335e-09,5.801919e-07,4.148064e-07,5.771440e-09,2.938809e+07,1.735923e+07,1.728113e+07
1.381654e-09,2.499928e-09,8.341147e-07,3.243461e-09,2.945693e+07,2.823800e+08,3.511817e+08
1.143461e-09,2.117754e-08,6.150488e-09,1.830979e-08,3.770809e+08,9.864552e+07,5.078325e+07
1.638807e-07,5.895602e-07,1.001726e-07,3.369295e-09,7.804797e+06,2.017853e+07,2.243708e+07
6.631814e-08,2.052014e-07,5.708510e-09,1.457427e-08,5.139519e+07,2.996459e+07,1.828590e+07
2.787205e-08,5.874552e-07,3.789332e-08,2.813552e-09,3.077048e+07,2.490990e+07,2.459717e+07
2.366677e-08,1.470094e-07,7.700520e-09,1.765108e-08,7.407479e+07,3.305754e+07,1.963097e+07
4.496810e-08,2.701436e-09,1.696328e-09,3.690644e-07,1.144967e+08,1.114603e+08,3.167025e+07
1.928319e-08,4.342220e-07,5.598570e-08,2.920849e-09,3.043491e+07,2.818367e+07,2.807951e+07
4.573664e-07,2.367049e-08,2.324071e-07,4.485074e-08,3.067208e+06,7.436066e+06,3.069104e+07
3.319723e-07,1.734902e-09,3.123533e-09,5.859455e-07,3.105460e+07,3.105622e+07,3.136418e+07
4.989599e-07,1.958235e-07,2.408596e-08,6.648899e-07,9.121897e+06,7.869016e+06,2.771358e+06
1.295391e-08,4.152607e-08,2.233782e-07,2.247122e-08,1.858999e+07,2.998351e+07,3.273605e+07
3.762733e-09,9.652720e-09,5.534586e-07,7.711038e-09,2.191319e+07,9.900233e+07,1.159094e+08
2.172036e-07,3.424108e-09,5.128834e-08,2.766845e-08,9.474520e+06,1.588046e+07,1.027387e+08
1.162704e-07,3.859526e-07,7.921741e-07,1.678294e-07,3.294998e+06,3.791785e+06,3.929153e+06
1.750585e-07,1.038218e-08,1.147154e-09,1.265377e-09,7.056633e+07,9.467016e+07,2.758962e+08
4.432993e-07,2.873930e-09,7.879521e-07,1.092462e-08,1.692005e+06,1.442232e+07,1.784673e+08
9.887413e-07,1.675461e-09,1.794425e-09,4.901489e-07,2.374084e+07,2.376413e+07,3.489545e+07
9.420279e-08,4.388422e-09,4.904469e-08,3.861393e-08,1.471201e+07,2.166757e+07,7.681992e+07
7.999824e-08,1.597146e-08,1.348879e-07,9.042133e-09,9.626606e+06,3.506604e+07,8.321321e+07
2.268974e-08,7.303121e-08,1.269580e-09,5.541659e-07,1.863182e+08,9.081620e+07,4.970795e+06
2.724215e-07,2.131471e-09,2.365403e-07,4.746798e-09,3.939370e+06,2.797699e+07,3.143837e+08
3.736797e-09,1.267818e-07,1.029812e-07,8.118241e-08,5.097665e+07,1.299139e+07,9.856903e+06
5.132573e-09,1.186380e-09,5.207451e-07,3.563753e-09,1.934282e+07,2.114485e+08,4.863336e+08
8.049308e-08,2.940757e-07,2.741141e-07,1.874072e-08,6.732170e+06,1.233677e+07,1.347030e+07
6.325709e-08,5.062013e-08,1.996015e-07,3.867929e-09,8.899456e+06,4.810719e+07,7.146595e+07
2.107617e-07,1.557278e-08,1.746256e-09,4.309212e-07,5.212550e+07,5.040213e+07,1.220725e+07
1.678466e-07,1.228568e-07,1.413822e-08,5.316610e-08,2.052799e+07,1.755018e+07,1.237323e+07
1.882975e-08,4.993274e-08,2.603687e-09,3.821100e-08,1.428181e+08,7.724028e+07,2.289355e+07
1.060513e-08,1.418637e-09,1.661090e-07,9.232388e-09,2.382569e+07,9.751433e+07,2.763169e+08
9.540584e-07,2.631667e-07,1.430975e-09,5.131089e-07,2.706428e+07,2.399403e+07,2.721321e+06
2.367461e-07,1.652138e-07,2.623002e-09,9.587649e-07,4.012909e+07,3.083916e+07,2.512585e+06
5.104886e-09,8.091365e-09,1.042615e-07,6.308718e-07,4.334559e+07,2.910215e+07,1.399647e+07
3.703672e-09,6.229713e-09,1.092334e-07,1.320778e-08,4.971713e+07,9.243202e+07,1.102430e+08
2.354325e-07,7.121643e-09,5.395840e-08,1.454556e-09,8.872323e+06,5.395188e+07,3.107024e+08
1.266558e-07,1.971036e-07,2.304198e-07,4.168580e-07,5.853660e+06,4.562261e+06,3.488660e+06
8.879834e-08,7.987153e-07,3.095074e-09,2.299097e-08,6.032010e+07,2.032368e+07,7.379473e+06
1.830582e-09,2.897013e-07,2.493405e-07,1.639591e-09,4.680681e+07,4.588941e+07,4.588356e+07
7.614443e-09,3.809223e-08,4.695108e-09,2.571047e-08,1.672469e+08,7.423505e+07,3.195411e+07
9.327222e-09,1.779062e-09,4.979461e-07,1.456071e-09,1.467347e+07,2.490338e+08,6.213169e+08
4.644736e-09,6.329373e-08,1.759153e-08,4.428863e-07,1.106287e+08,2.949501e+07,5.972739e+06
7.381487e-07,5.127028e-07,1.815291e-09,2.158553e-09,2.731838e+07,2.847397e+07,3.005978e+07
5.832286e-07,1.200348e-08,1.378032e-08,4.336051e-07,1.115452e+07,1.121556e+07,1.386115e+07
4.658232e-09,1.586167e-08,1.035619e-08,1.408337e-08,1.439758e+08,9.036614e+07,6.690710e+07
1.134093e-07,5.445265e-09,2.147635e-08,2.360099e-09,2.026261e+07,6.290245e+07,2.789494e+08
3.736185e-08,1.657486e-09,1.600383e-08,4.637484e-07,4.089535e+07,4.070197e+07,3.606898e+07
2.705622e-07,7.686490e-08,1.769811e-09,6.693085e-08,4.569860e+07,4.085751e+07,1.394193e+07
1.095673e-08,4.573100e-09,6.932924e-09,5.687492e-09,1.147364e+08,1.435605e+08,1.960804e+08
2.297995e-08,2.674901e-08,2.124987e-07,8.459020e-08,1.431025e+07,1.823057e+07,2.102258e+07
6.932054e-07,6.173820e-08,1.082083e-09,1.001815e-08,3.651226e+07,3.682856e+07,4.020955e+07
6.097120e-08,4.073198e-09,2.271940e-09,7.452977e-09,8.496483e+07,9.396685e+07,1.814961e+08
2.006808e-07,1.730930e-09,2.576074e-07,1.134986e-08,4.398128e+06,2.131815e+07,2.256135e+08
1.080929e-09,1.566707e-09,8.047410e-09,2.918280e-08,3.390576e+08,2.446961e+08,1.478913e+08
3.131758e-09,6.238391e-07,6.358442e-07,1.286553e-09,2.240942e+07,3.524531e+07,3.529798e+07
9.812117e-09,1.864605e-07,4.152222e-08,7.092461e-09,4.954255e+07,2.900115e+07,2.749845e+07
2.540099e-09,1.830594e-09,1.469490e-07,4.384675e-07,5.175966e+07,4.559375e+07,3.529680e+07
2.092250e-08,9.736822e-07,1.006482e-09,3.478455e-07,2.179165e+08,3.165186e+07,1.718297e+06
4.497864e-09,1.649735e-08,2.177491e-08,7.097543e-08,1.010459e+08,5.346449e+07,2.922395e+07
2.688254e-09,4.672703e-09,1.112707e-07,4.687243e-07,5.781952e+07,3.886833e+07,2.136767e+07
4.238962e-09,4.686149e-08,3.912179e-07,6.250050e-07,2.455618e+07,9.018431e+06,5.843192e+06
2.335637e-09,1.087570e-07,5.052487e-07,3.541577e-09,2.911017e+07,5.059130e+07,5.095339e+07
1.418859e-07,3.859857e-09,2.377723e-09,3.130439e-09,5.444397e+07,7.125612e+07,2.876814e+08
5.793239e-08,7.703163e-08,6.741960e-07,1.702428e-08,5.059950e+06,2.112379e+07,2.761411e+07
3.048662e-08,8.402873e-07,1.623531e-09,2.693058e-09,1.421396e+08,3.367166e+07,2.102148e+07
1.610249e-08,3.435200e-07,6.180001e-08,6.272841e-09,3.170000e+07,2.209720e+07,2.154229e+07
6.485122e-09,1.728697e-07,1.009673e-09,1.487729e-07,3.907964e+08,7.456273e+07,6.235604e+06
4.804169e-09,1.400894e-09,1.130621e-08,6.703059e-07,1.356851e+08,1.203928e+08,3.263329e+07
2.638078e-08,3.566381e-08,4.940313e-09,9.149210e-08,8.759493e+07,5.863954e+07,1.750630e+07
2.654754e-07,9.887918e-09,8.385167e-09,1.178571e-08,2.119493e+07,2.722549e+07,9.263386e+07
6.958622e-09,2.369444e-07,3.856707e-07,6.900881e-09,1.930323e+07,2.459180e+07,2.473002e+07
8.099778e-09,9.389403e-07,3.116576e-08,9.424615e-09,6.293969e+07,1.207972e+07,1.063039e+07
1.214012e-07,2.507243e-07,9.053989e-08,3.083202e-07,9.538247e+06,6.196474e+06,3.596672e+06
1.075702e-07,6.482563e-07,2.986973e-07,1.885418e-09,5.578769e+06,2.657367e+07,2.860374e+07
5.825188e-08,2.534538e-07,4.610852e-07,3.072449e-09,6.101751e+06,3.242108e+07,3.583507e+07
6.797776e-07,8.855602e-09,2.079026e-08,1.808279e-08,8.411755e+06,1.225371e+07,7.902386e+07
5.037739e-08,5.026224e-07,1.955884e-09,2.608375e-09,1.007420e+08,4.022223e+07,2.761812e+07
2.414053e-07,3.858706e-08,4.863766e-07,8.021142e-09,2.918370e+06,2.127457e+07,5.684092e+07
4.691749e-08,4.196031e-09,1.183730e-07,5.663171e-09,1.341857e+07,6.016586e+07,2.051402e+08
5.067420e-07,7.891595e-09,8.589002e-09,6.597658e-08,1.515777e+07,1.599020e+07,4.382508e+07
7.621715e-07,9.602206e-08,1.194188e-09,1.276927e-08,3.314647e+07,3.266513e+07,2.855824e+07
5.840393e-07,7.265117e-08,8.073793e-08,2.054061e-08,4.605112e+06,9.643460e+06,2.588642e+07
1.617092e-07,7.233651e-09,3.471327e-07,2.057199e-07,4.220704e+06,6.769379e+06,2.592287e+07
4.556835e-07,3.077124e-09,2.031299e-08,1.502196e-09,1.039397e+07,3.947627e+07,4.651191e+08
1.393093e-07,7.752432e-07,1.918101e-07,2.146062e-07,6.117502e+06,3.285673e+06,2.451658e+06
6.297615e-07,1.363997e-09,1.611973e-09,1.338933e-07,3.138579e+07,3.154002e+07,7.399696e+07
1.088765e-09,6.168275e-07,9.091608e-07,3.041870e-07,3.178429e+07,2.664632e+06,2.308595e+06
1.165678e-08,6.362756e-09,1.271831e-08,1.154932e-08,8.212890e+07,9.575225e+07,1.166539e+08
3.260156e-07,1.880423e-08,1.603808e-09,2.272021e-08,4.373252e+07,4.399863e+07,4.838002e+07
1.044920e-09,5.052330e-07,1.438222e-09,2.385764e-07,8.157284e+08,3.717044e+07,2.880318e+06
1.945358e-09,1.133826e-07,7.398498e-09,5.547631e-08,2.635897e+08,3.644563e+07,1.260878e+07
2.363767e-08,9.277189e-08,2.609150e-07,1.816756e-09,1.273351e+07,6.900240e+07,7.702710e+07
8.175049e-07,1.722416e-09,3.372504e-08,1.572272e-08,6.022525e+06,1.066918e+07,1.921618e+08
1.482863e-07,2.759579e-09,1.705217e-08,2.352233e-08,1.988656e+07,2.587868e+07,1.241190e+08
3.524067e-07,1.313146e-07,9.809805e-09,1.152897e-07,1.700778e+07,1.512184e+07,8.127337e+06
4.170132e-07,1.193261e-07,1.845419e-08,2.723208e-07,1.139928e+07,1.038654e+07,5.547431e+06
8.010704e-07,2.489604e-08,3.024223e-08,8.752334e-09,6.424773e+06,1.335525e+07,6.774433e+07
1.081696e-09,3.753855e-09,2.642858e-08,2.141602e-08,1.870297e+08,1.322170e+08,1.115300e+08
3.186042e-08,1.130457e-07,4.410772e-07,2.896644e-08,8.435619e+06,1.593386e+07,1.747533e+07
1.460925e-08,1.993445e-08,2.241026e-09,2.065100e-09,1.747683e+08,1.641213e+08,1.558574e+08
4.075682e-09,2.304778e-08,5.674033e-09,6.675524e-09,2.079476e+08,1.096389e+08,8.061999e+07
6.738977e-07,4.925118e-09,1.697148e-08,3.113670e-08,9.350679e+06,1.158071e+07,8.075240e+07
4.588146e-08,1.562669e-07,8.274093e-08,1.720870e-09,1.623010e+07,5.417025e+07,6.098071e+07
6.470102e-07,8.790154e-07,4.637195e-07,2.543497e-08,1.825647e+06,5.213133e+06,6.687844e+06
6.435264e-07,1.898017e-09,2.406769e-09,2.452538e-09,2.540970e+07,3.571407e+07,4.634918e+08
3.027914e-08,1.132256e-09,2.200491e-08,3.607873e-09,3.874079e+07,1.013443e+08,4.947684e+08
1.548213e-09,9.202477e-08,2.776181e-08,2.003095e-08,1.525319e+08,3.030618e+07,2.329147e+07
4.599802e-07,1.115204e-08,1.079552e-07,4.297209e-08,4.487544e+06,8.309932e+06,4.568037e+07
1.327720e-09,1.501863e-08,1.121744e-09,2.086989e-09,8.194076e+08,2.895673e+08,1.786178e+08
2.888209e-09,1.220944e-08,1.445414e-08,8.402353e-08,1.547710e+08,7.328544e+07,3.122136e+07
3.912326e-07,9.940526e-09,1.636619e-08,1.275927e-07,1.249708e+07,1.310891e+07,2.807905e+07
7.996870e-09,8.471395e-09,1.618009e-09,7.815706e-08,2.780030e+08,1.957200e+08,3.886319e+07
2.138451e-09,3.342616e-07,6.414755e-09,6.406695e-07,2.699979e+08,2.163442e+07,2.160925e+06
4.380025e-09,5.348459e-07,1.794808e-09,1.797452e-07,3.566586e+08,3.230450e+07,3.225203e+06
3.793925e-09,1.298004e-09,2.398423e-07,4.579968e-08,3.315070e+07,7.146209e+07,1.296972e+08
2.590322e-08,4.423712e-08,7.300641e-08,2.440158e-08,2.299549e+07,2.792055e+07,3.043671e+07
3.357709e-08,6.380941e-07,4.765239e-07,1.695103e-07,7.905623e+06,3.450714e+06,3.040602e+06
1.091044e-07,5.447676e-07,2.102685e-09,1.207139e-07,6.602246e+07,2.720298e+07,3.899561e+06
7.518839e-08,3.251673e-09,4.451090e-07,3.980334e-09,5.466274e+06,5.684659e+07,2.779629e+08
3.723466e-08,9.472806e-07,1.601180e-07,2.809658e-09,1.295109e+07,1.917959e+07,1.938358e+07
9.580077e-07,1.422847e-07,5.244214e-08,1.514182e-08,4.461442e+06,8.795053e+06,2.154427e+07
1.119204e-09,9.703468e-09,1.398276e-09,5.900200e-07,7.993720e+08,2.573655e+08,1.321610e+07
1.788366e-08,1.172045e-08,3.766229e-09,1.774532e-07,1.218480e+08,9.570423e+07,2.192734e+07
3.745780e-07,5.644644e-08,1.708285e-08,1.458799e-07,1.250111e+07,1.231729e+07,1.102006e+07
5.799605e-07,1.426862e-07,1.370498e-08,9.786708e-08,1.121661e+07,1.072895e+07,8.462344e+06
1.579370e-07,2.930570e-08,3.523599e-07,4.203908e-08,4.239013e+06,1.192465e+07,2.849032e+07
1.050090e-07,1.116476e-07,5.121556e-09,3.517415e-07,4.312069e+07,3.023793e+07,5.046189e+06
1.704476e-08,2.101920e-07,2.046329e-09,3.862939e-09,1.693234e+08,5.735628e+07,3.509401e+07
3.731578e-08,3.151684e-09,1.633822e-09,1.490779e-08,1.280712e+08,1.295469e+08,1.458888e+08
2.747080e-08,3.603084e-09,1.313169e-08,4.571299e-09,5.265070e+07,9.741940e+07,2.464013e+08
1.020713e-09,1.282028e-08,6.334692e-07,8.525888e-08,3.932650e+07,3.100745e+07,3.024693e+07
6.176195e-09,8.281451e-07,1.575895e-08,7.351346e-08,1.013622e+08,9.610475e+06,4.052876e+06
1.691783e-07,2.046780e-09,4.978006e-08,1.629908e-09,1.089682e+07,6.083180e+07,5.474984e+08
8.173255e-09,2.839257e-07,3.052386e-09,2.289285e-09,2.002086e+08,5.115686e+07,3.922362e+07
5.707953e-07,4.694352e-07,5.579590e-07,4.662885e-08,1.771979e+06,4.726465e+06,6.759037e+06
1.867744e-09,7.003619e-08,1.306448e-09,1.341118e-09,6.401699e+08,1.449664e+08,1.031823e+08
2.768042e-09,1.542694e-07,4.197494e-09,1.727421e-07,2.933720e+08,3.942001e+07,6.125774e+06
9.603349e-09,1.118613e-07,4.526796e-07,8.159840e-07,1.516677e+07,5.317555e+06,3.309933e+06
2.114338e-07,3.175037e-07,2.236537e-09,3.317111e-07,4.598591e+07,2.917219e+07,3.081383e+06
1.055065e-07,2.089897e-07,1.518590e-08,4.860008e-08,2.498274e+07,1.657739e+07,9.922454e+06
1.804178e-08,6.640846e-09,4.220220e-09,2.564296e-09,1.146022e+08,1.593720e+08,2.423284e+08
8.086571e-07,7.528516e-09,6.358874e-09,4.906477e-09,1.394529e+07,2.103308e+07,1.645358e+08
1.023011e-08,1.593565e-08,4.977345e-07,5.847319e-07,1.401396e+07,1.192239e+07,1.035945e+07
6.578469e-08,3.730888e-09,2.223872e-07,8.085273e-09,8.267661e+06,4.294041e+07,1.820734e+08
7.015845e-09,1.128581e-09,9.016233e-07,1.579237e-07,1.257325e+07,3.022690e+07,7.490483e+07
1.183015e-07,3.454234e-08,1.616239e-08,1.947556e-09,2.286926e+07,6.135315e+07,1.219212e+08
2.423079e-07,7.620523e-09,1.216643e-08,9.605637e-09,1.841767e+07,2.730218e+07,1.168812e+08
2.721523e-09,1.587748e-07,6.565239e-07,6.750801e-07,2.365749e+07,4.313237e+06,3.054440e+06
2.049580e-07,5.123485e-08,1.434015e-08,2.595422e-08,1.844551e+07,2.055691e+07,2.742289e+07
1.651639e-09,8.266385e-09,1.167819e-07,7.479368e-08,7.200367e+07,4.702592e+07,4.021701e+07
2.841346e-07,1.995515e-08,2.757579e-08,2.421521e-07,1.129728e+07,1.152535e+07,1.438561e+07
1.304055e-08,2.139822e-09,4.832674e-08,1.383564e-09,3.983440e+07,2.213036e+08,5.811811e+08
2.146683e-08,4.543591e-07,2.244740e-07,3.285342e-09,1.440566e+07,2.547656e+07,2.588273e+07
2.536330e-08,1.756056e-08,7.977191e-07,1.655029e-07,7.030273e+06,1.303725e+07,1.854932e+07
9.697830e-08,1.151955e-08,8.473551e-08,8.556674e-08,1.103138e+07,1.471345e+07,3.185148e+07
3.315299e-09,2.001109e-09,4.789777e-08,4.437403e-08,7.935622e+07,9.036562e+07,1.061207e+08
2.002101e-08,1.055274e-07,3.172182e-07,3.105290e-08,1.254810e+07,1.678120e+07,1.746893e+07
2.229724e-08,4.797330e-09,9.797755e-07,8.240240e-08,6.765675e+06,2.203557e+07,5.029563e+07
5.364691e-08,4.522116e-07,2.334225e-09,3.784174e-08,8.936271e+07,2.998553e+07,7.644403e+06
1.679361e-09,2.941246e-08,8.666523e-09,4.750699e-08,2.621232e+08,6.624323e+07,2.675196e+07
2.513872e-08,2.318911e-07,1.157561e-09,2.698096e-08,1.853773e+08,5.920498e+07,1.264239e+07
1.581591e-07,2.553400e-09,8.161784e-08,4.715499e-07,8.801573e+06,9.456865e+06,2.881886e+07
8.340515e-08,1.239177e-09,3.616387e-08,6.605042e-09,1.820816e+07,4.599281e+07,3.495389e+08
1.594898e-07,1.789681e-08,2.972644e-07,1.618863e-09,4.592636e+06,5.917166e+07,1.857835e+08
1.537789e-09,7.642027e-07,9.741868e-07,4.001509e-08,2.583631e+07,5.828924e+06,5.718522e+06
3.636629e-09,3.526083e-09,8.606460e-07,5.474510e-09,1.787468e+07,1.602011e+08,2.276046e+08
1.691886e-08,1.488060e-09,3.206865e-08,4.142917e-08,4.293131e+07,5.482179e+07,1.273611e+08
2.855924e-07,1.821287e-07,1.187425e-08,1.236764e-09,1.717211e+07,4.368960e+07,6.662962e+07
5.392581e-09,1.368260e-09,5.938418e-09,1.865200e-09,1.767121e+08,3.228120e+08,6.259694e+08
3.469378e-08,5.617940e-08,1.176648e-07,8.063811e-07,1.565131e+07,1.035227e+07,4.698306e+06
3.684712e-07,7.799346e-09,1.422415e-07,4.040397e-07,4.368025e+06,5.026120e+06,1.781389e+07
9.776249e-09,9.210011e-09,8.699625e-09,1.041504e-08,1.084335e+08,1.054103e+08,1.021032e+08
1.968760e-09,1.246726e-07,1.762993e-08,4.904605e-08,1.697377e+08,2.467571e+07,1.278829e+07
1.153103e-09,9.118304e-08,2.684295e-08,7.646341e-07,1.797425e+08,2.043579e+07,3.787182e+06
2.983851e-08,1.442370e-09,3.337186e-07,1.186943e-07,1.002123e+07,1.910833e+07,7.642698e+07
5.871072e-09,3.562610e-08,5.634114e-09,2.767043e-08,1.738715e+08,7.174998e+07,3.184989e+07
5.241330e-09,3.262636e-07,7.007627e-09,2.195487e-08,1.650037e+08,2.382989e+07,1.181545e+07
8.530630e-07,8.902204e-07,2.050074e-09,7.585459e-08,2.391248e+07,1.695204e+07,3.848224e+06
1.920414e-07,2.953542e-07,4.671877e-08,1.997115e-07,1.055740e+07,7.361376e+06,4.117436e+06
2.904828e-07,6.480443e-08,2.054539e-07,1.831161e-07,4.093385e+06,5.391683e+06,9.179824e+06
1.040063e-09,6.464941e-08,7.614446e-07,1.562585e-08,3.553457e+07,3.153126e+07,3.146269e+07
1.192336e-08,7.010062e-07,3.081961e-07,5.275669e-08,1.649632e+07,5.580197e+06,5.199964e+06
3.677418e-08,3.038101e-09,1.086590e-09,4.794397e-07,1.581960e+08,1.522124e+08,2.620185e+07
3.788185e-08,2.519108e-08,5.236849e-07,3.708157e-07,7.099853e+06,8.545839e+06,1.034660e+07
1.590313e-08,2.217557e-09,1.771866e-07,1.084381e-09,1.883837e+07,2.262802e+08,6.448692e+08
6.656034e-08,1.310582e-07,9.741934e-08,4.240904e-08,1.241851e+07,1.308676e+07,1.341339e+07
9.302588e-08,1.565932e-08,9.505227e-09,1.116027e-08,3.362922e+07,4.233691e+07,7.564432e+07
6.700388e-08,4.226267e-08,9.938962e-07,1.898541e-07,3.875070e+06,7.577151e+06,1.116379e+07
7.427647e-08,2.584849e-08,3.304591e-07,1.669871e-08,6.382863e+06,2.506640e+07,4.813279e+07
7.553258e-09,3.057042e-07,5.849106e-09,1.042665e-08,1.504486e+08,2.918789e+07,1.771238e+07
8.938116e-07,5.191131e-07,1.106754e-09,1.680404e-08,3.179445e+07,2.610751e+07,1.070686e+07
1.515776e-09,1.046892e-09,1.648173e-08,6.371960e-09,2.000696e+08,2.914031e+08,3.871796e+08
1.553549e-07,1.660083e-08,2.830146e-07,1.385946e-09,4.769063e+06,6.493507e+07,2.084788e+08
4.355212e-08,5.907089e-07,2.262354e-09,5.444418e-08,1.007430e+08,2.694180e+07,5.576190e+06
2.227558e-08,3.025699e-09,1.145032e-09,7.984324e-09,1.980053e+08,1.986648e+08,2.034549e+08
6.128580e-09,1.591741e-09,5.181799e-09,1.316367e-08,1.774516e+08,1.866457e+08,2.184616e+08
1.977639e-09,5.585356e-08,5.004820e-09,2.590627e-08,3.178574e+08,6.420656e+07,2.628888e+07
1.732716e-08,1.875039e-08,8.469268e-07,3.221877e-07,8.254928e+06,1.089764e+07,1.286590e+07
1.178805e-08,1.145591e-09,2.698660e-07,9.624961e-08,1.772985e+07,3.301225e+07,9.523260e+07
4.588083e-07,1.308296e-08,2.042049e-08,4.882638e-07,1.033121e+07,1.039783e+07,1.251180e+07
8.448191e-07,5.515190e-09,1.838837e-08,5.385480e-08,8.023179e+06,9.262319e+06,5.802399e+07
2.989725e-07,1.638174e-07,3.679405e-08,3.035414e-08,9.534448e+06,1.139797e+07,1.418114e+07
8.909829e-09,5.640388e-07,3.887472e-07,3.551223e-07,1.699150e+07,3.066676e+06,2.234377e+06
1.932154e-09,1.769827e-09,3.965270e-09,2.650735e-08,3.612791e+08,2.798455e+08,1.459995e+08
7.655191e-07,1.787660e-09,3.721110e-07,6.769841e-07,1.873638e+06,2.329686e+06,2.874540e+07
6.113445e-07,1.388541e-08,3.802688e-07,6.728430e-07,2.074014e+06,2.565755e+06,1.034579e+07
4.229161e-08,2.451617e-08,4.924819e-07,3.517714e-08,6.929115e+06,2.135196e+07,3.405206e+07
6.985598e-07,1.585075e-09,3.034160e-09,5.008824e-07,2.172096e+07,2.176197e+07,3.549010e+07
1.919786e-08,1.031986e-09,2.929917e-09,4.452920e-08,1.333355e+08,1.340952e+08,1.475165e+08
8.426563e-08,8.081060e-09,9.368911e-07,8.658188e-08,3.559018e+06,1.168879e+07,3.780527e+07
5.358754e-07,3.523524e-08,1.938284e-08,2.889162e-07,9.812041e+06,9.818187e+06,9.911182e+06
3.184800e-07,2.050712e-08,1.431879e-07,1.092831e-07,4.682802e+06,6.898974e+06,2.112376e+07
4.460159e-08,1.396017e-09,1.223757e-08,4.681691e-08,4.280330e+07,4.733799e+07,1.236953e+08
6.090060e-08,9.657507e-08,2.473542e-07,2.807704e-07,8.147598e+06,6.949061e+06,6.072839e+06
6.345788e-08,2.740594e-07,6.114854e-09,2.446834e-08,5.076497e+07,2.460924e+07,1.221168e+07
6.041404e-07,1.050742e-09,4.559967e-09,1.956991e-09,1.905242e+07,3.473769e+07,6.973607e+08
4.054794e-09,1.516063e-08,3.595579e-09,1.194374e-08,2.618974e+08,1.372260e+08,7.431411e+07
5.551692e-07,4.818223e-09,4.276813e-09,2.491934e-07,2.052235e+07,2.060848e+07,2.885946e+07
6.357992e-07,4.383241e-08,2.395191e-09,3.335866e-08,2.562536e+07,2.565962e+07,2.615159e+07
1.184395e-08,1.171945e-07,3.516711e-08,1.772376e-07,4.899857e+07,1.625085e+07,6.938545e+06
6.181808e-08,2.373671e-07,1.177264e-09,7.054995e-07,1.172210e+08,5.332798e+07,2.443663e+06
1.109781e-07,1.224826e-08,1.044232e-08,1.022922e-09,2.937535e+07,9.332975e+07,2.825150e+08
1.367204e-08,4.632190e-08,4.231891e-08,1.362124e-07,4.157346e+07,2.272103e+07,1.258921e+07
4.966968e-09,4.595272e-08,1.576405e-09,1.033780e-07,3.573719e+08,1.124630e+08,1.450876e+07
9.313701e-08,9.223717e-07,1.218725e-07,2.046791e-08,9.386117e+06,7.496053e+06,7.277969e+06
3.145007e-07,5.197305e-09,4.884324e-09,4.953600e-09,2.551449e+07,3.566310e+07,1.970836e+08
2.218808e-07,1.303122e-07,3.357419e-09,3.859069e-07,3.663848e+07,2.920707e+07,4.459295e+06
2.380654e-08,3.155476e-08,4.118748e-09,2.909128e-09,1.009879e+08,1.029307e+08,1.043725e+08
4.642785e-07,2.102452e-09,1.924959e-09,1.933438e-07,3.345029e+07,3.354054e+07,4.959889e+07
1.589838e-09,1.319086e-07,2.695039e-09,5.114097e-07,4.831045e+08,5.285920e+07,3.850161e+06
9.408936e-08,9.436763e-08,2.030445e-09,2.012419e-08,7.234926e+07,5.363785e+07,2.294718e+07
1.628736e-08,4.453730e-08,5.687774e-08,7.835655e-07,3.285515e+07,1.760782e+07,5.353039e+06
1.317666e-07,1.902805e-07,8.456672e-09,3.800876e-08,2.995695e+07,2.118672e+07,1.175875e+07
2.951029e-08,1.694752e-09,2.225399e-08,3.275300e-07,3.902198e+07,3.921553e+07,4.244450e+07
7.530256e-09,1.158063e-09,7.061271e-08,1.135691e-09,4.336643e+07,3.208978e+08,8.719748e+08
4.036820e-08,2.468438e-07,9.935766e-09,3.317490e-09,4.993208e+07,3.741575e+07,3.494492e+07
7.887873e-09,8.196991e-07,1.354904e-08,2.247856e-07,9.673104e+07,9.724075e+06,2.329639e+06
4.112924e-09,1.125371e-08,4.979585e-09,4.439722e-07,2.209673e+08,1.149571e+08,1.414732e+07
7.219876e-07,4.634698e-09,6.950928e-07,1.686653e-08,1.411607e+06,9.141953e+06,1.131036e+08
2.381316e-07,1.252194e-07,6.933829e-08,1.700905e-07,7.782246e+06,7.474780e+06,6.852107e+06
5.002172e-07,1.278446e-07,1.596463e-08,4.592173e-07,1.119029e+07,1.015875e+07,4.127145e+06
6.352345e-07,1.341994e-07,9.123145e-08,2.229820e-07,4.153944e+06,4.480428e+06,5.780824e+06
5.912096e-07,1.598769e-07,2.398339e-08,4.536748e-08,8.397964e+06,9.211989e+06,1.174181e+07
1.110827e-09,1.285967e-09,1.916738e-09,4.559960e-08,6.853232e+08,4.762602e+08,1.305884e+08
1.018466e-08,3.694697e-08,1.959283e-07,3.626280e-07,2.238608e+07,1.291510e+07,8.639326e+06
5.818097e-07,7.932504e-07,2.972079e-08,1.170075e-07,7.604652e+06,5.539353e+06,3.282373e+06
6.143541e-09,4.517778e-07,1.585495e-09,3.536011e-08,3.204116e+08,3.793557e+07,7.911899e+06
5.558812e-09,1.385757e-09,1.329058e-08,1.027608e-09,1.163421e+08,3.885400e+08,8.379975e+08
2.255080e-08,9.076239e-08,9.375321e-09,3.416603e-07,6.877427e+07,3.109890e+07,5.678711e+06
1.291315e-09,1.408517e-08,2.771699e-09,6.512421e-08,5.285801e+08,1.564044e+08,3.301777e+07
2.325688e-07,1.385662e-07,3.714790e-07,1.483881e-08,3.402179e+06,1.374168e+07,2.205321e+07
1.904470e-09,4.839396e-07,8.376178e-08,6.179041e-08,7.917536e+07,7.608121e+06,5.782876e+06
4.216615e-08,2.592880e-09,6.638155e-09,2.312505e-09,5.977152e+07,1.141359e+08,4.083827e+08
9.598462e-08,1.611579e-07,7.201659e-07,9.286824e-07,3.803496e+06,3.096375e+06,2.584881e+06
4.535822e-07,8.255005e-09,2.896855e-07,6.565374e-08,2.758726e+06,6.360394e+06,4.295479e+07
9.453242e-09,4.125100e-09,1.990435e-09,7.602637e-07,2.305343e+08,1.926062e+08,1.785668e+07
7.572064e-08,1.575234e-08,5.461912e-08,2.619195e-07,1.554965e+07,1.555288e+07,1.556839e+07
5.848968e-07,2.004502e-09,1.192059e-08,1.930063e-07,1.197599e+07,1.231920e+07,5.084064e+07
1.306368e-09,2.190792e-07,2.058826e-08,8.103951e-08,1.928224e+08,1.662480e+07,7.505005e+06
7.199545e-08,5.687754e-07,4.616390e-09,1.060994e-09,5.485248e+07,4.253193e+07,4.070738e+07
7.541205e-07,1.466652e-08,9.833814e-07,1.024360e-07,1.161231e+06,3.744450e+06,2.579943e+07
2.281600e-08,1.178908e-09,1.781444e-09,9.497338e-09,1.568535e+08,1.666804e+08,2.988540e+08
1.528195e-07,1.066952e-08,1.809323e-08,2.616691e-08,1.901746e+07,2.391266e+07,5.984824e+07
4.265313e-09,4.456139e-07,9.730891e-09,4.961425e-08,1.552202e+08,1.652971e+07,6.725389e+06
7.591630e-07,1.399884e-07,2.779524e-09,1.180130e-07,2.176944e+07,2.023734e+07,7.780170e+06
2.034544e-08,2.000297e-08,4.743989e-09,3.679814e-08,1.017875e+08,7.679738e+07,3.685868e+07
5.300852e-08,4.472491e-09,1.411049e-08,5.081007e-08,3.656421e+07,3.969018e+07,6.633617e+07
3.068671e-08,3.957203e-07,3.389875e-07,6.517831e-07,9.804671e+06,3.242881e+06,1.969039e+06
6.612970e-07,2.379615e-08,8.950161e-08,3.547230e-08,4.110421e+06,7.580097e+06,3.441930e+07
1.764883e-08,5.543280e-08,1.396247e-08,1.682296e-09,6.370317e+07,9.546587e+07,1.035537e+08
8.221582e-07,1.752931e-08,8.917877e-09,7.145811e-07,1.167862e+07,1.162796e+07,8.934942e+06
