L1,L2,C1,C2,Omega_1,Omega_2,Omega_3
3.940340e-09,1.071717e-09,1.933448e-07,1.249376e-09,3.622988e+07,4.009074e+08,8.641983e+08
3.756762e-08,2.582309e-09,2.278260e-07,1.311463e-08,1.080915e+07,4.481599e+07,1.718375e+08
4.911880e-08,9.701352e-07,4.129593e-08,7.870697e-08,2.220355e+07,6.018585e+06,3.618906e+06
8.418184e-09,5.692565e-07,3.526789e-09,2.851737e-08,1.835275e+08,2.348488e+07,7.848583e+06
7.978103e-09,1.119543e-09,4.681439e-07,3.528195e-09,1.636291e+07,1.771698e+08,5.031569e+08
1.863216e-08,4.548260e-09,1.623584e-09,5.387586e-09,1.818155e+08,1.859517e+08,2.020134e+08
5.529327e-07,1.823138e-08,9.121658e-08,1.235434e-07,4.452736e+06,5.776298e+06,2.107078e+07
1.278943e-07,6.401702e-09,1.312116e-08,4.708714e-09,2.441115e+07,4.635593e+07,1.821382e+08
5.980081e-09,4.249727e-09,1.118581e-09,3.778396e-09,3.866453e+08,3.365447e+08,2.495547e+08
3.190597e-08,1.722881e-07,5.448575e-09,3.911062e-09,7.584423e+07,4.637876e+07,3.852344e+07
1.842411e-09,4.162000e-07,9.148103e-08,2.314852e-09,7.702668e+07,3.255027e+07,3.221717e+07
1.217027e-09,9.338660e-09,2.482641e-09,2.030055e-08,5.752980e+08,2.069441e+08,7.262796e+07
2.207182e-09,8.069213e-09,5.424934e-07,7.115982e-08,2.889906e+07,3.933023e+07,4.173179e+07
1.425786e-09,6.819927e-09,2.028441e-08,7.987058e-07,1.859481e+08,7.829801e+07,1.354930e+07
2.291274e-07,4.788256e-07,3.017126e-08,8.258388e-07,1.202720e+07,6.966150e+06,1.590244e+06
2.860246e-08,1.672477e-07,1.404764e-08,9.644978e-09,4.988806e+07,2.988080e+07,2.489828e+07
5.224867e-09,5.935981e-07,1.799246e-07,5.952201e-07,3.261499e+07,3.476627e+06,1.682345e+06
4.716311e-07,6.290454e-09,1.317456e-07,2.570825e-07,4.011721e+06,4.901130e+06,2.486696e+07
7.734581e-09,8.897507e-07,1.734959e-07,3.032815e-08,2.729839e+07,6.569714e+06,6.087555e+06
1.206535e-07,4.057558e-09,8.547722e-09,4.038700e-08,3.113901e+07,3.371398e+07,7.811723e+07
8.708256e-09,3.258490e-09,2.902142e-07,1.721076e-09,1.989185e+07,2.210019e+08,4.222715e+08
3.130244e-08,5.311733e-07,5.212406e-07,6.244984e-08,7.828739e+06,5.646179e+06,5.490555e+06
1.376816e-09,9.259704e-07,3.051952e-07,2.208426e-08,4.878352e+07,7.236156e+06,6.992944e+06
5.231814e-08,2.639909e-08,1.135921e-07,1.298672e-07,1.297178e+07,1.447953e+07,1.707874e+07
2.684414e-08,4.199698e-07,2.051167e-07,1.499892e-08,1.347643e+07,1.265411e+07,1.259972e+07
8.226833e-07,8.890799e-07,8.450518e-08,1.933458e-07,3.792643e+06,3.151919e+06,2.411916e+06
9.883855e-08,2.879344e-09,1.021275e-07,2.483505e-07,9.953263e+06,1.165542e+07,3.739562e+07
2.188689e-07,1.199326e-09,3.302446e-09,2.671973e-08,3.719547e+07,3.931955e+07,1.766507e+08
2.635444e-08,2.193260e-08,2.801016e-09,2.776779e-07,1.163899e+08,8.641843e+07,1.281399e+07
6.183971e-08,4.220725e-09,2.585866e-07,3.367466e-07,7.907937e+06,1.017313e+07,2.652497e+07
9.250088e-09,3.776426e-07,4.754177e-09,5.334192e-07,1.507958e+08,2.342038e+07,2.228051e+06
7.823915e-08,2.716285e-07,3.315956e-08,5.395481e-09,1.963286e+07,2.481814e+07,2.612145e+07
6.825404e-07,7.866058e-08,1.005687e-09,1.037204e-09,3.816844e+07,5.072353e+07,1.107106e+08
3.571653e-09,1.642639e-08,2.100677e-09,3.942217e-09,3.650781e+08,1.910200e+08,1.242678e+08
6.338585e-07,3.852974e-07,1.142306e-08,1.695349e-09,1.175202e+07,2.578098e+07,3.912662e+07
1.753087e-07,1.749507e-08,3.083999e-08,8.178776e-07,1.360007e+07,1.321060e+07,8.359842e+06
2.190974e-08,2.333874e-09,2.351578e-08,2.598684e-08,4.405565e+07,5.780414e+07,1.284058e+08
1.243402e-09,1.000970e-09,2.942239e-09,5.317590e-09,5.228237e+08,4.850000e+08,4.334431e+08
9.469731e-09,9.292867e-09,6.471712e-07,4.942481e-08,1.277384e+07,3.406920e+07,4.666085e+07
1.328029e-07,2.885745e-07,7.657955e-08,8.433518e-09,9.916076e+06,1.767447e+07,2.027060e+07
3.261529e-08,7.591485e-07,1.338198e-09,3.960821e-09,1.513663e+08,3.553424e+07,1.823661e+07
3.049501e-09,1.064402e-07,6.916077e-07,1.837323e-09,2.177488e+07,7.059869e+07,7.150795e+07
3.469873e-08,1.369008e-08,1.741586e-09,1.240542e-07,1.286384e+08,1.096939e+08,2.426562e+07
2.430321e-08,5.736109e-08,1.707929e-07,2.747208e-07,1.552149e+07,1.078285e+07,7.966096e+06
5.561844e-09,1.279425e-09,9.265750e-07,1.206124e-07,1.392997e+07,3.700903e+07,8.050015e+07
1.605603e-08,2.558172e-09,1.461556e-08,8.404105e-08,6.527896e+07,6.568821e+07,6.820078e+07
1.129454e-09,1.796240e-07,6.928368e-09,4.253505e-08,3.574787e+08,3.047262e+07,1.144048e+07
5.566246e-08,2.095444e-07,4.058641e-09,8.088048e-09,6.653168e+07,3.735290e+07,2.429070e+07
5.576741e-07,2.359161e-07,1.443889e-07,5.202036e-08,3.524057e+06,5.740230e+06,9.026816e+06
9.160158e-08,2.910636e-09,1.345210e-08,1.669843e-08,2.848744e+07,3.768518e+07,1.434393e+08
7.103010e-07,5.776420e-07,3.037194e-07,1.984862e-07,2.152993e+06,2.543262e+06,2.953286e+06
3.341835e-08,1.738189e-09,4.500413e-08,4.400900e-08,2.578584e+07,3.575420e+07,1.143354e+08
2.042848e-08,1.847202e-09,7.944263e-07,2.502737e-09,7.849737e+06,1.341405e+08,4.650881e+08
9.171873e-08,9.538386e-09,9.024831e-09,5.352209e-09,3.475773e+07,5.421705e+07,1.399574e+08
4.571625e-07,1.969520e-09,1.623086e-07,1.371787e-07,3.671081e+06,5.412605e+06,6.083822e+07
1.621300e-08,4.119540e-07,1.664118e-09,4.852573e-07,1.925201e+08,3.752707e+07,2.236606e+06
5.362758e-08,2.986669e-09,1.229411e-07,1.722978e-07,1.231565e+07,1.569045e+07,4.408254e+07
4.370289e-07,2.154011e-07,1.573296e-08,7.026729e-09,1.205979e+07,1.776374e+07,2.570393e+07
1.124053e-09,5.635010e-09,2.166673e-09,1.817116e-07,6.407813e+08,2.628657e+08,3.125082e+07
3.783884e-09,3.043953e-08,9.801279e-09,7.445577e-08,1.642063e+08,5.808325e+07,2.100544e+07
1.372040e-09,2.172809e-09,8.644646e-07,8.054872e-09,2.903641e+07,1.880121e+08,2.390341e+08
4.494032e-08,3.159917e-08,2.907785e-09,9.836656e-09,8.747838e+07,7.629792e+07,5.672028e+07
5.779747e-07,2.858196e-08,1.252745e-07,7.659569e-07,3.716330e+06,3.913146e+06,6.758524e+06
2.180407e-08,6.827038e-07,5.144688e-07,7.749061e-09,9.441732e+06,1.363575e+07,1.374863e+07
5.035476e-09,4.703039e-09,1.278650e-09,9.794572e-09,3.940977e+08,3.013159e+08,1.473391e+08
4.170495e-09,3.151550e-07,5.098679e-07,2.358560e-07,2.168589e+07,4.406765e+06,3.667874e+06
2.648529e-07,1.996368e-09,8.063010e-07,1.850147e-09,2.163959e+06,4.505692e+07,5.203272e+08
1.258778e-08,1.792977e-08,1.231258e-07,3.850848e-08,2.540101e+07,3.342252e+07,3.805700e+07
1.382011e-09,1.957008e-09,1.284906e-08,5.039369e-08,2.373059e+08,1.710299e+08,1.006968e+08
4.513481e-07,3.192123e-08,3.547823e-09,1.768132e-08,2.498982e+07,2.646265e+07,4.209232e+07
1.046507e-07,3.731735e-08,2.444065e-08,5.177300e-08,1.977300e+07,2.059743e+07,2.275060e+07
1.250013e-09,5.245053e-09,1.818324e-09,7.674329e-07,6.632955e+08,2.913308e+08,1.576177e+07
2.730210e-08,6.804390e-08,3.120161e-07,2.088166e-09,1.083462e+07,7.110738e+07,8.389245e+07
7.351496e-08,3.487602e-09,3.704133e-07,2.137144e-08,6.059947e+06,2.535193e+07,1.158296e+08
1.495811e-07,1.322421e-07,3.302203e-07,3.814017e-08,4.499453e+06,1.018720e+07,1.408068e+07
1.230724e-07,3.670646e-09,1.774666e-09,4.482284e-08,6.766457e+07,6.798471e+07,7.796131e+07
2.204667e-07,6.802707e-07,1.872237e-07,6.426757e-07,4.922073e+06,2.767179e+06,1.512388e+06
3.420957e-09,2.439420e-08,6.488247e-07,2.115913e-07,2.122572e+07,1.501070e+07,1.391899e+07
2.507812e-08,6.661141e-09,3.849580e-07,1.831473e-07,1.017761e+07,1.593342e+07,2.863027e+07
1.688573e-07,2.973546e-07,1.204353e-07,2.761976e-08,7.012344e+06,9.770867e+06,1.103450e+07
1.466242e-07,6.018711e-07,7.179862e-09,1.653048e-08,3.082046e+07,1.633705e+07,1.002549e+07
8.533991e-08,8.254432e-09,2.068563e-09,2.552598e-08,7.526439e+07,7.472419e+07,6.889144e+07
3.810472e-07,3.269821e-07,2.316569e-09,2.519572e-07,3.365798e+07,2.480500e+07,3.483972e+06
1.419672e-08,2.559358e-09,9.826415e-07,1.387570e-07,8.466589e+06,2.215485e+07,5.306486e+07
9.104373e-07,7.874567e-07,3.953296e-08,4.555397e-09,5.271028e+06,1.200781e+07,1.669643e+07
4.066152e-07,4.475515e-08,3.155379e-09,2.042492e-07,2.791788e+07,2.670157e+07,1.045920e+07
2.848247e-07,3.702002e-09,1.373307e-09,4.979816e-07,5.056235e+07,5.030615e+07,2.329030e+07
2.495903e-09,2.853576e-08,2.940166e-08,7.892820e-08,1.167348e+08,3.878551e+07,2.107120e+07
1.363454e-09,3.083266e-07,2.911414e-07,3.596459e-09,5.019121e+07,3.014844e+07,3.003011e+07
1.118627e-09,4.941359e-07,4.689257e-07,4.978142e-08,4.366217e+07,6.698248e+06,6.375924e+06
9.643563e-08,1.961918e-08,1.278637e-07,2.395596e-09,9.005495e+06,6.053302e+07,1.458656e+08
2.229400e-08,1.595696e-08,1.008733e-07,4.908188e-07,2.108716e+07,1.767576e+07,1.129963e+07
1.932748e-07,6.814680e-07,8.967865e-08,4.448820e-08,7.595701e+06,6.200340e+06,5.743212e+06
2.615152e-07,1.899454e-08,3.827248e-09,1.586934e-07,3.160882e+07,3.088571e+07,1.821403e+07
5.293834e-09,2.035098e-07,3.501474e-07,2.130087e-07,2.322680e+07,6.013415e+06,4.802956e+06
1.344596e-07,1.680896e-09,7.595618e-09,1.458167e-08,3.129122e+07,3.835089e+07,2.019882e+08
1.850548e-08,8.105921e-07,4.362250e-08,1.589904e-08,3.519610e+07,1.017404e+07,8.808733e+06
8.512226e-07,2.441806e-07,9.439634e-09,1.001775e-08,1.115580e+07,1.370543e+07,2.021898e+07
2.459768e-07,2.012248e-09,2.917863e-07,1.154350e-09,3.732677e+06,5.922054e+07,6.561310e+08
9.896526e-09,6.030599e-08,1.903891e-07,6.436170e-07,2.303762e+07,9.846310e+06,5.075818e+06
1.321309e-07,3.254360e-07,3.525453e-07,1.162683e-07,4.633299e+06,4.999593e+06,5.140869e+06
2.347283e-09,2.058443e-09,2.248424e-09,1.347773e-08,4.352895e+08,3.432061e+08,1.898551e+08
1.088839e-07,2.724555e-07,7.117281e-09,4.263339e-09,3.592205e+07,3.136138e+07,2.934116e+07
5.424317e-07,7.559874e-09,4.812909e-08,2.292597e-08,6.189046e+06,1.082061e+07,7.595893e+07
1.445546e-07,6.312895e-07,1.167400e-09,2.382896e-09,7.697933e+07,4.055857e+07,2.578299e+07
2.341023e-07,3.287072e-08,4.284823e-09,7.390172e-09,3.157408e+07,3.716216e+07,6.416055e+07
5.311394e-07,6.690440e-09,1.183834e-09,5.352301e-08,3.987956e+07,4.006662e+07,5.284482e+07
4.099299e-08,1.387425e-07,1.360746e-07,7.402262e-08,1.338926e+07,1.077265e+07,9.867635e+06
2.223362e-09,2.126765e-07,1.729950e-08,1.778638e-08,1.612420e+08,2.303497e+07,1.625910e+07
2.510942e-09,1.060343e-08,2.706387e-09,1.201586e-07,3.836072e+08,1.697336e+08,2.801557e+07
1.001184e-08,7.106477e-08,1.407506e-09,3.623817e-08,2.663901e+08,9.541169e+07,1.970560e+07
4.574274e-08,3.722741e-07,1.034566e-07,5.049234e-09,1.453650e+07,2.229142e+07,2.306513e+07
2.820127e-09,1.672771e-08,3.578641e-09,5.392537e-08,3.147796e+08,1.234651e+08,3.329547e+07
8.329567e-07,4.845007e-08,8.034303e-07,5.641756e-09,1.222404e+06,1.423063e+07,6.048471e+07
3.553217e-09,6.166048e-08,7.870351e-09,6.047332e-07,1.891002e+08,4.442643e+07,5.178627e+06
2.722849e-09,8.501404e-09,1.943681e-07,6.585753e-09,4.346860e+07,1.182645e+08,1.336448e+08
3.451068e-09,1.061648e-07,1.088995e-07,7.125162e-07,5.158344e+07,9.827305e+06,3.635903e+06
6.581559e-09,1.361618e-09,9.037359e-07,1.380815e-07,1.296626e+07,3.241979e+07,7.292972e+07
2.158090e-07,1.507594e-07,2.150178e-07,1.059493e-07,4.642245e+06,6.199639e+06,7.912408e+06
7.002233e-08,7.567551e-07,5.818362e-09,3.251239e-07,4.954289e+07,1.454645e+07,2.016034e+06
1.718603e-08,3.741592e-08,1.377922e-08,2.723144e-09,6.498302e+07,8.974729e+07,9.906870e+07
1.033804e-07,1.653576e-08,8.354888e-07,1.335714e-08,3.402597e+06,2.518537e+07,6.728699e+07
3.618165e-09,2.813861e-07,8.026561e-09,7.820735e-07,1.855629e+08,2.101488e+07,2.131694e+06
6.286367e-07,2.315503e-09,3.323167e-08,7.442694e-07,6.918693e+06,7.058478e+06,2.408864e+07
1.672822e-08,1.471897e-09,2.643657e-09,5.268989e-09,1.503739e+08,1.766678e+08,3.590852e+08
3.082566e-07,5.428250e-07,9.967401e-08,1.833204e-07,5.704963e+06,4.265864e+06,3.170040e+06
1.636953e-08,4.975658e-09,2.702326e-09,1.273895e-08,1.503533e+08,1.449626e+08,1.256053e+08
1.945867e-08,2.655051e-08,4.733109e-08,1.910355e-09,3.295112e+07,1.087960e+08,1.404127e+08
3.659036e-08,1.738656e-07,7.994991e-08,6.034446e-07,1.848875e+07,8.204034e+06,3.087269e+06
1.561989e-08,3.855953e-08,1.283775e-09,1.971289e-07,2.233144e+08,1.202951e+08,1.146988e+07
3.110613e-09,6.615515e-07,1.022263e-08,3.998930e-07,1.773355e+08,1.228569e+07,1.944224e+06
1.328617e-08,1.074826e-08,8.812357e-08,3.719717e-09,2.922497e+07,1.079707e+08,1.581525e+08
8.162162e-07,1.267827e-08,2.027773e-07,1.928372e-08,2.458033e+06,8.277163e+06,6.395503e+07
1.041270e-09,1.468852e-08,5.161041e-07,1.224666e-07,4.313697e+07,2.534344e+07,2.357774e+07
2.859005e-09,3.628686e-09,7.439426e-07,2.820518e-08,2.168317e+07,7.531319e+07,9.884641e+07
1.474046e-09,4.148682e-09,9.955416e-07,2.586099e-09,2.610446e+07,2.625834e+08,3.052969e+08
3.096395e-08,2.236143e-08,3.269643e-09,1.020929e-09,9.938518e+07,1.552540e+08,2.092920e+08
9.611880e-07,6.114917e-09,1.555239e-09,3.532260e-07,2.586409e+07,2.583891e+07,2.151683e+07
4.884244e-07,4.340080e-09,1.334379e-09,1.754105e-09,3.917074e+07,5.174705e+07,3.624293e+08
7.522168e-09,2.422042e-07,6.790091e-09,2.334109e-07,1.399235e+08,2.463524e+07,4.205800e+06
2.900513e-09,1.457148e-07,2.798623e-08,3.414175e-08,1.109917e+08,2.091687e+07,1.417768e+07
2.463358e-09,1.475658e-09,5.767914e-07,2.667555e-07,2.652937e+07,3.730738e+07,5.040231e+07
3.936826e-07,7.542936e-08,3.496624e-08,2.157887e-07,8.523196e+06,8.416814e+06,7.838184e+06
1.451522e-09,1.240052e-08,2.641753e-08,3.827457e-07,1.614887e+08,5.404932e+07,1.451527e+07
1.559382e-07,1.192695e-07,5.590091e-08,5.286073e-08,1.071061e+07,1.156462e+07,1.259415e+07
1.092848e-08,2.349029e-09,5.073528e-09,5.620894e-09,1.342966e+08,1.680593e+08,2.752030e+08
4.459135e-09,1.171355e-09,2.736864e-08,1.367860e-09,9.052074e+07,3.692295e+08,7.900142e+08
9.974663e-09,2.581632e-08,1.464161e-07,6.151923e-07,2.616715e+07,1.537019e+07,7.935008e+06
2.675170e-07,3.554326e-08,5.916575e-09,4.453294e-07,2.513559e+07,2.377203e+07,7.948418e+06
3.559900e-09,9.858815e-08,2.301007e-08,2.223261e-07,1.104898e+08,2.166764e+07,6.754488e+06
4.721991e-09,2.637216e-09,1.733578e-07,2.846753e-09,3.495150e+07,2.202655e+08,3.649659e+08
3.687639e-09,3.837112e-08,1.248260e-07,4.921920e-09,4.660938e+07,7.086017e+07,7.276633e+07
1.244724e-08,9.167025e-07,1.809037e-09,2.919896e-08,2.107365e+08,2.513544e+07,6.112263e+06
5.377514e-07,1.435325e-09,3.292785e-07,1.169798e-08,2.376444e+06,1.281314e+07,2.440447e+08
2.164942e-09,2.004173e-07,7.205352e-09,4.015646e-07,2.531916e+08,2.640788e+07,3.524964e+06
4.852111e-09,1.638114e-07,5.977500e-07,1.567591e-09,1.856842e+07,6.158029e+07,6.240387e+07
1.849537e-09,7.486446e-07,6.263220e-09,5.292594e-07,2.938121e+08,1.467176e+07,1.588649e+06
1.198718e-07,6.849051e-09,7.206575e-07,4.916051e-09,3.402335e+06,4.020167e+07,1.723362e+08
8.550246e-09,3.171687e-08,7.614248e-08,4.430141e-09,3.919198e+07,7.701870e+07,8.436185e+07
1.835794e-09,2.503263e-09,7.795460e-09,1.352480e-09,2.643426e+08,4.471752e+08,5.434772e+08
3.053935e-08,4.995408e-09,2.214681e-09,3.776175e-08,1.215947e+08,1.159828e+08,7.280957e+07
1.369181e-08,9.086386e-09,1.737891e-08,1.025155e-07,6.482736e+07,5.435429e+07,3.276497e+07
1.279055e-09,2.051464e-07,4.867203e-08,1.174793e-07,1.267405e+08,1.186451e+07,6.441504e+06
2.978113e-09,4.106412e-08,7.231935e-07,1.744433e-09,2.154776e+07,1.142250e+08,1.181521e+08
5.818007e-07,4.428281e-08,3.452636e-07,1.109370e-09,2.231195e+06,3.800513e+07,1.426738e+08
3.550590e-07,6.478440e-08,3.560918e-08,1.103012e-07,8.893419e+06,9.406506e+06,1.182973e+07
1.047339e-07,7.776371e-08,5.781210e-08,3.088219e-08,1.285130e+07,1.649893e+07,2.040598e+07
1.525370e-09,4.390145e-09,3.676021e-08,7.596907e-09,1.335437e+08,1.638619e+08,1.731578e+08
1.167756e-07,3.056861e-09,8.848825e-08,8.583761e-07,9.837420e+06,1.019941e+07,1.952196e+07
1.391700e-07,6.370887e-07,8.452872e-07,1.814805e-08,2.915580e+06,8.515194e+06,9.300046e+06
8.994089e-07,6.597567e-07,1.011152e-07,8.302879e-08,3.315990e+06,3.750681e+06,4.272615e+06
4.252328e-07,1.815172e-09,2.292175e-07,1.221433e-08,3.203043e+06,1.421020e+07,2.123764e+08
1.385857e-09,6.781028e-09,6.565463e-09,2.053735e-08,3.315188e+08,1.568824e+08,8.473836e+07
1.415789e-08,3.999786e-08,8.668944e-09,4.529569e-09,9.026464e+07,7.878231e+07,7.429390e+07
5.504517e-08,8.184767e-08,1.632927e-08,9.199350e-07,3.335470e+07,2.133767e+07,3.644335e+06
3.932309e-08,1.715907e-09,1.165568e-09,1.539198e-08,1.477091e+08,1.499628e+08,1.945834e+08
1.236187e-09,4.406820e-08,4.457671e-08,2.800999e-08,1.347113e+08,3.582184e+07,2.846301e+07
2.733719e-07,4.049461e-08,4.043712e-07,5.190949e-07,3.007689e+06,3.743902e+06,6.897282e+06
2.466968e-08,5.012349e-09,5.551968e-08,3.311817e-09,2.702059e+07,1.038249e+08,2.454405e+08
1.489996e-09,3.897173e-07,7.349225e-07,1.134824e-07,3.021946e+07,5.099329e+06,4.755113e+06
6.719978e-08,4.396948e-07,9.297913e-08,2.299723e-07,1.265096e+07,5.458575e+06,3.144753e+06
8.579172e-07,3.435217e-08,2.225747e-08,6.735215e-09,7.236681e+06,1.472254e+07,6.574265e+07
7.488746e-07,6.497977e-09,6.887281e-09,1.192685e-09,1.392424e+07,3.608589e+07,3.592098e+08
2.318151e-07,2.920998e-09,3.275427e-07,4.618478e-07,3.629069e+06,4.714901e+06,2.722607e+07
3.273210e-09,8.586383e-07,4.766323e-08,1.790474e-09,8.006106e+07,2.592939e+07,2.550415e+07
1.909414e-09,6.100257e-07,4.289462e-09,2.477561e-08,3.494206e+08,2.114070e+07,8.134180e+06
3.904841e-07,1.515820e-08,2.847541e-09,7.718182e-09,2.998909e+07,3.442591e+07,9.245250e+07
3.659822e-09,3.542856e-08,7.651067e-07,7.522972e-08,1.889770e+07,1.932622e+07,1.936995e+07
3.775122e-09,3.270031e-08,5.212373e-08,3.568093e-07,7.128805e+07,2.455218e+07,9.257760e+06
1.633292e-07,7.840634e-09,8.542957e-08,2.017224e-08,8.465722e+06,1.892086e+07,7.951468e+07
3.806571e-09,5.827164e-07,8.313753e-07,4.992971e-07,1.777602e+07,2.337841e+06,1.853924e+06
2.567472e-09,3.915629e-09,3.186743e-07,1.946148e-09,3.496017e+07,2.823857e+08,3.622524e+08
3.715132e-07,4.955950e-09,9.867670e-08,4.322980e-08,5.222826e+06,9.400209e+06,6.831954e+07
7.175169e-09,1.851917e-09,1.028628e-09,1.312716e-07,3.680906e+08,3.294518e+08,6.413628e+07
3.760574e-09,8.822655e-08,3.115892e-07,3.929650e-08,2.921337e+07,1.765026e+07,1.698335e+07
1.034645e-09,2.264074e-07,1.274924e-07,2.617602e-09,8.706874e+07,4.140244e+07,4.107739e+07
4.840252e-07,3.473731e-08,6.959042e-08,9.207706e-09,5.448680e+06,1.539654e+07,5.591472e+07
2.869093e-08,2.474210e-09,2.523607e-09,3.625597e-09,1.175214e+08,1.468501e+08,3.338812e+08
1.461709e-08,4.212877e-09,2.559548e-07,7.233085e-07,1.634888e+07,1.676029e+07,1.811544e+07
1.975551e-09,2.438219e-09,8.819905e-09,7.501242e-09,2.395653e+08,2.364133e+08,2.338283e+08
1.384143e-07,3.874460e-09,1.046694e-07,6.442010e-07,8.308061e+06,8.834816e+06,2.001630e+07
2.788909e-09,4.661529e-09,6.311790e-09,5.861224e-07,2.383453e+08,1.466084e+08,1.913117e+07
3.135830e-09,2.303974e-08,4.459244e-07,2.102152e-09,2.674195e+07,1.351267e+08,1.436909e+08
1.542976e-07,9.954963e-08,1.318680e-09,8.712612e-09,7.010527e+07,5.864734e+07,3.395518e+07
1.208923e-08,7.959215e-08,2.282227e-09,2.326508e-09,1.903800e+08,9.730130e+07,7.348736e+07
1.860426e-07,2.592640e-09,4.793696e-07,3.194015e-07,3.348564e+06,5.258914e+06,3.475045e+07
3.457319e-08,5.398978e-08,1.080789e-07,8.925776e-09,1.635911e+07,3.700684e+07,4.555344e+07
9.395972e-09,2.747542e-09,6.853083e-08,9.642232e-07,3.940816e+07,3.587521e+07,1.942849e+07
2.000799e-09,4.587570e-07,3.640493e-08,2.173012e-09,1.171704e+08,3.253284e+07,3.167215e+07
2.442840e-08,8.304387e-08,3.922573e-08,1.581575e-09,3.230480e+07,7.823307e+07,8.725722e+07
2.281388e-08,6.269077e-09,1.403675e-09,6.886705e-09,1.767124e+08,1.717232e+08,1.521922e+08
1.161717e-08,6.478944e-09,2.961584e-09,7.299437e-09,1.704857e+08,1.619556e+08,1.454130e+08
7.837529e-07,1.639186e-08,8.864029e-09,2.252990e-07,1.199761e+07,1.210541e+07,1.645531e+07
1.059281e-08,5.015896e-07,1.106020e-09,2.431241e-09,2.921548e+08,5.067873e+07,2.863596e+07
4.167231e-07,3.294030e-08,5.034230e-08,3.027458e-07,6.904141e+06,7.177813e+06,1.001376e+07
2.114967e-09,5.159928e-08,1.384460e-08,4.755857e-07,1.848026e+08,3.720027e+07,6.383573e+06
1.623186e-09,8.912793e-08,1.480137e-07,2.263212e-07,6.451563e+07,1.109662e+07,7.040938e+06
3.362682e-09,1.426873e-07,6.285648e-09,2.878960e-09,2.175114e+08,5.888618e+07,4.933891e+07
2.107993e-07,5.164215e-07,1.544079e-07,9.700611e-07,5.542817e+06,3.212967e+06,1.412857e+06
7.581417e-07,1.300685e-09,1.650644e-07,2.380923e-08,2.826820e+06,7.954975e+06,1.796972e+08
4.340432e-08,3.307892e-07,1.698970e-08,1.480361e-09,3.682482e+07,4.430057e+07,4.518980e+07
2.143925e-09,2.017768e-08,5.399441e-07,1.312167e-09,2.939143e+07,1.849992e+08,1.943434e+08
1.664778e-07,6.440710e-08,4.378711e-08,4.767427e-07,1.171248e+07,1.039226e+07,5.706779e+06
1.556291e-09,1.646551e-09,6.104470e-08,1.940628e-08,1.025960e+08,1.456139e+08,1.769054e+08
1.116432e-09,1.000610e-08,1.825686e-09,3.233659e-09,7.004398e+08,2.775781e+08,1.758006e+08
4.163153e-09,6.955522e-07,1.646758e-08,1.295955e-07,1.207741e+08,9.890077e+06,3.330736e+06
9.117487e-08,2.070758e-07,6.267982e-07,2.119943e-09,4.183103e+06,3.983643e+07,4.772800e+07
4.123239e-07,9.708608e-09,3.676760e-09,5.013538e-08,2.568314e+07,2.630040e+07,4.532620e+07
2.052695e-09,1.495872e-08,2.716024e-09,2.797174e-08,4.235171e+08,1.540940e+08,4.888696e+07
1.270788e-08,4.780353e-07,1.135530e-08,6.013499e-08,8.324614e+07,1.460607e+07,5.898022e+06
4.032611e-07,3.794967e-07,7.033482e-09,3.381680e-07,1.877680e+07,1.361668e+07,2.791450e+06
6.647461e-07,2.745315e-07,1.235228e-07,1.036816e-07,3.489784e+06,4.345973e+06,5.927248e+06
1.066490e-09,1.814023e-08,1.967048e-08,1.906755e-07,2.183304e+08,5.403630e+07,1.700322e+07
1.208107e-09,4.369662e-07,1.515093e-07,2.479424e-09,7.391416e+07,3.058623e+07,3.038090e+07
8.186038e-09,3.050434e-09,2.500093e-08,6.532198e-07,6.990127e+07,6.079429e+07,2.240214e+07
5.800691e-08,2.624722e-08,8.871131e-08,2.572379e-09,1.394025e+07,6.890393e+07,1.217001e+08
1.144142e-07,1.808672e-07,4.218554e-08,9.725795e-09,1.439389e+07,2.069992e+07,2.384282e+07
1.779349e-09,3.609386e-09,1.034148e-08,1.868245e-08,2.331193e+08,1.669654e+08,1.217773e+08
1.627252e-07,8.127487e-07,1.780289e-08,8.955389e-08,1.857922e+07,8.308439e+06,3.706633e+06
1.725475e-09,2.687531e-09,4.961949e-07,3.374309e-09,3.417587e+07,2.600231e+08,3.320709e+08
1.072149e-07,3.648079e-07,2.393414e-09,9.998302e-07,6.242572e+07,2.978714e+07,1.655788e+06
6.768040e-08,5.268156e-09,1.491392e-09,1.854941e-09,9.953425e+07,1.287702e+08,3.198937e+08
3.198467e-09,5.799479e-07,2.937798e-07,4.898303e-09,3.262256e+07,1.886597e+07,1.876215e+07
6.871392e-07,2.202704e-07,2.701284e-07,2.432863e-08,2.321093e+06,7.026925e+06,1.366039e+07
1.776203e-07,1.759729e-08,1.885188e-08,2.959613e-07,1.728130e+07,1.700091e+07,1.385670e+07
1.759558e-07,1.262881e-08,4.988175e-08,2.920627e-09,1.067400e+07,4.383941e+07,1.646572e+08
2.108138e-09,6.343562e-07,6.067977e-07,9.028088e-07,2.795944e+07,2.080774e+06,1.321404e+06
3.911710e-07,3.251732e-08,1.368419e-09,9.348242e-09,4.322223e+07,4.446640e+07,5.735584e+07
1.116079e-08,3.559429e-07,4.970734e-07,1.577860e-09,1.342586e+07,4.161592e+07,4.219641e+07
2.085869e-09,2.365795e-07,3.652082e-07,4.957092e-09,3.623149e+07,2.926978e+07,2.920102e+07
1.572972e-08,2.920550e-08,3.307989e-09,5.072688e-09,1.386301e+08,1.054253e+08,8.215776e+07
4.259714e-09,9.851346e-07,4.416239e-08,1.762330e-09,7.290939e+07,2.442129e+07,2.399985e+07
2.629100e-09,4.302999e-09,2.976900e-09,2.228398e-08,3.574492e+08,2.343761e+08,1.021217e+08
7.182306e-07,7.891446e-08,4.235625e-08,2.278068e-08,5.733361e+06,9.202438e+06,2.358514e+07
1.601089e-09,1.417233e-09,1.101555e-08,3.040451e-08,2.381163e+08,2.024186e+08,1.523387e+08
1.159351e-07,3.446019e-08,6.194322e-07,1.594662e-09,3.731605e+06,6.465572e+07,1.348984e+08
6.632298e-08,9.373118e-08,1.096018e-09,4.118294e-09,1.172895e+08,8.495669e+07,5.089783e+07
3.337424e-09,4.907288e-08,2.813869e-07,6.787900e-09,3.263190e+07,5.365374e+07,5.479129e+07
1.095537e-07,2.478290e-08,4.787167e-09,2.555068e-07,4.366638e+07,3.980103e+07,1.256674e+07
1.678547e-09,4.772592e-09,8.622185e-09,3.080301e-09,2.628601e+08,2.613459e+08,2.608112e+08
9.869826e-09,1.484300e-09,3.616089e-09,1.619299e-09,1.673885e+08,2.806173e+08,6.450237e+08
4.390068e-08,1.543128e-08,4.933951e-08,3.283651e-08,2.148656e+07,2.923831e+07,4.442429e+07
3.743885e-07,6.710983e-08,2.558109e-08,1.298316e-09,1.021831e+07,4.281496e+07,1.071314e+08
1.612249e-07,2.996782e-09,1.991691e-08,1.359988e-07,1.764708e+07,1.872195e+07,4.953417e+07
1.091923e-07,1.100063e-08,5.726417e-07,2.412257e-08,3.999101e+06,1.895870e+07,6.138741e+07
1.010243e-08,8.220914e-09,9.562391e-07,4.580393e-09,1.017428e+07,1.094168e+08,1.629628e+08
6.912325e-08,7.277142e-07,2.705798e-07,5.098519e-09,7.312069e+06,1.583605e+07,1.641714e+07
7.844585e-09,1.199221e-07,6.763494e-07,9.576256e-09,1.372870e+07,2.879030e+07,2.950886e+07
1.095996e-09,1.788687e-09,7.033294e-08,3.494371e-09,1.138980e+08,3.226975e+08,3.999893e+08
1.063021e-08,1.058008e-09,2.691732e-07,1.320988e-09,1.869447e+07,2.551170e+08,8.458748e+08
1.542572e-08,3.598541e-07,5.908723e-09,3.823117e-08,1.047443e+08,2.281825e+07,8.525658e+06
1.785534e-08,1.613605e-08,1.150784e-07,2.434767e-09,2.206069e+07,1.110793e+08,1.595411e+08
4.868042e-09,2.944978e-07,5.151239e-08,3.282097e-09,6.314908e+07,3.290302e+07,3.216498e+07
2.873250e-09,6.087174e-09,1.472981e-07,3.594201e-07,4.860877e+07,3.268279e+07,2.137918e+07
4.799170e-07,3.071408e-07,1.124553e-07,5.610788e-07,4.304542e+06,3.682770e+06,2.408903e+06
7.110307e-08,4.611055e-07,4.867410e-09,1.338990e-09,5.375351e+07,4.230010e+07,4.024494e+07
2.367663e-09,7.207066e-08,5.082501e-07,2.988375e-09,2.882712e+07,6.724456e+07,6.814017e+07
1.251641e-09,1.177919e-09,2.396580e-08,2.701115e-08,1.825846e+08,1.800345e+08,1.772845e+08
4.245999e-09,2.558332e-07,3.915661e-09,1.360967e-09,2.452491e+08,6.170197e+07,5.359172e+07
6.961552e-08,1.014498e-09,2.935864e-07,1.748105e-08,6.994859e+06,2.929415e+07,2.374601e+08
4.628468e-09,3.137989e-09,5.031215e-09,3.635640e-08,2.072263e+08,1.706856e+08,9.362328e+07
7.369118e-08,1.949906e-09,2.403099e-09,5.218395e-08,7.514610e+07,7.585979e+07,9.913446e+07
3.630051e-08,1.127505e-08,4.545321e-09,1.564052e-07,7.785049e+07,6.898368e+07,2.381306e+07
4.015409e-07,2.449618e-08,3.444560e-08,1.083667e-08,8.502922e+06,1.687429e+07,6.137660e+07
2.762116e-09,1.541313e-08,9.796420e-08,4.425072e-07,6.079185e+07,2.619102e+07,1.210861e+07
4.551613e-09,4.971357e-07,2.756291e-08,4.367074e-09,8.928013e+07,2.299455e+07,2.146185e+07
2.148450e-07,1.351981e-07,1.001606e-08,4.660193e-09,2.155703e+07,2.997067e+07,3.983939e+07
1.315375e-08,1.922649e-09,3.936279e-07,6.078999e-08,1.389736e+07,3.549114e+07,9.249833e+07
7.566163e-09,1.492386e-08,1.271727e-09,9.966983e-09,3.223778e+08,1.985567e+08,8.199315e+07
7.391862e-09,4.609815e-09,5.346667e-08,1.330278e-09,5.030156e+07,2.533638e+08,4.038193e+08
2.411443e-07,8.373253e-09,1.257577e-07,2.254044e-08,5.742411e+06,1.448001e+07,7.278999e+07
8.891567e-09,3.147396e-08,6.326357e-08,4.897141e-07,4.216324e+07,2.102811e+07,8.054767e+06
1.713223e-09,9.152597e-09,1.412491e-08,2.556863e-08,2.032826e+08,1.005732e+08,6.536934e+07
1.158387e-07,1.277239e-07,4.633870e-08,4.172527e-07,1.364901e+07,9.921810e+06,4.331760e+06
2.571436e-08,2.909614e-08,1.415759e-09,8.218469e-09,1.657362e+08,1.229098e+08,6.466762e+07
1.911039e-07,5.510530e-08,9.198380e-09,4.521921e-09,2.385116e+07,3.660265e+07,6.334930e+07
5.857203e-09,2.041410e-07,3.900996e-08,2.226821e-07,6.615568e+07,1.197725e+07,4.690209e+06
1.006174e-09,8.870075e-08,2.296946e-07,1.308290e-09,6.577912e+07,9.256960e+07,9.282916e+07
5.809737e-08,8.040817e-09,6.581690e-08,1.241259e-09,1.617160e+07,1.114037e+08,3.165327e+08
3.348260e-08,2.365020e-09,6.964090e-09,1.661055e-09,6.548747e+07,1.442211e+08,5.045342e+08
1.581569e-08,2.572448e-08,5.683854e-08,8.030393e-08,3.335296e+07,2.689441e+07,2.200180e+07
1.126839e-07,1.460083e-09,3.968154e-08,3.460706e-07,1.495460e+07,1.568740e+07,4.448656e+07
3.480380e-07,9.564669e-08,6.024919e-09,5.156710e-08,2.183791e+07,2.044005e+07,1.423897e+07
1.672368e-07,9.490347e-08,3.038959e-09,2.723636e-07,4.435798e+07,3.562708e+07,6.219914e+06
6.712666e-08,5.705676e-08,1.196533e-08,4.492137e-08,3.528501e+07,2.919341e+07,1.975240e+07
7.382516e-07,2.336804e-07,2.440261e-09,4.365840e-08,2.356024e+07,2.109960e+07,9.900450e+06
4.819860e-09,1.544268e-09,3.862871e-09,2.241734e-08,2.317542e+08,2.183724e+08,1.699599e+08
1.468000e-09,7.129129e-09,5.567002e-08,4.391515e-09,1.106181e+08,1.690455e+08,1.787206e+08
4.187022e-09,4.784565e-08,2.203988e-09,2.759281e-07,3.291871e+08,9.375294e+07,8.703237e+06
1.907337e-08,4.255854e-07,1.334232e-07,7.791312e-08,1.982306e+07,6.761649e+06,5.491631e+06
1.238051e-08,1.347750e-09,3.065832e-08,9.098679e-09,5.132826e+07,1.018910e+08,2.855658e+08
3.572401e-07,1.449218e-09,2.041731e-07,6.448754e-09,3.702718e+06,2.111812e+07,3.271111e+08
2.382295e-09,1.034898e-08,2.814152e-08,3.226751e-07,1.221317e+08,5.508682e+07,1.730488e+07
7.246205e-09,1.480723e-08,6.051496e-07,8.664967e-09,1.510126e+07,7.285605e+07,8.828351e+07
1.368737e-09,1.417461e-07,5.468819e-08,7.771516e-09,1.155828e+08,3.204483e+07,3.012948e+07
1.048612e-09,5.829870e-08,5.944946e-07,2.604878e-08,4.005149e+07,2.598471e+07,2.566119e+07
9.607104e-08,2.883524e-07,7.932758e-07,2.496160e-09,3.622360e+06,3.233263e+07,3.727366e+07
6.600908e-08,9.779295e-07,1.936955e-09,7.418528e-07,8.843789e+07,2.226737e+07,1.174052e+06
6.740060e-09,8.657115e-09,5.405623e-09,2.439801e-08,1.656705e+08,1.211474e+08,6.880756e+07
2.767675e-07,6.510181e-08,8.671237e-08,4.610943e-08,6.455085e+06,9.857556e+06,1.825192e+07
1.085331e-08,9.325111e-09,1.170910e-08,2.030810e-09,8.870686e+07,1.692201e+08,2.297938e+08
4.636245e-07,9.880394e-09,1.637213e-07,3.880086e-09,3.629645e+06,2.360496e+07,1.615073e+08
1.139151e-09,7.451428e-07,4.197718e-08,3.448824e-07,1.446115e+08,5.983883e+06,1.972626e+06
8.220163e-07,5.027519e-09,6.482997e-08,1.418902e-08,4.331835e+06,1.019148e+07,1.183987e+08
2.391214e-09,4.562582e-07,1.016728e-08,2.449192e-08,2.028096e+08,1.742028e+07,9.459827e+06
2.495965e-07,2.736789e-07,7.467111e-07,1.626358e-07,2.316351e+06,3.782816e+06,4.739923e+06
2.121319e-09,8.684017e-07,2.227280e-07,1.112264e-08,4.600548e+07,1.041329e+07,1.017503e+07
1.163490e-07,7.432505e-09,1.809039e-07,7.767941e-08,6.892783e+06,1.219257e+07,4.161783e+07
3.065108e-09,3.298769e-08,7.457526e-08,1.615247e-09,6.614237e+07,1.324537e+08,1.369949e+08
1.591537e-07,2.029146e-07,7.702112e-08,3.363201e-08,9.032058e+06,1.086189e+07,1.210506e+07
2.538057e-07,4.512735e-07,2.002185e-07,1.474867e-08,4.436058e+06,1.016105e+07,1.225755e+07
3.673722e-09,2.630947e-07,2.400182e-07,1.006174e-09,3.367633e+07,6.116521e+07,6.146208e+07
4.293005e-09,1.700718e-07,7.170613e-07,5.111347e-08,1.802358e+07,1.096364e+07,1.072547e+07
4.625431e-08,6.566477e-08,6.312764e-07,2.339258e-08,5.852132e+06,1.990261e+07,2.551495e+07
6.682280e-08,7.616984e-07,3.349572e-08,1.902938e-08,2.113698e+07,9.972973e+06,8.306081e+06
3.387750e-08,1.279580e-07,3.131702e-08,2.926425e-09,3.070111e+07,4.804995e+07,5.167704e+07
8.234946e-08,4.098689e-08,7.137499e-08,2.359834e-08,1.304357e+07,2.138167e+07,3.215413e+07
3.433518e-07,3.523185e-09,1.468496e-07,2.532152e-08,4.453424e+06,1.155347e+07,1.058735e+08
1.648494e-07,2.857463e-07,3.786381e-09,1.238453e-09,4.002619e+07,4.876581e+07,5.315815e+07
1.462283e-09,1.297122e-07,3.212694e-08,5.776361e-09,1.458981e+08,3.945953e+07,3.653275e+07
1.878999e-08,8.864705e-07,2.454262e-07,1.343867e-09,1.472571e+07,2.874888e+07,2.897275e+07
7.814962e-08,1.773115e-09,2.359265e-08,5.905327e-07,2.328886e+07,2.348459e+07,3.090364e+07
5.642014e-08,2.592783e-08,1.891618e-09,3.404043e-07,9.679797e+07,8.034525e+07,1.064436e+07
1.995651e-07,1.269758e-09,1.361601e-09,5.420379e-09,6.066426e+07,6.764240e+07,3.811752e+08
7.892735e-08,4.490631e-07,2.315840e-08,1.834809e-08,2.339010e+07,1.360177e+07,1.101668e+07
2.069353e-07,4.082141e-07,4.041266e-08,1.102849e-08,1.093513e+07,1.369772e+07,1.490383e+07
1.466089e-08,1.465079e-08,1.633336e-09,1.057561e-07,2.043535e+08,1.456364e+08,2.540485e+07
4.349029e-08,1.021997e-09,2.443667e-09,1.549900e-08,9.700248e+07,1.031646e+08,2.512600e+08
3.023915e-07,8.204489e-07,2.527721e-08,8.082807e-08,1.143801e+07,6.800859e+06,3.883230e+06
1.531199e-07,1.563582e-09,3.887471e-08,5.546489e-08,1.296136e+07,1.681831e+07,1.073818e+08
7.512535e-08,3.488494e-07,3.086343e-07,3.832383e-08,6.567266e+06,8.317868e+06,8.648615e+06
2.261104e-08,1.301030e-07,1.110374e-08,4.202802e-08,6.311100e+07,2.730445e+07,1.352343e+07
1.661550e-08,1.805048e-07,2.468123e-09,8.240923e-07,1.561564e+08,4.540464e+07,2.592792e+06
4.042832e-07,5.332260e-08,3.129152e-07,2.506706e-09,2.811537e+06,2.964389e+07,8.649532e+07
5.894818e-08,9.664123e-07,1.035510e-09,8.681730e-07,1.279934e+08,3.070742e+07,1.091731e+06
2.937913e-07,1.287510e-07,1.103146e-07,6.879319e-07,5.554744e+06,4.989353e+06,3.360098e+06
5.056408e-07,2.498529e-08,4.975946e-08,3.567677e-09,6.304361e+06,2.379300e+07,1.059168e+08
4.611956e-08,1.226449e-09,1.412730e-08,5.938669e-09,3.917670e+07,7.107457e+07,3.705362e+08
1.876228e-07,8.947846e-08,1.403038e-07,8.889004e-07,6.163430e+06,5.457204e+06,3.545800e+06
9.081931e-07,4.306846e-07,2.207982e-08,2.735637e-08,7.061763e+06,7.818529e+06,9.212789e+06
1.175333e-09,3.680044e-08,9.076052e-07,2.431135e-08,3.061759e+07,3.334895e+07,3.343251e+07
4.409175e-07,5.580022e-08,1.680005e-07,3.230395e-08,3.674228e+06,8.620002e+06,2.355343e+07
8.133446e-07,3.890373e-08,1.627018e-09,1.148966e-09,2.748948e+07,4.174223e+07,1.495722e+08
2.152450e-09,1.207191e-07,1.655542e-09,2.199330e-09,5.297407e+08,9.282481e+07,6.137152e+07
1.535355e-09,5.291643e-07,1.217049e-07,3.046852e-07,7.315458e+07,4.654783e+06,2.490457e+06
9.031441e-07,4.109953e-07,5.046987e-09,1.736326e-08,1.481172e+07,1.394989e+07,1.183766e+07
1.273506e-09,7.937243e-08,2.412464e-07,8.725770e-07,5.705177e+07,8.099993e+06,3.799822e+06
9.825046e-09,6.012459e-09,2.448160e-07,2.592835e-08,2.038979e+07,5.189542e+07,8.009152e+07
2.698690e-09,1.794200e-09,1.364541e-07,5.376513e-07,5.211110e+07,4.522279e+07,3.219691e+07
3.170139e-07,1.588252e-09,1.555553e-07,2.216716e-08,4.503171e+06,1.271889e+07,1.685331e+08
2.441134e-09,1.751570e-08,1.495998e-09,1.163707e-08,5.232854e+08,1.944240e+08,7.004296e+07
2.651065e-09,1.596500e-07,1.030407e-08,2.036504e-09,1.913310e+08,6.019494e+07,5.545911e+07
7.950191e-08,5.131116e-07,3.276698e-09,2.447565e-07,6.195737e+07,2.284461e+07,2.821805e+06
1.158552e-08,2.371075e-08,1.094827e-08,5.826044e-07,8.879110e+07,5.134587e+07,8.508255e+06
4.767797e-09,1.031640e-08,5.069060e-07,4.552951e-08,2.034124e+07,3.983543e+07,4.614126e+07
6.961454e-07,1.323160e-09,2.077150e-08,3.906570e-08,8.316030e+06,1.028233e+07,1.390900e+08
1.746924e-09,1.845667e-07,2.920213e-08,1.197133e-09,1.400089e+08,6.831731e+07,6.727475e+07
1.733801e-07,5.688122e-08,3.715164e-08,6.166329e-08,1.245981e+07,1.368669e+07,1.688504e+07
3.388663e-09,2.762902e-07,1.059833e-09,5.003877e-09,5.276757e+08,6.393922e+07,2.689453e+07
3.366714e-07,2.721191e-08,5.087058e-09,8.962478e-09,2.416371e+07,2.910064e+07,6.403338e+07
3.073867e-08,7.915045e-07,1.149850e-08,7.495107e-07,5.319084e+07,1.036300e+07,1.298328e+06
7.996171e-07,4.481112e-08,1.813947e-08,2.372036e-09,8.303222e+06,2.375989e+07,9.699435e+07
9.443386e-08,8.499138e-07,6.518895e-07,1.486964e-09,4.030409e+06,2.671644e+07,2.812952e+07
6.223451e-07,3.536935e-07,1.375518e-08,2.599066e-09,1.080815e+07,2.164911e+07,3.298206e+07
3.103027e-07,8.319447e-07,6.124516e-08,6.663177e-09,7.253897e+06,1.206993e+07,1.343112e+07
2.620165e-09,4.085243e-07,1.891637e-07,5.477293e-08,4.491762e+07,7.567273e+06,6.685102e+06
4.892975e-07,9.920021e-07,3.192947e-09,1.022153e-07,2.529983e+07,1.476597e+07,3.140406e+06
2.613871e-08,1.393915e-09,7.030908e-07,1.024668e-08,7.376532e+06,5.996894e+07,2.646003e+08
6.979234e-08,6.987811e-09,1.745309e-08,6.105191e-09,2.865233e+07,5.366134e+07,1.531016e+08
5.996075e-07,1.129118e-07,3.258965e-07,4.290761e-09,2.262177e+06,1.820433e+07,4.543213e+07
1.923865e-09,1.186743e-09,1.446774e-07,1.841841e-09,5.993940e+07,4.204344e+08,6.763874e+08
1.318041e-09,1.319150e-08,1.878241e-09,1.705646e-09,6.355648e+08,2.776708e+08,2.108184e+08
1.155604e-08,4.871856e-08,4.664297e-07,3.748002e-07,1.362079e+07,8.935054e+06,7.400361e+06
2.823192e-08,7.783218e-07,1.112803e-07,2.399090e-07,1.784106e+07,4.038514e+06,2.314180e+06
2.671174e-08,4.101553e-09,1.113257e-09,1.499095e-08,1.833797e+08,1.769654e+08,1.275297e+08
8.492265e-08,8.005552e-09,5.856844e-08,9.270174e-08,1.417935e+07,1.731518e+07,3.670797e+07
4.409723e-08,2.617614e-07,1.261869e-08,5.916264e-07,4.239232e+07,1.626729e+07,2.541110e+06
5.765167e-07,5.061274e-09,1.402542e-07,5.897601e-07,3.516707e+06,3.895526e+06,1.830343e+07
1.283422e-07,3.189826e-09,1.065202e-08,3.260473e-08,2.704576e+07,3.077194e+07,9.805646e+07
2.037271e-08,9.871404e-08,5.623916e-08,9.196583e-08,2.954311e+07,1.551197e+07,1.049536e+07
1.917872e-08,4.070721e-08,1.216299e-08,3.902048e-09,6.547418e+07,7.518168e+07,7.934472e+07
2.154501e-09,2.223093e-08,1.417971e-08,1.884161e-08,1.809226e+08,7.119334e+07,4.886099e+07
5.409447e-09,1.374501e-07,2.525785e-07,4.022551e-09,2.705362e+07,4.204609e+07,4.252817e+07
6.309954e-09,5.688808e-09,1.339897e-08,9.478912e-09,1.087555e+08,1.225250e+08,1.361790e+08
5.998732e-08,1.076985e-09,5.111666e-08,2.869831e-07,1.805881e+07,1.942761e+07,5.688096e+07
3.978101e-09,1.831456e-08,1.027299e-09,1.282709e-09,4.946679e+08,2.804228e+08,2.063183e+08
9.007376e-08,1.589786e-07,7.524598e-08,5.820446e-08,1.214673e+07,1.106101e+07,1.039567e+07
5.095069e-09,1.290954e-08,4.529852e-08,1.901588e-09,6.582380e+07,1.744534e+08,2.018303e+08
1.719134e-09,2.078239e-09,3.484360e-09,2.411978e-09,4.085862e+08,4.298346e+08,4.466482e+08
1.955814e-07,2.389604e-07,3.548456e-07,5.332691e-08,3.795915e+06,7.045521e+06,8.858574e+06
1.003405e-08,1.018072e-08,2.257798e-07,3.366901e-08,2.100967e+07,4.108977e+07,5.401267e+07
2.026800e-09,1.503415e-07,6.160868e-09,1.183754e-07,2.829916e+08,3.347718e+07,7.496002e+06
6.842413e-08,1.623275e-07,2.894572e-09,6.410545e-08,7.105640e+07,3.955719e+07,9.802943e+06
7.897017e-07,5.963404e-08,1.184327e-07,5.018412e-07,3.269886e+06,3.505363e+06,5.780558e+06
5.415730e-08,1.664046e-08,2.694729e-08,2.939933e-07,2.617664e+07,2.392083e+07,1.429712e+07
1.020156e-09,1.608449e-09,8.807165e-09,3.440560e-08,3.336174e+08,2.329221e+08,1.344255e+08
1.496897e-08,3.678562e-07,8.601908e-09,5.086225e-09,8.812651e+07,2.858753e+07,2.311869e+07
1.511251e-08,2.166760e-07,2.357466e-09,1.214422e-07,1.675363e+08,4.319229e+07,6.164668e+06
2.559485e-08,3.719231e-09,1.818875e-08,3.474560e-08,4.634706e+07,5.345389e+07,8.796776e+07
2.760845e-08,3.713574e-09,3.007519e-07,3.324544e-08,1.097425e+07,3.265701e+07,8.999904e+07
1.793221e-09,1.088921e-07,1.348733e-07,8.802014e-08,6.430135e+07,1.302415e+07,1.021435e+07
4.320541e-07,6.772772e-08,1.040275e-08,3.751892e-08,1.491616e+07,1.567388e+07,1.983771e+07
4.378447e-09,5.651621e-07,3.493340e-07,4.182445e-07,2.556934e+07,3.037131e+06,2.056830e+06
7.803005e-09,7.083182e-09,3.051484e-09,3.834652e-09,2.049338e+08,1.988280e+08,1.918770e+08
6.439877e-08,1.487877e-07,4.853855e-07,1.625109e-08,5.656110e+06,1.727150e+07,2.033645e+07
6.095992e-09,7.591979e-09,8.907176e-08,1.045915e-08,4.291487e+07,8.834688e+07,1.122210e+08
5.243894e-08,7.575175e-08,5.897604e-08,6.954029e-07,1.798188e+07,1.197872e+07,4.356979e+06
3.627538e-07,8.212909e-08,1.744402e-07,6.199315e-07,3.975308e+06,4.063441e+06,4.431795e+06
3.919269e-09,3.099762e-07,5.411564e-09,1.579151e-07,2.171381e+08,2.467532e+07,4.519849e+06
3.613981e-09,1.143396e-07,4.528568e-08,1.846277e-09,7.816757e+07,6.913108e+07,6.882612e+07
9.940669e-08,6.306700e-07,8.570342e-08,9.311820e-07,1.083411e+07,4.177682e+06,1.304913e+06
9.310631e-08,8.558211e-09,8.049806e-08,2.970153e-07,1.155095e+07,1.246233e+07,1.983440e+07
6.685765e-08,4.438402e-08,5.534127e-07,5.583316e-08,5.198761e+06,1.331349e+07,2.008818e+07
2.739323e-09,1.437651e-07,5.295399e-09,1.971550e-09,2.625603e+08,6.892829e+07,5.939768e+07
9.474972e-08,5.871768e-07,2.924052e-09,1.656246e-07,6.007841e+07,2.259118e+07,3.206662e+06
4.863439e-07,1.062056e-09,1.504553e-09,1.814960e-07,3.696788e+07,3.708032e+07,7.202656e+07
2.302447e-09,7.503255e-09,7.713810e-08,6.957709e-08,7.503619e+07,5.279960e+07,4.376652e+07
1.077402e-09,1.118943e-09,2.157980e-09,8.500683e-08,6.558241e+08,4.651250e+08,1.025343e+08
3.733576e-09,1.384112e-07,8.795526e-07,1.982302e-08,1.745045e+07,1.904975e+07,1.909103e+07
6.007144e-09,1.274420e-09,7.484549e-07,9.475978e-07,1.491362e+07,1.812227e+07,2.877609e+07
2.744602e-09,2.959375e-09,1.857012e-09,3.986110e-09,4.429482e+08,3.720074e+08,2.911557e+08
1.488308e-08,3.592879e-09,5.260628e-09,5.440076e-08,1.130147e+08,1.062238e+08,7.152803e+07
2.810467e-08,2.924381e-07,3.716060e-09,6.714305e-08,9.785193e+07,2.976548e+07,7.136454e+06
4.734466e-08,2.674028e-08,5.474753e-08,4.068374e-09,1.964184e+07,5.970212e+07,9.587527e+07
3.865013e-08,1.884585e-09,3.381598e-07,2.465252e-07,8.747089e+06,1.315394e+07,4.639397e+07
1.597851e-08,8.686876e-09,5.205495e-08,6.483606e-08,3.467375e+07,3.747204e+07,4.213664e+07
1.885204e-09,2.907533e-07,8.474011e-09,6.599817e-09,2.501937e+08,3.034838e+07,2.282820e+07
1.359952e-09,2.165223e-09,3.220697e-09,1.524097e-08,4.778189e+08,3.266359e+08,1.740774e+08
5.045441e-07,8.998103e-07,4.075765e-08,3.775543e-09,6.973420e+06,1.435520e+07,1.715674e+07
2.043278e-07,4.855585e-09,2.713962e-07,3.424922e-09,4.246532e+06,3.759536e+07,2.452189e+08
6.243456e-09,4.465060e-08,1.141624e-07,1.289259e-07,3.745640e+07,1.801428e+07,1.318003e+07
3.479496e-08,7.264011e-08,7.964656e-07,2.347516e-07,6.007009e+06,7.164968e+06,7.657861e+06
1.446390e-08,6.837846e-09,1.632725e-07,1.638084e-08,2.057788e+07,5.615461e+07,9.448704e+07
1.979510e-07,2.805198e-08,5.345567e-09,7.147951e-08,3.074144e+07,2.982680e+07,2.233199e+07
1.806647e-07,3.919381e-07,1.053739e-07,2.349752e-09,7.247642e+06,2.756457e+07,3.295188e+07
4.068656e-08,4.554864e-07,3.599103e-08,1.055522e-07,2.613228e+07,8.665572e+06,4.560671e+06
3.587026e-07,2.080168e-07,2.281121e-08,4.776527e-09,1.105500e+07,2.113702e+07,3.172449e+07
9.552920e-07,8.803767e-09,3.454740e-09,1.429981e-07,1.740701e+07,1.753541e+07,2.818386e+07
5.582901e-08,2.464250e-07,1.273338e-07,1.037204e-08,1.186037e+07,1.857318e+07,1.977996e+07
8.639371e-07,1.230689e-07,2.953326e-08,7.947105e-07,6.260417e+06,5.964963e+06,3.197579e+06
1.272261e-07,4.661875e-07,1.072629e-07,3.892038e-08,8.560263e+06,7.681691e+06,7.423884e+06
2.751897e-07,5.739560e-09,4.785732e-09,1.106846e-09,2.755559e+07,6.292691e+07,3.967502e+08
1.779690e-07,1.346380e-08,1.011783e-08,7.436187e-09,2.356590e+07,3.491091e+07,9.994038e+07
1.568678e-07,9.798418e-07,3.744485e-08,2.838540e-09,1.304779e+07,1.825974e+07,1.896158e+07
3.964310e-08,6.821987e-08,3.127602e-09,6.147016e-09,8.980706e+07,6.687656e+07,4.883289e+07
1.292495e-09,1.730614e-08,2.144527e-09,5.714507e-07,6.006477e+08,1.586379e+08,1.005566e+07
5.199884e-07,2.968559e-09,9.582554e-07,3.137099e-08,1.416650e+06,7.934104e+06,1.036246e+08
6.174187e-09,2.447001e-09,3.399470e-08,1.105719e-08,6.902469e+07,1.179085e+08,1.922474e+08
2.978350e-08,9.222182e-08,1.321682e-07,2.985297e-08,1.593854e+07,1.834591e+07,1.905853e+07
1.060534e-07,1.553431e-08,3.175532e-08,1.486702e-08,1.723175e+07,2.849915e+07,6.580246e+07
1.063436e-09,1.833495e-08,5.641901e-08,1.574321e-08,1.291016e+08,6.471616e+07,5.885908e+07
1.795973e-07,9.234466e-09,1.123281e-09,8.746194e-08,7.040538e+07,6.910179e+07,3.518719e+07
6.566662e-07,7.636488e-08,1.581976e-07,3.440236e-07,3.102614e+06,3.548071e+06,6.169629e+06
1.764600e-07,4.284670e-09,6.019857e-08,3.176706e-07,9.702503e+06,1.045578e+07,2.710521e+07
9.206191e-07,3.263888e-07,5.498820e-08,1.402739e-08,4.444524e+06,8.470632e+06,1.477896e+07
1.072076e-09,2.116521e-09,9.190779e-07,2.384379e-08,3.185745e+07,1.161647e+08,1.407671e+08
2.241600e-08,2.750764e-07,1.620597e-08,1.715881e-07,5.246667e+07,1.506683e+07,4.602881e+06
3.040145e-07,2.549759e-07,2.182314e-07,9.556281e-07,3.882346e+06,3.173239e+06,2.025844e+06
5.663447e-09,1.045818e-07,1.695177e-08,5.034720e-08,1.020592e+08,2.674417e+07,1.378111e+07
1.655587e-08,1.319549e-07,3.638618e-08,9.450125e-08,4.074326e+07,1.600969e+07,8.955059e+06
2.398640e-09,5.920564e-08,8.358992e-08,5.981765e-09,7.062208e+07,5.392477e+07,5.313782e+07
1.313525e-07,5.292036e-09,1.831136e-09,2.586682e-07,6.447933e+07,6.344178e+07,2.702820e+07
5.395706e-08,1.927395e-09,1.260352e-09,6.391329e-09,1.212635e+08,1.303741e+08,2.849175e+08
4.807042e-08,1.587090e-08,4.613814e-07,6.417600e-09,6.714767e+06,4.970756e+07,9.908614e+07
3.158768e-07,5.645317e-08,4.123499e-09,3.497642e-08,2.770819e+07,2.698381e+07,2.250444e+07
4.644879e-09,3.951184e-09,6.513945e-09,2.260399e-08,1.817987e+08,1.516757e+08,1.058142e+08
2.201462e-07,1.929032e-08,4.098977e-09,1.941655e-08,3.328946e+07,3.512841e+07,5.167069e+07
1.051953e-09,1.793856e-07,1.036530e-07,9.393148e-08,9.576592e+07,1.060514e+07,7.703723e+06
2.508841e-07,9.498002e-09,3.625909e-09,7.310721e-08,3.315546e+07,3.334244e+07,3.794930e+07
5.111855e-09,7.685378e-08,3.072741e-07,4.231872e-09,2.523177e+07,5.406150e+07,5.544995e+07
6.358959e-09,3.254462e-09,5.389705e-09,5.028194e-07,1.708144e+08,1.396670e+08,2.472034e+07
4.202226e-09,4.884727e-09,5.177083e-08,2.670973e-09,6.779814e+07,2.081516e+08,2.768504e+08
2.055136e-07,3.792418e-09,5.013137e-08,6.278919e-09,9.852011e+06,2.926113e+07,2.049271e+08
1.580650e-07,8.056472e-07,2.886867e-07,8.951608e-08,4.681325e+06,3.896949e+06,3.723720e+06
4.049054e-08,3.596552e-07,7.364436e-09,2.898408e-08,5.790998e+07,2.062931e+07,9.794383e+06
1.962690e-07,2.750236e-09,1.224205e-07,2.245851e-08,6.451296e+06,1.627188e+07,1.272403e+08
1.665934e-08,3.464771e-08,4.438120e-09,9.910193e-08,1.162978e+08,6.773686e+07,1.706560e+07
4.677200e-09,5.221339e-07,2.579918e-09,1.123703e-09,2.878750e+08,4.924443e+07,4.128415e+07
1.774008e-08,1.705932e-09,4.413838e-09,3.964168e-08,1.130093e+08,1.137891e+08,1.216027e+08
2.373977e-08,2.632613e-08,5.072128e-08,4.218740e-08,2.881818e+07,2.944901e+07,3.000649e+07
2.770114e-09,7.649220e-09,7.096702e-07,6.640620e-07,2.255397e+07,1.672625e+07,1.403095e+07
7.003488e-09,3.985353e-09,2.032715e-08,1.800623e-07,8.381169e+07,7.058491e+07,3.732976e+07
2.261697e-09,7.542965e-09,7.713665e-09,2.145056e-09,2.394156e+08,2.465155e+08,2.486049e+08
7.053023e-07,3.880352e-07,6.428880e-09,2.851035e-07,1.485062e+07,1.206139e+07,3.006513e+06
7.577582e-08,4.847776e-09,1.201789e-09,1.925416e-09,1.047902e+08,1.294705e+08,3.273154e+08
5.086600e-08,2.128174e-09,1.779928e-07,6.924132e-07,1.050957e+07,1.154418e+07,2.605036e+07
7.534136e-07,4.988283e-08,3.761213e-07,3.058301e-08,1.878535e+06,6.634335e+06,2.560262e+07
1.269949e-08,4.301152e-08,8.664614e-07,9.150681e-07,9.533060e+06,6.350745e+06,5.040584e+06
6.446459e-08,1.828595e-07,3.311368e-09,9.637329e-07,6.844405e+07,3.500322e+07,2.382116e+06
4.275427e-08,2.535177e-08,4.637627e-07,4.930966e-07,7.101700e+06,7.838218e+06,8.943960e+06
5.150404e-07,5.874262e-09,5.377073e-08,3.112073e-08,6.009058e+06,9.868494e+06,7.396027e+07
2.279373e-08,9.053129e-09,4.028025e-08,2.048662e-08,3.300246e+07,4.808603e+07,7.342863e+07
3.254737e-07,1.827822e-07,1.982381e-07,4.168547e-08,3.936846e+06,7.558042e+06,1.145620e+07
9.911572e-08,1.090680e-09,3.723152e-08,1.367917e-08,1.646165e+07,3.158432e+07,2.588937e+08
3.213951e-07,5.353649e-08,4.347578e-07,5.081792e-08,2.675203e+06,7.656324e+06,1.917196e+07
5.972389e-08,5.604230e-09,3.238370e-09,8.150129e-08,7.190560e+07,7.010481e+07,4.679073e+07
1.223127e-09,1.051336e-07,2.271084e-08,1.995659e-08,1.897351e+08,2.975130e+07,2.183162e+07
5.766138e-09,2.742065e-08,4.242159e-09,8.633524e-07,2.021920e+08,8.448669e+07,6.499308e+06
5.291805e-07,7.393960e-08,1.598608e-09,2.157532e-08,3.438168e+07,3.337707e+07,2.503703e+07
2.060185e-07,1.502580e-08,8.935180e-07,9.124906e-07,2.330748e+06,3.165588e+06,8.540178e+06
3.653303e-08,6.751743e-07,4.034413e-09,5.554763e-07,8.236960e+07,1.872969e+07,1.632899e+06
1.346437e-09,1.837298e-07,2.801258e-07,1.845881e-07,5.149090e+07,6.968497e+06,5.430107e+06
2.384559e-09,3.363924e-08,1.438181e-09,1.044201e-07,5.399944e+08,1.398843e+08,1.687271e+07
2.303266e-08,1.851493e-07,1.423159e-09,9.294306e-09,1.746631e+08,6.238631e+07,2.410630e+07
1.864339e-09,6.403060e-07,1.193595e-08,1.455817e-09,2.119869e+08,3.464272e+07,3.275313e+07
3.878105e-07,3.483591e-08,4.932409e-07,3.896543e-09,2.286444e+06,2.473890e+07,8.583149e+07
4.900110e-09,6.186485e-08,2.707560e-08,1.367672e-09,8.681766e+07,1.072594e+08,1.087144e+08
2.873227e-07,1.750900e-07,3.808093e-07,4.811668e-09,3.023160e+06,2.133358e+07,3.445256e+07
2.386319e-07,6.850745e-08,2.018072e-07,1.608010e-07,4.556878e+06,6.031681e+06,9.527670e+06
3.254656e-09,3.929054e-07,4.384262e-09,9.070848e-07,2.647276e+08,2.405268e+07,1.675067e+06
1.171123e-09,1.260229e-08,2.663395e-08,7.303542e-07,1.790527e+08,5.315440e+07,1.042338e+07
1.826207e-07,7.406828e-09,5.123746e-07,1.030618e-08,3.269122e+06,2.282271e+07,1.144550e+08
4.010098e-08,3.377593e-07,3.060382e-08,2.676393e-07,2.854531e+07,9.816504e+06,3.325993e+06
9.014591e-07,3.200208e-07,6.675110e-09,6.544710e-09,1.289133e+07,1.573965e+07,2.185072e+07
3.367460e-08,2.902046e-09,7.012809e-08,2.654591e-09,2.057798e+07,1.033873e+08,3.602873e+08
4.433901e-07,5.383223e-07,6.791910e-08,5.144595e-09,5.762501e+06,1.459443e+07,1.900217e+07
2.435724e-08,1.296748e-09,2.742039e-09,2.069828e-08,1.223627e+08,1.268821e+08,1.930212e+08
1.022553e-08,6.798392e-09,2.598994e-07,8.948594e-09,1.939789e+07,8.240309e+07,1.282093e+08
2.839707e-09,2.531175e-09,3.856875e-08,1.042562e-08,9.555325e+07,1.506196e+08,1.946650e+08
5.981032e-07,1.133337e-08,5.093342e-08,3.459182e-07,5.729418e+06,6.079414e+06,1.597106e+07
2.745978e-08,8.483595e-07,6.222204e-08,1.280993e-08,2.419242e+07,1.036741e+07,9.592608e+06
3.999098e-08,5.921881e-09,4.444449e-07,1.806473e-09,7.500842e+06,1.100267e+08,3.057416e+08
1.049672e-07,1.756794e-09,2.327761e-07,3.888635e-07,6.397409e+06,8.021778e+06,3.825965e+07
1.053838e-09,2.046156e-07,6.636243e-08,3.179235e-07,1.195782e+08,9.410656e+06,3.920751e+06
5.260735e-08,3.990456e-09,1.170920e-07,2.040487e-07,1.274128e+07,1.541052e+07,3.504466e+07
8.190371e-07,2.518622e-08,2.347029e-07,3.523652e-08,2.280809e+06,6.217972e+06,3.356773e+07
8.831171e-07,1.437612e-08,3.223962e-09,5.375211e-09,1.874114e+07,2.351365e+07,1.137578e+08
2.793177e-08,1.985894e-07,5.790999e-09,4.663208e-07,7.862741e+07,2.778106e+07,3.286091e+06
1.125475e-08,5.671413e-09,8.289713e-07,9.439381e-09,1.035290e+07,7.956235e+07,1.366730e+08
3.296957e-08,1.434006e-07,6.912633e-08,3.855200e-07,2.094699e+07,9.835108e+06,4.253056e+06
6.952828e-09,1.094108e-08,2.721484e-07,3.527844e-08,2.298880e+07,4.230198e+07,5.089971e+07
3.660779e-07,4.515347e-09,9.765109e-07,2.448751e-09,1.672533e+06,3.323707e+07,3.007337e+08
2.967104e-09,4.360495e-08,2.155105e-08,5.039034e-09,1.250545e+08,7.250857e+07,6.746189e+07
2.335877e-07,8.025239e-09,6.170590e-09,1.080950e-07,2.633975e+07,2.662757e+07,3.395223e+07
7.592007e-09,6.894921e-07,5.242303e-09,1.001075e-09,1.585115e+08,4.131169e+07,3.806292e+07
1.393787e-08,8.401991e-07,2.684620e-08,1.973612e-07,5.169641e+07,7.038642e+06,2.455715e+06
4.653933e-08,7.506997e-07,2.106287e-09,1.276865e-07,1.010023e+08,2.460366e+07,3.229940e+06
9.326017e-07,1.449812e-07,1.681106e-08,2.176621e-07,7.986461e+06,7.711383e+06,5.629279e+06
6.450933e-07,6.676178e-09,1.219587e-07,9.005582e-07,3.565188e+06,3.779427e+06,1.289675e+07
2.784472e-09,2.914864e-07,8.612618e-07,3.187488e-08,2.042025e+07,1.051462e+07,1.037449e+07
1.312483e-08,2.290608e-08,1.041983e-07,4.407861e-09,2.704101e+07,8.101125e+07,9.952006e+07
5.159756e-07,1.220808e-07,2.250497e-09,1.310774e-07,2.934582e+07,2.661509e+07,7.905194e+06
4.530080e-08,3.064741e-09,1.281054e-09,1.148109e-09,1.312693e+08,1.847928e+08,5.331036e+08
6.586861e-08,1.337542e-07,1.047161e-07,1.738046e-09,1.204076e+07,5.413010e+07,6.558668e+07
8.592829e-07,3.476900e-08,3.053718e-08,1.061535e-08,6.173301e+06,1.191613e+07,5.205192e+07
1.957603e-08,2.970452e-07,1.518109e-09,1.864994e-09,1.834367e+08,6.143240e+07,4.248641e+07
1.300148e-07,8.644115e-09,4.114979e-07,2.901516e-09,4.323344e+06,5.003102e+07,1.996766e+08
3.158945e-09,1.948426e-09,3.116193e-09,3.237271e-07,3.187255e+08,2.518659e+08,3.981700e+07
6.948957e-08,4.272052e-09,6.216236e-09,1.080197e-09,4.811455e+07,1.213738e+08,4.655114e+08
3.341924e-07,3.066136e-08,3.806283e-09,1.105063e-09,2.803827e+07,5.657139e+07,1.717951e+08
5.162859e-09,2.283359e-08,1.341208e-07,2.322095e-07,3.800202e+07,2.049731e+07,1.373324e+07
5.440643e-07,4.596507e-09,9.085163e-09,4.412066e-08,1.422357e+07,1.555393e+07,7.022068e+07
2.160893e-08,2.647164e-09,2.288523e-09,3.033446e-09,1.422020e+08,1.777788e+08,3.528917e+08
2.193421e-07,4.378339e-08,5.689107e-08,1.994736e-08,8.951935e+06,1.604143e+07,3.383784e+07
2.113941e-08,1.073779e-08,5.499858e-09,1.570790e-07,9.274228e+07,7.683464e+07,2.434913e+07
8.243551e-08,6.005753e-07,2.436702e-09,1.528693e-08,7.055725e+07,2.639376e+07,1.043653e+07
5.799208e-09,2.247929e-08,5.700191e-07,2.992365e-08,1.739286e+07,3.526750e+07,3.855683e+07
1.603338e-07,4.788867e-09,4.109970e-07,5.702653e-09,3.895544e+06,3.281334e+07,1.913574e+08
5.331449e-07,1.142415e-09,4.563539e-09,4.061730e-07,2.027340e+07,2.036516e+07,4.642293e+07
6.027281e-07,3.824733e-09,2.092178e-07,7.260170e-09,2.816047e+06,1.532851e+07,1.897693e+08
1.149424e-09,5.251298e-07,8.335606e-09,1.449646e-07,3.230660e+08,1.552615e+07,3.624397e+06
1.928144e-07,3.114118e-09,4.646996e-09,4.796033e-08,3.340752e+07,3.470940e+07,8.182601e+07
5.935695e-07,6.535826e-09,1.031217e-07,2.832603e-08,4.041933e+06,8.659542e+06,7.349485e+07
9.637212e-09,2.877789e-08,1.570720e-07,1.317852e-08,2.570247e+07,4.627118e+07,5.134962e+07
5.636837e-07,8.171699e-08,3.505212e-09,1.526099e-09,2.249703e+07,3.817485e+07,8.954729e+07
1.889429e-08,7.542722e-07,1.758266e-09,1.044807e-09,1.734972e+08,4.442428e+07,3.562197e+07
1.616517e-07,4.498250e-08,2.620004e-09,3.084517e-07,4.859135e+07,4.316032e+07,8.489549e+06
9.398374e-07,1.517591e-08,8.831212e-07,3.981571e-07,1.097649e+06,1.953348e+06,1.286457e+07
1.455769e-09,4.769572e-07,5.780084e-08,1.258356e-07,1.090151e+08,7.264557e+06,4.081863e+06
2.314162e-08,8.388233e-08,1.769717e-08,7.271031e-09,4.941414e+07,4.257976e+07,4.049177e+07
2.022208e-07,1.558607e-09,8.820699e-07,9.519894e-09,2.367748e+06,2.282626e+07,2.596066e+08
1.102334e-09,1.780482e-09,5.653859e-07,9.817463e-09,4.005630e+07,1.895964e+08,2.391837e+08
1.188202e-09,2.307956e-07,1.479443e-08,7.063114e-09,2.385095e+08,3.002788e+07,2.476784e+07
5.346853e-09,1.176652e-07,8.148741e-08,1.519048e-07,4.790773e+07,1.238050e+07,7.479803e+06
9.509497e-07,2.773990e-09,2.630274e-08,1.063642e-09,6.322964e+06,3.202574e+07,5.821699e+08
3.427803e-08,1.090980e-07,6.297034e-07,4.548276e-09,6.806503e+06,3.930077e+07,4.489192e+07
1.273884e-08,1.171834e-08,6.137193e-09,4.425729e-08,1.130968e+08,8.709856e+07,4.391112e+07
4.307338e-09,4.706457e-08,3.670487e-09,3.126386e-07,2.514975e+08,7.325037e+07,8.243879e+06
3.057281e-07,8.838057e-07,1.967960e-09,3.359333e-09,4.076845e+07,2.602737e+07,1.835249e+07
2.023691e-07,9.590253e-08,1.861478e-09,1.065165e-08,5.152274e+07,4.599807e+07,3.128791e+07
1.354585e-08,2.866827e-07,1.756213e-08,6.676793e-08,6.483482e+07,1.547721e+07,7.227952e+06
1.077369e-08,8.228742e-09,1.019012e-09,1.394364e-09,3.018061e+08,2.989717e+08,2.952196e+08
5.140631e-08,3.751073e-07,1.074703e-09,2.060707e-07,1.345388e+08,4.682942e+07,3.596782e+06
3.647732e-09,3.405556e-08,6.586796e-07,9.555722e-09,2.040100e+07,5.306476e+07,5.543375e+07
8.766720e-08,1.652065e-07,1.878616e-07,2.862740e-09,7.792243e+06,3.744909e+07,4.598281e+07
1.248520e-08,6.780353e-07,2.339972e-09,2.620998e-07,1.850108e+08,2.498828e+07,2.372141e+06
2.584663e-07,4.212722e-08,7.742642e-08,6.376833e-08,7.068926e+06,9.753766e+06,1.929372e+07
4.079688e-08,4.856693e-08,4.818765e-07,2.485851e-08,7.132121e+06,2.175726e+07,2.878009e+07
4.230415e-07,1.917819e-08,1.822317e-07,4.675992e-08,3.601609e+06,7.795463e+06,3.339330e+07
5.609537e-08,3.860541e-09,1.651072e-08,2.310527e-09,3.285894e+07,9.071304e+07,3.348270e+08
3.514209e-07,3.070646e-09,6.876796e-07,4.327379e-09,2.034197e+06,2.561219e+07,2.743296e+08
1.407217e-09,3.461014e-07,2.848966e-07,5.278662e-07,4.994314e+07,3.943607e+06,2.339572e+06
1.723617e-07,8.002075e-08,5.035010e-08,2.146198e-08,1.073444e+07,1.622685e+07,2.413036e+07
2.578083e-09,6.120273e-08,4.957219e-08,3.141593e-08,8.845707e+07,2.855431e+07,2.280550e+07
4.601657e-08,4.605521e-08,5.042963e-09,5.363033e-08,6.564475e+07,4.854101e+07,2.012127e+07
8.817944e-09,1.530734e-08,1.903294e-08,1.316434e-07,7.719042e+07,4.992682e+07,2.227669e+07
1.144149e-08,6.716281e-08,7.319063e-08,3.428486e-07,3.455660e+07,1.452329e+07,6.589985e+06
7.025564e-09,6.915006e-09,4.011384e-08,3.247100e-08,5.956790e+07,6.322484e+07,6.673534e+07
4.793913e-08,1.084023e-07,1.073660e-09,1.203961e-07,1.393868e+08,7.752779e+07,8.753351e+06
1.716797e-08,2.112626e-07,4.566280e-07,2.492147e-08,1.129430e+07,1.361054e+07,1.378167e+07
1.639410e-09,1.403855e-08,4.374598e-08,2.269215e-07,1.180829e+08,4.170291e+07,1.771744e+07
7.722250e-08,1.679846e-07,5.100137e-09,1.126144e-07,5.038916e+07,2.891084e+07,7.270568e+06
8.604881e-09,7.298559e-09,7.541449e-08,6.738232e-08,3.925547e+07,4.203522e+07,4.509293e+07
1.722331e-08,8.108088e-08,1.793329e-08,6.916857e-09,5.689992e+07,4.514338e+07,4.222663e+07
6.543393e-08,1.198159e-08,2.739643e-09,1.412443e-08,7.468812e+07,7.502997e+07,7.687007e+07
3.811199e-07,1.309956e-09,1.426728e-07,5.890021e-09,4.288432e+06,2.150058e+07,3.600089e+08
1.104203e-09,2.128247e-07,7.380312e-07,8.615167e-08,3.502985e+07,7.784090e+06,7.385113e+06
1.734741e-08,5.651137e-09,9.076443e-08,8.976697e-08,2.520141e+07,3.103917e+07,4.439906e+07
7.011466e-07,2.839244e-09,1.016755e-09,8.773601e-07,3.745308e+07,3.739913e+07,2.003594e+07
3.985770e-07,3.876699e-08,6.077694e-09,7.933451e-09,2.031770e+07,2.577655e+07,5.702140e+07
7.243388e-08,9.676279e-09,3.492321e-09,1.567452e-07,6.287414e+07,5.970758e+07,2.567726e+07
1.046091e-08,2.101085e-09,1.591478e-07,3.706300e-08,2.450840e+07,5.145902e+07,1.133203e+08
1.326863e-09,4.531872e-08,2.718653e-09,4.766001e-08,5.265142e+08,9.129859e+07,2.151712e+07
3.687470e-07,4.851677e-07,5.011818e-07,2.269797e-09,2.326152e+06,2.276567e+07,3.013426e+07
3.378626e-09,1.202355e-08,2.499648e-09,4.243572e-08,3.441046e+08,1.658433e+08,4.427085e+07
3.152297e-08,4.775011e-08,1.842334e-08,4.911664e-07,4.149563e+07,2.665318e+07,6.529780e+06
1.767208e-09,5.040954e-07,5.841920e-08,1.002962e-08,9.841888e+07,1.519661e+07,1.406376e+07
1.715843e-09,1.513181e-09,1.324966e-08,4.780811e-08,2.097292e+08,1.727753e+08,1.175720e+08
7.333768e-08,2.598120e-07,8.307835e-08,1.779475e-07,1.281128e+07,7.280013e+06,4.650765e+06
7.236413e-07,1.948234e-08,1.542724e-09,2.418589e-08,2.992914e+07,3.046159e+07,4.606790e+07
1.705881e-08,5.418433e-09,1.321884e-09,4.744709e-09,2.105858e+08,2.074433e+08,1.972234e+08
1.360474e-08,4.417382e-08,3.678357e-07,4.819912e-07,1.413604e+07,9.108259e+06,6.853272e+06
1.485629e-07,8.373469e-07,1.055832e-08,1.501763e-07,2.524918e+07,1.014000e+07,2.819983e+06
2.227617e-08,2.618316e-08,9.782325e-09,8.717758e-08,6.774211e+07,4.843775e+07,2.093084e+07
7.858081e-08,8.569022e-08,3.572598e-07,3.244725e-07,5.968287e+06,5.983364e+06,5.997157e+06
1.294498e-08,2.781088e-09,1.039215e-08,4.475009e-07,8.621775e+07,7.912657e+07,2.834625e+07
2.611937e-08,1.332853e-08,3.285232e-09,2.552864e-09,1.079532e+08,1.328394e+08,1.714332e+08
1.564325e-08,9.352308e-08,3.460433e-07,8.558319e-09,1.359162e+07,3.311819e+07,3.534650e+07
3.203649e-07,1.441227e-09,3.369325e-08,2.775509e-08,9.625118e+06,1.428944e+07,1.581112e+08
1.057371e-07,5.204548e-09,8.149454e-07,5.457995e-08,3.406608e+06,1.327434e+07,5.933240e+07
5.473466e-08,2.819042e-08,3.819103e-08,3.090892e-09,2.187198e+07,6.494031e+07,1.071291e+08
6.071706e-07,1.291835e-07,1.409082e-08,7.329723e-07,1.081127e+07,9.911136e+06,3.249771e+06
3.776401e-07,2.184517e-08,3.212035e-07,1.224690e-09,2.871249e+06,4.529632e+07,1.933345e+08
8.277651e-07,9.261240e-08,1.662553e-09,1.125290e-08,2.695620e+07,2.738746e+07,3.097656e+07
2.735527e-08,3.976272e-07,4.793660e-08,2.713961e-07,2.761505e+07,7.599776e+06,3.044109e+06
3.788840e-08,8.576292e-09,2.321259e-07,2.773821e-09,1.066314e+07,8.860917e+07,2.050270e+08
2.091101e-08,7.378424e-08,9.087843e-07,5.168884e-09,7.254076e+06,4.532826e+07,5.120588e+07
7.613217e-08,1.583096e-07,2.613619e-08,3.296312e-08,2.241789e+07,1.710561e+07,1.384307e+07
1.635241e-09,1.765215e-09,4.247287e-09,4.279277e-09,3.794489e+08,3.714304e+08,3.638446e+08
2.529762e-08,4.751528e-08,8.520251e-07,1.786988e-07,6.811363e+06,9.642286e+06,1.085232e+07
7.392257e-08,2.179457e-07,1.222505e-09,6.783008e-08,1.051928e+08,5.341461e+07,8.224598e+06
5.718001e-08,7.378606e-09,3.336276e-08,1.878402e-07,2.289533e+07,2.338262e+07,2.686077e+07
5.812433e-09,1.814505e-07,2.433144e-08,3.798317e-09,8.408860e+07,4.031601e+07,3.809126e+07
1.044176e-07,1.359105e-09,1.752652e-08,3.542625e-09,2.337574e+07,5.663932e+07,4.557335e+08
1.462059e-09,2.380745e-08,4.264642e-08,4.429211e-07,1.266416e+08,3.189495e+07,9.738238e+06
7.615056e-09,2.916909e-09,4.636318e-08,8.216347e-08,5.322024e+07,5.659993e+07,6.459504e+07
2.954935e-09,1.575258e-09,1.500834e-09,6.161437e-09,4.748535e+08,4.276742e+08,3.209838e+08
1.096557e-09,2.605656e-09,2.303039e-07,2.870131e-08,6.292652e+07,1.028779e+08,1.156353e+08
4.259068e-07,7.020465e-08,8.189467e-09,1.330805e-08,1.693226e+07,1.993974e+07,3.271598e+07
7.306274e-09,4.174866e-07,5.162896e-08,3.634423e-09,5.148792e+07,2.633090e+07,2.567207e+07
8.576045e-08,2.511287e-09,3.931939e-07,1.928717e-09,5.445692e+06,7.682764e+07,4.543784e+08
2.256114e-07,1.612809e-07,1.437483e-08,1.413811e-09,1.755974e+07,4.481056e+07,6.622362e+07
1.260763e-09,6.461019e-07,6.217557e-07,7.596414e-08,3.571686e+07,4.776970e+06,4.513830e+06
7.600272e-08,1.329296e-09,6.095263e-08,7.583137e-07,1.469228e+07,1.513952e+07,3.149668e+07
5.615074e-08,4.926168e-09,9.293700e-09,1.156443e-08,4.377518e+07,5.636931e+07,1.324900e+08
5.388995e-08,3.314095e-09,6.295124e-08,6.377036e-07,1.716896e+07,1.746735e+07,2.175244e+07
1.059240e-09,1.333708e-08,7.789680e-07,3.331701e-09,3.481313e+07,1.446999e+08,1.500157e+08
1.295748e-09,2.183645e-07,1.853741e-07,1.926293e-08,6.452311e+07,1.615216e+07,1.541870e+07
1.365102e-08,2.024548e-08,2.810160e-07,3.809251e-08,1.614551e+07,2.965558e+07,3.600942e+07
2.794314e-07,1.022582e-07,1.867747e-08,6.254925e-09,1.384215e+07,2.364595e+07,3.954029e+07
2.573703e-07,1.273639e-08,1.641224e-07,3.019833e-07,4.865605e+06,5.900640e+06,1.612447e+07
2.892383e-08,2.491245e-09,1.207587e-08,1.818827e-08,5.350728e+07,6.622778e+07,1.485580e+08
4.505157e-09,8.259927e-07,2.098356e-09,4.364718e-09,3.252411e+08,2.914960e+07,1.665458e+07
7.945911e-09,7.740074e-08,2.466537e-07,1.060176e-09,2.258834e+07,1.053535e+08,1.103922e+08
8.826778e-07,5.631971e-08,9.826505e-08,2.233137e-07,3.395466e+06,3.950520e+06,8.916862e+06
1.640635e-07,2.811598e-07,1.549031e-07,6.538051e-08,6.272836e+06,6.989530e+06,7.375632e+06
4.116258e-08,1.159616e-09,1.508419e-08,1.202073e-09,4.013172e+07,1.456801e+08,8.469886e+08
2.958475e-08,1.746987e-07,2.198832e-08,8.265234e-09,3.920758e+07,2.854618e+07,2.631647e+07
4.902940e-08,7.583515e-07,1.091685e-08,1.357509e-07,4.322382e+07,1.107154e+07,3.116688e+06
7.047868e-09,1.263600e-09,2.521733e-08,5.130145e-07,7.501042e+07,7.075082e+07,3.927628e+07
7.170670e-07,2.622171e-07,4.012773e-07,1.431017e-09,1.864223e+06,2.676062e+07,5.162345e+07
4.026290e-08,1.009855e-09,3.285413e-08,1.077809e-07,2.749492e+07,3.102052e+07,9.585167e+07
4.617974e-07,8.264932e-07,1.561859e-08,1.544075e-07,1.177479e+07,7.397682e+06,2.799278e+06
5.624611e-09,2.820784e-09,2.253346e-07,1.029225e-09,2.808923e+07,3.399573e+08,5.868943e+08
2.043744e-09,1.964440e-07,4.052633e-09,1.539003e-07,3.474707e+08,3.571977e+07,5.751231e+06
1.821355e-09,6.346859e-09,7.914353e-07,2.303825e-08,2.633874e+07,7.395074e+07,8.269816e+07
5.470754e-09,6.624077e-09,2.383342e-07,3.411764e-07,2.769384e+07,2.427438e+07,2.103526e+07
6.154608e-09,1.336580e-07,9.140810e-07,3.159691e-08,1.333237e+07,1.530325e+07,1.538793e+07
3.266677e-07,1.779911e-07,1.754628e-07,1.632651e-07,4.176903e+06,4.840468e+06,5.866164e+06
5.595229e-07,1.912858e-09,2.752896e-08,2.968066e-08,8.057423e+06,1.116742e+07,1.327156e+08
5.123865e-08,1.211218e-08,4.479494e-08,2.296063e-09,2.087309e+07,8.501321e+07,1.896256e+08
3.132531e-09,9.542500e-08,3.988899e-09,6.635879e-08,2.828954e+08,5.192832e+07,1.256666e+07
3.235158e-07,4.828926e-08,5.599648e-09,4.140841e-07,2.349481e+07,2.206372e+07,7.071807e+06
1.055059e-08,2.717192e-07,1.043338e-08,2.193000e-07,9.531233e+07,1.886027e+07,4.096571e+06
9.661304e-09,9.068075e-09,3.756237e-07,1.549768e-09,1.659991e+07,1.859941e+08,2.667529e+08
1.297164e-07,3.031756e-09,2.026189e-09,1.052250e-07,6.168259e+07,6.155841e+07,5.598780e+07
4.400312e-08,5.242397e-07,3.955270e-07,2.034800e-08,7.580017e+06,9.535983e+06,9.682202e+06
1.603642e-09,8.482770e-08,3.601239e-07,2.080714e-09,4.161217e+07,7.478408e+07,7.527052e+07
1.683884e-07,6.776238e-07,5.383273e-07,4.027288e-08,3.321397e+06,5.616573e+06,6.053400e+06
4.567455e-07,1.168084e-07,1.199162e-09,2.641575e-09,4.272912e+07,4.597797e+07,5.692873e+07
4.503945e-07,9.415271e-09,1.495031e-07,1.792898e-08,3.853704e+06,1.165540e+07,7.696722e+07
1.950058e-08,6.172775e-07,7.680296e-09,4.176150e-09,8.171226e+07,2.409385e+07,1.969571e+07
5.446574e-09,3.964287e-09,1.557450e-08,4.874056e-08,1.085753e+08,9.488319e+07,7.194029e+07
7.197000e-07,6.241968e-09,6.764325e-08,4.973204e-08,4.532231e+06,6.932774e+06,5.675722e+07
5.533099e-08,6.253784e-08,2.018668e-09,1.052115e-09,9.462007e+07,1.107544e+08,1.232812e+08
1.141575e-08,1.418331e-08,1.616485e-07,1.014952e-09,2.327888e+07,1.967997e+08,2.635655e+08
2.818556e-07,5.340428e-09,1.348607e-08,8.137539e-09,1.621974e+07,2.619302e+07,1.516930e+08
2.474158e-07,6.657437e-08,9.289451e-08,1.378126e-07,6.596161e+06,7.575878e+06,1.044004e+07
1.619072e-07,8.614806e-07,2.961132e-07,1.464810e-07,4.567074e+06,3.157644e+06,2.815053e+06
3.110937e-08,3.072938e-08,2.073135e-07,4.311311e-07,1.245204e+07,1.074763e+07,8.687972e+06
2.482377e-07,3.543047e-09,1.358451e-08,3.361803e-07,1.722044e+07,1.744089e+07,2.897513e+07
2.082123e-08,1.039435e-09,1.039429e-07,1.078579e-09,2.149559e+07,2.070065e+08,9.444421e+08
1.801722e-08,2.980031e-07,1.916196e-08,3.834100e-07,5.381906e+07,1.316778e+07,2.958407e+06
1.299535e-09,2.034674e-09,1.256151e-08,3.020315e-07,2.475056e+08,1.576997e+08,4.033912e+07
4.060252e-09,3.454547e-09,5.760381e-07,1.008920e-07,2.067749e+07,3.936944e+07,5.356438e+07
4.936297e-07,3.006491e-08,6.657340e-07,3.170290e-09,1.744412e+06,2.460045e+07,1.024284e+08
6.949329e-07,9.227763e-08,1.577621e-09,2.690493e-09,3.020141e+07,3.574006e+07,6.346522e+07
4.994030e-07,6.523008e-07,8.977627e-07,3.068797e-08,1.493460e+06,5.409338e+06,7.067925e+06
3.132286e-07,4.644849e-09,5.035659e-07,1.021571e-08,2.517915e+06,1.772555e+07,1.451710e+08
9.496316e-09,1.228646e-09,9.204991e-08,1.792954e-07,3.382289e+07,3.915318e+07,6.737551e+07
2.197899e-09,3.595006e-08,1.140118e-08,2.894737e-07,1.997658e+08,4.888525e+07,9.802698e+06
1.939020e-09,5.000913e-08,1.475941e-09,3.331562e-07,5.911183e+08,1.144565e+08,7.747318e+06
6.607558e-07,4.067345e-09,1.202681e-09,3.815263e-09,3.547352e+07,4.055761e+07,2.538530e+08
7.490460e-09,2.863376e-07,8.911492e-07,1.767933e-07,1.223969e+07,4.803073e+06,4.444552e+06
5.862391e-08,4.376933e-07,2.571237e-08,9.215810e-08,2.575678e+07,1.001117e+07,4.979071e+06
6.326658e-08,2.450414e-09,4.571342e-07,3.600342e-07,5.880184e+06,8.692069e+06,3.366731e+07
2.363856e-07,3.320651e-09,1.301770e-09,6.397772e-07,5.700623e+07,5.666757e+07,2.169572e+07
3.744752e-09,1.255557e-09,1.582539e-09,3.308008e-09,4.107818e+08,4.322348e+08,4.906801e+08
1.006080e-08,4.293414e-09,1.534321e-08,3.217940e-08,8.048699e+07,8.188670e+07,8.507651e+07
1.872140e-07,5.461061e-07,4.408137e-08,2.875182e-07,1.100787e+07,5.973103e+06,2.523648e+06
2.361831e-08,9.608523e-09,1.352859e-08,3.202693e-09,5.594347e+07,1.078043e+08,1.802661e+08
4.767718e-07,1.382719e-07,2.133101e-09,3.582391e-09,3.135733e+07,3.487238e+07,4.493105e+07
8.527421e-09,1.234537e-07,1.228190e-08,1.611456e-07,9.771436e+07,2.576684e+07,7.089878e+06
1.172821e-09,3.433965e-07,3.436639e-08,1.414739e-07,1.575133e+08,1.024509e+07,4.536950e+06
1.574094e-09,2.830386e-08,3.164697e-08,2.540003e-07,1.416833e+08,3.448708e+07,1.179397e+07
7.427740e-07,4.118698e-09,1.489253e-07,1.070712e-08,3.006681e+06,1.157739e+07,1.505857e+08
2.082367e-09,5.358799e-09,1.962558e-08,1.230124e-08,1.564264e+08,1.333128e+08,1.231663e+08
6.012868e-08,2.330267e-08,6.370695e-08,3.668248e-09,1.615719e+07,5.878447e+07,1.081603e+08
9.277759e-08,1.976451e-07,2.821462e-08,3.953652e-09,1.954526e+07,3.151101e+07,3.577320e+07
1.565831e-07,4.144732e-08,2.439225e-07,1.100287e-09,5.116837e+06,6.789821e+07,1.480808e+08
3.927584e-09,4.139743e-08,1.969568e-07,5.657979e-08,3.595438e+07,2.240450e+07,2.066249e+07
2.817292e-09,1.034859e-09,1.688785e-08,3.023910e-08,1.449762e+08,1.547788e+08,1.787619e+08
2.489728e-08,5.574496e-07,4.957247e-09,3.295509e-09,9.001270e+07,2.945283e+07,2.333114e+07
1.240999e-09,2.645233e-08,5.802816e-09,1.002219e-07,3.726446e+08,8.113631e+07,1.942167e+07
2.622557e-07,7.608383e-08,2.619833e-07,2.684767e-08,3.815054e+06,1.101680e+07,2.212588e+07
7.621284e-08,6.113628e-07,1.067941e-07,3.664046e-07,1.108440e+07,4.193797e+06,2.112857e+06
1.425504e-08,2.309612e-08,1.668543e-08,3.425756e-08,6.484062e+07,4.884760e+07,3.555104e+07
1.372325e-07,2.644702e-07,1.083770e-07,7.282428e-07,8.199795e+06,5.136946e+06,2.278628e+06
3.671753e-09,2.162158e-07,1.807173e-07,1.107813e-08,3.882071e+07,2.087305e+07,2.043258e+07
4.987542e-07,1.183946e-09,2.512262e-08,9.906478e-07,8.933554e+06,9.035404e+06,2.919943e+07
3.235541e-09,2.192725e-09,1.427432e-09,4.203198e-09,4.653169e+08,4.157960e+08,3.293957e+08
1.377226e-09,4.922506e-08,1.002675e-07,1.544685e-09,8.509759e+07,1.139763e+08,1.146798e+08
2.400517e-09,1.491516e-07,1.343187e-09,4.935158e-07,5.569028e+08,7.018447e+07,3.685832e+06
1.210118e-07,2.084673e-08,1.886161e-09,4.273044e-09,6.619069e+07,7.339672e+07,1.059528e+08
2.878151e-08,5.336426e-08,1.768039e-09,2.603245e-07,1.401836e+08,8.325901e+07,8.484324e+06
3.063372e-08,3.056376e-07,4.668722e-08,5.532358e-09,2.644242e+07,2.451984e+07,2.431876e+07
1.873865e-09,3.229966e-09,5.222928e-09,2.185644e-09,3.196494e+08,3.565926e+08,3.763668e+08
1.451436e-08,1.110828e-07,9.715156e-07,5.596631e-08,8.421242e+06,1.226617e+07,1.268275e+07
1.994484e-08,1.173039e-08,2.180420e-08,1.483210e-08,4.795287e+07,5.980320e+07,7.581278e+07
2.031703e-09,7.040631e-08,8.278708e-08,2.887556e-09,7.710608e+07,7.033903e+07,7.013406e+07
4.431246e-08,2.298536e-07,6.037502e-07,1.083703e-07,6.113761e+06,6.300661e+06,6.336058e+06
2.025118e-08,2.581611e-09,4.493027e-07,2.805307e-07,1.048348e+07,1.592475e+07,3.715903e+07
9.289687e-09,3.154423e-08,9.865629e-09,5.730829e-09,1.044569e+08,8.219234e+07,7.437574e+07
2.130178e-08,4.673771e-09,2.244195e-08,5.529982e-08,4.573637e+07,4.910804e+07,6.220201e+07
1.645022e-09,4.317503e-07,1.089146e-09,2.005658e-08,7.470870e+08,4.726044e+07,1.074621e+07
4.242514e-08,4.747057e-09,1.128080e-09,8.939203e-07,1.445501e+08,1.371705e+08,1.535106e+07
6.034666e-09,1.083615e-08,2.473735e-07,2.563838e-08,2.588194e+07,5.051273e+07,5.999530e+07
1.138767e-07,2.238445e-07,1.371059e-08,1.012147e-09,2.530780e+07,5.604866e+07,6.643623e+07
1.826337e-08,1.297876e-09,3.901111e-07,1.019763e-07,1.184719e+07,2.514659e+07,8.692281e+07
5.917531e-07,3.926149e-08,1.147305e-07,2.056246e-08,3.837870e+06,9.533249e+06,3.519484e+07
5.164289e-08,4.367508e-08,1.077101e-08,1.429793e-08,4.240006e+07,4.132527e+07,4.001719e+07
4.558119e-07,2.579153e-07,5.206630e-09,8.279264e-08,2.052716e+07,1.691216e+07,6.843300e+06
7.842641e-08,1.310877e-07,3.261769e-08,1.232024e-08,1.977162e+07,2.310275e+07,2.488338e+07
4.283251e-08,7.767977e-09,1.672441e-07,7.491145e-08,1.181511e+07,1.954431e+07,4.145452e+07
5.732543e-09,1.211374e-09,9.154220e-09,2.457340e-09,1.380434e+08,2.726464e+08,5.795999e+08
1.775956e-08,2.487195e-09,6.727399e-09,1.588645e-09,9.148720e+07,1.960396e+08,5.030738e+08
5.025038e-08,7.501644e-08,1.612926e-09,4.134518e-09,1.110767e+08,8.294680e+07,5.678182e+07
5.244233e-09,4.688225e-09,4.560024e-07,2.623117e-08,2.044916e+07,6.371005e+07,9.017516e+07
1.003599e-09,2.785648e-07,9.634243e-08,2.258500e-09,1.016977e+08,4.026036e+07,3.986822e+07
4.461151e-07,2.151397e-07,2.929522e-08,2.248370e-07,8.747384e+06,7.638591e+06,4.546800e+06
8.986072e-09,2.323971e-07,2.241063e-07,7.858330e-09,2.228374e+07,2.335959e+07,2.340020e+07
4.796264e-07,1.025289e-08,3.101492e-07,8.106459e-07,2.592765e+06,3.016600e+06,1.096885e+07
3.029014e-08,2.935541e-09,8.268507e-07,5.450238e-09,6.318818e+06,7.455589e+07,2.500047e+08
3.463068e-09,7.408596e-07,4.889228e-07,9.264548e-09,2.430241e+07,1.215580e+07,1.207035e+07
1.189074e-07,3.573505e-07,1.220021e-09,1.799394e-08,8.302556e+07,4.286872e+07,1.247066e+07
2.635147e-07,6.671906e-08,8.577268e-07,3.973936e-09,2.103406e+06,2.766831e+07,6.141361e+07
4.548427e-09,9.977365e-07,1.229596e-09,1.942631e-09,4.228517e+08,3.640073e+07,2.271418e+07
2.536758e-09,1.399822e-09,5.172808e-07,4.715408e-07,2.760561e+07,3.209051e+07,3.892279e+07
3.274036e-09,7.843396e-07,1.203552e-08,1.838085e-08,1.593037e+08,1.321241e+07,8.328468e+06
6.134109e-09,1.579809e-09,1.589516e-08,6.941743e-09,1.012726e+08,1.638002e+08,3.019697e+08
3.084793e-07,5.301437e-08,1.599649e-07,7.160319e-07,4.501681e+06,4.599625e+06,5.132595e+06
1.716424e-07,1.101918e-09,3.748566e-07,7.940650e-08,3.942350e+06,9.399208e+06,1.069048e+08
2.272127e-07,1.036245e-08,1.857997e-07,7.405298e-09,4.866998e+06,2.431168e+07,1.141557e+08
3.426861e-08,2.884951e-09,8.465267e-08,7.461167e-09,1.856656e+07,6.265251e+07,2.155398e+08
3.555673e-08,9.106078e-08,7.028616e-08,8.322102e-08,2.000342e+07,1.439680e+07,1.148730e+07
1.055398e-09,7.576430e-09,1.724972e-07,1.285419e-08,7.411409e+07,9.840864e+07,1.013317e+08
6.997255e-09,1.040095e-08,8.083520e-08,5.882308e-08,4.204708e+07,4.108724e+07,4.042868e+07
9.668463e-08,3.091526e-08,8.699308e-09,2.169238e-08,3.448093e+07,3.552682e+07,3.861535e+07
8.762096e-09,3.437563e-08,1.176422e-09,3.468327e-07,3.114687e+08,1.406129e+08,9.158295e+06
9.526117e-08,1.079617e-09,7.050349e-08,2.459843e-07,1.220216e+07,1.376304e+07,6.136368e+07
1.817013e-09,3.026120e-08,4.452995e-08,7.815425e-08,1.111719e+08,3.315025e+07,2.056272e+07
1.880975e-08,2.219297e-09,1.183337e-08,2.423653e-08,6.702769e+07,7.733449e+07,1.363506e+08
2.073359e-08,3.044731e-07,4.133557e-09,9.004061e-09,1.080192e+08,3.294560e+07,1.909881e+07
1.421079e-07,7.721227e-08,1.511367e-09,5.201436e-07,6.823479e+07,5.500545e+07,4.989939e+06
1.669349e-07,1.817659e-07,1.076891e-09,9.848434e-09,7.458312e+07,5.435272e+07,2.363525e+07
7.374353e-09,5.431576e-09,2.407985e-09,2.190023e-07,2.373073e+08,1.810682e+08,2.899431e+07
1.801548e-09,3.797370e-08,4.556312e-08,1.717039e-09,1.103749e+08,1.232640e+08,1.238421e+08
1.081318e-07,1.123549e-09,7.584654e-08,2.043069e-08,1.104219e+07,2.384685e+07,2.087192e+08
4.614459e-08,5.315437e-08,1.065230e-09,3.148323e-07,1.426323e+08,9.739562e+07,7.730202e+06
4.692220e-07,6.598035e-09,6.975698e-08,7.664665e-09,5.527350e+06,1.744494e+07,1.406197e+08
9.255670e-08,3.219873e-09,2.023652e-07,1.037789e-08,7.306815e+06,3.252188e+07,1.729920e+08
1.086882e-08,7.878500e-09,1.766346e-07,2.684168e-09,2.282290e+07,1.420367e+08,2.174570e+08
3.794114e-08,7.697876e-09,1.018539e-07,4.813219e-07,1.608629e+07,1.614451e+07,1.642846e+07
2.714501e-08,5.888352e-07,2.006472e-08,5.298924e-07,4.284877e+07,9.163695e+06,1.790232e+06
2.319709e-08,3.540091e-07,5.656229e-08,3.777061e-07,2.760703e+07,7.340898e+06,2.734738e+06
5.019648e-09,1.524289e-07,1.378198e-07,1.529403e-09,3.801960e+07,6.479869e+07,6.549459e+07
1.268490e-09,2.134208e-08,3.076905e-07,5.410254e-09,5.061734e+07,9.120537e+07,9.306208e+07
2.964818e-09,7.204467e-09,4.182805e-08,1.839461e-07,8.979810e+07,5.371713e+07,2.746969e+07
4.287465e-08,2.152588e-08,1.457988e-07,4.498217e-08,1.264802e+07,2.125326e+07,3.213656e+07
1.994444e-09,8.703570e-07,2.672807e-08,8.996770e-08,1.369636e+08,7.458555e+06,3.573617e+06
5.129162e-07,9.194044e-09,1.371362e-07,7.966543e-08,3.770516e+06,6.165087e+06,3.694977e+07
8.726879e-07,1.176342e-09,1.950247e-08,1.159334e-07,7.665239e+06,8.279341e+06,8.563057e+07
7.932604e-07,2.525712e-08,1.942531e-08,2.866818e-09,8.055790e+06,2.211453e+07,1.175190e+08
1.469386e-08,8.230591e-08,5.083770e-08,5.299382e-09,3.658804e+07,4.634832e+07,4.788196e+07
3.411431e-07,1.688807e-09,2.378352e-08,3.945614e-07,1.110181e+07,1.140332e+07,3.873939e+07
2.208384e-07,1.719346e-07,1.559785e-07,6.492045e-07,5.388033e+06,4.499387e+06,2.993144e+06
3.876077e-09,8.293076e-08,1.984951e-09,1.265740e-08,3.605197e+08,8.193724e+07,3.086526e+07
6.503214e-09,1.002655e-08,4.146444e-09,2.120033e-08,1.925742e+08,1.320744e+08,6.858875e+07
4.090126e-09,2.061936e-09,2.876717e-09,9.828283e-07,2.915299e+08,2.380541e+08,2.221384e+07
1.285157e-08,5.855176e-09,4.348891e-08,2.863929e-08,4.229925e+07,5.563948e+07,7.722340e+07
4.470938e-09,3.872106e-09,2.170729e-07,7.081281e-09,3.209947e+07,1.322064e+08,1.909723e+08
1.919245e-09,4.059873e-08,6.948161e-08,3.566791e-08,8.659641e+07,3.158956e+07,2.627877e+07
1.279458e-07,5.742989e-07,7.173246e-08,1.522959e-08,1.043829e+07,1.064679e+07,1.069269e+07
2.675230e-08,1.701562e-08,2.838763e-09,6.435828e-09,1.147506e+08,1.076968e+08,9.555950e+07
1.426016e-07,5.809161e-09,3.926289e-09,1.569872e-08,4.226168e+07,4.631792e+07,1.047155e+08
8.325228e-08,1.242944e-07,8.602828e-08,2.344638e-08,1.181629e+07,1.617113e+07,1.852407e+07
1.505863e-09,3.005835e-09,8.115977e-07,2.297638e-09,2.860466e+07,3.110306e+08,3.805193e+08
1.102378e-07,7.142904e-08,5.529267e-07,1.088722e-08,4.050428e+06,2.270584e+07,3.585948e+07
6.985771e-07,3.579260e-09,1.655998e-07,1.717997e-08,2.940106e+06,9.565463e+06,1.275241e+08
2.320325e-09,1.715049e-07,5.938106e-08,9.594308e-07,8.519255e+07,1.014284e+07,2.465215e+06
1.036939e-09,1.027148e-07,4.838976e-08,2.373363e-07,1.411714e+08,1.548526e+07,6.404738e+06
8.270378e-08,1.429208e-09,4.845080e-09,2.204935e-08,4.995590e+07,5.470155e+07,1.781371e+08
4.037079e-08,4.551709e-09,6.286114e-08,2.296579e-08,1.985067e+07,3.637877e+07,9.780747e+07
7.566583e-08,8.113561e-09,2.573396e-09,1.958906e-07,7.166330e+07,6.855074e+07,2.508346e+07
2.177998e-09,9.695467e-08,8.021988e-08,1.394146e-07,7.565372e+07,1.407495e+07,8.601250e+06
5.895497e-09,3.303361e-07,4.500437e-09,1.148535e-07,1.941388e+08,2.620594e+07,5.133930e+06
3.539312e-07,1.040410e-07,1.831801e-08,2.673143e-08,1.241942e+07,1.417343e+07,1.896211e+07
3.004916e-09,8.756026e-09,2.485210e-08,1.143320e-08,1.157184e+08,1.042027e+08,9.994536e+07
5.609001e-09,2.607823e-08,2.687059e-08,5.526496e-07,8.145517e+07,3.509366e+07,8.329828e+06
2.245535e-07,7.466942e-09,1.574811e-09,1.698339e-09,5.317725e+07,7.262622e+07,2.808125e+08
1.809019e-09,1.602604e-08,1.980492e-08,1.246766e-08,1.670675e+08,8.560527e+07,7.074477e+07
5.594330e-08,1.363485e-08,4.100671e-07,7.604338e-07,6.602349e+06,7.344991e+06,9.820738e+06
1.472552e-07,1.582591e-09,3.560198e-07,5.980153e-07,4.367447e+06,5.486967e+06,3.250570e+07
1.176300e-07,5.252508e-09,2.678063e-07,1.750488e-08,5.634178e+06,2.225484e+07,1.042887e+08
4.266041e-09,2.755310e-08,8.197644e-08,2.796603e-07,5.347403e+07,2.226548e+07,1.139198e+07
1.894671e-09,6.269420e-07,2.914866e-09,5.098272e-07,4.255238e+08,2.342393e+07,1.768784e+06
2.877842e-09,7.448291e-08,5.321050e-07,1.005255e-07,2.555453e+07,1.236454e+07,1.155670e+07
9.321961e-09,2.515108e-07,6.351685e-09,1.506753e-08,1.299577e+08,2.929242e+07,1.624429e+07
6.971031e-09,8.664748e-08,2.792421e-07,3.500288e-08,2.266528e+07,1.853152e+07,1.815809e+07
4.598368e-09,4.265110e-07,7.638406e-09,2.149448e-09,1.687317e+08,3.718649e+07,3.302718e+07
3.250256e-08,2.341593e-08,3.085153e-09,1.765836e-08,9.986260e+07,8.251823e+07,4.917780e+07
1.154638e-09,6.904356e-07,1.057092e-07,2.202813e-07,9.051501e+07,4.499175e+06,2.564187e+06
5.676501e-07,5.611507e-09,8.290136e-09,3.613534e-07,1.457736e+07,1.467129e+07,2.220722e+07
9.494683e-07,5.146997e-07,2.531774e-08,2.702423e-07,6.449816e+06,5.431732e+06,2.681306e+06
1.668064e-08,1.817882e-08,5.508964e-08,1.555733e-09,3.298821e+07,1.376954e+08,1.880397e+08
7.086928e-08,2.291792e-07,8.884134e-07,1.350089e-09,3.985322e+06,4.972248e+07,5.685009e+07
3.398839e-08,2.049247e-07,2.149675e-09,6.711399e-09,1.169899e+08,5.070260e+07,2.696474e+07
6.161671e-08,3.954911e-09,1.832693e-07,2.056908e-07,9.410354e+06,1.254418e+07,3.506100e+07
1.242004e-07,8.629440e-09,3.550257e-08,3.740693e-07,1.505943e+07,1.523741e+07,1.760081e+07
9.719809e-09,1.005837e-08,5.010373e-09,4.881631e-07,1.432967e+08,1.009693e+08,1.427098e+07
1.412438e-08,2.108289e-08,3.104821e-09,3.380833e-09,1.510070e+08,1.324740e+08,1.184467e+08
3.559597e-07,1.253414e-08,7.539016e-09,3.094854e-07,1.930378e+07,1.920233e+07,1.605583e+07
4.517664e-08,1.811306e-08,8.671287e-07,2.113284e-09,5.052441e+06,8.657314e+07,1.616312e+08
5.047885e-08,2.023779e-07,7.526975e-07,9.376994e-09,5.130209e+06,2.066424e+07,2.295550e+07
1.812342e-08,2.416204e-07,2.565216e-09,2.044718e-09,1.466621e+08,5.816959e+07,4.499005e+07
2.568129e-08,4.168618e-09,1.119482e-09,3.840689e-08,1.865018e+08,1.754926e+08,7.903134e+07
5.262250e-07,1.877108e-08,1.327604e-07,8.855838e-09,3.783380e+06,1.486657e+07,7.756048e+07
1.822154e-07,1.521681e-08,1.666972e-08,9.372811e-08,1.814443e+07,1.891787e+07,2.647910e+07
2.663018e-07,3.904359e-07,2.764237e-08,8.911856e-09,1.165535e+07,1.503146e+07,1.695279e+07
1.397574e-09,1.359665e-07,5.950397e-09,7.609377e-09,3.467684e+08,4.669197e+07,3.108920e+07
3.514086e-09,1.257395e-08,3.973519e-07,4.826849e-08,2.676124e+07,3.800244e+07,4.059124e+07
3.974373e-07,5.149879e-09,1.770704e-07,6.241095e-09,3.769578e+06,2.029838e+07,1.763888e+08
3.156399e-08,1.003663e-07,3.065509e-07,1.194840e-08,1.016606e+07,2.567295e+07,2.887693e+07
1.627156e-08,6.141617e-08,3.950804e-09,3.711132e-08,1.247219e+08,6.004109e+07,2.094621e+07
2.288710e-09,9.733267e-07,1.845305e-07,1.965442e-09,4.865983e+07,2.295785e+07,2.286339e+07
3.752268e-09,1.303080e-08,4.768012e-09,8.894124e-07,2.364201e+08,1.120873e+08,9.288868e+06
1.246697e-09,9.751972e-08,4.318894e-09,9.298109e-07,4.309563e+08,4.853057e+07,3.320905e+06
3.978895e-08,1.645761e-07,3.997994e-07,2.957195e-08,7.928622e+06,1.333067e+07,1.433430e+07
2.556815e-08,9.357952e-07,5.796314e-08,1.795920e-07,2.597613e+07,4.872131e+06,2.439305e+06
1.125609e-09,5.916013e-07,2.389036e-07,4.583744e-08,6.098104e+07,6.623327e+06,6.072608e+06
6.060063e-09,2.501318e-08,5.192937e-09,1.358113e-08,1.782604e+08,9.255747e+07,5.425599e+07
2.600681e-08,1.529284e-07,3.090536e-07,7.312578e-09,1.115423e+07,2.797016e+07,2.990340e+07
1.036566e-08,1.774542e-08,7.988300e-09,2.330717e-09,1.098941e+08,1.404134e+08,1.554935e+08
3.674585e-08,2.689951e-08,9.728098e-08,6.084447e-09,1.672561e+07,5.238172e+07,7.816589e+07
6.324522e-09,4.817657e-09,2.191619e-09,3.396159e-08,2.685985e+08,2.087910e+08,7.817863e+07
1.647818e-08,1.295883e-08,5.230174e-09,1.243801e-07,1.077178e+08,8.226960e+07,2.490816e+07
1.214100e-08,3.615651e-07,4.344133e-07,2.174904e-08,1.376960e+07,1.136640e+07,1.127682e+07
3.343329e-09,3.534820e-08,4.884731e-09,3.538131e-08,2.474515e+08,7.759866e+07,2.827674e+07
3.375988e-07,1.077240e-08,3.138958e-09,5.195019e-08,3.071898e+07,3.114050e+07,4.227175e+07
5.792542e-08,7.039530e-09,9.983083e-07,1.140461e-09,4.158465e+06,1.162433e+08,3.529295e+08
9.203756e-07,2.479824e-07,1.530493e-09,5.042070e-07,2.664415e+07,2.368397e+07,2.828037e+06
2.789508e-08,3.371822e-07,7.810492e-07,5.264343e-08,6.774809e+06,7.452454e+06,7.505776e+06
3.443425e-09,9.365719e-09,7.971227e-09,3.553874e-09,1.908719e+08,1.782168e+08,1.733319e+08
8.380487e-09,1.147900e-08,4.197669e-09,5.153636e-07,1.686014e+08,1.099698e+08,1.300143e+07
5.340559e-08,3.139796e-08,9.297737e-07,6.020661e-07,4.487640e+06,5.680531e+06,7.273228e+06
3.686062e-08,1.766206e-09,2.397081e-07,1.934617e-08,1.063842e+07,3.802875e+07,1.710731e+08
4.049168e-09,1.071114e-09,2.730499e-08,2.688387e-07,9.510340e+07,8.876410e+07,5.892997e+07
8.299899e-09,8.329293e-09,7.785514e-08,4.195038e-07,3.933870e+07,3.026132e+07,1.691718e+07
9.670997e-07,3.500972e-08,1.310152e-07,1.376579e-08,2.809335e+06,8.950283e+06,4.555175e+07
9.834292e-08,8.800905e-08,5.718515e-09,1.745391e-08,4.216837e+07,3.529643e+07,2.551467e+07
1.302419e-09,8.605398e-07,1.963619e-09,3.642616e-07,6.253108e+08,2.437389e+07,1.786108e+06
7.305869e-08,2.269753e-08,3.745046e-09,4.129634e-09,6.045545e+07,7.292033e+07,1.032892e+08
8.800817e-07,6.094217e-07,6.126918e-07,5.639293e-07,1.361813e+06,1.512043e+06,1.705802e+06
1.103920e-08,4.870633e-07,1.436202e-07,2.791910e-09,2.511443e+07,2.707513e+07,2.711793e+07
2.688656e-07,3.643658e-07,7.903404e-07,5.634796e-09,2.169328e+06,1.680050e+07,2.206948e+07
4.481245e-07,3.164049e-09,6.675557e-07,1.748780e-07,1.828340e+06,3.998797e+06,4.251193e+07
2.490931e-09,6.420968e-08,4.576331e-08,1.111716e-07,9.366136e+07,2.150499e+07,1.183594e+07
4.586349e-09,1.503022e-09,5.618802e-07,1.157034e-09,1.969902e+07,3.771267e+08,7.583054e+08
1.707200e-09,8.581885e-08,6.274574e-08,1.416723e-09,9.661971e+07,9.081075e+07,9.069142e+07
6.233915e-09,2.925102e-09,5.604984e-07,3.079439e-07,1.691735e+07,2.343814e+07,3.331913e+07
1.190138e-08,1.275127e-07,1.209911e-07,3.138047e-09,2.635268e+07,4.842583e+07,4.999119e+07
8.360747e-07,2.509717e-07,1.384034e-07,9.498422e-07,2.939708e+06,2.759563e+06,2.048151e+06
1.207477e-09,1.261198e-07,2.339314e-07,4.051520e-09,5.949991e+07,4.440776e+07,4.423839e+07
2.693903e-08,6.898639e-09,1.018714e-07,6.571594e-07,1.908899e+07,1.830493e+07,1.485193e+07
1.521209e-08,1.532429e-08,6.742788e-09,9.686530e-09,9.873835e+07,9.076055e+07,8.207780e+07
1.696637e-08,7.773759e-07,2.003128e-08,2.018693e-07,5.424393e+07,8.311623e+06,2.524348e+06
1.901248e-08,5.360312e-07,1.521356e-07,1.401864e-09,1.859367e+07,3.601432e+07,3.647977e+07
4.108375e-07,7.418707e-09,7.368784e-07,2.166797e-08,1.817469e+06,1.065768e+07,7.887271e+07
5.991253e-08,1.026248e-08,2.089179e-08,1.240644e-08,2.826528e+07,4.278661e+07,8.862377e+07
8.732762e-09,3.230246e-07,5.028126e-07,2.978600e-09,1.509111e+07,3.190555e+07,3.223860e+07
4.268940e-07,1.536652e-08,1.157509e-07,4.260135e-07,4.498605e+06,4.984164e+06,1.235949e+07
2.639156e-08,4.355632e-09,3.932002e-09,3.194159e-09,9.816589e+07,1.358438e+08,2.680996e+08
1.163149e-09,6.422058e-09,1.388243e-09,5.148163e-08,7.869544e+08,3.122925e+08,5.499672e+07
6.216947e-08,3.337103e-09,3.204529e-08,5.166813e-08,2.240419e+07,2.778188e+07,7.615595e+07
6.644716e-09,3.293396e-09,2.219432e-07,2.958211e-09,2.603999e+07,1.856559e+08,3.203786e+08
1.106368e-07,4.307295e-09,9.546312e-09,6.188038e-09,3.077035e+07,4.813787e+07,1.936963e+08
1.786946e-09,1.380803e-08,8.071894e-09,1.504555e-09,2.633034e+08,2.248631e+08,2.193967e+08
1.069209e-08,1.820703e-09,2.086316e-07,1.554661e-08,2.117282e+07,7.432102e+07,1.879588e+08
3.241012e-09,5.469849e-08,5.883213e-09,8.037337e-08,2.290089e+08,5.611066e+07,1.508191e+07
2.732381e-09,3.636287e-08,3.091295e-09,1.711403e-09,3.440798e+08,1.523822e+08,1.267637e+08
9.175217e-07,5.993191e-08,2.026956e-08,8.765240e-08,7.332796e+06,7.883203e+06,1.379714e+07
8.446811e-08,9.422595e-07,9.026076e-08,3.055146e-09,1.145260e+07,1.815452e+07,1.863798e+07
3.580647e-07,3.563478e-09,2.970010e-09,1.026832e-08,3.066481e+07,3.464630e+07,1.653154e+08
1.290979e-08,8.403750e-08,7.572112e-09,1.053866e-08,1.011421e+08,4.838374e+07,3.360243e+07
5.386385e-07,7.260125e-08,2.005913e-07,6.459992e-07,3.042253e+06,3.269331e+06,4.617554e+06
1.232991e-09,7.230350e-09,1.621005e-09,1.037745e-09,7.073395e+08,4.321458e+08,3.650690e+08
1.009499e-07,9.808874e-08,4.518316e-09,1.877197e-08,4.682294e+07,3.714287e+07,2.330427e+07
5.059543e-08,5.102751e-09,2.512436e-07,7.687486e-08,8.869453e+06,1.746446e+07,5.049003e+07
1.199663e-08,1.115626e-09,8.072790e-09,3.009584e-07,1.016152e+08,9.849119e+07,5.457420e+07
1.311400e-07,2.799499e-09,7.772205e-08,1.010233e-09,9.905134e+06,8.652454e+07,5.946331e+08
4.493287e-09,3.853909e-08,5.751090e-07,5.243981e-09,1.967174e+07,6.687177e+07,7.034265e+07
4.622729e-09,1.042953e-07,6.334857e-07,1.609435e-09,1.847917e+07,7.562483e+07,7.718465e+07
3.308578e-07,1.187093e-08,5.980624e-08,2.222390e-08,7.108960e+06,1.341925e+07,6.156694e+07
2.435119e-09,4.727762e-07,3.208391e-09,2.911898e-08,3.577637e+08,2.698423e+07,8.522836e+06
6.769715e-07,5.491613e-07,1.161620e-07,1.715414e-08,3.566012e+06,7.386795e+06,1.030304e+07
4.724020e-08,6.694799e-08,4.742075e-09,1.913868e-08,6.681284e+07,4.800354e+07,2.793671e+07
1.056612e-07,2.056477e-08,2.481591e-08,1.462665e-08,1.952887e+07,2.934071e+07,5.765879e+07
1.168590e-08,5.759344e-09,4.088364e-09,6.869867e-08,1.446752e+08,1.218820e+08,5.027352e+07
4.139395e-09,4.822531e-09,7.406443e-08,1.938998e-07,5.711191e+07,4.562934e+07,3.270196e+07
7.692241e-09,1.179718e-08,1.431362e-07,7.088319e-08,3.013692e+07,3.289885e+07,3.458114e+07
2.815127e-07,3.518669e-08,2.252985e-08,7.470583e-08,1.255659e+07,1.350619e+07,1.950444e+07
1.288073e-08,8.688505e-08,1.496472e-07,2.191342e-09,2.277695e+07,6.812568e+07,7.247236e+07
2.779357e-07,2.687979e-07,1.249266e-08,1.231385e-07,1.697073e+07,1.269894e+07,5.496550e+06
1.677512e-08,2.280120e-07,6.231928e-08,2.000548e-08,3.092830e+07,1.642424e+07,1.480630e+07
9.235269e-08,5.548224e-08,6.831378e-07,2.698770e-09,3.981265e+06,5.016313e+07,8.172220e+07
1.608885e-08,1.620856e-08,2.114730e-07,3.816598e-07,1.714392e+07,1.508435e+07,1.271422e+07
1.797307e-08,1.986634e-07,8.970369e-09,6.768607e-09,7.875600e+07,3.459136e+07,2.727040e+07
7.032366e-09,2.096471e-09,2.924916e-09,2.472715e-07,2.204918e+08,1.946655e+08,4.392063e+07
4.123494e-08,9.155973e-08,2.822633e-09,3.057916e-07,9.269154e+07,5.188928e+07,5.976335e+06
4.450685e-09,1.049443e-09,1.507620e-09,9.154445e-09,3.860475e+08,3.747765e+08,3.226298e+08
4.708474e-09,1.305315e-09,9.123292e-09,2.743678e-09,1.525753e+08,2.807718e+08,5.284157e+08
6.673445e-07,1.849717e-08,2.546156e-09,9.875680e-07,2.425954e+07,2.396099e+07,7.398843e+06
9.040119e-07,1.904467e-09,5.673750e-08,4.665463e-08,4.415479e+06,6.566247e+06,1.060879e+08
6.849427e-09,2.816120e-09,6.311853e-08,3.458257e-09,4.809439e+07,1.776402e+08,3.204393e+08
2.682265e-07,1.215900e-07,5.840168e-07,1.207821e-09,2.526600e+06,4.613359e+07,8.251823e+07
1.068642e-09,1.608789e-08,8.394046e-07,5.445305e-07,3.338860e+07,1.328454e+07,1.068414e+07
7.340828e-07,6.362505e-08,6.553598e-09,3.258677e-07,1.441742e+07,1.396889e+07,6.944889e+06
1.318862e-09,3.355861e-07,9.654840e-08,2.181570e-08,8.861918e+07,1.291514e+07,1.168728e+07
7.530289e-07,7.169812e-08,1.840755e-08,2.251002e-09,8.493686e+06,2.458719e+07,7.871513e+07
5.155252e-08,1.808986e-09,5.633358e-07,2.704619e-07,5.868017e+06,1.012697e+07,4.520946e+07
2.331613e-09,7.924050e-08,1.087896e-08,1.657664e-09,1.985537e+08,9.231611e+07,8.725256e+07
4.185750e-08,4.821342e-07,2.159206e-08,4.241472e-09,3.326338e+07,2.320194e+07,2.211351e+07
4.929844e-07,1.797473e-08,1.444825e-09,3.588369e-07,3.746932e+07,3.687838e+07,1.245146e+07
1.432007e-09,1.890369e-09,8.136519e-09,8.596270e-07,2.929598e+08,1.932422e+08,2.480685e+07
2.882270e-07,3.692179e-07,1.682019e-09,4.380185e-08,4.541687e+07,3.064342e+07,7.863437e+06
1.375500e-07,3.938611e-07,2.366245e-08,5.019032e-09,1.752830e+07,2.131796e+07,2.249150e+07
1.680269e-07,1.895853e-07,1.008060e-09,4.344442e-07,7.683646e+07,5.272953e+07,3.484421e+06
1.473338e-08,3.399776e-09,8.000597e-07,2.324949e-07,9.210595e+06,1.749653e+07,3.556872e+07
3.762776e-08,5.723199e-08,1.186024e-07,9.425235e-08,1.496922e+07,1.416798e+07,1.361553e+07
9.550449e-09,1.700102e-09,3.796484e-09,3.772739e-07,1.660723e+08,1.537788e+08,3.948518e+07
1.254855e-09,1.153392e-07,4.800939e-08,3.897156e-07,1.288369e+08,1.416529e+07,4.716693e+06
9.780910e-07,1.084033e-09,2.750487e-09,4.705170e-07,1.927994e+07,1.932550e+07,4.427832e+07
5.943532e-07,3.613708e-07,6.846234e-07,1.495121e-08,1.567660e+06,8.456425e+06,1.360459e+07
2.449014e-07,6.145907e-09,1.234329e-09,2.810699e-07,5.751603e+07,5.693224e+07,2.406023e+07
8.868352e-09,3.864978e-08,6.699356e-07,1.130909e-07,1.297365e+07,1.474784e+07,1.512560e+07
2.962453e-07,7.356689e-08,1.730125e-09,4.597880e-09,4.417082e+07,4.637941e+07,5.437258e+07
3.603799e-09,2.946366e-09,1.411608e-07,1.226467e-08,4.433662e+07,1.163155e+08,1.663523e+08
1.524352e-07,1.128158e-09,1.771651e-08,8.431613e-08,1.924280e+07,2.109023e+07,1.025321e+08
4.759425e-08,3.815736e-09,1.305149e-09,6.413499e-08,1.268799e+08,1.233164e+08,6.392391e+07
2.921795e-09,1.696540e-09,3.714390e-07,6.470336e-09,3.035508e+07,1.845202e+08,3.018245e+08
3.925580e-07,2.293059e-09,4.012383e-09,2.124795e-08,2.519689e+07,2.739322e+07,1.432629e+08
2.536463e-08,7.055033e-08,5.829456e-09,1.164655e-07,8.223785e+07,4.333596e+07,1.103194e+07
4.772830e-08,5.385060e-09,9.491067e-07,3.285050e-07,4.698449e+06,8.783529e+06,2.377573e+07
1.206796e-08,1.374862e-08,8.984633e-09,6.044482e-09,9.603574e+07,1.035351e+08,1.096960e+08
1.671373e-09,3.400106e-08,4.389633e-09,2.369800e-09,3.691894e+08,1.349643e+08,1.114033e+08
9.752928e-09,9.455569e-07,5.001166e-08,2.399765e-08,4.527900e+07,8.034356e+06,6.638528e+06
1.438622e-08,1.222732e-07,5.368021e-09,1.064329e-09,1.137941e+08,9.076531e+07,8.765896e+07
5.261351e-09,1.577741e-08,1.050261e-07,1.114603e-07,4.254053e+07,2.964807e+07,2.384635e+07
1.007911e-07,1.382513e-09,6.480752e-09,3.483047e-09,3.912696e+07,6.572804e+07,4.557071e+08
6.272453e-07,3.012829e-07,6.006639e-08,1.559533e-08,5.151878e+06,9.326689e+06,1.458866e+07
1.146097e-08,3.419541e-07,2.945696e-07,2.047876e-07,1.721058e+07,4.839688e+06,3.778890e+06
3.292331e-09,2.212022e-08,5.231560e-08,1.527456e-07,7.619609e+07,3.177735e+07,1.720366e+07
2.901799e-07,1.357639e-07,4.155849e-09,1.598661e-09,2.879629e+07,4.509412e+07,6.787810e+07
5.509713e-07,2.591874e-07,3.664694e-07,8.196449e-07,2.225444e+06,2.207733e+06,2.169603e+06
5.938276e-09,1.478893e-07,7.015394e-09,2.892757e-08,1.549330e+08,3.393187e+07,1.528888e+07
3.354931e-07,5.608209e-07,3.760510e-09,1.972949e-09,2.815366e+07,2.936277e+07,3.006284e+07
3.471607e-09,2.431890e-09,6.425499e-07,9.211363e-07,2.117295e+07,2.115460e+07,2.112837e+07
1.415625e-07,1.887930e-07,4.076828e-07,7.732818e-09,4.162600e+06,1.997195e+07,2.617208e+07
5.483852e-08,1.555763e-09,4.811289e-09,1.575736e-09,6.156394e+07,1.222248e+08,6.386849e+08
2.015370e-08,1.754783e-07,2.061111e-09,5.258436e-09,1.551572e+08,5.875478e+07,3.292002e+07
4.608614e-09,8.631350e-07,1.155767e-08,1.636036e-09,1.370186e+08,2.835673e+07,2.661118e+07
5.625404e-07,7.756176e-07,9.263091e-08,4.047254e-08,4.380717e+06,5.150896e+06,5.644116e+06
1.078856e-07,2.876239e-08,3.824437e-08,9.090710e-08,1.556806e+07,1.648790e+07,1.955639e+07
1.742884e-07,1.772139e-08,6.596982e-09,4.472751e-08,2.949125e+07,3.009821e+07,3.551924e+07
6.695477e-07,6.127036e-07,3.039743e-08,2.665310e-07,7.009561e+06,5.346223e+06,2.474577e+06
1.920738e-07,4.909130e-09,4.893483e-08,7.328499e-08,1.031471e+07,1.315346e+07,5.272180e+07
3.016586e-08,6.456928e-09,7.484417e-08,8.309421e-07,2.104569e+07,1.994219e+07,1.365217e+07
2.219815e-09,3.058400e-08,1.539792e-08,9.804986e-08,1.710451e+08,4.786095e+07,1.826120e+07
5.349385e-07,3.495883e-07,1.509011e-07,1.291537e-09,3.519669e+06,2.971267e+07,4.706176e+07
8.074035e-09,1.014463e-07,4.930568e-07,3.387250e-08,1.584916e+07,1.697292e+07,1.705918e+07
3.631872e-07,1.539975e-09,1.949696e-07,5.698934e-09,3.757953e+06,2.225232e+07,3.375564e+08
1.334783e-09,6.534218e-07,1.596980e-07,1.982088e-09,6.849281e+07,2.793040e+07,2.778701e+07
8.591191e-08,2.285755e-09,4.712750e-07,6.899696e-08,4.969768e+06,1.372541e+07,7.962879e+07
1.283808e-09,2.171023e-08,8.403698e-08,4.710789e-09,9.627528e+07,9.873908e+07,9.888286e+07
2.356926e-07,1.112643e-07,2.135673e-07,6.214712e-08,4.457175e+06,7.737740e+06,1.202573e+07
1.396222e-07,3.411360e-09,6.113151e-08,1.327444e-08,1.082406e+07,2.531886e+07,1.486032e+08
9.574930e-09,2.374358e-09,9.664968e-08,1.238453e-08,3.287244e+07,8.731128e+07,1.844111e+08
5.428897e-09,9.292238e-08,4.308277e-08,4.676300e-09,6.538715e+07,4.909474e+07,4.797209e+07
2.597465e-08,1.968928e-08,4.602176e-08,7.385090e-08,2.892301e+07,2.779162e+07,2.622449e+07
1.228139e-08,9.605637e-07,2.308990e-09,6.332820e-09,1.877868e+08,2.464739e+07,1.282149e+07
1.215986e-09,6.492691e-08,1.079615e-09,2.627102e-08,8.727728e+08,1.207450e+08,2.421303e+07
1.502977e-08,5.478675e-07,1.720837e-08,2.537154e-08,6.218047e+07,1.316269e+07,8.481816e+06
3.464550e-07,2.944781e-08,2.231263e-09,7.912229e-08,3.596675e+07,3.501270e+07,2.071687e+07
5.551712e-08,1.158095e-09,3.382885e-09,2.084664e-08,7.296976e+07,7.785997e+07,2.035213e+08
1.038764e-08,5.097989e-08,1.433282e-09,1.049700e-09,2.591646e+08,1.639906e+08,1.366998e+08
5.828056e-08,2.954933e-07,5.838936e-09,4.216225e-08,5.420899e+07,2.347656e+07,8.959099e+06
1.354094e-09,7.312516e-09,1.300782e-08,5.592357e-09,2.382722e+08,1.717648e+08,1.563757e+08
1.218364e-07,1.711053e-07,4.289622e-08,4.350753e-07,1.383254e+07,9.350153e+06,3.665102e+06
1.192231e-09,8.539455e-08,4.268277e-09,1.038750e-07,4.432957e+08,5.307527e+07,1.061767e+07
1.029395e-07,2.826187e-09,1.954937e-08,1.260529e-07,2.229167e+07,2.363572e+07,5.298136e+07
5.298653e-07,1.326069e-08,6.443221e-08,7.639267e-08,5.412099e+06,7.257918e+06,3.141891e+07
2.440168e-07,2.499340e-09,1.145528e-08,1.008867e-08,1.891417e+07,2.749920e+07,1.991454e+08
5.591684e-09,5.718821e-09,1.020727e-08,1.668575e-09,1.323652e+08,2.482925e+08,3.237233e+08
2.419993e-08,2.271907e-07,6.997416e-07,2.632581e-09,7.684651e+06,3.894485e+07,4.088970e+07
9.690167e-08,9.244013e-07,8.386138e-08,1.944893e-07,1.109311e+07,4.087803e+06,2.358424e+06
6.783061e-08,9.726717e-07,3.512813e-07,4.311509e-09,6.478279e+06,1.502148e+07,1.544195e+07
1.350828e-08,6.929229e-08,1.864117e-07,9.487630e-09,1.992798e+07,3.657500e+07,3.900126e+07
5.255543e-08,6.941758e-07,1.839251e-07,1.145051e-09,1.017116e+07,3.430465e+07,3.546931e+07
3.245457e-09,5.906255e-07,6.015510e-07,1.128312e-07,2.263215e+07,4.209868e+06,3.873730e+06
9.145431e-09,3.012342e-09,1.365581e-09,5.134577e-09,2.829692e+08,2.761365e+08,2.542702e+08
5.447628e-07,5.386922e-08,6.116018e-07,1.181042e-07,1.732455e+06,4.107967e+06,1.253710e+07
5.578545e-09,2.459581e-07,1.023856e-09,6.685474e-08,4.184274e+08,6.278853e+07,7.798361e+06
3.891787e-08,8.231481e-07,1.026583e-07,9.978060e-08,1.582080e+07,4.788028e+06,3.489297e+06
3.733577e-07,3.905066e-08,3.348694e-09,1.436124e-09,2.828132e+07,4.911739e+07,1.335334e+08
2.337815e-09,1.312021e-08,1.430594e-08,1.405594e-08,1.729166e+08,9.552178e+07,7.363761e+07
5.005152e-08,1.515980e-07,2.382973e-08,5.757374e-09,2.895555e+07,3.270250e+07,3.384863e+07
1.988067e-08,2.198415e-09,9.896551e-07,1.450530e-08,7.129229e+06,5.628670e+07,1.770850e+08
3.611410e-07,4.334895e-07,1.604912e-08,2.999430e-09,1.313518e+07,2.231533e+07,2.773265e+07
7.822263e-09,5.003117e-09,5.252649e-08,4.539829e-08,4.933380e+07,5.658512e+07,6.635290e+07
9.245862e-09,1.557564e-07,1.853437e-08,2.693921e-08,7.639016e+07,2.349380e+07,1.543777e+07
9.492157e-08,4.888154e-07,3.161049e-07,1.470731e-07,5.773005e+06,4.131266e+06,3.729589e+06
2.451846e-08,1.098903e-09,1.172746e-07,4.692759e-07,1.864883e+07,2.039715e+07,4.403582e+07
8.104883e-09,8.283952e-09,3.397071e-07,1.377113e-07,1.905787e+07,2.495390e+07,2.960714e+07
2.906259e-08,5.449228e-08,5.244433e-08,8.072715e-07,2.561436e+07,1.558951e+07,4.767851e+06
2.608774e-09,3.206541e-07,7.330304e-07,4.492972e-09,2.286761e+07,2.631977e+07,2.634600e+07
1.059466e-09,4.463989e-07,1.911611e-09,6.822162e-09,7.026786e+08,3.868690e+07,1.812080e+07
2.624872e-07,3.108596e-07,2.050901e-08,2.124205e-09,1.362930e+07,3.010190e+07,3.891524e+07
1.306147e-09,3.603664e-08,2.165495e-07,2.323205e-08,5.946006e+07,3.572582e+07,3.456083e+07
1.213011e-09,2.939687e-08,9.840457e-07,3.930722e-09,2.894409e+07,9.134792e+07,9.302791e+07
8.250626e-07,4.170111e-08,7.662803e-07,1.292275e-08,1.257658e+06,9.528040e+06,4.307732e+07
4.863762e-08,6.610273e-08,2.888241e-08,1.119378e-09,2.668070e+07,8.993119e+07,1.162524e+08
9.194680e-09,5.593248e-08,7.288407e-09,1.216375e-09,1.221562e+08,1.213670e+08,1.212367e+08
3.726100e-08,1.663387e-08,2.153982e-07,1.832637e-09,1.116225e+07,1.010480e+08,1.811195e+08
3.668403e-07,8.193045e-07,5.620740e-09,1.098194e-09,2.202241e+07,3.029319e+07,3.333786e+07
7.740294e-07,2.497648e-07,1.439777e-09,2.716178e-09,2.995529e+07,3.221828e+07,3.839329e+07
1.778227e-09,8.868214e-09,2.986044e-08,5.103208e-08,1.372329e+08,7.061260e+07,4.700676e+07
2.327039e-09,9.965182e-09,1.517074e-08,8.783791e-09,1.683041e+08,1.209301e+08,1.068849e+08
4.977778e-08,6.880980e-08,1.502064e-07,8.470653e-09,1.156480e+07,3.242909e+07,4.142060e+07
4.034031e-08,1.050929e-08,1.317774e-08,1.955474e-07,4.337204e+07,3.991141e+07,2.205908e+07
7.187140e-08,2.395816e-08,1.151025e-08,1.084862e-08,3.476798e+07,4.322605e+07,6.202777e+07
5.776339e-09,8.845471e-09,8.014076e-08,4.320906e-09,4.647795e+07,1.291562e+08,1.617529e+08
2.546498e-09,4.763166e-09,3.974290e-09,5.770293e-08,3.143392e+08,1.918161e+08,6.031887e+07
1.417825e-07,5.032905e-08,3.596440e-09,4.318262e-07,4.428455e+07,3.820215e+07,6.783224e+06
6.106471e-08,1.569580e-09,1.297615e-07,1.111977e-09,1.123393e+07,1.203369e+08,7.569383e+08
8.463121e-09,4.540829e-08,3.319645e-09,6.955696e-09,1.886639e+08,9.088722e+07,5.626809e+07
1.013092e-09,7.930094e-09,1.609209e-09,1.008162e-09,7.831940e+08,4.247322e+08,3.536680e+08
4.199324e-07,4.525732e-08,1.120682e-08,3.560530e-07,1.457703e+07,1.406608e+07,7.877679e+06
1.703061e-07,1.870980e-07,9.230142e-08,1.384136e-08,7.975919e+06,1.524656e+07,1.965061e+07
8.740872e-08,5.696235e-08,3.017312e-09,5.416846e-07,6.157615e+07,4.804587e+07,5.692890e+06
1.960297e-09,7.178556e-08,3.892700e-08,4.638888e-08,1.144758e+08,2.531126e+07,1.732904e+07
1.789990e-07,5.155420e-09,3.163561e-07,1.171315e-09,4.202295e+06,6.821417e+07,4.069408e+08
4.331811e-07,6.076659e-07,3.272681e-07,8.572104e-09,2.655911e+06,1.072451e+07,1.385555e+07
9.348704e-08,7.287886e-08,1.361738e-08,8.065710e-07,2.802706e+07,2.118637e+07,4.124563e+06
4.261740e-08,3.766740e-09,7.510208e-09,6.928646e-09,5.589598e+07,7.734486e+07,1.957460e+08
2.145142e-07,7.713498e-07,3.846085e-09,4.363629e-08,3.481469e+07,1.694043e+07,5.450677e+06
5.042185e-08,3.283599e-09,6.781897e-07,1.050146e-08,5.407730e+06,4.243288e+07,1.702943e+08
2.758242e-09,9.303561e-07,1.716633e-07,1.166448e-08,4.595630e+07,9.905476e+06,9.599371e+06
1.074298e-08,4.432668e-09,3.180173e-09,9.763616e-09,1.710851e+08,1.657396e+08,1.520065e+08
6.043396e-09,1.796554e-09,1.439603e-08,4.992275e-09,1.072107e+08,1.854995e+08,3.339110e+08
4.822776e-08,7.802829e-09,4.670531e-07,3.689545e-09,6.662977e+06,6.982479e+07,1.863750e+08
1.247063e-07,7.801929e-08,1.715250e-09,1.088861e-09,6.837417e+07,8.605842e+07,1.084958e+08
1.863101e-07,6.756584e-08,2.617877e-09,6.740623e-07,4.528008e+07,3.886479e+07,4.685829e+06
4.109394e-09,6.197579e-08,1.133724e-08,1.258381e-09,1.465067e+08,1.155841e+08,1.132356e+08
1.167104e-09,6.107133e-09,2.143121e-08,4.907350e-08,1.999502e+08,9.599938e+07,5.776407e+07
8.670267e-08,2.157485e-09,1.142316e-09,8.066119e-08,1.004826e+08,9.995558e+07,7.580429e+07
9.393516e-07,2.346422e-07,2.878910e-09,6.039000e-08,1.922967e+07,1.760620e+07,8.400679e+06
7.210605e-09,6.971884e-08,4.998398e-09,8.911260e-08,1.665708e+08,5.240695e+07,1.268690e+07
3.198145e-08,4.042793e-09,3.728793e-07,5.508915e-09,9.157287e+06,7.150793e+07,2.118977e+08
6.055264e-07,5.595512e-09,1.465639e-09,1.210013e-07,3.356757e+07,3.361529e+07,3.843130e+07
8.726019e-09,1.965405e-09,1.462096e-09,2.272311e-07,2.799652e+08,2.537389e+08,4.731950e+07
1.336615e-08,1.439822e-08,4.301587e-07,1.276016e-09,1.318811e+07,1.682563e+08,2.333015e+08
2.109977e-07,1.802728e-08,1.656193e-09,9.557994e-08,5.349408e+07,5.178853e+07,2.409081e+07
1.684108e-09,1.129825e-07,6.977233e-07,5.229027e-09,2.917249e+07,4.099137e+07,4.114186e+07
2.406793e-08,5.741640e-08,1.746111e-08,1.597859e-08,4.878033e+07,3.835209e+07,3.301512e+07
2.251721e-07,1.289183e-07,3.773194e-07,4.436122e-08,3.430743e+06,8.434872e+06,1.322334e+07
4.248741e-08,1.038264e-07,1.881677e-08,1.888117e-07,3.536693e+07,1.998545e+07,7.142195e+06
5.365989e-07,3.131021e-07,4.913449e-08,1.879513e-09,6.158598e+06,2.549739e+07,4.122250e+07
1.545740e-08,2.696880e-09,3.568481e-08,4.109659e-07,4.257848e+07,4.095906e+07,3.003768e+07
2.620020e-08,4.567637e-08,5.896872e-07,5.959500e-07,8.045201e+06,6.851198e+06,6.061070e+06
1.305692e-08,4.533049e-07,1.284184e-07,3.820994e-09,2.442114e+07,2.403904e+07,2.402794e+07
1.023596e-08,2.615607e-09,1.702872e-09,2.309757e-08,2.395217e+08,2.215020e+08,1.286562e+08
8.787149e-07,5.853243e-08,4.970380e-09,1.660290e-08,1.513147e+07,1.670107e+07,3.207819e+07
1.833254e-07,3.108276e-08,3.235806e-08,1.421089e-07,1.298367e+07,1.330252e+07,1.504630e+07
8.570236e-08,1.378595e-07,6.924001e-07,2.442904e-07,4.105112e+06,4.976997e+06,5.449145e+06
7.273239e-09,3.708783e-08,4.692122e-08,1.906439e-08,5.413167e+07,4.077815e+07,3.760736e+07
1.595603e-09,2.981778e-09,8.583006e-08,5.112904e-09,8.545113e+07,2.127759e+08,2.561112e+08
1.814765e-07,3.634323e-07,6.423877e-08,1.494485e-07,9.261710e+06,6.391208e+06,4.290841e+06
1.221015e-07,2.269931e-09,9.706977e-08,5.123947e-08,9.185389e+06,1.548387e+07,9.272383e+07
1.217221e-08,3.410836e-07,1.238778e-09,3.751180e-09,2.575245e+08,5.513445e+07,2.795668e+07
8.121778e-07,1.582502e-08,9.164848e-08,3.045410e-08,3.665319e+06,7.268771e+06,4.555173e+07
3.332569e-07,9.087407e-07,2.330230e-08,1.631546e-09,1.134778e+07,2.297921e+07,2.597050e+07
4.756717e-09,3.798576e-09,1.291054e-07,9.308259e-08,4.035284e+07,4.648752e+07,5.318086e+07
1.688924e-08,4.445244e-09,2.022499e-07,6.381745e-09,1.711003e+07,8.704327e+07,1.877511e+08
3.636305e-09,5.964536e-09,7.626659e-07,1.822842e-08,1.898903e+07,7.648914e+07,9.590409e+07
9.988591e-08,1.467736e-07,4.521569e-07,5.662003e-09,4.705473e+06,2.692578e+07,3.468894e+07
4.175500e-07,4.274080e-08,1.671555e-08,2.503689e-07,1.196976e+07,1.177491e+07,9.666928e+06
7.451334e-07,1.460513e-08,6.610335e-07,2.495234e-08,1.424857e+06,7.398746e+06,5.238316e+07
6.670561e-09,1.272259e-09,1.119580e-07,4.295878e-08,3.659243e+07,6.368077e+07,1.352652e+08
2.644649e-09,8.730813e-09,1.161856e-08,1.059113e-08,1.804014e+08,1.259620e+08,1.039924e+08
4.297474e-09,2.777659e-08,4.831669e-07,6.198029e-09,2.194547e+07,7.137794e+07,7.621382e+07
1.266546e-08,5.565513e-09,9.904877e-08,2.420295e-07,2.823351e+07,2.793595e+07,2.724666e+07
3.097492e-08,5.031663e-07,1.722219e-08,3.313550e-07,4.329629e+07,1.069376e+07,2.449049e+06
1.507074e-09,1.234658e-09,1.763562e-09,3.681743e-08,6.133908e+08,4.655347e+08,1.483201e+08
2.464946e-07,1.598627e-09,1.459231e-07,2.095059e-09,5.272715e+06,4.417636e+07,5.464221e+08
8.100449e-08,2.988374e-07,8.387822e-09,5.881368e-07,3.836373e+07,1.784222e+07,2.385302e+06
2.289945e-08,1.551968e-08,1.159029e-07,4.110222e-09,1.941066e+07,8.097683e+07,1.252063e+08
1.504580e-07,4.689196e-08,1.391656e-07,1.808902e-08,6.910769e+06,1.779138e+07,3.433550e+07
6.684345e-09,1.107308e-09,1.004221e-08,6.093581e-07,1.220551e+08,1.139777e+08,3.849723e+07
1.274051e-07,3.476183e-09,1.862804e-09,9.522561e-07,6.491169e+07,6.410648e+07,1.738088e+07
1.983903e-09,2.861803e-09,1.986879e-09,9.071963e-09,5.036792e+08,3.558278e+08,1.962590e+08
2.934930e-09,1.532267e-09,1.239483e-09,1.286517e-07,5.243013e+08,4.270161e+08,7.122378e+07
4.386577e-09,9.062339e-07,2.376363e-07,1.345709e-08,3.097282e+07,9.285751e+06,9.055331e+06
1.619682e-09,3.734200e-08,7.736057e-09,1.339323e-08,2.825044e+08,7.234710e+07,4.471555e+07
2.805215e-07,5.570735e-08,4.584100e-07,2.492666e-09,2.788624e+06,3.463603e+07,8.486170e+07
7.916593e-09,3.840955e-07,6.861856e-07,2.649705e-08,1.356782e+07,9.999512e+06,9.912464e+06
1.130119e-09,1.044458e-09,3.044208e-08,1.623725e-07,1.704907e+08,1.339335e+08,7.678890e+07
1.197404e-09,2.424402e-08,1.029283e-07,2.077769e-08,9.007665e+07,4.768246e+07,4.455527e+07
4.086563e-08,1.487845e-08,3.483307e-09,1.269445e-08,8.381564e+07,8.101343e+07,7.276361e+07
1.324145e-08,1.250269e-09,3.200698e-09,2.920924e-07,1.536066e+08,1.476333e+08,5.232850e+07
1.200457e-07,3.240020e-07,3.146454e-08,1.994775e-09,1.627106e+07,3.464863e+07,3.933500e+07
1.214783e-07,2.298489e-08,6.240924e-08,8.732622e-09,1.148487e+07,3.005988e+07,7.058403e+07
5.299548e-08,1.525681e-08,2.006353e-09,3.733832e-09,9.697882e+07,1.059554e+08,1.324923e+08
3.189219e-07,1.823911e-08,6.845434e-09,8.831369e-09,2.140215e+07,2.773292e+07,7.879236e+07
5.413570e-07,6.878039e-09,4.274637e-08,3.096138e-08,6.573679e+06,1.007891e+07,6.852634e+07
3.968780e-09,2.471394e-08,1.084297e-07,3.977565e-07,4.820559e+07,2.022843e+07,1.008603e+07
3.163234e-08,1.650920e-07,7.822006e-08,7.208936e-07,2.010367e+07,8.487515e+06,2.898687e+06
3.328772e-08,3.156027e-09,1.516347e-08,1.179787e-08,4.451011e+07,6.430698e+07,1.638807e+08
1.402516e-07,5.266315e-07,1.560444e-09,6.570072e-09,6.759617e+07,3.448459e+07,1.700049e+07
1.897720e-07,8.344832e-07,2.790010e-09,2.255025e-07,4.345912e+07,1.882189e+07,2.305237e+06
4.918445e-09,6.063020e-08,2.157559e-09,1.646695e-09,3.069762e+08,1.278100e+08,1.000804e+08
1.253965e-07,1.125589e-08,3.389035e-09,1.755493e-08,4.850865e+07,5.075551e+07,7.113946e+07
2.455467e-09,1.222030e-09,9.397674e-08,9.862202e-07,6.582984e+07,5.629609e+07,2.880528e+07
4.364343e-07,1.411370e-08,3.545470e-08,1.262186e-09,8.039030e+06,4.267405e+07,2.369288e+08
1.968653e-08,8.150813e-07,3.473203e-08,4.689388e-08,3.824286e+07,7.748328e+06,5.114951e+06
3.595092e-09,3.813348e-07,2.309393e-07,6.169938e-07,3.470532e+07,3.931884e+06,2.061609e+06
2.829675e-08,1.974598e-09,1.708441e-09,1.534376e-08,1.438241e+08,1.465914e+08,1.816748e+08
2.096356e-07,1.316638e-08,4.157674e-07,9.200161e-09,3.387211e+06,2.233035e+07,9.085924e+07
2.118569e-08,8.726513e-08,2.501721e-08,1.991578e-07,4.343694e+07,2.036850e+07,7.585443e+06
4.318520e-08,3.614164e-09,1.693962e-07,3.160144e-09,1.169178e+07,8.299277e+07,2.958984e+08
3.378923e-08,1.839050e-09,6.207199e-08,6.235565e-08,2.183550e+07,3.003830e+07,9.338246e+07
3.032565e-07,2.296165e-09,4.004367e-08,2.058925e-09,9.074611e+06,4.088125e+07,4.599156e+08
5.807073e-07,3.091314e-09,8.323860e-07,2.365746e-07,1.438331e+06,3.049319e+06,3.697808e+07
2.091826e-09,1.089717e-08,6.049072e-08,5.567995e-09,8.889817e+07,1.228806e+08,1.283789e+08
3.036794e-08,5.155227e-07,3.419686e-08,1.319909e-08,3.103125e+07,1.386924e+07,1.212283e+07
1.653495e-09,1.458459e-09,2.947172e-08,1.128508e-09,1.432504e+08,5.437392e+08,7.794721e+08
1.192706e-08,1.758144e-09,8.865989e-07,4.363133e-07,9.724554e+06,1.580800e+07,3.610552e+07
5.550676e-07,4.623073e-08,1.111068e-09,4.162651e-09,4.026768e+07,4.354699e+07,7.208578e+07
1.100755e-09,7.921514e-09,1.043326e-09,1.444365e-08,9.331354e+08,3.375024e+08,9.348833e+07
2.550755e-07,2.890453e-08,4.645788e-07,4.210642e-09,2.904932e+06,2.904967e+07,9.064479e+07
1.747558e-07,7.518027e-07,9.675881e-09,1.849577e-07,2.431862e+07,1.083405e+07,2.681710e+06
5.026181e-07,1.352885e-08,9.497694e-09,2.231975e-08,1.447344e+07,1.705266e+07,5.754730e+07
7.941702e-08,2.624419e-09,5.415453e-08,1.690503e-09,1.524845e+07,8.622838e+07,4.747614e+08
3.117631e-09,8.443603e-07,1.261726e-07,1.606779e-08,5.042026e+07,9.098852e+06,8.585349e+06
9.040147e-08,3.458043e-07,1.151506e-07,1.224418e-08,9.801198e+06,1.439236e+07,1.536809e+07
2.889454e-09,2.359166e-08,8.764874e-09,3.396375e-08,1.987098e+08,7.362252e+07,3.532750e+07
2.475496e-09,1.102939e-07,4.382792e-07,3.412661e-09,3.035942e+07,5.117314e+07,5.154394e+07
2.078817e-09,1.882867e-09,6.360865e-08,7.469139e-07,8.696286e+07,6.562197e+07,2.666582e+07
3.704335e-07,9.943476e-09,2.518013e-07,1.708618e-09,3.274281e+06,3.935853e+07,2.426098e+08
1.308170e-09,6.008640e-08,2.013971e-09,1.483647e-07,6.160860e+08,9.053911e+07,1.059124e+07
2.140492e-07,3.181684e-09,8.951349e-09,3.610507e-09,2.284541e+07,4.229975e+07,2.950444e+08
6.463399e-08,3.324989e-08,8.333872e-08,1.005728e-08,1.362530e+07,3.373998e+07,5.468454e+07
8.085720e-07,6.676257e-07,3.441777e-09,1.764718e-07,1.895611e+07,1.416546e+07,2.913371e+06
2.767251e-08,7.926406e-07,2.021111e-08,4.848161e-08,4.228444e+07,9.244467e+06,5.101211e+06
1.181826e-08,2.737538e-09,5.330054e-09,2.018496e-08,1.259962e+08,1.276439e+08,1.345259e+08
6.165020e-07,4.742315e-08,1.701270e-07,2.318834e-08,3.087778e+06,8.591166e+06,3.015574e+07
7.521733e-08,1.421596e-08,1.791691e-07,9.721307e-08,8.614091e+06,1.332022e+07,2.689983e+07
1.699242e-08,6.265879e-09,3.739436e-08,7.032790e-07,3.967065e+07,3.479826e+07,1.506417e+07
1.260518e-08,3.571307e-09,4.364245e-09,7.174675e-09,1.348252e+08,1.509332e+08,1.975538e+08
1.281735e-09,6.155974e-07,2.755561e-09,3.641864e-08,5.321033e+08,2.515551e+07,6.678666e+06
2.169278e-08,1.097597e-07,1.836365e-08,1.777814e-09,5.010289e+07,6.850754e+07,7.158718e+07
3.576887e-08,1.114273e-09,2.613607e-07,1.153333e-07,1.034254e+07,1.840699e+07,8.821181e+07
2.541620e-07,9.050148e-08,7.384600e-08,1.185986e-09,7.299299e+06,4.985655e+07,9.652334e+07
2.965787e-07,5.443013e-07,3.245568e-08,1.354457e-08,1.019259e+07,1.115540e+07,1.164656e+07
1.445490e-09,1.028585e-07,9.600937e-07,1.514285e-09,2.684328e+07,7.963205e+07,8.012647e+07
1.707730e-08,7.013230e-08,1.165540e-08,8.498185e-09,7.088051e+07,4.830225e+07,4.096169e+07
5.516930e-09,1.058275e-07,1.352253e-09,5.626917e-07,3.661190e+08,8.159396e+07,4.097939e+06
6.625843e-09,5.504951e-07,6.648509e-08,2.335889e-09,4.764500e+07,2.820314e+07,2.788670e+07
2.068925e-09,6.142143e-07,5.299079e-08,8.619034e-07,9.550530e+07,5.701194e+06,1.374392e+06
6.127344e-07,1.652024e-09,7.906905e-09,1.484154e-09,1.436682e+07,3.609056e+07,6.386345e+08
9.221864e-09,1.200307e-08,2.264329e-07,1.288650e-09,2.188371e+07,1.917527e+08,2.542648e+08
1.571318e-07,7.272693e-09,4.986118e-09,1.521674e-07,3.572618e+07,3.549467e+07,3.006018e+07
2.843128e-08,5.135366e-08,2.123888e-09,3.553444e-08,1.286874e+08,7.908235e+07,2.340936e+07
1.346641e-08,9.838029e-08,6.490900e-09,5.822810e-08,1.069600e+08,3.912781e+07,1.321234e+07
5.118910e-09,4.263523e-08,7.772002e-07,2.771330e-07,1.585422e+07,1.012448e+07,9.199656e+06
1.111174e-07,9.940980e-08,8.522832e-09,5.603708e-07,3.249503e+07,2.378656e+07,4.236895e+06
3.342967e-07,3.816103e-08,4.952611e-09,8.297756e-08,2.457632e+07,2.396807e+07,1.777091e+07
1.065988e-07,1.539488e-07,7.904752e-09,1.821944e-07,3.444925e+07,2.250790e+07,5.970963e+06
1.081272e-09,3.054170e-08,9.653323e-09,2.242132e-09,3.095238e+08,1.318318e+08,1.208434e+08
6.210445e-07,1.866409e-09,2.066196e-07,4.947186e-07,2.791598e+06,3.318837e+06,3.290922e+07
8.298353e-08,3.609531e-08,7.125399e-08,5.570949e-08,1.300467e+07,1.638902e+07,2.230027e+07
8.063359e-07,1.364131e-07,9.518566e-09,1.636452e-07,1.141448e+07,1.085908e+07,6.692994e+06
2.925988e-09,3.651638e-09,2.409195e-07,1.675551e-07,3.766411e+07,3.922230e+07,4.042754e+07
5.724251e-09,1.202529e-07,2.130092e-09,8.700015e-08,2.863792e+08,6.178847e+07,9.776698e+06
8.651624e-09,3.765626e-07,3.220231e-07,4.922576e-08,1.894557e+07,7.797254e+06,7.344888e+06
3.275328e-08,1.803312e-08,1.672274e-09,1.194238e-07,1.351198e+08,1.092678e+08,2.154860e+07
2.073228e-07,1.728635e-09,9.225272e-09,1.390351e-07,2.286583e+07,2.351441e+07,6.450393e+07
8.341329e-07,7.293677e-07,4.005693e-07,2.559139e-09,1.729990e+06,1.585941e+07,2.314621e+07
1.726531e-09,7.385481e-09,1.850719e-07,3.759064e-08,5.594259e+07,5.926610e+07,6.001651e+07
1.819649e-08,4.719254e-08,6.107666e-07,9.610108e-08,9.485682e+06,1.357109e+07,1.484907e+07
1.695903e-09,4.491758e-09,5.190933e-08,2.560863e-07,1.065803e+08,6.119179e+07,2.948483e+07
1.929988e-08,1.520700e-09,3.478829e-07,6.128131e-09,1.220411e+07,8.930617e+07,3.275776e+08
5.192951e-08,6.537719e-08,7.117373e-07,4.134313e-07,5.201553e+06,5.709339e+06,6.082543e+06
4.053081e-07,4.079013e-09,3.252317e-09,3.481400e-07,2.754298e+07,2.753313e+07,2.653661e+07
4.045734e-09,1.593410e-09,1.083189e-08,6.260825e-08,1.510599e+08,1.385773e+08,1.001199e+08
2.138229e-09,4.803800e-08,1.049548e-09,1.733302e-07,6.675315e+08,1.382168e+08,1.095899e+07
1.901960e-09,2.009667e-07,4.926607e-08,5.281027e-08,1.033060e+08,1.390663e+07,9.706860e+06
1.682733e-08,3.081257e-07,5.773687e-09,2.992284e-07,1.014532e+08,2.330843e+07,3.293325e+06
4.649647e-09,9.467366e-07,1.695358e-09,1.265768e-09,3.561716e+08,3.808397e+07,2.888739e+07
1.574035e-07,2.052791e-08,7.144027e-07,4.892154e-09,2.982093e+06,3.400992e+07,9.978782e+07
4.170813e-08,1.474002e-08,7.110558e-09,3.297276e-07,5.806812e+07,5.044943e+07,1.434410e+07
3.073897e-09,9.470968e-08,9.031114e-07,1.307700e-07,1.897949e+07,9.461885e+06,8.985634e+06
1.099615e-07,6.650348e-08,2.917377e-08,5.536318e-07,1.765564e+07,1.429966e+07,5.211555e+06
3.150929e-09,1.006090e-09,1.092232e-09,1.128902e-08,5.390427e+08,4.914798e+08,2.967245e+08
7.767793e-08,2.698142e-08,8.719849e-07,2.012744e-07,3.842348e+06,7.643892e+06,1.356979e+07
7.706619e-08,8.802063e-07,1.341667e-09,2.156978e-09,9.834350e+07,3.553750e+07,2.295011e+07
9.353239e-09,1.926757e-08,4.174984e-07,1.816582e-09,1.600264e+07,1.389870e+08,1.690281e+08
6.887941e-07,6.049758e-08,1.072319e-08,1.373392e-08,1.163572e+07,1.488737e+07,3.469236e+07
4.119362e-07,3.636480e-09,7.146341e-08,7.016538e-07,5.828317e+06,6.091102e+06,1.979694e+07
2.430872e-07,2.923491e-07,3.594277e-07,6.836830e-08,3.383087e+06,5.702054e+06,7.073295e+06
6.602853e-07,9.416243e-08,2.489820e-08,2.644792e-08,7.799202e+06,1.016622e+07,2.003851e+07
1.514411e-09,1.100549e-09,2.428987e-08,2.946992e-09,1.648791e+08,3.814555e+08,5.552721e+08
1.681529e-09,1.479171e-07,7.671639e-09,6.187258e-07,2.784221e+08,2.970079e+07,3.305535e+06
4.375656e-07,2.061556e-07,8.724571e-09,2.948333e-08,1.618476e+07,1.519034e+07,1.282668e+07
1.152647e-09,1.975350e-08,2.675539e-08,3.908990e-08,1.800720e+08,5.487662e+07,3.598700e+07
6.505525e-08,1.281857e-08,2.099533e-07,3.521981e-09,8.556526e+06,6.088680e+07,1.488287e+08
2.717537e-07,2.332127e-09,1.367497e-08,1.871397e-09,1.640397e+07,4.707876e+07,4.786752e+08
5.313244e-08,1.748594e-09,5.354371e-09,1.460167e-08,5.928787e+07,6.819783e+07,1.979039e+08
1.631956e-09,1.369836e-09,2.176903e-07,1.121564e-09,5.305499e+07,5.464036e+08,8.067773e+08
4.715185e-08,4.724570e-09,1.590872e-09,1.625974e-09,1.154604e+08,1.548302e+08,3.607963e+08
8.244225e-09,1.447315e-08,1.795738e-09,9.776473e-08,2.598984e+08,1.579981e+08,2.658443e+07
6.645459e-08,2.029002e-08,1.175427e-08,6.613393e-09,3.577994e+07,5.219101e+07,8.632698e+07
7.431384e-09,7.001989e-09,3.453291e-08,1.741862e-07,6.242356e+07,4.903133e+07,2.863403e+07
4.006101e-08,5.064344e-08,6.704944e-08,1.011085e-08,1.929485e+07,3.542348e+07,4.419209e+07
1.362576e-07,2.366364e-09,4.314326e-09,3.758991e-07,4.124422e+07,4.112467e+07,3.352923e+07
9.763037e-07,3.002693e-08,1.984520e-08,2.598501e-07,7.184223e+06,7.341471e+06,1.132096e+07
2.134750e-08,3.648843e-08,8.996901e-07,1.313181e-09,7.215726e+06,1.148300e+08,1.444641e+08
5.918933e-08,8.175407e-09,1.124945e-09,8.356038e-07,1.225498e+08,1.149503e+08,1.209888e+07
4.968706e-09,1.320655e-09,3.090877e-08,9.050471e-07,8.069330e+07,7.293701e+07,2.892476e+07
7.885466e-08,6.565199e-09,4.265977e-07,5.214759e-07,5.452267e+06,7.063424e+06,1.709066e+07
4.801394e-09,1.282885e-07,1.250841e-09,1.293848e-07,4.080517e+08,7.787814e+07,7.761837e+06
4.763818e-07,6.095299e-08,7.379848e-09,1.123560e-08,1.686548e+07,2.044054e+07,3.821241e+07
2.679822e-09,1.919314e-07,3.542628e-07,7.651091e-09,3.245520e+07,2.619354e+07,2.609548e+07
5.390800e-09,3.379954e-09,9.897680e-09,2.283566e-08,1.369010e+08,1.285000e+08,1.138251e+08
1.988487e-07,1.659048e-08,5.962135e-08,1.182430e-08,9.184124e+06,2.168887e+07,7.139747e+07
2.605857e-09,3.989902e-08,1.540314e-09,6.394863e-08,4.991374e+08,1.250675e+08,1.979718e+07
1.828777e-08,1.635173e-08,2.899922e-09,1.739110e-08,1.373177e+08,1.077729e+08,5.929999e+07
2.690105e-09,2.125336e-08,5.580950e-07,4.482919e-09,2.580841e+07,9.690883e+07,1.024485e+08
5.905939e-08,2.343715e-09,3.927192e-08,2.729554e-07,2.076416e+07,2.177977e+07,3.953683e+07
5.706286e-09,2.206368e-07,2.412207e-08,2.649554e-07,8.523461e+07,1.413611e+07,4.135944e+06
5.064243e-07,1.146296e-07,1.201021e-07,5.946409e-08,4.054781e+06,6.362751e+06,1.211223e+07
6.480270e-08,1.667790e-08,7.639747e-08,1.981046e-08,1.421229e+07,2.793133e+07,5.501511e+07
2.383216e-08,1.176459e-08,5.572880e-08,1.443857e-09,2.743964e+07,1.412821e+08,2.426328e+08
2.873111e-08,2.660982e-08,1.921043e-08,4.277213e-08,4.256526e+07,3.692007e+07,2.964139e+07
4.982160e-09,9.047386e-07,4.529809e-09,4.679302e-09,2.104996e+08,2.185367e+07,1.536908e+07
4.828095e-07,2.770113e-07,1.646149e-09,6.109278e-08,3.547133e+07,2.865388e+07,7.686990e+06
2.774012e-09,3.849843e-09,3.607748e-08,1.664014e-08,9.996035e+07,1.151399e+08,1.249396e+08
1.461843e-07,1.005192e-07,4.257162e-07,8.626107e-09,4.008571e+06,2.189581e+07,3.396003e+07
1.665532e-09,4.712690e-07,9.333198e-08,5.078013e-07,8.020627e+07,5.178724e+06,2.044178e+06
1.356913e-08,3.063493e-07,1.214180e-08,6.250019e-07,7.790807e+07,1.620007e+07,2.285341e+06
8.143028e-08,1.075336e-09,2.434556e-07,6.815056e-07,7.102270e+06,8.220068e+06,3.693969e+07
2.405996e-09,1.498933e-07,1.325447e-07,3.180192e-09,5.599786e+07,4.598043e+07,4.580177e+07
6.045096e-08,4.008231e-09,5.447761e-07,1.018396e-08,5.510479e+06,3.939318e+07,1.565183e+08
2.635839e-09,6.707036e-07,1.047088e-08,2.140972e-08,1.903483e+08,1.453279e+07,8.345054e+06
2.358269e-08,2.565225e-07,7.846554e-09,7.075355e-09,7.351295e+07,3.097690e+07,2.347270e+07
9.631590e-07,1.628214e-08,3.662763e-09,7.923156e-07,1.683630e+07,1.673432e+07,8.804307e+06
3.834406e-07,3.514162e-07,9.995796e-09,9.814191e-07,1.615259e+07,1.172709e+07,1.702793e+06
2.686638e-08,3.971437e-08,6.391023e-07,2.848394e-07,7.631506e+06,8.730974e+06,9.402127e+06
1.109730e-08,6.632035e-07,2.766834e-09,5.806839e-09,1.804678e+08,2.813165e+07,1.611412e+07
5.302840e-09,1.244036e-08,1.450457e-09,2.210145e-07,3.605731e+08,1.977662e+08,1.907099e+07
9.141112e-07,9.263998e-09,3.637256e-09,3.711276e-07,1.734257e+07,1.733971e+07,1.705451e+07
2.700038e-08,2.081855e-08,1.551329e-08,8.553395e-08,4.886108e+07,3.990626e+07,2.369766e+07
1.019169e-08,9.159193e-07,6.457868e-08,1.238030e-07,3.897915e+07,5.044030e+06,2.969654e+06
1.572912e-09,1.236693e-07,1.421847e-09,3.774847e-08,6.686845e+08,7.633558e+07,1.463590e+07
3.946849e-09,2.070478e-08,9.667533e-07,3.512912e-07,1.618888e+07,1.254731e+07,1.172549e+07
1.148926e-08,7.867956e-09,8.476311e-08,8.436874e-07,3.204429e+07,2.589785e+07,1.227378e+07
8.018191e-08,9.180169e-09,6.508596e-08,1.030322e-07,1.384262e+07,1.674945e+07,3.251533e+07
4.531080e-09,6.915488e-08,2.032509e-07,1.880927e-07,3.295208e+07,1.178649e+07,8.768042e+06
1.730917e-09,2.766639e-09,1.129790e-08,5.910902e-09,2.261325e+08,2.393654e+08,2.472845e+08
1.986407e-09,4.498962e-09,8.687932e-09,3.599542e-09,2.407175e+08,2.461400e+08,2.484965e+08
2.326908e-08,3.341882e-08,2.586639e-09,1.097877e-07,1.288969e+08,8.354946e+07,1.650926e+07
2.133343e-09,6.476278e-07,5.469506e-09,6.344491e-08,2.927491e+08,1.748259e+07,4.933315e+06
1.782548e-09,1.606006e-09,3.954857e-08,3.153416e-08,1.191006e+08,1.296937e+08,1.405192e+08
5.006332e-09,4.521382e-07,1.271059e-08,2.978351e-08,1.253595e+08,1.566992e+07,8.617404e+06
1.404250e-07,1.210254e-08,6.147080e-08,2.879788e-07,1.076325e+07,1.137636e+07,1.693876e+07
2.005604e-07,1.335831e-09,3.354695e-09,5.908904e-08,3.855236e+07,3.950030e+07,1.125565e+08
1.844853e-07,1.669078e-07,3.388990e-07,1.888366e-09,3.999300e+06,3.892843e+07,5.632725e+07
9.365418e-09,2.472325e-08,5.204060e-07,2.006518e-09,1.432403e+07,1.211460e+08,1.419795e+08
4.417377e-08,6.453515e-07,1.751727e-09,1.364141e-09,1.136801e+08,4.348621e+07,3.370328e+07
1.422410e-07,5.829861e-09,3.339257e-07,8.409275e-09,4.588415e+06,2.869371e+07,1.428209e+08
9.439044e-08,1.868957e-08,2.131290e-08,8.119837e-07,2.229537e+07,2.063535e+07,8.117582e+06
3.079807e-08,7.757518e-09,2.562125e-08,1.034943e-07,3.559902e+07,3.553753e+07,3.529234e+07
1.161399e-09,2.896931e-07,7.683504e-08,9.119986e-09,1.058594e+08,2.053624e+07,1.945512e+07
1.755182e-09,4.813825e-07,7.737397e-07,7.501302e-07,2.713573e+07,2.331164e+06,1.664127e+06
1.121479e-08,3.329111e-09,2.217400e-08,1.002841e-07,6.341361e+07,6.153402e+07,5.472931e+07
2.782682e-07,1.137061e-09,9.343217e-09,1.441087e-07,1.961191e+07,2.019647e+07,7.812013e+07
1.839104e-09,1.567153e-07,4.253474e-08,3.115392e-07,1.130642e+08,1.298164e+07,4.525722e+06
1.396870e-07,2.484333e-07,2.133986e-08,3.144877e-09,1.831582e+07,3.065963e+07,3.577613e+07
2.031916e-08,2.610739e-09,3.080568e-09,5.723347e-09,1.263955e+08,1.475694e+08,2.586981e+08
1.442637e-08,4.122183e-09,6.039251e-08,4.464350e-09,3.387895e+07,1.138813e+08,2.331080e+08
5.825790e-07,5.507563e-08,1.199147e-07,7.646218e-07,3.783436e+06,3.889606e+06,4.873006e+06
1.016821e-08,6.075321e-08,4.168752e-09,4.946362e-09,1.535942e+08,7.894895e+07,5.768626e+07
5.712891e-07,2.717914e-09,1.396368e-09,3.846961e-09,3.540561e+07,4.123691e+07,3.092597e+08
9.697436e-09,7.818958e-09,1.563316e-09,3.316151e-08,2.568314e+08,1.955497e+08,6.210240e+07
2.660889e-09,3.364656e-07,8.733283e-07,2.290666e-08,2.074426e+07,1.149372e+07,1.139066e+07
3.279717e-07,4.176243e-09,1.276013e-08,8.794853e-09,1.545803e+07,2.404729e+07,1.650034e+08
2.356987e-09,1.861206e-08,2.054956e-08,6.121417e-07,1.436879e+08,4.897556e+07,9.368646e+06
2.369321e-07,1.693702e-08,9.470731e-07,1.797305e-08,2.111039e+06,1.494399e+07,5.731531e+07
2.312599e-07,4.178810e-07,1.206797e-07,8.356247e-09,5.985944e+06,1.403987e+07,1.692264e+07
2.799124e-09,1.692351e-09,2.462318e-09,1.243819e-08,3.809052e+08,3.291209e+08,2.179597e+08
1.947625e-07,2.091414e-08,2.082523e-09,8.142373e-08,4.965379e+07,4.778455e+07,2.423285e+07
2.257277e-08,1.894974e-09,2.324183e-09,6.170223e-09,1.380615e+08,1.555908e+08,2.924475e+08
1.352461e-07,4.100667e-07,2.668592e-09,1.201964e-08,5.263766e+07,2.897845e+07,1.424384e+07
9.712924e-07,1.682900e-09,7.068234e-09,1.650133e-08,1.206895e+07,1.441153e+07,1.897629e+08
1.742312e-09,1.129980e-08,2.969799e-08,1.643811e-09,1.390188e+08,2.218699e+08,2.320270e+08
3.828598e-09,3.390004e-09,1.231270e-08,3.583516e-08,1.456477e+08,1.229506e+08,9.072882e+07
1.235238e-07,5.294093e-08,7.305989e-09,1.893982e-08,3.328781e+07,3.278488e+07,3.158030e+07
2.513672e-08,5.483444e-08,8.062678e-08,2.944241e-09,2.221294e+07,6.634906e+07,7.870215e+07
1.089019e-07,3.425690e-08,2.431655e-07,1.411600e-09,6.145134e+06,7.054921e+07,1.438037e+08
6.528694e-09,3.218175e-07,2.516321e-09,4.123359e-07,2.467197e+08,3.489572e+07,2.745172e+06
1.017891e-09,4.468062e-09,1.578385e-08,9.881340e-09,2.494841e+08,1.731936e+08,1.504986e+08
3.541009e-08,1.987799e-09,9.872925e-07,8.530751e-09,5.348273e+06,5.622779e+07,2.428399e+08
2.607764e-07,7.219761e-08,3.575203e-07,2.029497e-07,3.275032e+06,4.816444e+06,8.261225e+06
3.590275e-08,7.397632e-08,5.733530e-08,4.147386e-09,2.204068e+07,4.850881e+07,5.709084e+07
2.217145e-09,3.950237e-08,8.702503e-07,9.852499e-08,2.276569e+07,1.645685e+07,1.602932e+07
1.417798e-08,4.833466e-09,1.660969e-07,1.616467e-07,2.060687e+07,2.533935e+07,3.577563e+07
9.265575e-07,6.345009e-08,2.844054e-07,8.569002e-07,1.948027e+06,2.174942e+06,4.288632e+06
5.887451e-09,5.059961e-07,1.603678e-09,9.038880e-08,3.254451e+08,3.521070e+07,4.675942e+06
4.280787e-07,3.325449e-07,8.981499e-08,1.055741e-09,5.099925e+06,3.549556e+07,5.336987e+07
1.171755e-07,3.182878e-07,8.560967e-09,1.674502e-08,3.157332e+07,2.013407e+07,1.369768e+07
6.536087e-09,1.353739e-09,2.802844e-08,3.288589e-07,7.388250e+07,7.005314e+07,4.739449e+07
2.180262e-07,9.279451e-08,1.191646e-07,4.709946e-08,6.204005e+06,9.762536e+06,1.512624e+07
3.963778e-07,1.257588e-07,1.007611e-08,8.350556e-09,1.582337e+07,2.047987e+07,3.085837e+07
5.219588e-07,2.319726e-08,7.320084e-07,6.843857e-08,1.617796e+06,5.413740e+06,2.509754e+07
3.078658e-09,1.823953e-09,5.289190e-08,7.629773e-09,7.836545e+07,1.749006e+08,2.680633e+08
7.764115e-09,2.805371e-07,2.108933e-09,6.517278e-08,2.471284e+08,4.120603e+07,7.395572e+06
2.587188e-08,2.838515e-08,5.931762e-09,1.322338e-09,8.072241e+07,1.305571e+08,1.632237e+08
8.010863e-07,1.315213e-07,1.355381e-07,5.589215e-07,3.034797e+06,3.135219e+06,3.688302e+06
3.148665e-07,2.092249e-09,1.548645e-09,4.972972e-09,4.528568e+07,5.168831e+07,3.100169e+08
2.195518e-08,3.503503e-07,1.719441e-09,1.461396e-07,1.627563e+08,3.975544e+07,4.419416e+06
2.930851e-08,7.526447e-09,5.704638e-09,2.193782e-09,7.733731e+07,1.308969e+08,2.460981e+08
6.380142e-07,3.553514e-07,3.196279e-08,2.621630e-09,7.002651e+06,2.038345e+07,3.276312e+07
1.518413e-07,1.008035e-08,3.472093e-07,1.415312e-08,4.355213e+06,2.131068e+07,8.372130e+07
1.601896e-07,1.443575e-08,9.623078e-07,1.070130e-07,2.546982e+06,7.711257e+06,2.544263e+07
4.307736e-08,6.281435e-08,1.894938e-07,3.143205e-07,1.106822e+07,8.937590e+06,7.116791e+06
5.671373e-07,6.971509e-09,1.170386e-09,1.017365e-07,3.881425e+07,3.879914e+07,3.754899e+07
1.440071e-09,4.050968e-09,6.912172e-09,5.030132e-09,3.169574e+08,2.501036e+08,2.215292e+08
6.793687e-09,6.581951e-07,1.475204e-09,3.936810e-07,3.158793e+08,3.198740e+07,1.964493e+06
1.037942e-07,5.196416e-07,2.209037e-09,4.286598e-08,6.604074e+07,2.763212e+07,6.700260e+06
4.673892e-08,1.769629e-07,4.430295e-09,1.264908e-07,6.949352e+07,3.231650e+07,6.683892e+06
1.469423e-09,2.620012e-09,2.042041e-07,5.370354e-08,5.772904e+07,7.583449e+07,8.430376e+07
1.406038e-09,1.229463e-07,1.668889e-09,3.466803e-09,6.528115e+08,8.448784e+07,4.843705e+07
8.648707e-09,3.308879e-08,2.344578e-09,1.119181e-07,2.220711e+08,1.021425e+08,1.643272e+07
3.179603e-07,1.111876e-08,5.561126e-09,6.466215e-08,2.378111e+07,2.436038e+07,3.729467e+07
1.611610e-08,5.305864e-07,3.060804e-09,9.125170e-08,1.423811e+08,2.485254e+07,4.544661e+06
1.173874e-08,2.120697e-07,7.866842e-07,7.206421e-09,1.040612e+07,2.501394e+07,2.558002e+07
2.655250e-08,1.162358e-08,2.859856e-08,5.160325e-09,3.628902e+07,7.740834e+07,1.291194e+08
1.566089e-09,8.429690e-09,1.839981e-09,3.548123e-08,5.890947e+08,2.391462e+08,5.782223e+07
4.570682e-09,1.841825e-08,2.065774e-08,1.664686e-07,1.029125e+08,4.865198e+07,1.805966e+07
1.064321e-08,2.969282e-08,2.267522e-08,1.067452e-09,6.437066e+07,1.559439e+08,1.776234e+08
6.502293e-07,5.372925e-07,4.944871e-08,1.418632e-07,5.576853e+06,4.792232e+06,3.622094e+06
2.908899e-09,4.579899e-08,1.448329e-09,2.482933e-07,4.871941e+08,1.194070e+08,9.377553e+06
2.518127e-08,3.139701e-07,1.778849e-09,9.721829e-07,1.494141e+08,4.075028e+07,1.810014e+06
4.327826e-08,1.832327e-07,2.262194e-09,5.796377e-07,1.010649e+08,4.426254e+07,3.068458e+06
4.006040e-07,1.907690e-08,1.302234e-07,3.204979e-08,4.378222e+06,9.625132e+06,4.044209e+07
1.481018e-07,1.441002e-07,1.029662e-08,3.249493e-09,2.560781e+07,3.722294e+07,4.621255e+07
1.005248e-07,1.415731e-07,1.879717e-07,2.974960e-09,7.274734e+06,3.755552e+07,4.872694e+07
2.417204e-09,4.476395e-07,3.652512e-08,3.467608e-09,1.064260e+08,2.648781e+07,2.538171e+07
7.482061e-08,2.135952e-09,2.491507e-09,1.253425e-09,7.324168e+07,1.248300e+08,6.111603e+08
1.195985e-08,1.934700e-09,7.243540e-09,8.832322e-08,1.074389e+08,1.036856e+08,7.649900e+07
1.185620e-09,6.589206e-08,2.049801e-07,1.478876e-07,6.414628e+07,1.317332e+07,1.013019e+07
3.470345e-07,1.030997e-07,1.850744e-09,1.558889e-09,3.945849e+07,5.123916e+07,7.887941e+07
6.932174e-07,9.409741e-07,9.688326e-09,2.159553e-08,1.220228e+07,9.565383e+06,7.015025e+06
4.325876e-09,8.719961e-07,3.519559e-07,1.570894e-09,2.562824e+07,2.701231e+07,2.701900e+07
9.375161e-08,2.183371e-09,5.065752e-09,9.536927e-08,4.588690e+07,4.655088e+07,6.929980e+07
5.323598e-08,3.224549e-07,5.401395e-08,1.690716e-08,1.864852e+07,1.437753e+07,1.354348e+07
1.092393e-09,1.132926e-07,5.795906e-07,1.546098e-09,3.974202e+07,7.529661e+07,7.555804e+07
1.545652e-09,4.322067e-08,2.204316e-07,5.011736e-08,5.417604e+07,2.338925e+07,2.148623e+07
2.738639e-07,9.121583e-07,3.428957e-07,5.960591e-08,3.263260e+06,4.074851e+06,4.288646e+06
5.783915e-09,4.195966e-09,1.900427e-08,4.677524e-07,9.538134e+07,7.407295e+07,2.257231e+07
4.471708e-08,4.582563e-08,9.340142e-07,7.609454e-08,4.893127e+06,1.252864e+07,1.693437e+07
1.054062e-08,7.183204e-09,5.997051e-09,1.861635e-08,1.257761e+08,1.115298e+08,8.647561e+07
1.643939e-09,9.129148e-08,1.088756e-09,5.465220e-09,7.474666e+08,1.088661e+08,4.476938e+07
1.028406e-09,2.022600e-08,1.675783e-07,4.152881e-09,7.617434e+07,1.077498e+08,1.091114e+08
3.210158e-09,3.492467e-09,3.586217e-07,9.509373e-08,2.947260e+07,4.455281e+07,5.487290e+07
7.086422e-07,5.055869e-09,9.380108e-08,5.308427e-08,3.878668e+06,6.429026e+06,6.104065e+07
8.529842e-08,1.900784e-07,4.899983e-09,9.459512e-09,4.891389e+07,3.354086e+07,2.358301e+07
3.307316e-08,1.875442e-07,1.959169e-07,1.610503e-08,1.242299e+07,1.745234e+07,1.819564e+07
6.174279e-07,1.965823e-08,1.154767e-07,7.902045e-07,3.745068e+06,3.947042e+06,8.023393e+06
1.855222e-08,4.452250e-08,4.990138e-07,1.900345e-08,1.039312e+07,2.942876e+07,3.437906e+07
1.413800e-09,1.305465e-08,1.090186e-08,8.239747e-08,2.547157e+08,8.472684e+07,3.049021e+07
1.244078e-08,4.906318e-09,1.293513e-07,1.336103e-09,2.492820e+07,2.087844e+08,3.905729e+08
1.095033e-08,6.028072e-07,1.067197e-08,1.092938e-08,9.250475e+07,1.737089e+07,1.232007e+07
6.832953e-09,8.293199e-07,1.086151e-08,2.150212e-07,1.160782e+08,1.075506e+07,2.368091e+06
2.444362e-08,1.030455e-09,1.546442e-07,1.673574e-07,1.626486e+07,2.209991e+07,7.614878e+07
7.499903e-09,1.111643e-09,1.306351e-09,8.203573e-07,3.194790e+08,2.983837e+08,3.311431e+07
5.701169e-08,1.420777e-07,1.303627e-07,6.997694e-08,1.159956e+07,1.050280e+07,1.002904e+07
3.283839e-09,1.860631e-07,4.609825e-08,4.160328e-07,8.127686e+07,1.128100e+07,3.594232e+06
2.864612e-09,7.803574e-07,3.434228e-09,4.862974e-08,3.188251e+08,1.995082e+07,5.133366e+06
1.648875e-09,3.616251e-08,7.872043e-09,2.939168e-08,2.775635e+08,6.526433e+07,3.067316e+07
7.468583e-07,5.175053e-09,9.181591e-07,1.216970e-07,1.207597e+06,3.517784e+06,3.984764e+07
7.539949e-09,6.703659e-09,2.241171e-09,1.509910e-07,2.432642e+08,1.783002e+08,3.143174e+07
9.515082e-09,2.250151e-09,2.148532e-08,7.346487e-08,6.993955e+07,7.150508e+07,7.777756e+07
4.520172e-08,5.679970e-09,1.441252e-07,3.122836e-09,1.238947e+07,8.018617e+07,2.374392e+08
4.240085e-07,1.140904e-08,3.122587e-09,1.616479e-08,2.748245e+07,2.962384e+07,7.363606e+07
2.137972e-08,1.250273e-07,3.843478e-09,5.988977e-07,1.103156e+08,4.229080e+07,3.654443e+06
5.486368e-09,1.938377e-09,5.870513e-09,2.636845e-08,1.762055e+08,1.674825e+08,1.398745e+08
1.959886e-08,6.201774e-09,3.428611e-08,1.704133e-08,3.857673e+07,5.835106e+07,9.727255e+07
6.919806e-09,1.710969e-09,2.832564e-08,7.414535e-08,7.142712e+07,7.518717e+07,8.878446e+07
1.499070e-09,1.122735e-07,7.884554e-07,3.320999e-07,2.908711e+07,6.133027e+06,5.178774e+06
3.045824e-07,4.556729e-08,1.814747e-07,1.093518e-09,4.253433e+06,5.125837e+07,1.416643e+08
3.138510e-08,5.453069e-07,3.383629e-08,1.683188e-09,3.068647e+07,3.288544e+07,3.300754e+07
4.225300e-07,3.315228e-08,9.763822e-08,4.295323e-07,4.923356e+06,5.252144e+06,8.380027e+06
8.447311e-07,6.229320e-09,3.615499e-07,5.144742e-07,1.809492e+06,2.352542e+06,1.766436e+07
9.404283e-08,2.067962e-07,1.710807e-07,3.304855e-08,7.883818e+06,1.095491e+07,1.209630e+07
6.144227e-09,9.285892e-07,3.134393e-08,9.664356e-09,7.205924e+07,1.203452e+07,1.055606e+07
1.743082e-08,3.246579e-09,8.211244e-07,1.214192e-09,8.358658e+06,1.997235e+08,5.036668e+08
8.036138e-09,3.494530e-08,1.503015e-08,1.955973e-09,9.099021e+07,1.159427e+08,1.209551e+08
1.553481e-08,1.201698e-07,1.390899e-08,2.733891e-09,6.802980e+07,5.679087e+07,5.517111e+07
2.274123e-09,2.114228e-07,1.797978e-07,2.696185e-09,4.945393e+07,4.197185e+07,4.188410e+07
7.127867e-08,6.258778e-07,1.339128e-08,3.900792e-07,3.236750e+07,1.052576e+07,2.023852e+06
5.597614e-07,3.187037e-08,1.926956e-09,8.345014e-08,3.044827e+07,2.995680e+07,1.939067e+07
1.290193e-09,1.542233e-07,2.787535e-08,2.107641e-07,1.667487e+08,1.616139e+07,5.546599e+06
8.556137e-07,1.643094e-09,1.479388e-09,2.118550e-07,2.810737e+07,2.817829e+07,5.359812e+07
4.413966e-09,7.258043e-07,1.092012e-07,1.708602e-08,4.554827e+07,9.627626e+06,8.979864e+06
1.238519e-07,3.420441e-09,2.256892e-08,8.016371e-07,1.891443e+07,1.891937e+07,1.909721e+07
3.631464e-08,9.787543e-09,1.353761e-07,2.416113e-09,1.426225e+07,9.559209e+07,2.056385e+08
1.137059e-08,1.372653e-08,1.317684e-09,9.409145e-07,2.583466e+08,1.740148e+08,8.799228e+06
2.011556e-07,5.796852e-09,8.923486e-08,6.318616e-08,7.463915e+06,1.142902e+07,5.225079e+07
5.888139e-08,6.548146e-07,1.489284e-09,3.354007e-08,1.067880e+08,3.134648e+07,6.747748e+06
1.022470e-09,9.772283e-07,4.751132e-07,2.912811e-07,4.537078e+07,2.379284e+06,1.874329e+06
4.695996e-09,3.176390e-07,1.060172e-07,6.151723e-07,4.481754e+07,5.857125e+06,2.262219e+06
8.396395e-09,4.414594e-07,3.248084e-07,4.252137e-07,1.914873e+07,3.474426e+06,2.308081e+06
3.561294e-08,3.287672e-07,7.262044e-07,1.422140e-08,6.218228e+06,1.402694e+07,1.462462e+07
5.951931e-09,3.582626e-09,8.217653e-08,5.406895e-08,4.521652e+07,5.671043e+07,7.184975e+07
2.267228e-07,4.630216e-08,4.904464e-08,1.165230e-09,9.483238e+06,5.672726e+07,1.361425e+08
1.539751e-08,3.834588e-09,5.251281e-07,1.398454e-07,1.112096e+07,2.169862e+07,4.318337e+07
4.786650e-09,6.330345e-07,2.333894e-07,1.733847e-07,2.991876e+07,3.969915e+06,3.018429e+06
1.022124e-07,3.738500e-09,1.385370e-09,1.137164e-08,8.403596e+07,8.742337e+07,1.533698e+08
1.374071e-08,6.722427e-07,2.992364e-07,2.517758e-08,1.559510e+07,7.922802e+06,7.686524e+06
2.126800e-09,9.780469e-08,4.194266e-09,2.408272e-07,3.348179e+08,4.926859e+07,6.515794e+06
1.051882e-08,7.160412e-09,6.762961e-09,3.666459e-08,1.185627e+08,9.953117e+07,6.171740e+07
3.745948e-08,9.562230e-09,4.368218e-09,7.050411e-07,7.817484e+07,6.999063e+07,1.217904e+07
1.227896e-07,2.308966e-09,2.367127e-09,7.718051e-08,5.865547e+07,5.899606e+07,7.490959e+07
4.425860e-09,2.019905e-09,7.356284e-08,4.576572e-07,5.542069e+07,4.947669e+07,3.289004e+07
8.182317e-09,3.348282e-08,2.094454e-08,1.698988e-08,7.638823e+07,5.058243e+07,4.192700e+07
5.371067e-08,1.151078e-09,9.838292e-09,1.498669e-07,4.350207e+07,4.443365e+07,7.613681e+07
7.852622e-09,1.193902e-08,1.568892e-09,4.402593e-09,2.849024e+08,2.090015e+08,1.379308e+08
7.065602e-09,3.726017e-09,2.633733e-07,4.480719e-07,2.318140e+07,2.363566e+07,2.447393e+07
1.450469e-07,3.424485e-07,1.515461e-09,6.695301e-07,6.744865e+07,3.683267e+07,2.088418e+06
1.357048e-07,5.276809e-08,3.874953e-09,5.842000e-09,4.360831e+07,4.772288e+07,5.695522e+07
2.068955e-08,8.362915e-08,7.721251e-07,6.333909e-08,7.911898e+06,1.279685e+07,1.373995e+07
1.656570e-09,2.076631e-08,1.709581e-08,2.072909e-09,1.879101e+08,1.553159e+08,1.524159e+08
2.373818e-09,2.976158e-08,7.195823e-08,3.803395e-07,7.651314e+07,2.267746e+07,9.399100e+06
6.071538e-09,8.190111e-09,1.894054e-09,5.652399e-07,2.948862e+08,1.927282e+08,1.469734e+07
7.825163e-07,3.142437e-07,1.098679e-08,1.925755e-07,1.078494e+07,9.366060e+06,4.065053e+06
4.934716e-09,6.749442e-09,9.218796e-07,1.275549e-07,1.482627e+07,2.763715e+07,3.408141e+07
5.186467e-08,1.070481e-07,4.112614e-09,6.751670e-09,6.847077e+07,4.961997e+07,3.719674e+07
9.228370e-07,1.563634e-07,1.610754e-07,9.364980e-09,2.593719e+06,1.023216e+07,2.613238e+07
3.300799e-09,2.104938e-09,1.058333e-08,2.659331e-07,1.691917e+08,1.348142e+08,4.226629e+07
2.494427e-07,1.195678e-09,7.748026e-09,8.634285e-09,2.274674e+07,3.125756e+07,3.112288e+08
5.174159e-07,5.771470e-09,4.556614e-09,2.963626e-08,2.059487e+07,2.199917e+07,7.646189e+07
5.099513e-08,7.493715e-08,7.863878e-08,1.997956e-07,1.579128e+07,1.186264e+07,8.172566e+06
5.970246e-09,1.366210e-07,4.562876e-08,5.075006e-08,6.058771e+07,1.708468e+07,1.200945e+07
2.982669e-08,3.914963e-07,1.920551e-07,2.836272e-09,1.321249e+07,2.914083e+07,3.000974e+07
7.035526e-07,2.768616e-08,2.970786e-07,2.654831e-08,2.187338e+06,7.490979e+06,3.688504e+07
1.381222e-08,3.276085e-08,1.199342e-08,1.380792e-09,7.769565e+07,1.316834e+08,1.486820e+08
4.680360e-08,2.096443e-08,1.676369e-08,3.746394e-08,3.570060e+07,3.569491e+07,3.568221e+07
2.312427e-09,3.768155e-08,2.139186e-07,2.876320e-08,4.496159e+07,3.140353e+07,3.037505e+07
2.241384e-07,3.078791e-08,2.755212e-07,4.739474e-08,4.024059e+06,9.849061e+06,2.617850e+07
2.012582e-09,1.977608e-08,1.388930e-08,2.096157e-07,1.891399e+08,5.935759e+07,1.553166e+07
1.107703e-07,4.233887e-07,4.399131e-09,3.016209e-09,4.530071e+07,3.234567e+07,2.798335e+07
1.357871e-09,8.731499e-08,2.808529e-09,1.705050e-07,5.120724e+08,6.388706e+07,8.195720e+06
8.026488e-09,2.976821e-09,2.655295e-08,9.156874e-08,6.849847e+07,6.644666e+07,6.056894e+07
3.603230e-08,5.892167e-08,4.828230e-07,1.387181e-09,7.581585e+06,8.725691e+07,1.106104e+08
6.428784e-09,1.533506e-07,6.558085e-08,1.445783e-09,4.870203e+07,6.651555e+07,6.715922e+07
6.543999e-07,5.736294e-07,1.051805e-08,1.191840e-07,1.205343e+07,9.178937e+06,3.824506e+06
2.919937e-07,1.179035e-07,1.049181e-09,1.189677e-07,5.713313e+07,4.843328e+07,8.443493e+06
2.058160e-09,4.123394e-08,6.349997e-08,1.244273e-09,8.747293e+07,1.375789e+08,1.396094e+08
1.361254e-07,3.628924e-07,2.365728e-08,5.489681e-08,1.762171e+07,1.100957e+07,7.084962e+06
2.274270e-08,1.378389e-08,1.930742e-07,1.135526e-09,1.509096e+07,1.557293e+08,2.527643e+08
1.079806e-08,7.193085e-07,3.531934e-08,1.519551e-09,5.120601e+07,3.066169e+07,3.024717e+07
3.495778e-09,1.307871e-07,4.608462e-07,5.059843e-08,2.491438e+07,1.278034e+07,1.229275e+07
1.027606e-09,1.951664e-08,6.649268e-09,1.800258e-09,3.825601e+08,1.853603e+08,1.687058e+08
6.758263e-07,3.889869e-09,5.442736e-09,1.016981e-09,1.648822e+07,4.143600e+07,5.027777e+08
8.186171e-08,1.401661e-08,1.242475e-09,1.455202e-09,9.915525e+07,1.247468e+08,2.214200e+08
1.035476e-07,2.674160e-07,5.527459e-09,7.887376e-07,4.179912e+07,2.216093e+07,2.177409e+06
1.537642e-07,4.758258e-07,4.540915e-07,6.615328e-07,3.784432e+06,2.428749e+06,1.782380e+06
1.838615e-08,1.528183e-09,2.575763e-07,2.305223e-07,1.453121e+07,2.031709e+07,5.327897e+07
1.802795e-07,1.912472e-08,1.102327e-09,4.223330e-09,7.093678e+07,7.574197e+07,1.112692e+08
2.587552e-09,9.008714e-08,2.784443e-09,1.723667e-09,3.725515e+08,1.006748e+08,8.024941e+07
1.252898e-07,5.556776e-09,7.616827e-09,2.434518e-07,3.237093e+07,3.216781e+07,2.718830e+07
8.776037e-08,2.562887e-08,2.562859e-09,2.109684e-08,6.667890e+07,6.212231e+07,4.300575e+07
2.215797e-08,1.423785e-09,9.994313e-08,7.984603e-09,2.124998e+07,7.573129e+07,2.965864e+08
7.952164e-07,1.659713e-07,4.328526e-09,3.026097e-09,1.704462e+07,2.416933e+07,4.462128e+07
6.183595e-09,5.298580e-09,2.544156e-08,4.104752e-08,7.972741e+07,7.446424e+07,6.780735e+07
3.224212e-08,5.221959e-08,2.208740e-07,3.303545e-09,1.184993e+07,6.031200e+07,7.613654e+07
5.320116e-09,4.220641e-07,9.615875e-09,1.095550e-09,1.398122e+08,4.877574e+07,4.650447e+07
2.708930e-07,3.630723e-08,4.453114e-07,3.599635e-08,2.879183e+06,9.886430e+06,2.766140e+07
2.291033e-08,8.994886e-07,3.870869e-08,7.358992e-07,3.357995e+07,5.429604e+06,1.229116e+06
5.215535e-09,1.560151e-07,2.712165e-08,8.121167e-08,8.407996e+07,1.746586e+07,8.883978e+06
7.450382e-09,2.235597e-09,2.956766e-07,6.122752e-08,2.130602e+07,4.511513e+07,8.547319e+07
6.091097e-08,2.277192e-08,2.106885e-08,3.099370e-07,2.791463e+07,2.461174e+07,1.190319e+07
4.143145e-09,1.297324e-08,1.230983e-09,4.024658e-07,4.428012e+08,2.181881e+08,1.383921e+07
8.100744e-07,1.909293e-07,7.333087e-08,6.621253e-08,4.102930e+06,5.358254e+06,8.893928e+06
1.781170e-08,1.106102e-09,1.035088e-09,6.290250e-08,2.328943e+08,2.278349e+08,1.198860e+08
4.436591e-08,1.620401e-09,1.844429e-09,1.661393e-07,1.105463e+08,1.091823e+08,6.094705e+07
2.558196e-09,2.067735e-08,9.158551e-07,3.251906e-09,2.065949e+07,1.152456e+08,1.219505e+08
1.053284e-07,2.045515e-08,1.917763e-07,1.304506e-07,7.036062e+06,1.011925e+07,1.935868e+07
1.367317e-09,3.347097e-07,1.534936e-07,3.308094e-07,6.902721e+07,5.327275e+06,3.005224e+06
1.856558e-09,2.392657e-08,1.274822e-09,9.226164e-08,6.500114e+08,1.756254e+08,2.128380e+07
3.900739e-08,1.525862e-09,2.927773e-07,1.357665e-09,9.357458e+06,1.351147e+08,6.947781e+08
3.044673e-09,2.163553e-08,7.613952e-07,1.777503e-08,2.076943e+07,4.829828e+07,5.099307e+07
9.888548e-07,4.317411e-09,7.086317e-08,1.854386e-07,3.777665e+06,4.431525e+06,3.534177e+07
4.188085e-07,2.313171e-07,9.749399e-07,4.042286e-07,1.564960e+06,2.320105e+06,3.270263e+06
1.084157e-07,3.885467e-07,1.938089e-08,8.589707e-08,2.181559e+07,1.128057e+07,5.473804e+06
6.397632e-09,5.519634e-09,1.130788e-07,1.536665e-07,3.717917e+07,3.589053e+07,3.433644e+07
2.300286e-07,2.792094e-08,6.293482e-07,5.855851e-08,2.628231e+06,8.506618e+06,2.473090e+07
1.478754e-09,1.944317e-07,5.224833e-07,9.117746e-07,3.597625e+07,3.920170e+06,2.375050e+06
5.334181e-09,4.601543e-07,1.417198e-07,4.814185e-08,3.637064e+07,7.731922e+06,6.718725e+06
3.288914e-08,2.538140e-09,2.723821e-09,2.008411e-07,1.056536e+08,1.024866e+08,4.429105e+07
2.259145e-09,2.575018e-07,1.691047e-08,1.040497e-07,1.617894e+08,1.626807e+07,6.109274e+06
9.018049e-08,6.922776e-09,8.887979e-08,4.682229e-08,1.116972e+07,1.832519e+07,5.554354e+07
4.960814e-07,6.181737e-07,1.108737e-07,4.517665e-08,4.263922e+06,5.287724e+06,5.983947e+06
6.666418e-07,2.559023e-07,4.112093e-08,1.077602e-08,6.039796e+06,1.126722e+07,1.904293e+07
2.636862e-09,1.013556e-07,9.575475e-09,5.756366e-07,1.990106e+08,3.195224e+07,4.140014e+06
6.027715e-08,1.243165e-09,1.381649e-07,4.955412e-07,1.095784e+07,1.226580e+07,4.028986e+07
1.570189e-09,4.044880e-08,1.397924e-08,2.078666e-09,2.134432e+08,1.146800e+08,1.090573e+08
2.561176e-07,1.240921e-07,3.688930e-08,6.969527e-09,1.028798e+07,2.118191e+07,3.400371e+07
5.396421e-07,1.373079e-07,2.680312e-07,3.545938e-07,2.629386e+06,3.110833e+06,4.531966e+06
4.255141e-09,8.788489e-07,1.959863e-09,6.010022e-09,3.462822e+08,2.768020e+07,1.375957e+07
3.176624e-09,1.938937e-08,2.175038e-09,4.873901e-09,3.804378e+08,1.716576e+08,1.028679e+08
9.589257e-07,3.664253e-08,3.235853e-09,1.842232e-08,1.795201e+07,1.910332e+07,3.848887e+07
1.934617e-08,1.170698e-07,1.777183e-08,1.138956e-08,5.393075e+07,3.249766e+07,2.738572e+07
3.804661e-08,2.486964e-08,5.829255e-08,1.155778e-08,2.123418e+07,4.059374e+07,5.898316e+07
7.408453e-08,2.325892e-08,2.798924e-07,2.825567e-09,6.944496e+06,6.060032e+07,1.233538e+08
3.792262e-07,1.949659e-07,3.705593e-08,1.824913e-08,8.435717e+06,1.193449e+07,1.676485e+07
1.638765e-07,4.483151e-07,1.079431e-08,1.552690e-07,2.377630e+07,1.272194e+07,3.790233e+06
5.862295e-07,5.957025e-07,3.598976e-09,8.328246e-07,2.177092e+07,1.536564e+07,1.419739e+06
5.685296e-09,2.170578e-09,9.532297e-07,1.920867e-07,1.358391e+07,2.821747e+07,4.897378e+07
1.391758e-09,9.628226e-08,2.552368e-08,4.003101e-07,1.677825e+08,2.065668e+07,5.093644e+06
1.293735e-07,1.470694e-08,3.897702e-09,3.069371e-07,4.453208e+07,4.246521e+07,1.488381e+07
1.535790e-08,4.671096e-07,1.764146e-07,4.846024e-09,1.921174e+07,2.096321e+07,2.101831e+07
7.667971e-07,6.521181e-09,6.262985e-07,8.649944e-07,1.443009e+06,1.886709e+06,1.331466e+07
3.325972e-09,4.668119e-08,7.057570e-09,3.276296e-09,2.064016e+08,9.453577e+07,8.086069e+07
1.614253e-09,4.465984e-09,4.453805e-09,1.099351e-08,3.729483e+08,2.277888e+08,1.427162e+08
1.642475e-08,2.216835e-09,1.592991e-09,7.752574e-07,1.954987e+08,1.836951e+08,2.412184e+07
6.873661e-08,7.623127e-07,1.178123e-09,1.347479e-09,1.111247e+08,4.375350e+07,3.120128e+07
1.704265e-09,1.563110e-08,2.228119e-09,1.140764e-08,5.131712e+08,1.759163e+08,7.488715e+07
6.176150e-08,6.042521e-07,3.225610e-07,6.191884e-08,7.084923e+06,5.376231e+06,5.169869e+06
2.159248e-09,2.201703e-08,2.578642e-07,1.773264e-09,4.237924e+07,1.532522e+08,1.600420e+08
3.870654e-09,1.959622e-07,1.108063e-09,6.624710e-09,4.828649e+08,7.260534e+07,2.775431e+07
1.227325e-08,1.646536e-08,1.160207e-08,1.323898e-07,8.380160e+07,5.711379e+07,2.141840e+07
2.762559e-07,8.386111e-09,1.253681e-09,8.987688e-09,5.373419e+07,5.650827e+07,1.151849e+08
2.185288e-09,9.213853e-09,8.343091e-09,7.564367e-08,2.341974e+08,1.080487e+08,3.787853e+07
1.083778e-09,2.667966e-07,2.720316e-08,1.493291e-09,1.841705e+08,5.135253e+07,5.010000e+07
7.045590e-08,1.736469e-07,6.191677e-09,2.765323e-09,4.787813e+07,4.629327e+07,4.563453e+07
1.964240e-09,1.094175e-07,4.368275e-07,2.981579e-07,3.413876e+07,7.117938e+06,5.536476e+06
2.998599e-09,2.408131e-08,2.409027e-08,1.566337e-09,1.176576e+08,1.584574e+08,1.628236e+08
2.831878e-07,8.952639e-09,1.990674e-07,3.801664e-08,4.211750e+06,1.035544e+07,5.420478e+07
3.311136e-09,1.674485e-09,4.403934e-08,1.975428e-08,8.281159e+07,1.212769e+08,1.738717e+08
1.166659e-08,1.081480e-07,3.025453e-09,1.222922e-07,1.683189e+08,5.316877e+07,8.695435e+06
4.157175e-07,7.741869e-09,6.795245e-08,7.290149e-08,5.949744e+06,8.194225e+06,4.209290e+07
1.891282e-07,1.012192e-09,2.606416e-08,8.515084e-08,1.424295e+07,1.623410e+07,1.077145e+08
1.557240e-08,2.264262e-09,4.336659e-09,2.909436e-08,1.216871e+08,1.218810e+08,1.232061e+08
1.119110e-07,4.287018e-07,4.240242e-08,4.385376e-07,1.451671e+07,6.916774e+06,2.306317e+06
1.301903e-08,9.184708e-08,1.330770e-08,2.345122e-09,7.597299e+07,6.915833e+07,6.813725e+07
6.570705e-08,1.124069e-08,1.934318e-09,8.027496e-07,8.870132e+07,8.206553e+07,1.052722e+07
3.398291e-07,2.729240e-09,3.001624e-08,4.459206e-08,9.901285e+06,1.275614e+07,9.064636e+07
4.118038e-09,1.387860e-08,5.885302e-08,2.605897e-09,6.423481e+07,1.492223e+08,1.662833e+08
6.716397e-09,1.546050e-07,1.309395e-09,8.483244e-09,3.372069e+08,7.392437e+07,2.761260e+07
1.721309e-07,5.706300e-07,1.684669e-07,1.031424e-09,5.872369e+06,3.623950e+07,4.121962e+07
6.125221e-08,2.254711e-08,1.130139e-08,7.066189e-08,3.800785e+07,3.499701e+07,2.505313e+07
3.061547e-08,2.191303e-08,1.954028e-09,7.571164e-08,1.292898e+08,9.997014e+07,2.455090e+07
3.014235e-09,5.176346e-09,1.613992e-08,1.400631e-07,1.433708e+08,9.184908e+07,3.713869e+07
2.673287e-09,3.040038e-08,2.880912e-08,2.839083e-07,1.139494e+08,3.400015e+07,1.076395e+07
7.631183e-09,1.954618e-08,4.588686e-09,5.320489e-07,1.689896e+08,8.993256e+07,9.806032e+06
3.501744e-08,2.229841e-09,1.862581e-08,2.542121e-07,3.915617e+07,3.933230e+07,4.200152e+07
2.987313e-07,1.349450e-08,3.364449e-09,3.720664e-07,3.154298e+07,3.099298e+07,1.411274e+07
1.148771e-07,5.436898e-09,7.457224e-07,6.093893e-08,3.416605e+06,1.214651e+07,5.493853e+07
9.931697e-09,4.960460e-08,1.376905e-07,5.183364e-07,2.704184e+07,1.242545e+07,6.236389e+06
1.002940e-07,1.068010e-09,3.921702e-07,5.488464e-07,5.042260e+06,6.567473e+06,4.130351e+07
4.433361e-09,7.561078e-08,4.724910e-07,2.055630e-09,2.184926e+07,7.812776e+07,8.021131e+07
1.220255e-09,3.277407e-09,9.616597e-09,2.035046e-07,2.919201e+08,1.556045e+08,3.872110e+07
1.588648e-09,3.824045e-08,3.024276e-07,2.026149e-07,4.562212e+07,1.438525e+07,1.136064e+07
1.192055e-07,1.445571e-09,1.676619e-09,5.874693e-09,7.073503e+07,7.971421e+07,3.431529e+08
3.502117e-07,7.663284e-09,1.621564e-07,2.523888e-09,4.196311e+06,3.353150e+07,2.273827e+08
4.932251e-08,5.707873e-09,4.224323e-09,1.503513e-08,6.927857e+07,7.423156e+07,1.079467e+08
7.150827e-07,1.035803e-09,8.624234e-08,7.134411e-09,4.026814e+06,1.455753e+07,3.678597e+08
2.568775e-07,8.149750e-09,5.278178e-08,6.025097e-09,8.588058e+06,2.641464e+07,1.427072e+08
6.892009e-09,1.392942e-08,5.314026e-09,6.797995e-08,1.652400e+08,9.871351e+07,3.249698e+07
2.327260e-07,1.955054e-07,2.983411e-09,4.084811e-07,3.795080e+07,2.807918e+07,3.538626e+06
7.672109e-09,1.165937e-08,9.685444e-07,9.401895e-09,1.160066e+07,7.453453e+07,9.551131e+07
6.801749e-07,6.686689e-07,8.711735e-08,1.285776e-09,4.108066e+06,2.418900e+07,3.410450e+07
7.232623e-09,3.102964e-09,9.447646e-07,2.760130e-09,1.209735e+07,1.874999e+08,3.417015e+08
1.941518e-07,2.954554e-09,3.334970e-09,4.949562e-08,3.929917e+07,4.029611e+07,8.269337e+07
5.178424e-09,1.511850e-08,3.308438e-08,6.914671e-07,7.639936e+07,3.950229e+07,9.780473e+06
1.176706e-08,1.426868e-08,1.055222e-07,4.446098e-09,2.837881e+07,9.488276e+07,1.255505e+08
1.314693e-09,3.129316e-09,4.186736e-09,2.082737e-08,4.262358e+08,2.540680e+08,1.238677e+08
2.233087e-07,2.766210e-08,1.320427e-07,3.633900e-07,5.823579e+06,6.414120e+06,9.974037e+06
7.633169e-07,2.640410e-07,4.287173e-07,2.148955e-08,1.748083e+06,6.896774e+06,1.327549e+07
3.673681e-07,3.206689e-08,1.254779e-08,9.936659e-07,1.472874e+07,1.421406e+07,5.602107e+06
3.244610e-07,4.196536e-07,1.180365e-09,1.745867e-09,5.109879e+07,4.368383e+07,3.694443e+07
2.332058e-08,2.518694e-09,6.696825e-07,3.072095e-09,8.001951e+06,1.124958e+08,3.594967e+08
3.621256e-08,4.006787e-07,1.165448e-07,5.720976e-08,1.539303e+07,7.723247e+06,6.604908e+06
1.194346e-09,1.204246e-09,7.602791e-07,2.906801e-09,3.318550e+07,3.794397e+08,5.344840e+08
1.088517e-09,8.245846e-08,3.220990e-08,1.871552e-07,1.688837e+08,2.087001e+07,8.049731e+06
2.364474e-09,8.975767e-08,3.148355e-07,4.064071e-09,3.665142e+07,5.201426e+07,5.235806e+07
2.514891e-07,1.509002e-08,1.843611e-07,6.729656e-07,4.644145e+06,5.091304e+06,9.923358e+06
1.804643e-08,1.663547e-09,2.183030e-09,6.159390e-08,1.593215e+08,1.551279e+08,9.879015e+07
1.002287e-07,2.806160e-08,2.335471e-08,6.980924e-07,2.066887e+07,1.857213e+07,7.144755e+06
8.655046e-08,4.936311e-08,2.865682e-07,5.963608e-09,6.349672e+06,3.548841e+07,5.828331e+07
1.067216e-08,1.088560e-09,2.861108e-09,9.630084e-09,1.809701e+08,1.963373e+08,3.088580e+08
1.555964e-07,9.176506e-08,4.192027e-07,1.463047e-09,3.915509e+06,5.265764e+07,8.630425e+07
4.511887e-09,1.236867e-08,1.238976e-07,6.634283e-07,4.229504e+07,2.382075e+07,1.103930e+07
1.344523e-09,6.826354e-08,2.126101e-08,3.008407e-09,1.870355e+08,7.383116e+07,6.978102e+07
3.990178e-09,1.080159e-08,5.272150e-07,1.597772e-07,2.180269e+07,2.348089e+07,2.407125e+07
8.431496e-07,6.725543e-09,2.465876e-07,1.022497e-09,2.193118e+06,3.399304e+07,3.813338e+08
2.749131e-09,5.851170e-07,6.415014e-09,1.986593e-08,2.381241e+08,1.872958e+07,9.275219e+06
1.891535e-09,1.270526e-07,6.240207e-07,7.042111e-09,2.910672e+07,3.337218e+07,3.343157e+07
1.546919e-07,3.210693e-09,4.075533e-09,7.108443e-08,3.982667e+07,4.053397e+07,6.619320e+07
1.101485e-08,1.678181e-08,6.728619e-08,7.457606e-08,3.673227e+07,3.189146e+07,2.826707e+07
2.431275e-09,5.638754e-09,1.866923e-07,5.839219e-08,4.693747e+07,5.278126e+07,5.511008e+07
1.089908e-08,4.248726e-08,3.897641e-07,6.558509e-09,1.534278e+07,5.388972e+07,5.990569e+07
6.365342e-08,3.248734e-07,1.548965e-09,3.109845e-08,1.007090e+08,4.176608e+07,9.948865e+06
3.134217e-07,1.341933e-09,2.273020e-07,3.435317e-08,3.746569e+06,1.031781e+07,1.472825e+08
2.660176e-09,4.079848e-08,5.457415e-08,7.701796e-08,8.299488e+07,2.684029e+07,1.783947e+07
3.852998e-08,2.322219e-09,1.486279e-08,8.387991e-07,4.178789e+07,4.094078e+07,2.265789e+07
9.783557e-08,4.153255e-07,6.806924e-07,5.680525e-07,3.875040e+06,2.508651e+06,2.058787e+06
2.197882e-08,4.152580e-09,3.396182e-08,6.603707e-08,3.660179e+07,4.130730e+07,6.038751e+07
1.182550e-09,1.051466e-09,6.723885e-07,3.326122e-09,3.546337e+07,3.677556e+08,5.347284e+08
2.175159e-08,3.169762e-09,4.167159e-09,8.486788e-07,1.050351e+08,9.836889e+07,1.928035e+07
4.946189e-07,1.721790e-08,2.626602e-07,8.259070e-09,2.774390e+06,1.562038e+07,8.385798e+07
4.469675e-07,3.533494e-09,9.611815e-08,6.987201e-09,4.824578e+06,1.846029e+07,2.012548e+08
2.477454e-09,5.374712e-09,2.510464e-09,1.313117e-08,4.009777e+08,2.458202e+08,1.190339e+08
1.403135e-08,6.890352e-08,1.752188e-07,1.279824e-09,2.016787e+07,9.741742e+07,1.064889e+08
1.364347e-08,4.622263e-07,5.597051e-07,1.428148e-09,1.144347e+07,3.840809e+07,3.892119e+07
3.812128e-08,9.825294e-07,4.500771e-07,9.906524e-08,7.634364e+06,3.473760e+06,3.205284e+06
3.780302e-08,1.424857e-08,2.323108e-08,1.773222e-08,3.374443e+07,4.370833e+07,6.291190e+07
3.775458e-07,1.057872e-08,1.288192e-08,2.696076e-07,1.433920e+07,1.447635e+07,1.872481e+07
3.120965e-07,2.574926e-09,3.270787e-08,1.121771e-08,9.897589e+06,1.950527e+07,1.860654e+08
3.690347e-07,1.899555e-09,6.987758e-09,1.011084e-07,1.969235e+07,2.030926e+07,7.215732e+07
1.980321e-08,1.043374e-08,1.592717e-07,8.153909e-07,1.780586e+07,1.575455e+07,1.084169e+07
8.335614e-09,2.168919e-07,3.071063e-09,1.884521e-09,1.976455e+08,6.165834e+07,4.946270e+07
1.400353e-08,1.094200e-09,2.112959e-08,1.499518e-09,5.813473e+07,2.174986e+08,7.806849e+08
5.140083e-09,3.713227e-07,7.841198e-08,8.248660e-08,4.981082e+07,8.128908e+06,5.713899e+06
5.255167e-09,9.502334e-07,2.640592e-09,8.869198e-08,2.684455e+08,2.020260e+07,3.444631e+06
1.133812e-08,1.515565e-09,6.497963e-08,2.861053e-07,3.684181e+07,3.833017e+07,4.802305e+07
3.719973e-09,2.427575e-07,1.635082e-08,1.726971e-08,1.282213e+08,2.197867e+07,1.544440e+07
6.195218e-07,1.785335e-09,3.695091e-08,8.033585e-09,6.609355e+06,1.561748e+07,2.640496e+08
3.496726e-07,3.375771e-08,1.938128e-07,1.259977e-08,3.841298e+06,1.484746e+07,4.848777e+07
6.074902e-08,1.615100e-08,8.743464e-09,7.553159e-09,4.338989e+07,5.664734e+07,9.053907e+07
1.601004e-08,9.621724e-09,1.539742e-07,1.019243e-08,2.014094e+07,6.388375e+07,1.009799e+08
6.150094e-07,1.162425e-09,1.454815e-08,1.477303e-09,1.057195e+07,3.478689e+07,7.631024e+08
1.469174e-07,5.779848e-08,4.941797e-09,4.499056e-09,3.711256e+07,4.554353e+07,6.201276e+07
7.682596e-07,7.151546e-08,2.858288e-07,8.270867e-07,2.133993e+06,2.367670e+06,4.111729e+06
2.406851e-07,2.402040e-08,4.196272e-08,1.156728e-07,9.950471e+06,1.107639e+07,1.897118e+07
1.859299e-09,1.350169e-09,4.574662e-09,5.400795e-07,3.428830e+08,2.620810e+08,3.703199e+07
2.746771e-07,1.512600e-07,6.172978e-07,2.719317e-09,2.428519e+06,2.944773e+07,4.930694e+07
1.097867e-07,1.570153e-08,9.268471e-07,2.785470e-08,3.134881e+06,1.716639e+07,4.781673e+07
1.517894e-08,1.098393e-08,2.488673e-09,5.798432e-08,1.627029e+08,1.265607e+08,3.962468e+07
5.565757e-07,6.411394e-08,2.652266e-07,7.785436e-07,2.602732e+06,2.853745e+06,4.475920e+06
2.172694e-09,1.119229e-07,2.864655e-09,1.865794e-07,4.008339e+08,5.573628e+07,6.920040e+06
2.478976e-08,2.063639e-08,2.885736e-09,2.178372e-07,1.182321e+08,8.791772e+07,1.491479e+07
5.788905e-07,2.083566e-09,7.292194e-08,2.104335e-08,4.867127e+06,1.026642e+07,1.510216e+08
5.327326e-09,3.828146e-07,8.426949e-08,1.342337e-09,4.719654e+07,4.415762e+07,4.411386e+07
4.145143e-07,3.383003e-07,4.488630e-08,2.850941e-08,7.331171e+06,8.728514e+06,1.018251e+07
1.755954e-08,6.567849e-07,8.935393e-08,7.143814e-07,2.524566e+07,4.321094e+06,1.459901e+06
1.995562e-08,4.838280e-07,4.804173e-07,1.469000e-08,1.021311e+07,1.180069e+07,1.186161e+07
6.235449e-08,1.008981e-07,9.194383e-08,4.331910e-07,1.320702e+07,8.986784e+06,4.783202e+06
5.279937e-07,2.869016e-08,2.194593e-07,1.028928e-08,2.937708e+06,1.351925e+07,5.820240e+07
7.780621e-09,2.616631e-08,8.806056e-08,5.792467e-08,3.820341e+07,2.903566e+07,2.568603e+07
3.382439e-09,2.025790e-09,2.948565e-09,5.173240e-07,3.166501e+08,2.511315e+08,3.089025e+07
3.796670e-07,2.876057e-09,1.222976e-08,3.653337e-09,1.467539e+07,3.048411e+07,3.085008e+08
4.968316e-08,2.790027e-09,1.053703e-09,1.485950e-07,1.382090e+08,1.349604e+08,4.911269e+07
1.475918e-08,6.419915e-07,6.700162e-09,1.798752e-09,1.005602e+08,3.276824e+07,2.942725e+07
2.079657e-07,2.088954e-07,1.014199e-07,7.325517e-07,6.885611e+06,5.189186e+06,2.556327e+06
1.273474e-09,3.587623e-08,9.407515e-07,2.785964e-09,2.889133e+07,9.844114e+07,1.000251e+08
3.424835e-07,1.284639e-09,3.643528e-09,3.001747e-08,2.830865e+07,2.992145e+07,1.610358e+08
1.235936e-09,5.949898e-07,3.634831e-07,1.189153e-09,4.718022e+07,3.761707e+07,3.759467e+07
3.446706e-08,1.489689e-09,2.985994e-09,2.617672e-07,9.857197e+07,9.705733e+07,5.064010e+07
5.511193e-08,3.300346e-09,3.047294e-09,1.810952e-09,7.716494e+07,1.227657e+08,4.090409e+08
2.413131e-08,2.265212e-09,9.382736e-09,4.736734e-07,6.645763e+07,6.416840e+07,3.052854e+07
7.727033e-08,1.547066e-09,1.180710e-07,3.846301e-07,1.046940e+07,1.185088e+07,4.099435e+07
2.485707e-08,8.961408e-09,3.537211e-07,7.074876e-07,1.066460e+07,1.119782e+07,1.255892e+07
9.382123e-08,4.035397e-09,1.453307e-07,1.075272e-07,8.563884e+06,1.285895e+07,4.800625e+07
9.215733e-08,3.237047e-09,5.562270e-07,4.855508e-07,4.416813e+06,6.358912e+06,2.522366e+07
6.555958e-07,6.839195e-07,1.054733e-09,8.380784e-08,3.802863e+07,2.677138e+07,4.176911e+06
2.616566e-09,1.212890e-07,8.918378e-07,5.047884e-08,2.070099e+07,1.299737e+07,1.278011e+07
6.712984e-09,1.429879e-07,2.871421e-08,1.927695e-07,7.202674e+07,1.634900e+07,6.023255e+06
1.315899e-07,4.392067e-08,1.988098e-08,1.058654e-09,1.955104e+07,7.528996e+07,1.466522e+08
1.488102e-09,1.498690e-08,1.887304e-07,7.660800e-08,5.967093e+07,3.337562e+07,2.951257e+07
1.926007e-08,3.432933e-09,5.582982e-09,1.540696e-09,9.643572e+07,1.910357e+08,4.348193e+08
1.782391e-07,2.117030e-08,3.762256e-08,3.011272e-08,1.221165e+07,1.731552e+07,3.960605e+07
8.670963e-07,3.686243e-09,1.001081e-07,5.264962e-07,3.394156e+06,3.694959e+06,2.269919e+07
7.962057e-07,2.017570e-07,8.510057e-08,5.066706e-07,3.841679e+06,3.708435e+06,3.127684e+06
3.113407e-08,5.265413e-08,5.366160e-07,9.111103e-08,7.736602e+06,1.237875e+07,1.443771e+07
1.287413e-09,1.841935e-07,1.013760e-07,5.181596e-09,8.753332e+07,3.307069e+07,3.236913e+07
2.717230e-09,7.082890e-07,1.809542e-08,6.833585e-07,1.426108e+08,8.932113e+06,1.437376e+06
6.466636e-07,1.469237e-07,3.414387e-09,4.822363e-09,2.128161e+07,2.510697e+07,3.756852e+07
2.015112e-07,1.019778e-09,2.537523e-07,4.276786e-07,4.422271e+06,5.568028e+06,4.788378e+07
7.997051e-08,8.887893e-08,5.505498e-07,3.407173e-09,4.765811e+06,4.182084e+07,5.746501e+07
1.738637e-09,1.126814e-07,1.729554e-07,5.496097e-07,5.766715e+07,8.150667e+06,4.018339e+06
1.617565e-09,1.156547e-08,3.668439e-08,2.571982e-08,1.298161e+08,7.083119e+07,5.798082e+07
2.866746e-07,1.477270e-09,2.908230e-08,2.794802e-09,1.095194e+07,3.689256e+07,4.921467e+08
1.130306e-08,4.561161e-09,4.533243e-07,1.031034e-07,1.397003e+07,2.739390e+07,4.611325e+07
2.802077e-08,1.941965e-08,3.845278e-08,1.366661e-07,3.046464e+07,2.650318e+07,1.941105e+07
3.386140e-07,5.355910e-07,1.526566e-09,1.550145e-07,4.398349e+07,2.750828e+07,3.470541e+06
6.876117e-09,1.143313e-08,6.060400e-09,2.951869e-07,1.549094e+08,9.590188e+07,1.721349e+07
6.265685e-09,1.665611e-07,1.527899e-08,4.352506e-08,1.022041e+08,2.261940e+07,1.174474e+07
5.131802e-08,1.901637e-07,1.084143e-09,1.089866e-08,1.340670e+08,6.480482e+07,2.196593e+07
9.856379e-08,5.084145e-07,1.639288e-08,7.218452e-07,2.487790e+07,1.013823e+07,1.650703e+06
1.350081e-07,1.412263e-09,1.118967e-08,4.881285e-08,2.572833e+07,2.837720e+07,1.204412e+08
1.738341e-07,1.452443e-09,1.268728e-09,7.369088e-09,6.733615e+07,7.259999e+07,3.056635e+08
3.395222e-08,6.222677e-07,2.456021e-09,1.419637e-09,1.095090e+08,4.115697e+07,3.364517e+07
7.710682e-07,5.359343e-08,7.081722e-09,6.139847e-08,1.353269e+07,1.381963e+07,1.743273e+07
2.597574e-09,1.752146e-09,1.115701e-09,3.153803e-09,5.874111e+08,5.281617e+08,4.254001e+08
1.441764e-08,9.286041e-09,8.413956e-07,3.864340e-08,9.079309e+06,3.379133e+07,5.278944e+07
1.456663e-08,3.508672e-08,1.041409e-09,1.120214e-07,2.567497e+08,1.397090e+08,1.595064e+07
2.578320e-08,1.161282e-07,3.112131e-08,2.953934e-09,3.530227e+07,5.110714e+07,5.399218e+07
4.912826e-07,4.488015e-08,6.387364e-09,1.474123e-07,1.785145e+07,1.745427e+07,1.229436e+07
1.701712e-07,7.990949e-09,2.118403e-08,6.842674e-07,1.665531e+07,1.652756e+07,1.352346e+07
6.940274e-09,3.549193e-09,1.615726e-08,1.853015e-08,9.443389e+07,1.050959e+08,1.233093e+08
3.946190e-07,2.549201e-09,8.590629e-07,7.953597e-08,1.717507e+06,5.881099e+06,7.022894e+07
1.070498e-07,1.428092e-09,2.684089e-09,5.601129e-09,5.899410e+07,7.127628e+07,3.535771e+08
1.377882e-08,2.160065e-08,7.075896e-07,1.187770e-07,1.012752e+07,1.667070e+07,1.974242e+07
6.914468e-09,2.358658e-09,2.172861e-08,5.565089e-07,8.158393e+07,7.181051e+07,2.760143e+07
6.918152e-07,2.121597e-08,1.457509e-09,1.695028e-08,3.149193e+07,3.232604e+07,5.273271e+07
1.298630e-08,1.322465e-08,9.781217e-08,2.495089e-07,2.805827e+07,2.330155e+07,1.740864e+07
8.631922e-08,6.063029e-07,6.752610e-08,2.386922e-07,1.309816e+07,5.237361e+06,2.628670e+06
8.805504e-09,1.857471e-08,2.213145e-07,7.919810e-09,2.265260e+07,6.911290e+07,8.244829e+07
5.529873e-09,6.640172e-09,9.354523e-08,4.588764e-09,4.396748e+07,1.370582e+08,1.811601e+08
1.708616e-07,1.651300e-08,5.591725e-09,9.666556e-08,3.235228e+07,3.177481e+07,2.502944e+07
4.442907e-09,8.914585e-07,5.606683e-08,1.013811e-07,6.335974e+07,5.560411e+06,3.326373e+06
3.147213e-08,2.757728e-09,1.469251e-08,2.131192e-08,4.650386e+07,5.795837e+07,1.304407e+08
5.020384e-07,1.168075e-08,1.999249e-07,4.752702e-07,3.156444e+06,3.719188e+06,1.342129e+07
8.955483e-09,1.783626e-08,4.245947e-07,9.589709e-07,1.621691e+07,1.126184e+07,7.646195e+06
2.488593e-09,2.735348e-08,1.187510e-09,1.071369e-09,5.817072e+08,2.439180e+08,1.847244e+08
2.156649e-08,1.959148e-09,2.664366e-07,4.494510e-07,1.319208e+07,1.594093e+07,3.369964e+07
1.585479e-08,2.251876e-08,4.724313e-09,3.573455e-09,1.155448e+08,1.131752e+08,1.114766e+08
2.039011e-09,1.915591e-09,6.942069e-07,1.573179e-08,2.657944e+07,1.282111e+08,1.821628e+08
5.827130e-09,8.477447e-09,1.377931e-09,4.338111e-08,3.529060e+08,2.287910e+08,5.214554e+07
1.968252e-09,6.200920e-07,2.672808e-07,2.003916e-09,4.359892e+07,2.842929e+07,2.836823e+07
1.007477e-09,3.017646e-09,2.400538e-08,6.026871e-09,2.033424e+08,2.270932e+08,2.344876e+08
3.190334e-09,4.137863e-07,1.252712e-08,3.701333e-09,1.581818e+08,2.897197e+07,2.555247e+07
5.625612e-08,2.960499e-08,5.339968e-07,1.582862e-07,5.769601e+06,9.766809e+06,1.460817e+07
4.779082e-08,2.011692e-08,8.128848e-07,1.913733e-07,5.073566e+06,9.750073e+06,1.611679e+07
3.764907e-07,3.504198e-09,8.749760e-08,1.345171e-07,5.509660e+06,7.045554e+06,4.605925e+07
1.321205e-08,2.005855e-09,6.615330e-09,2.369166e-07,1.069644e+08,1.010478e+08,4.587251e+07
1.867292e-07,6.945964e-08,9.565631e-08,6.361429e-09,7.482333e+06,2.558136e+07,4.757255e+07
1.399171e-08,1.049156e-07,4.164810e-08,1.338991e-07,4.142543e+07,1.627070e+07,8.437059e+06
1.829198e-07,6.429591e-09,8.769880e-07,1.436102e-07,2.496737e+06,6.541932e+06,3.290908e+07
1.039210e-09,8.591060e-08,5.646727e-09,1.559390e-07,4.128098e+08,4.594004e+07,8.639711e+06
1.337172e-09,1.449994e-08,5.985541e-07,7.702181e-09,3.534718e+07,9.112375e+07,9.462590e+07
1.339809e-09,1.870981e-09,9.858396e-09,2.851276e-09,2.751537e+08,3.752653e+08,4.329579e+08
1.677874e-07,1.830982e-09,5.439083e-08,1.213185e-09,1.046785e+07,7.048394e+07,6.709566e+08
9.543076e-07,1.475216e-07,1.287527e-09,2.753205e-09,2.852841e+07,3.216440e+07,4.961957e+07
9.628950e-08,4.218621e-08,3.885640e-07,2.568519e-08,5.169866e+06,1.731296e+07,3.037899e+07
1.910294e-08,3.452743e-08,1.246522e-09,7.769864e-07,2.049274e+08,1.224032e+08,6.105358e+06
5.481982e-07,2.251369e-07,1.135242e-09,1.168665e-07,4.008547e+07,3.391338e+07,6.164980e+06
1.042739e-09,1.271973e-08,9.104985e-07,9.355813e-07,3.245433e+07,1.254864e+07,9.166854e+06
8.061737e-09,9.604160e-08,1.443129e-08,1.590162e-07,9.271141e+07,2.694502e+07,8.091885e+06
6.719152e-07,1.484675e-08,1.032700e-09,1.659584e-08,3.796257e+07,3.870065e+07,6.370665e+07
7.581613e-09,4.230592e-08,7.526664e-09,5.347982e-07,1.323786e+08,5.196818e+07,6.648206e+06
2.006003e-09,5.192863e-09,2.266446e-09,1.403977e-09,4.689878e+08,4.002887e+08,3.703535e+08
3.800196e-09,3.809273e-09,2.673885e-09,4.879040e-09,3.137080e+08,2.758302e+08,2.319593e+08
2.790439e-07,1.462648e-07,1.588100e-08,1.363283e-07,1.502190e+07,1.285691e+07,7.081692e+06
2.185417e-08,8.718800e-09,2.588821e-08,3.867594e-07,4.204185e+07,3.671550e+07,1.722072e+07
9.808704e-08,1.488555e-09,8.435894e-07,6.293456e-07,3.476391e+06,5.278435e+06,3.267180e+07
1.587141e-09,1.067405e-07,2.417152e-09,1.750547e-09,5.105523e+08,9.535419e+07,7.315578e+07
1.145333e-09,9.444364e-09,1.926401e-07,7.501658e-08,6.732259e+07,4.182109e+07,3.756947e+07
1.442875e-09,3.014136e-08,6.618204e-08,9.088491e-07,1.023330e+08,2.265469e+07,6.041888e+06
3.617370e-07,1.020561e-08,4.445404e-08,4.522690e-07,7.885838e+06,8.150141e+06,1.471912e+07
1.351551e-09,1.207079e-09,9.039889e-09,2.102165e-08,2.860897e+08,2.486491e+08,1.985175e+08
3.735566e-08,9.883012e-07,3.260601e-09,8.813744e-08,9.060934e+07,1.760915e+07,3.388248e+06
7.469851e-09,2.002717e-08,1.756098e-09,1.878531e-09,2.761021e+08,2.001721e+08,1.630350e+08
1.787290e-08,1.760676e-07,2.642525e-08,1.428174e-08,4.601431e+07,2.358306e+07,1.994205e+07
3.858573e-09,4.795025e-08,3.842204e-07,2.361882e-09,2.597146e+07,9.067756e+07,9.396702e+07
6.123259e-09,2.943696e-09,1.976858e-07,6.298587e-08,2.874226e+07,4.805150e+07,7.343989e+07
6.276471e-09,7.597386e-08,1.291344e-09,3.662544e-09,3.512539e+08,1.128475e+08,5.994824e+07
2.387821e-08,1.255460e-07,2.033644e-09,2.588526e-07,1.435032e+08,5.759057e+07,5.547181e+06
6.300263e-09,2.406263e-09,1.804537e-09,8.416429e-09,2.965772e+08,2.780204e+08,2.222105e+08
1.254746e-08,4.546031e-07,1.477218e-08,9.488203e-08,7.345133e+07,1.294106e+07,4.814950e+06
3.360384e-07,1.407243e-08,2.013122e-08,9.547542e-07,1.215823e+07,1.203630e+07,8.627197e+06
6.933111e-08,1.346137e-07,1.727734e-08,5.503473e-09,2.889332e+07,3.427452e+07,3.673981e+07
1.015522e-08,2.283294e-07,3.144036e-07,9.352913e-07,1.769748e+07,4.221382e+06,2.163942e+06
1.464689e-08,8.264839e-09,2.304207e-08,3.484728e-09,5.443353e+07,1.200793e+08,1.863367e+08
1.423407e-09,6.231684e-08,7.809827e-09,3.844644e-07,2.999265e+08,4.527300e+07,6.460546e+06
1.032148e-07,6.371635e-09,4.060934e-08,3.412221e-07,1.544600e+07,1.585718e+07,2.144648e+07
2.826573e-09,1.977534e-09,1.144544e-07,4.306208e-08,5.559730e+07,8.156295e+07,1.083654e+08
2.894495e-07,6.299360e-08,3.784655e-08,4.053959e-07,9.554333e+06,9.053641e+06,6.257662e+06
1.046632e-09,5.053326e-08,9.037680e-08,1.024850e-09,1.028193e+08,1.383178e+08,1.389572e+08
5.638632e-09,8.451543e-08,8.308294e-09,2.637035e-07,1.461023e+08,3.710969e+07,6.698446e+06
3.843574e-08,6.374771e-08,6.342392e-07,1.130067e-08,6.404804e+06,2.968880e+07,3.725767e+07
1.257364e-07,5.076781e-07,1.648792e-09,2.592445e-09,6.945228e+07,3.957898e+07,2.756456e+07
1.560953e-07,3.225328e-08,1.190939e-07,4.931849e-09,7.334327e+06,3.348306e+07,7.928813e+07
2.280714e-09,3.148224e-09,5.670065e-07,9.873522e-08,2.780805e+07,4.680210e+07,5.671933e+07
2.022867e-09,4.151924e-08,2.355336e-07,1.295316e-09,4.581312e+07,1.335206e+08,1.363601e+08
2.993786e-08,1.324502e-07,7.841979e-07,8.527719e-07,6.526447e+06,3.882522e+06,2.975481e+06
4.066662e-09,4.341319e-08,4.042229e-09,2.442962e-09,2.466440e+08,1.176083e+08,9.710258e+07
2.001336e-08,6.578288e-09,2.450684e-08,3.711486e-09,4.515400e+07,1.080128e+08,2.023810e+08
2.926585e-07,8.100931e-09,2.483963e-07,9.256919e-07,3.708915e+06,4.120358e+06,1.154780e+07
6.867022e-08,1.214149e-09,2.351663e-09,2.526783e-08,7.869158e+07,8.155420e+07,1.805427e+08
3.166621e-09,2.541157e-08,4.625806e-07,3.972182e-08,2.612813e+07,3.092837e+07,3.147528e+07
5.091151e-07,5.528122e-09,2.423037e-09,1.916606e-09,2.847161e+07,4.261156e+07,3.072167e+08
1.267964e-07,8.620744e-08,4.073318e-08,8.672006e-09,1.391465e+07,2.562469e+07,3.657361e+07
2.032220e-07,8.532084e-09,1.307400e-07,4.835157e-07,6.134941e+06,6.774062e+06,1.556923e+07
3.516035e-07,3.741663e-09,2.962791e-08,2.876380e-09,9.797672e+06,3.276208e+07,3.048207e+08
9.444548e-07,2.315348e-08,1.152575e-09,2.549178e-07,3.030922e+07,3.001201e+07,1.301643e+07
2.002983e-07,8.310171e-07,5.352693e-07,2.359270e-09,3.054043e+06,2.031751e+07,2.258428e+07
1.737728e-09,5.991501e-07,6.410432e-09,4.755797e-09,2.996163e+08,2.468887e+07,1.873357e+07
8.392990e-08,5.800650e-08,3.756741e-09,5.730630e-08,5.631655e+07,4.470288e+07,1.734445e+07
8.008578e-09,7.828165e-07,4.393413e-08,4.838869e-09,5.331155e+07,1.703243e+07,1.624793e+07
3.302618e-07,5.757830e-07,2.464568e-08,4.604585e-07,1.108410e+07,6.868740e+06,1.942117e+06
4.523557e-09,9.964719e-07,2.193698e-08,9.350492e-08,1.003856e+08,7.498253e+06,3.276048e+06
5.620126e-09,2.017244e-09,3.993638e-09,1.566611e-08,2.110778e+08,2.028393e+08,1.778854e+08
4.347283e-07,9.802285e-09,6.431912e-07,8.606204e-09,1.891128e+06,1.627532e+07,1.088756e+08
1.437534e-09,1.845706e-08,2.748294e-07,1.866781e-09,5.031058e+07,1.646477e+08,1.703617e+08
2.099927e-08,5.973280e-09,3.197512e-07,5.337100e-08,1.220371e+07,2.847120e+07,5.600682e+07
2.167326e-08,6.975197e-07,4.733466e-07,8.698744e-09,9.872980e+06,1.275861e+07,1.283789e+07
2.349203e-08,2.626007e-07,1.182593e-08,1.096906e-08,5.999596e+07,2.478358e+07,1.863234e+07
9.115332e-09,5.758428e-08,1.701783e-09,1.586817e-09,2.538994e+08,1.351227e+08,1.046127e+08
6.653613e-09,8.514037e-07,1.897138e-07,1.626662e-08,2.814633e+07,8.819760e+06,8.497352e+06
5.442715e-09,1.559859e-09,1.452160e-09,7.212565e-08,3.557009e+08,3.167323e+08,9.427845e+07
6.620696e-08,1.327556e-07,3.768952e-09,2.010169e-09,6.330498e+07,6.191825e+07,6.121493e+07
9.938482e-07,3.642660e-09,2.896559e-08,1.595853e-07,5.893846e+06,6.394730e+06,4.147575e+07
2.591481e-07,1.216440e-09,2.555430e-07,8.887298e-08,3.885920e+06,7.631920e+06,9.617668e+07
6.853819e-07,7.677863e-09,7.463975e-09,5.389787e-07,1.398133e+07,1.399961e+07,1.554512e+07
2.890110e-08,5.258624e-08,2.236595e-08,4.727047e-09,3.933228e+07,5.607830e+07,6.342624e+07
6.770534e-09,1.034718e-07,9.107165e-09,1.889617e-08,1.273494e+08,3.841954e+07,2.261529e+07
4.904508e-07,5.116976e-08,1.064777e-07,7.314835e-08,4.375956e+06,6.525375e+06,1.634523e+07
1.869535e-09,1.518901e-07,3.069785e-08,3.667179e-07,1.320016e+08,1.515240e+07,4.237106e+06
7.323107e-08,2.808087e-09,7.303347e-07,9.964849e-07,4.324056e+06,5.586097e+06,1.890425e+07
2.807799e-07,5.841849e-09,6.445899e-07,1.793013e-09,2.350581e+06,4.417299e+07,3.089819e+08
8.461113e-08,2.140417e-07,3.150461e-08,4.802668e-08,1.936864e+07,1.326653e+07,9.863012e+06
2.223067e-08,2.123900e-09,1.048049e-08,2.072720e-07,6.551381e+07,6.415495e+07,4.766094e+07
1.770005e-08,3.039163e-09,9.359599e-07,6.446732e-08,7.769339e+06,2.827471e+07,7.144194e+07
2.456590e-08,2.472208e-07,2.057032e-07,1.479791e-07,1.406738e+07,6.538406e+06,5.228262e+06
1.367626e-07,3.086183e-08,8.240986e-08,1.320287e-07,9.419477e+06,1.084324e+07,1.566589e+07
4.366473e-09,1.183422e-08,1.802171e-09,3.098149e-09,3.564812e+08,2.327535e+08,1.651501e+08
1.500575e-07,4.748550e-07,3.136034e-07,1.582555e-08,4.609786e+06,1.030627e+07,1.153560e+07
1.009318e-09,1.327276e-09,5.677024e-09,6.587139e-07,4.177588e+08,2.757474e+08,3.381980e+07
5.890941e-07,3.229673e-08,3.440708e-07,9.170950e-08,2.221180e+06,4.714333e+06,1.837442e+07
1.934543e-09,1.689251e-07,1.168716e-08,1.209142e-08,2.103083e+08,3.138196e+07,2.212658e+07
2.942912e-09,1.395260e-07,3.097588e-09,6.675459e-07,3.312070e+08,4.771264e+07,3.276664e+06
1.656418e-08,1.819509e-09,7.426413e-07,4.616167e-09,9.016241e+06,1.088901e+08,3.450501e+08
4.830833e-08,8.139219e-09,2.081722e-07,1.041137e-08,9.971894e+06,4.226890e+07,1.086312e+08
2.949872e-08,2.663562e-07,1.143451e-09,8.291309e-07,1.721828e+08,5.440655e+07,2.127929e+06
1.543173e-09,8.892933e-09,4.071986e-07,4.093948e-07,3.989234e+07,2.166503e+07,1.657320e+07
3.603744e-07,1.023082e-08,2.629018e-08,5.281075e-09,1.027368e+07,2.477035e+07,1.360453e+08
3.565111e-08,4.982905e-07,2.730421e-09,6.798694e-09,1.013558e+08,3.100643e+07,1.718090e+07
1.183757e-07,2.157468e-08,7.558139e-08,7.287176e-09,1.057210e+07,3.278845e+07,7.975320e+07
9.987644e-07,6.441371e-07,5.139733e-08,1.535151e-09,4.413653e+06,2.020736e+07,3.180060e+07
1.119771e-09,5.080879e-08,5.268877e-08,2.843974e-08,1.301896e+08,3.228954e+07,2.630679e+07
1.223647e-07,3.101593e-08,1.063502e-09,2.611155e-09,8.766024e+07,9.288328e+07,1.111197e+08
6.521596e-08,7.866996e-07,1.913784e-08,8.045787e-07,2.830587e+07,7.924281e+06,1.256931e+06
1.040977e-08,1.385330e-08,3.588663e-09,3.434174e-09,1.636112e+08,1.532519e+08,1.449814e+08
9.810780e-07,5.578727e-09,2.981728e-08,5.874994e-09,5.846746e+06,1.437032e+07,1.746742e+08
1.105235e-08,1.360211e-08,3.799042e-08,2.077262e-07,4.880178e+07,3.553750e+07,1.881271e+07
9.544136e-09,8.086701e-09,6.810524e-09,2.270513e-08,1.240342e+08,1.040489e+08,7.379931e+07
8.617624e-08,1.725882e-07,7.917564e-08,1.513457e-08,1.210627e+07,1.743999e+07,1.956633e+07
2.034735e-08,2.605253e-07,5.740948e-09,1.268022e-07,9.252397e+07,2.546061e+07,5.501888e+06
2.012104e-08,1.023478e-09,7.179797e-08,5.476057e-09,2.630987e+07,9.641127e+07,4.224027e+08
8.487085e-07,7.951559e-09,1.070314e-09,8.422467e-07,3.317915e+07,3.304578e+07,1.221952e+07
3.023687e-08,2.543600e-09,1.262191e-07,2.483939e-09,1.618710e+07,1.119061e+08,3.978370e+08
2.009089e-08,3.364707e-09,4.334171e-08,1.322746e-08,3.388812e+07,6.485977e+07,1.498953e+08
1.199457e-08,1.935102e-08,4.698055e-09,1.760896e-09,1.332136e+08,1.578218e+08,1.713094e+08
2.301012e-08,2.364440e-08,2.349929e-07,3.202026e-07,1.359920e+07,1.257582e+07,1.149273e+07
7.222873e-08,1.633691e-07,1.713359e-08,2.133164e-09,2.842633e+07,4.730231e+07,5.356769e+07
1.278357e-08,4.894855e-09,1.060800e-08,6.568295e-08,8.587311e+07,7.869944e+07,5.577040e+07
8.695292e-08,2.502061e-07,5.173696e-08,7.003323e-09,1.490931e+07,2.192795e+07,2.388906e+07
1.013814e-08,1.025156e-07,1.393560e-08,4.650641e-08,8.413140e+07,2.877250e+07,1.448267e+07
9.649788e-07,1.333032e-09,8.368590e-09,6.475616e-07,1.112795e+07,1.119189e+07,3.403605e+07
6.790788e-07,2.284936e-09,3.046525e-07,2.145454e-07,2.198556e+06,3.414405e+06,4.516515e+07
2.173506e-07,3.121475e-08,1.528338e-07,1.217616e-08,5.486684e+06,1.888730e+07,5.129381e+07
2.112430e-09,5.789773e-07,9.434672e-07,1.865313e-08,2.239986e+07,9.699602e+06,9.622622e+06
7.102558e-09,2.429099e-08,2.091557e-08,1.654755e-07,8.204607e+07,4.141814e+07,1.577286e+07
7.178220e-09,3.771606e-09,9.362599e-09,1.088096e-07,1.219813e+08,1.029253e+08,4.936320e+07
7.076660e-08,7.172055e-07,3.663036e-07,1.467717e-09,6.211054e+06,2.946400e+07,3.082173e+07
3.958130e-07,5.844978e-08,6.115304e-09,1.270317e-09,2.032572e+07,4.574828e+07,1.160519e+08
2.890894e-09,4.832779e-08,6.733285e-08,7.368179e-08,7.167544e+07,2.355723e+07,1.675797e+07
4.294968e-07,7.194539e-07,4.609697e-09,1.315948e-09,2.247418e+07,2.915826e+07,3.249969e+07
1.941100e-08,3.718337e-08,3.911962e-08,1.126421e-09,3.628931e+07,1.270361e+08,1.545166e+08
3.183046e-09,1.755569e-08,7.446426e-09,3.350106e-09,2.054020e+08,1.444600e+08,1.303952e+08
6.321448e-08,3.277712e-07,1.655536e-08,5.792273e-09,3.091167e+07,2.441415e+07,2.295039e+07
1.589583e-08,2.894675e-09,1.169239e-07,5.713810e-08,2.319566e+07,3.723645e+07,7.775659e+07
3.544295e-09,1.501930e-07,2.093798e-09,1.476475e-08,3.670859e+08,5.955799e+07,2.123548e+07
3.542315e-07,1.194480e-07,8.014649e-09,7.741233e-07,1.876784e+07,1.631369e+07,3.288558e+06
5.464682e-09,3.959095e-07,1.258580e-09,4.260251e-08,3.813091e+08,4.514473e+07,7.699889e+06
6.115396e-07,3.581133e-07,2.245684e-07,4.738000e-09,2.698444e+06,1.490830e+07,2.427684e+07
4.507391e-08,7.700907e-07,3.377559e-09,1.181887e-09,8.104681e+07,3.743207e+07,3.314676e+07
5.969759e-07,3.160786e-07,1.881940e-09,2.091053e-08,2.983449e+07,2.518616e+07,1.230042e+07
4.556287e-08,1.108900e-08,2.622673e-08,6.339582e-09,2.892827e+07,5.879966e+07,1.192679e+08
2.954168e-07,1.556825e-08,6.401637e-07,3.272130e-07,2.299518e+06,3.853606e+06,1.401086e+07
1.768554e-07,5.455714e-09,3.097570e-08,2.789703e-08,1.351078e+07,1.933130e+07,8.105787e+07
2.553004e-07,1.452233e-07,1.335446e-08,1.033557e-09,1.712620e+07,5.101594e+07,8.162338e+07
1.688352e-09,6.027275e-09,8.246962e-09,4.799161e-07,2.679918e+08,1.264350e+08,1.859332e+07
4.680519e-07,4.420854e-07,2.610099e-07,1.847840e-08,2.861044e+06,7.979353e+06,1.106406e+07
5.541215e-09,4.018752e-09,3.273554e-08,9.328257e-09,7.424851e+07,1.200372e+08,1.633255e+08
1.112808e-07,3.671175e-07,3.972078e-08,1.732089e-08,1.504115e+07,1.316459e+07,1.254043e+07
1.646052e-07,1.737157e-08,1.696503e-07,6.216198e-09,5.984128e+06,3.027219e+07,9.623167e+07
2.826040e-07,8.272454e-08,1.822043e-08,6.899839e-07,1.393579e+07,1.241763e+07,4.185654e+06
1.411098e-09,6.219067e-08,1.269076e-08,6.980401e-08,2.363076e+08,3.826437e+07,1.517739e+07
8.420886e-08,4.090109e-08,4.771030e-07,2.235036e-07,4.989018e+06,7.246743e+06,1.045900e+07
2.931174e-07,6.248227e-08,6.326454e-09,5.730304e-07,2.322197e+07,2.119939e+07,5.284852e+06
4.153252e-08,8.917862e-09,5.741982e-08,7.414541e-09,2.047741e+07,5.494110e+07,1.229780e+08
5.143106e-09,5.938908e-08,2.778766e-09,3.885867e-08,2.645217e+08,7.730077e+07,2.081626e+07
6.244294e-08,2.531786e-07,2.482867e-07,3.237038e-08,8.031223e+06,1.051851e+07,1.104619e+07
3.885777e-09,3.143906e-09,2.287457e-07,7.931787e-07,3.354166e+07,2.830607e+07,2.002533e+07
1.761500e-08,5.537700e-08,7.415269e-09,3.451089e-09,8.749741e+07,7.627159e+07,7.233645e+07
1.306790e-07,6.384215e-09,1.520517e-07,3.130066e-08,7.094168e+06,1.676527e+07,7.074073e+07
8.157453e-09,4.187035e-08,1.815551e-07,1.692803e-07,2.598475e+07,1.510562e+07,1.187801e+07
3.820137e-07,3.306288e-09,3.692885e-07,2.023729e-08,2.662426e+06,1.163050e+07,1.222513e+08
3.488890e-07,1.247814e-09,1.074712e-07,2.567434e-07,5.164287e+06,6.139940e+06,5.586957e+07
1.406259e-07,9.326873e-08,1.979067e-09,4.456523e-09,5.994281e+07,5.585419e+07,4.904942e+07
3.640409e-07,1.696789e-08,6.540238e-08,8.990812e-07,6.480792e+06,6.561206e+06,8.096300e+06
3.596859e-07,4.102078e-09,5.312824e-08,1.372022e-09,7.233951e+06,4.533482e+07,4.215193e+08
6.487998e-08,9.553042e-07,1.554939e-08,4.582564e-07,3.148386e+07,8.073278e+06,1.511384e+06
4.494216e-07,3.995895e-07,1.567719e-07,2.935135e-09,3.767376e+06,2.021888e+07,2.919973e+07
5.739652e-07,2.180860e-08,8.404737e-07,4.042867e-09,1.439777e+06,2.042474e+07,1.064980e+08
9.397627e-09,5.883094e-08,6.547082e-07,2.831367e-08,1.274873e+07,2.323872e+07,2.450186e+07
5.765059e-08,1.055608e-07,3.940229e-08,7.520585e-09,2.098154e+07,3.114802e+07,3.549137e+07
7.134240e-09,2.419944e-08,5.859742e-09,3.492721e-07,1.546632e+08,7.441626e+07,1.087716e+07
6.829146e-08,5.498853e-09,1.307403e-08,8.930300e-07,3.346664e+07,3.243035e+07,1.427023e+07
1.483435e-09,3.271077e-09,8.040468e-09,6.047693e-08,2.895510e+08,1.721519e+08,7.109839e+07
4.921275e-09,1.230765e-08,9.469037e-09,2.886206e-07,1.464901e+08,7.956605e+07,1.677833e+07
1.726091e-08,9.688487e-09,6.141574e-09,2.235571e-08,9.712439e+07,8.775929e+07,6.794818e+07
5.461068e-08,8.399904e-09,8.198508e-07,2.350338e-07,4.726001e+06,9.321013e+06,2.250597e+07
9.070637e-07,4.642596e-07,1.155737e-09,4.917514e-08,3.088528e+07,2.541236e+07,6.618304e+06
5.033825e-09,3.217838e-08,7.686557e-07,2.100521e-07,1.607626e+07,1.276305e+07,1.216338e+07
1.090056e-09,1.136872e-08,4.777941e-07,3.732058e-09,4.381827e+07,1.472237e+08,1.535218e+08
1.345007e-08,7.338320e-08,2.770273e-09,9.420879e-07,1.638236e+08,6.457037e+07,3.803259e+06
7.368350e-07,1.040383e-09,1.352068e-07,1.103908e-09,3.168222e+06,3.518096e+07,9.331186e+08
1.754427e-07,1.725723e-09,2.609641e-09,1.830969e-09,4.673498e+07,7.242647e+07,5.625666e+08
1.428507e-08,1.618119e-07,1.866933e-09,1.687196e-09,1.936397e+08,8.004671e+07,6.052182e+07
3.531074e-07,6.627313e-08,2.727058e-08,3.654683e-08,1.019059e+07,1.235644e+07,2.031919e+07
2.779399e-08,3.803745e-07,8.105132e-07,7.945786e-09,6.662612e+06,1.764535e+07,1.818971e+07
6.602547e-09,2.937106e-08,5.668932e-09,1.003955e-09,1.634533e+08,1.805332e+08,1.841548e+08
5.701385e-07,1.985761e-09,4.046884e-07,9.399360e-08,2.081850e+06,4.786931e+06,7.319600e+07
2.099932e-09,3.238725e-08,3.940657e-09,6.786760e-07,3.476267e+08,8.602883e+07,6.744996e+06
2.840199e-07,2.147319e-09,1.237298e-08,4.694410e-09,1.686897e+07,3.204394e+07,3.149642e+08
3.630469e-09,7.053140e-09,1.173693e-09,2.473674e-09,4.844416e+08,3.429117e+08,2.394074e+08
2.696792e-09,1.790114e-07,5.551015e-09,2.285008e-07,2.584580e+08,3.186681e+07,4.944424e+06
1.529420e-09,3.644410e-08,9.918720e-07,1.294678e-08,2.567491e+07,4.539361e+07,4.603684e+07
1.165756e-09,5.045622e-08,5.967321e-07,6.063215e-08,3.791461e+07,1.876051e+07,1.807970e+07
3.289234e-07,8.813327e-07,7.252087e-09,5.231628e-07,2.047487e+07,1.074779e+07,1.472691e+06
1.251044e-08,3.862103e-07,1.510306e-08,6.650868e-09,7.274972e+07,2.330573e+07,1.973099e+07
9.856763e-07,1.571089e-09,6.802361e-09,1.255124e-07,1.221246e+07,1.252905e+07,7.121251e+07
1.559961e-09,2.462283e-08,4.931132e-09,4.999636e-08,3.605536e+08,9.224534e+07,2.850111e+07
1.946255e-09,9.640063e-07,7.066794e-08,2.569562e-09,8.526856e+07,2.043375e+07,2.009234e+07
9.731912e-08,2.445171e-08,2.592335e-09,4.141654e-08,6.295864e+07,5.801844e+07,3.142379e+07
1.463649e-07,1.864586e-09,1.759860e-08,3.052614e-08,1.970346e+07,2.458340e+07,1.325479e+08
1.974282e-07,1.157664e-07,4.948149e-07,1.757128e-07,3.199440e+06,4.962244e+06,7.011438e+06
8.161979e-08,1.378516e-09,1.661485e-08,5.244386e-07,2.715526e+07,2.735205e+07,3.719176e+07
4.669135e-07,9.375807e-07,1.805706e-08,1.206673e-09,1.089076e+07,2.508950e+07,2.973041e+07
8.793255e-08,8.327274e-08,1.326687e-09,6.854069e-09,9.258506e+07,7.249026e+07,4.185760e+07
4.079304e-09,1.910809e-07,1.163113e-09,1.284479e-07,4.590880e+08,6.667313e+07,6.383045e+06
5.111707e-08,1.206864e-08,1.624444e-08,1.330911e-09,3.470282e+07,1.134268e+08,2.495148e+08
8.288065e-07,1.220983e-09,1.123864e-08,5.623605e-08,1.036136e+07,1.134123e+07,1.206807e+08
7.133770e-08,1.353352e-07,3.468802e-09,3.196691e-08,6.356978e+07,3.932228e+07,1.520352e+07
3.487889e-08,2.100418e-07,7.561026e-07,1.409104e-08,6.157839e+06,1.718008e+07,1.838127e+07
1.576509e-08,7.432587e-07,2.057232e-09,2.376853e-07,1.755942e+08,2.541570e+07,2.379188e+06
4.208725e-09,1.445404e-07,2.194709e-09,1.186099e-08,3.290306e+08,6.024903e+07,2.415154e+07
4.337278e-09,8.972212e-07,6.359252e-09,8.771388e-08,1.904094e+08,1.367725e+07,3.564643e+06
2.561862e-09,5.436739e-08,5.143209e-09,2.316780e-07,2.754895e+08,5.908579e+07,8.910218e+06
2.275346e-07,2.203337e-09,1.011040e-09,2.723479e-08,6.593138e+07,6.682126e+07,1.290915e+08
2.954266e-08,1.288597e-09,2.275601e-09,4.397253e-07,1.219627e+08,1.196953e+08,4.200981e+07
4.055544e-07,1.687137e-08,7.005329e-09,9.268429e-07,1.876122e+07,1.845209e+07,7.996901e+06
3.858919e-07,2.513536e-08,3.643321e-07,2.271184e-09,2.666972e+06,3.283129e+07,1.323522e+08
3.224551e-07,1.219035e-08,4.096745e-08,2.115015e-08,8.700534e+06,1.463655e+07,6.227807e+07
5.290792e-08,4.916870e-07,1.179901e-07,2.451239e-07,1.265660e+07,4.801413e+06,2.880466e+06
3.062093e-07,4.364642e-07,8.145261e-08,7.173463e-08,6.331962e+06,5.941490e+06,5.651468e+06
2.520216e-07,1.316222e-07,1.356601e-09,1.730272e-09,5.408228e+07,5.854799e+07,6.626409e+07
3.941689e-08,1.862667e-08,5.463875e-07,2.328407e-08,6.814099e+06,2.777509e+07,4.801787e+07
3.771647e-08,5.530804e-07,1.671008e-07,6.499867e-08,1.259636e+07,6.014181e+06,5.274164e+06
1.241186e-08,9.711956e-08,1.692429e-09,1.160790e-09,2.181857e+08,1.151506e+08,9.418241e+07
1.008476e-08,5.040037e-09,6.534753e-09,1.279430e-07,1.231835e+08,1.031235e+08,3.937993e+07
8.184566e-07,8.049378e-07,9.919924e-09,3.053134e-09,1.109808e+07,1.624359e+07,2.017186e+07
3.069648e-07,7.787352e-08,6.374353e-07,2.093088e-09,2.260672e+06,3.529222e+07,7.832697e+07
2.353662e-08,1.571629e-08,5.708416e-08,2.721307e-08,2.728162e+07,3.718126e+07,4.835442e+07
1.693337e-09,2.755697e-07,1.763071e-08,7.259380e-08,1.830179e+08,1.594526e+07,7.070245e+06
9.738914e-07,1.781074e-08,1.369323e-07,9.163993e-09,2.738368e+06,1.083512e+07,7.827383e+07
1.482510e-08,7.050354e-07,3.802229e-08,1.290035e-08,4.211939e+07,1.200913e+07,1.048561e+07
8.226799e-09,4.125656e-07,1.980657e-07,2.015005e-07,2.477307e+07,4.877729e+06,3.468290e+06
2.211183e-08,3.748301e-07,7.215361e-08,1.175726e-08,2.503563e+07,1.578569e+07,1.506363e+07
1.120110e-07,1.398999e-08,6.505713e-07,9.948776e-09,3.704437e+06,2.845927e+07,8.476303e+07
2.552170e-09,2.929023e-08,1.586091e-07,1.718435e-07,4.970284e+07,1.951287e+07,1.409523e+07
1.806185e-09,7.783666e-09,2.742529e-07,1.113461e-07,4.493070e+07,3.628682e+07,3.396804e+07
1.973397e-08,7.216478e-07,1.174744e-08,6.391759e-07,6.567817e+07,1.081339e+07,1.472405e+06
1.265150e-09,1.264134e-07,3.008199e-09,6.507485e-08,5.125966e+08,5.219161e+07,1.102546e+07
1.730234e-08,1.936809e-07,1.832011e-07,1.995507e-09,1.776166e+07,4.900066e+07,5.086629e+07
1.123659e-07,2.273007e-08,3.653151e-09,1.118209e-08,4.935703e+07,5.184787e+07,6.272464e+07
3.416002e-08,1.148908e-07,8.047600e-07,1.048217e-08,6.031256e+06,2.546345e+07,2.881587e+07
9.977331e-09,4.456467e-07,7.174406e-09,1.090672e-07,1.181952e+08,1.805666e+07,4.535839e+06
4.783051e-07,4.910899e-08,1.003246e-09,3.924422e-07,4.565030e+07,4.352860e+07,7.203303e+06
1.631182e-08,4.384146e-09,2.058251e-08,5.699249e-08,5.457573e+07,5.652753e+07,6.326284e+07
5.465850e-07,4.938554e-09,2.362692e-07,3.573119e-08,2.782708e+06,7.643204e+06,7.527944e+07
5.655191e-07,7.388051e-07,9.728385e-09,3.862576e-08,1.348205e+07,9.932652e+06,5.919657e+06
1.372743e-08,1.550060e-09,4.324171e-08,1.785585e-08,4.104440e+07,7.196879e+07,1.900796e+08
3.706273e-09,5.199856e-08,2.097372e-07,5.794116e-07,3.586687e+07,1.079696e+07,5.761171e+06
6.792397e-08,4.308300e-08,2.596460e-08,1.844952e-07,2.381210e+07,1.989418e+07,1.121642e+07
1.905882e-07,4.197223e-08,1.641531e-09,8.389696e-09,5.653631e+07,5.596435e+07,5.329002e+07
7.321943e-09,3.120551e-09,4.673336e-09,2.138222e-09,1.709517e+08,2.554943e+08,3.871310e+08
7.606285e-07,1.799525e-09,1.464054e-08,7.879731e-09,9.476221e+06,1.600122e+07,2.655617e+08
4.210108e-08,5.145039e-08,1.799080e-08,2.744666e-08,3.633525e+07,3.136257e+07,2.661098e+07
1.508920e-08,1.890940e-07,2.974920e-08,5.472641e-07,4.719861e+07,1.317488e+07,3.108584e+06
1.454136e-07,7.892831e-07,3.538829e-09,1.675855e-08,4.408265e+07,1.913536e+07,8.694916e+06
1.387620e-08,1.009676e-07,1.572374e-09,1.352062e-08,2.140853e+08,7.862446e+07,2.706516e+07
2.096429e-08,5.479129e-09,1.449820e-07,3.952225e-08,1.813856e+07,3.489526e+07,6.795531e+07
1.680955e-08,7.233001e-08,1.112037e-08,3.236532e-09,7.314125e+07,6.689529e+07,6.535830e+07
1.484450e-08,6.862736e-07,1.506425e-08,7.962727e-07,6.687186e+07,9.822010e+06,1.352759e+06
1.895081e-07,2.406056e-07,5.296569e-07,4.004160e-08,3.156376e+06,7.902743e+06,1.018806e+07
2.448575e-09,6.171291e-09,5.380377e-07,3.423431e-07,2.755097e+07,2.354767e+07,2.175611e+07
3.083560e-08,5.718513e-07,4.332232e-07,1.514016e-07,8.652029e+06,3.845667e+06,3.398546e+06
8.487154e-09,3.755130e-08,3.623920e-07,5.577277e-07,1.803141e+07,9.944007e+06,6.909974e+06
4.953250e-09,2.050841e-09,4.467616e-09,3.044858e-09,2.125773e+08,2.807981e+08,4.001755e+08
4.865961e-08,1.735055e-09,1.349408e-08,3.644660e-09,3.902511e+07,8.315665e+07,3.976627e+08
3.897908e-09,2.900213e-08,8.182221e-07,1.639476e-07,1.770715e+07,1.491788e+07,1.450216e+07
2.950662e-07,5.089141e-08,1.996976e-09,1.410730e-07,4.119589e+07,3.831374e+07,1.180201e+07
7.753574e-09,1.298709e-07,2.279582e-08,2.285849e-09,7.521793e+07,5.913968e+07,5.803905e+07
3.007860e-07,3.568989e-07,1.001762e-09,7.062239e-08,5.760882e+07,3.923443e+07,6.298776e+06
3.055341e-09,1.314183e-08,2.232113e-07,1.592317e-08,3.829236e+07,6.445087e+07,6.912855e+07
7.337140e-09,3.448139e-09,1.305818e-08,1.813299e-09,1.021634e+08,2.413156e+08,3.999198e+08
3.264865e-09,2.665831e-09,2.531158e-09,1.385385e-09,3.478626e+08,4.339641e+08,5.203536e+08
1.202190e-09,1.547720e-08,4.255416e-07,1.827859e-09,4.421224e+07,1.814969e+08,1.880107e+08
3.398895e-09,3.990372e-08,3.013536e-07,7.752267e-08,3.124589e+07,1.935259e+07,1.797956e+07
2.097760e-09,2.778361e-07,1.948124e-08,4.528203e-08,1.564278e+08,1.619442e+07,8.915438e+06
7.699511e-07,2.384691e-09,2.459536e-07,5.866302e-07,2.297956e+06,2.733393e+06,2.673633e+07
2.268217e-08,7.311283e-07,1.520742e-08,2.310893e-07,5.384308e+07,9.642297e+06,2.432839e+06
1.970448e-07,3.830686e-08,5.489241e-07,2.230129e-09,3.040615e+06,4.373779e+07,1.081924e+08
1.925304e-07,1.246915e-09,2.873472e-07,1.228575e-07,4.251546e+06,7.743629e+06,8.079431e+07
4.895171e-09,1.656067e-07,2.455118e-08,2.465941e-08,9.121785e+07,2.183420e+07,1.564839e+07
3.003042e-07,2.412914e-09,1.100780e-08,8.297529e-09,1.739278e+07,2.642381e+07,2.234883e+08
3.105476e-07,1.015042e-08,1.248557e-09,5.224585e-08,5.078456e+07,5.056802e+07,4.342423e+07
2.528076e-07,3.449328e-07,2.424693e-07,3.134084e-07,4.039026e+06,3.498241e+06,3.041427e+06
8.865151e-08,1.482872e-07,2.953664e-09,1.880615e-08,6.179828e+07,4.066110e+07,1.893644e+07
3.883150e-08,7.255823e-09,3.181411e-07,1.713462e-07,8.997007e+06,1.395831e+07,2.836086e+07
7.547456e-08,3.261120e-08,6.599386e-08,1.433760e-09,1.416928e+07,8.119788e+07,1.462441e+08
2.283021e-07,2.521209e-07,2.988059e-07,2.626749e-09,3.828693e+06,2.827349e+07,3.885852e+07
1.762305e-08,6.272565e-08,4.658063e-08,1.211138e-07,3.490251e+07,1.923403e+07,1.147309e+07
2.661429e-08,3.780618e-08,5.766832e-08,5.993123e-08,2.552548e+07,2.298241e+07,2.100835e+07
2.450111e-09,1.009198e-09,2.074780e-08,6.855737e-07,1.402559e+08,1.198101e+08,3.801761e+07
3.433599e-09,1.740626e-08,3.681801e-09,1.547725e-07,2.812516e+08,1.155121e+08,1.926639e+07
2.987256e-08,9.458046e-08,4.828303e-09,3.746239e-09,8.326578e+07,6.171742e+07,5.312532e+07
1.938293e-08,2.398320e-07,3.734933e-09,9.540358e-09,1.175300e+08,3.791127e+07,2.090567e+07
2.502738e-09,2.244249e-09,5.820718e-07,1.459095e-09,2.620017e+07,3.804459e+08,5.526150e+08
1.457803e-07,2.529292e-07,2.625923e-09,1.897281e-09,5.111044e+07,4.771863e+07,4.564936e+07
7.646723e-07,6.599754e-08,4.229564e-07,6.479529e-09,1.758387e+06,1.373458e+07,4.835756e+07
1.630369e-07,4.650462e-09,3.179432e-08,5.757421e-08,1.388936e+07,1.706292e+07,6.111362e+07
4.010852e-09,4.682110e-08,3.513215e-08,4.414318e-07,8.424212e+07,2.458714e+07,6.955805e+06
1.001899e-09,1.238704e-09,3.814186e-09,1.713197e-08,5.115487e+08,3.782380e+08,2.170764e+08
5.080651e-09,2.850110e-07,7.007399e-07,2.066793e-09,1.675953e+07,4.090001e+07,4.120222e+07
3.586520e-09,8.043627e-08,1.312893e-09,1.823540e-09,4.608385e+08,1.248669e+08,8.256888e+07
1.133938e-09,3.341377e-07,7.756107e-08,2.470996e-09,1.066310e+08,3.529196e+07,3.480177e+07
3.165357e-07,9.650784e-09,3.994528e-08,3.917159e-07,8.893155e+06,9.196448e+06,1.626422e+07
2.533374e-09,3.896731e-08,4.629927e-09,1.456429e-07,2.919869e+08,7.327922e+07,1.327410e+07
4.591061e-07,2.445892e-07,4.541759e-08,1.511450e-07,6.925186e+06,6.378950e+06,5.200972e+06
7.166200e-08,4.732187e-09,5.693190e-09,3.222715e-09,4.950826e+07,7.975607e+07,2.560696e+08
4.960212e-09,5.915488e-09,6.449441e-09,5.062756e-09,1.768027e+08,1.800512e+08,1.827306e+08
4.235792e-09,1.115100e-07,4.753517e-07,3.630489e-07,2.228564e+07,6.478629e+06,4.970047e+06
1.750210e-09,1.970244e-07,5.075855e-07,5.360541e-09,3.355060e+07,3.079615e+07,3.077058e+07
1.984274e-07,2.352145e-07,3.487504e-07,1.374959e-09,3.801384e+06,4.103401e+07,5.560619e+07
3.417719e-07,5.120161e-09,2.689796e-07,1.425349e-09,3.298163e+06,4.509099e+07,3.701668e+08
1.211418e-07,2.211289e-07,9.490067e-08,8.970251e-07,9.326494e+06,5.834690e+06,2.245303e+06
2.331138e-07,4.161808e-08,3.248323e-09,2.515447e-08,3.634013e+07,3.557041e+07,3.090661e+07
2.854608e-07,1.017267e-07,4.415058e-07,3.395025e-09,2.816817e+06,2.768734e+07,5.380976e+07
3.917813e-08,8.702654e-09,1.410747e-09,2.408872e-09,1.345097e+08,1.532138e+08,2.184073e+08
1.085784e-09,1.702341e-08,8.104757e-09,2.362271e-08,3.370996e+08,9.566065e+07,4.986685e+07
2.522286e-09,2.418081e-09,9.960809e-09,8.708041e-07,1.995058e+08,1.433649e+08,2.179237e+07
7.857732e-07,7.969027e-08,9.752550e-09,1.787428e-08,1.142332e+07,1.353218e+07,2.649617e+07
9.473472e-07,2.895733e-08,2.202856e-07,3.335152e-07,2.189033e+06,2.778646e+06,1.017567e+07
2.421971e-07,1.422818e-07,6.736075e-07,6.708342e-07,2.475780e+06,2.781786e+06,3.236814e+06
6.345252e-09,6.283209e-07,1.245511e-08,2.063530e-09,1.124869e+08,2.983397e+07,2.777179e+07
2.310430e-08,8.011659e-07,2.576734e-08,6.560095e-08,4.098442e+07,8.097912e+06,4.361980e+06
8.935124e-07,8.771894e-08,7.283289e-07,6.000737e-07,1.239612e+06,1.760002e+06,4.358640e+06
4.309446e-07,1.989009e-08,6.662843e-08,3.086799e-09,5.901460e+06,2.742023e+07,1.276226e+08
1.491681e-07,2.713921e-09,8.914019e-09,4.379016e-09,2.742365e+07,4.735151e+07,2.900769e+08
1.512727e-07,2.007767e-08,3.773256e-08,1.729124e-07,1.323615e+07,1.372656e+07,1.697190e+07
7.353299e-09,2.424553e-09,1.195811e-07,5.370273e-07,3.372310e+07,3.233717e+07,2.771315e+07
1.593726e-08,5.534738e-09,3.962678e-09,1.980910e-09,1.258342e+08,1.877852e+08,3.020085e+08
4.624134e-07,5.978825e-08,2.555143e-09,3.069874e-08,2.909224e+07,2.849273e+07,2.334166e+07
5.364442e-09,1.343506e-09,2.003011e-09,5.433878e-07,3.050676e+08,2.733144e+08,3.701052e+07
1.596659e-09,1.397848e-09,2.322457e-09,2.207831e-09,5.193021e+08,5.431796e+08,5.692291e+08
2.724046e-07,1.564099e-08,1.175065e-07,2.156902e-07,5.589357e+06,6.755750e+06,1.721681e+07
9.887564e-08,1.182386e-08,6.005977e-07,1.761336e-07,4.103586e+06,8.144223e+06,2.191287e+07
1.302423e-07,4.060172e-07,1.736102e-09,7.482039e-09,6.650225e+07,3.637781e+07,1.814336e+07
6.417102e-07,3.987745e-07,4.110246e-08,2.210076e-09,6.157389e+06,2.140678e+07,3.368470e+07
7.053821e-08,3.328933e-07,3.965047e-09,6.997144e-07,5.979483e+07,2.507367e+07,2.071987e+06
1.531209e-09,1.575209e-08,2.732585e-07,3.189505e-09,4.888728e+07,1.354706e+08,1.410813e+08
3.209610e-08,1.209379e-07,3.871235e-07,1.963272e-09,8.971171e+06,5.783813e+07,6.489759e+07
2.541980e-08,1.572666e-07,6.306101e-09,1.305482e-08,7.898298e+07,3.587930e+07,2.206969e+07
2.113070e-08,9.016966e-08,3.000838e-09,5.432601e-09,1.255804e+08,6.817559e+07,4.518204e+07
3.915392e-09,1.317076e-09,7.511771e-07,3.528997e-07,1.843916e+07,2.821302e+07,4.638408e+07
4.397214e-09,2.836620e-09,4.525448e-09,4.016472e-09,2.241715e+08,2.548827e+08,2.962627e+08
8.437233e-09,1.307240e-09,1.009481e-08,4.271485e-08,1.083555e+08,1.121086e+08,1.338237e+08
2.103439e-07,1.037458e-07,2.454536e-09,3.619113e-09,4.400990e+07,4.665651e+07,5.160759e+07
1.113973e-09,3.569761e-08,1.417662e-09,1.172778e-09,7.957494e+08,2.057313e+08,1.545513e+08
1.146481e-09,1.137494e-07,2.110568e-07,1.271654e-07,6.428606e+07,1.047284e+07,8.314592e+06
1.169544e-08,4.972499e-08,2.977410e-07,3.733147e-08,1.694621e+07,2.215420e+07,2.321000e+07
4.076567e-07,1.744990e-09,4.235853e-09,6.746548e-07,2.406480e+07,2.408873e+07,2.914491e+07
5.731140e-08,1.886814e-08,8.766496e-08,2.186394e-08,1.410803e+07,2.738848e+07,4.923470e+07
4.061249e-08,3.370049e-08,2.237524e-07,1.089156e-09,1.049026e+07,1.114236e+08,1.650581e+08
9.280661e-07,2.768846e-09,3.031815e-09,2.167595e-09,1.885208e+07,2.915414e+07,4.081892e+08
1.130327e-07,9.513025e-09,5.853402e-07,2.190892e-08,3.887710e+06,1.965712e+07,6.926761e+07
2.176578e-09,5.880479e-09,4.090654e-07,8.223843e-09,3.351325e+07,1.240785e+08,1.437991e+08
1.984954e-08,1.339441e-08,1.951763e-07,7.835195e-07,1.606613e+07,1.387488e+07,9.761426e+06
2.849269e-09,7.470836e-08,1.139990e-09,7.621212e-07,5.548590e+08,1.064294e+08,4.190862e+06
5.537556e-08,1.120811e-08,2.119414e-07,6.343761e-07,9.230666e+06,9.723027e+06,1.185933e+07
1.135812e-07,3.524557e-07,8.240082e-09,3.510047e-09,3.268745e+07,2.952493e+07,2.843094e+07
6.817502e-09,7.316500e-08,8.776625e-08,1.111700e-08,4.088120e+07,3.559641e+07,3.506344e+07
3.831031e-08,1.119013e-08,8.496417e-09,4.342746e-09,5.542737e+07,8.384240e+07,1.434499e+08
1.487583e-07,6.097918e-08,6.756417e-09,1.105951e-07,3.154286e+07,2.736403e+07,1.217702e+07
2.339919e-08,1.605897e-08,1.791373e-09,2.133157e-07,1.544566e+08,1.194413e+08,1.708558e+07
2.969712e-08,1.174463e-07,5.053358e-08,8.827385e-09,2.581385e+07,3.007281e+07,3.105735e+07
8.913554e-07,7.123523e-09,8.078560e-07,1.405438e-07,1.178440e+06,3.049081e+06,3.160434e+07
1.501161e-09,4.256095e-09,8.288297e-08,6.903348e-08,8.965071e+07,6.790974e+07,5.833973e+07
5.206054e-09,1.150118e-08,1.254081e-07,2.295796e-07,3.913659e+07,2.716596e+07,1.946087e+07
6.862248e-07,6.299941e-09,2.419737e-07,1.709546e-07,2.454046e+06,3.796603e+06,3.047133e+07
3.220969e-09,1.265188e-09,2.870592e-08,1.861113e-09,1.039970e+08,3.571226e+08,6.516826e+08
1.866404e-08,2.597836e-08,2.414224e-09,3.269110e-08,1.489733e+08,9.981807e+07,3.431463e+07
4.321064e-09,9.437554e-09,2.312087e-07,6.224361e-07,3.163753e+07,2.076356e+07,1.304737e+07
4.347607e-09,2.331982e-07,1.419869e-08,3.128181e-09,1.272772e+08,4.052438e+07,3.702470e+07
1.225961e-07,5.783775e-09,1.520998e-09,5.507958e-08,7.323139e+07,7.254413e+07,5.602721e+07
9.426716e-07,5.943483e-09,6.864060e-08,4.035658e-09,3.931237e+06,1.663043e+07,2.041843e+08
3.357632e-08,1.696621e-07,2.548130e-09,2.430285e-07,1.081117e+08,4.417242e+07,4.924690e+06
8.356165e-08,8.074693e-07,1.499684e-08,6.661561e-07,2.824858e+07,8.747581e+06,1.363481e+06
8.722038e-08,2.528140e-09,5.139056e-07,2.269085e-08,4.723341e+06,2.264348e+07,1.320304e+08
1.455440e-08,2.384568e-07,9.285560e-09,5.136803e-08,8.601989e+07,2.241857e+07,9.035426e+06
5.164416e-09,9.022406e-09,5.470445e-07,7.702141e-07,1.881387e+07,1.484485e+07,1.199591e+07
2.094067e-07,1.836240e-09,3.320051e-07,4.383635e-07,3.792559e+06,5.005743e+06,3.524667e+07
1.492157e-08,1.590011e-08,9.162718e-09,2.977054e-07,8.552255e+07,6.041465e+07,1.453472e+07
1.430477e-08,4.903656e-07,2.368024e-07,3.500431e-07,1.718172e+07,3.745451e+06,2.413678e+06
7.226968e-07,3.943774e-09,1.110138e-07,1.777271e-07,3.530478e+06,4.487754e+06,3.777175e+07
5.103265e-07,5.186861e-08,6.888674e-08,2.537803e-09,5.333449e+06,2.695774e+07,8.716031e+07
1.154112e-07,1.724999e-08,5.324106e-08,2.391892e-07,1.275712e+07,1.315664e+07,1.556807e+07
6.052735e-07,2.242190e-08,1.281199e-07,1.700966e-07,3.591004e+06,4.669122e+06,1.619258e+07
2.132400e-07,2.104908e-07,2.320880e-08,2.374012e-08,1.421475e+07,1.418078e+07,1.414627e+07
2.223147e-07,4.203637e-08,7.748635e-07,1.648464e-07,2.409369e+06,5.275384e+06,1.201290e+07
1.129161e-08,2.241069e-09,4.475622e-08,1.153131e-08,4.448313e+07,8.977350e+07,1.967130e+08
6.418741e-08,2.510772e-08,4.285302e-08,5.329917e-07,1.906709e+07,1.680304e+07,8.644425e+06
8.495444e-07,1.409116e-09,5.924247e-08,2.931309e-07,4.457490e+06,4.883163e+06,4.920349e+07
3.652392e-07,4.396046e-08,4.636942e-09,6.363197e-08,2.429940e+07,2.377882e+07,1.890737e+07
2.836271e-09,1.800694e-07,2.188991e-07,8.502202e-07,4.013324e+07,5.604177e+06,2.555726e+06
8.295471e-09,9.387417e-09,3.615106e-08,1.523373e-09,5.774561e+07,1.966904e+08,2.644380e+08
1.914885e-09,5.410532e-08,1.578136e-07,4.064087e-08,5.752498e+07,2.350198e+07,2.132547e+07
6.389088e-09,1.448114e-07,9.326951e-08,3.875162e-07,4.096479e+07,9.379601e+06,4.221372e+06
7.427511e-09,5.820715e-08,1.117835e-07,3.787338e-08,3.470479e+07,2.320736e+07,2.129829e+07
4.721063e-07,8.521306e-09,4.187364e-07,3.673114e-08,2.249105e+06,7.849406e+06,5.652358e+07
5.425355e-08,1.287397e-09,1.023616e-07,1.894473e-09,1.341891e+07,9.838555e+07,6.403236e+08
3.787484e-09,2.692503e-07,1.235516e-08,1.896696e-07,1.461842e+08,1.776920e+07,4.425099e+06
1.304938e-07,1.880470e-07,2.380935e-07,2.898966e-07,5.673241e+06,4.900440e+06,4.282973e+06
1.435401e-08,3.126864e-08,5.632242e-09,6.885544e-09,1.112174e+08,8.411312e+07,6.815166e+07
4.834396e-09,7.340322e-07,4.509655e-07,4.565350e-08,2.141693e+07,5.713733e+06,5.462676e+06
7.912416e-08,1.457898e-08,9.782022e-07,4.754716e-08,3.594439e+06,1.534147e+07,3.798168e+07
1.111434e-09,4.725953e-08,6.947981e-09,4.133684e-08,3.598561e+08,5.895423e+07,2.262490e+07
6.021157e-09,7.844548e-08,1.097252e-09,6.642782e-08,3.890513e+08,1.047277e+08,1.385291e+07
1.525552e-08,1.276475e-08,5.170026e-09,5.848485e-09,1.126005e+08,1.140400e+08,1.157370e+08
7.642610e-08,1.462678e-09,5.159474e-09,1.901131e-07,5.035893e+07,5.055620e+07,5.996801e+07
1.476812e-07,1.115597e-08,2.186945e-08,3.273830e-08,1.759618e+07,2.191311e+07,5.232609e+07
2.655061e-07,4.694610e-07,4.024686e-08,3.680629e-09,9.673792e+06,2.008664e+07,2.405688e+07
3.691226e-08,1.997656e-08,3.460439e-09,1.858914e-07,8.848082e+07,7.193265e+07,1.641005e+07
8.125413e-08,1.392011e-09,3.028910e-08,2.736164e-07,2.015738e+07,2.106414e+07,5.123982e+07
8.466088e-07,2.587033e-07,4.342022e-08,2.736909e-09,5.215700e+06,1.874566e+07,3.758105e+07
4.583747e-08,1.656778e-09,1.786877e-07,2.123919e-07,1.104949e+07,1.472976e+07,5.330880e+07
1.178166e-08,1.240465e-09,2.380204e-09,1.304197e-09,1.888381e+08,3.019006e+08,7.862058e+08
3.315946e-09,2.468678e-07,2.855292e-09,2.925973e-08,3.249908e+08,3.919802e+07,1.176610e+07
4.465319e-08,7.117496e-07,9.507358e-07,1.857646e-08,4.853375e+06,8.518122e+06,8.696708e+06
7.909959e-07,6.444155e-08,1.447204e-08,4.081866e-07,9.346479e+06,9.145481e+06,6.165775e+06
2.311701e-07,3.026608e-09,1.328517e-08,2.819060e-09,1.804474e+07,4.284932e+07,3.423496e+08
9.872898e-07,6.527397e-08,2.658375e-07,5.946794e-09,1.951954e+06,1.278022e+07,5.075613e+07
1.555746e-09,2.076344e-07,1.629738e-09,6.263300e-07,6.280175e+08,5.422939e+07,2.772993e+06
4.451904e-08,3.077155e-09,1.148147e-09,1.051850e-07,1.398712e+08,1.360106e+08,5.558383e+07
3.030147e-09,2.537019e-07,6.562689e-07,7.678558e-09,2.242473e+07,2.265406e+07,2.265679e+07
5.994972e-09,6.324653e-09,2.508926e-07,1.072583e-09,2.578473e+07,2.756843e+08,3.839424e+08
8.376427e-07,8.667707e-07,1.269877e-07,5.427721e-07,3.066125e+06,2.387715e+06,1.457938e+06
1.658797e-07,1.661590e-09,5.709662e-07,2.287263e-07,3.249363e+06,6.045571e+06,5.129559e+07
2.391377e-07,1.101703e-08,2.219024e-08,1.328484e-07,1.372761e+07,1.449961e+07,2.613903e+07
3.948441e-08,2.400120e-07,2.503836e-09,1.575786e-07,1.005736e+08,3.810063e+07,5.142033e+06
3.327285e-09,1.707187e-07,3.317805e-07,7.347359e-09,3.009744e+07,2.827214e+07,2.823540e+07
2.670391e-07,3.041121e-09,2.996500e-09,3.378220e-07,3.535131e+07,3.530727e+07,3.119890e+07
4.136951e-07,2.008919e-07,3.410253e-09,6.520240e-09,2.662358e+07,2.695682e+07,2.763039e+07
5.881530e-07,8.954689e-08,6.870936e-08,1.448039e-08,4.974471e+06,1.110755e+07,2.777056e+07
6.222275e-09,5.090306e-09,2.127859e-07,2.506596e-07,2.748236e+07,2.771436e+07,2.799535e+07
2.238930e-09,6.991986e-08,7.944667e-09,1.978872e-07,2.371056e+08,4.259562e+07,8.501407e+06
5.248151e-07,1.691960e-07,5.970364e-09,1.491658e-07,1.786473e+07,1.584303e+07,6.294632e+06
2.783287e-08,4.201159e-09,1.100023e-07,2.734723e-08,1.807258e+07,3.775289e+07,9.329509e+07
9.316687e-08,1.679695e-08,1.375325e-09,4.020903e-08,8.834188e+07,8.269432e+07,3.847893e+07
3.316796e-08,8.768911e-08,2.893503e-07,2.332963e-07,1.020772e+07,8.003909e+06,6.991546e+06
4.188376e-09,7.285648e-09,1.133098e-09,1.827027e-07,4.590325e+08,2.781960e+08,2.740902e+07
6.777555e-09,1.453810e-08,2.474019e-09,1.445529e-07,2.442092e+08,1.388782e+08,2.181387e+07
1.880475e-07,7.735974e-07,3.365694e-07,1.600317e-09,3.974925e+06,2.555169e+07,2.842101e+07
1.941374e-09,4.509765e-08,3.562693e-09,2.967684e-09,3.802386e+08,1.145887e+08,8.643989e+07
2.862819e-07,2.567724e-08,8.372288e-07,2.542267e-09,2.042589e+06,3.556305e+07,1.237700e+08
6.014520e-07,2.091302e-07,5.538201e-09,1.665571e-09,1.732667e+07,3.103956e+07,5.358091e+07
1.624611e-07,1.538144e-09,2.334826e-09,2.424105e-07,5.134498e+07,5.134915e+07,5.178760e+07
5.944322e-08,1.077344e-07,4.198060e-07,6.311673e-07,6.330303e+06,4.870912e+06,3.834870e+06
3.901839e-09,7.112922e-08,1.657979e-08,7.529312e-07,1.243300e+08,2.866287e+07,4.321140e+06
2.234425e-07,1.226408e-08,2.391193e-08,1.679276e-07,1.368075e+07,1.423688e+07,2.203543e+07
2.750336e-08,2.847402e-09,3.082704e-08,1.062506e-08,3.434324e+07,6.457387e+07,1.818067e+08
1.137044e-09,5.227760e-07,1.878633e-08,3.516182e-07,2.163667e+08,1.034551e+07,2.332419e+06
1.773636e-09,2.374720e-08,5.621393e-08,1.148180e-08,1.001488e+08,6.410712e+07,6.056041e+07
9.916728e-09,1.467127e-09,2.521694e-09,1.953045e-08,1.999722e+08,1.983254e+08,1.868143e+08
1.513673e-07,2.209112e-09,2.856457e-07,5.322227e-09,4.809170e+06,3.530203e+07,2.916382e+08
6.099167e-07,1.507294e-09,9.915606e-08,2.179503e-09,4.066353e+06,2.769309e+07,5.517245e+08
2.236769e-09,2.111642e-08,4.166354e-07,6.526847e-07,3.275755e+07,1.297630e+07,8.518010e+06
4.596550e-07,1.871885e-08,1.215335e-07,4.303067e-07,4.230932e+06,4.696626e+06,1.114221e+07
7.207858e-08,8.073573e-08,1.797308e-08,2.220091e-09,2.778341e+07,5.754712e+07,7.469331e+07
6.316692e-07,1.152115e-08,2.826756e-07,5.117676e-09,2.366525e+06,1.758693e+07,1.302314e+08
4.707450e-07,1.732353e-07,7.994922e-07,1.990604e-07,1.630047e+06,3.121402e+06,5.385046e+06
1.937658e-07,6.878948e-07,8.568094e-07,3.704364e-07,2.454253e+06,2.094190e+06,1.980989e+06
6.287134e-09,2.368827e-07,1.188908e-09,3.335948e-08,3.657628e+08,5.985153e+07,1.124925e+07
1.379170e-07,1.073473e-07,1.826329e-08,3.352496e-07,1.992515e+07,1.534306e+07,5.271332e+06
5.502405e-07,1.768199e-08,8.635875e-08,7.118028e-09,4.587442e+06,1.636343e+07,8.913630e+07
1.792818e-08,1.093828e-09,4.401349e-07,4.332380e-08,1.125742e+07,3.650861e+07,1.452654e+08
1.221834e-08,4.984386e-09,1.217297e-09,1.806554e-07,2.592960e+08,2.192610e+08,3.332489e+07
9.363395e-07,1.337461e-09,3.579311e-08,3.040346e-09,5.462401e+06,1.950811e+07,4.959043e+08
9.295898e-07,1.248258e-08,3.460825e-08,5.515623e-07,5.575252e+06,5.709299e+06,1.205176e+07
3.239583e-08,3.810085e-08,4.616953e-09,1.307949e-08,8.176693e+07,6.447414e+07,4.479580e+07
9.046248e-09,9.190967e-07,1.906983e-08,1.439471e-08,7.613640e+07,1.146067e+07,8.693965e+06
4.863414e-09,4.754155e-08,1.558205e-07,8.193371e-09,3.632596e+07,4.951200e+07,5.066780e+07
2.224805e-07,7.492934e-09,1.014292e-09,4.539643e-07,6.656907e+07,6.554873e+07,1.714601e+07
7.769750e-07,4.332759e-08,2.779300e-07,6.271137e-08,2.151933e+06,4.881134e+06,1.918424e+07
1.030802e-09,1.247173e-07,1.859003e-08,2.811821e-08,2.284400e+08,2.665705e+07,1.688662e+07
9.687614e-07,9.140135e-09,7.937698e-08,6.406058e-09,3.606154e+06,1.313441e+07,1.306858e+08
2.627248e-08,4.948535e-09,5.278035e-07,2.194329e-08,8.492066e+06,3.899158e+07,9.596455e+07
2.708982e-08,2.247241e-07,3.706125e-09,1.672803e-09,9.980147e+07,5.869831e+07,5.157662e+07
4.661639e-09,1.704712e-07,2.597145e-09,7.001738e-08,2.873972e+08,4.775039e+07,9.153171e+06
2.250670e-09,6.328408e-08,1.609147e-07,1.256202e-08,5.254679e+07,3.618739e+07,3.546689e+07
2.063788e-09,8.420665e-08,5.304746e-09,1.970428e-08,3.022283e+08,5.266290e+07,2.454972e+07
1.550482e-07,3.461916e-09,2.419394e-08,4.640494e-07,1.632726e+07,1.656358e+07,2.494937e+07
3.090475e-09,8.696396e-08,1.266668e-08,6.712785e-08,1.598292e+08,3.228132e+07,1.308817e+07
3.041518e-08,6.360786e-09,9.933823e-08,1.505508e-07,1.819267e+07,2.131532e+07,3.231492e+07
2.245693e-08,1.066163e-09,6.530305e-08,9.927744e-09,2.611308e+07,7.023581e+07,3.073710e+08
1.509290e-07,3.702304e-07,2.171791e-08,7.543290e-08,1.746645e+07,1.066715e+07,5.983889e+06
7.796767e-07,7.314894e-07,1.297740e-08,1.176350e-07,9.941433e+06,7.524438e+06,3.409006e+06
2.672140e-09,9.329731e-07,4.148172e-07,9.831816e-08,3.003600e+07,3.667036e+06,3.301783e+06
8.299172e-07,1.787450e-08,1.773608e-09,7.020258e-08,2.606476e+07,2.611226e+07,2.822972e+07
1.341706e-07,5.113460e-08,4.050925e-08,2.114668e-09,1.356420e+07,5.181848e+07,9.616599e+07
2.084709e-08,1.045729e-08,1.925257e-08,9.748315e-09,4.991522e+07,7.025771e+07,9.904344e+07
1.020209e-07,3.945032e-07,3.410539e-07,1.562289e-08,5.360977e+06,1.161115e+07,1.273779e+07
6.479976e-07,4.279002e-07,7.599514e-08,7.576176e-09,4.506303e+06,1.161516e+07,1.756320e+07
3.820040e-08,2.469483e-09,1.484692e-08,1.084255e-09,4.199020e+07,1.559925e+08,6.111268e+08
1.850352e-07,1.231092e-09,2.365567e-09,1.441562e-09,4.779750e+07,7.741897e+07,7.506512e+08
4.808711e-08,2.652299e-09,5.767055e-09,2.095523e-08,6.004939e+07,6.601472e+07,1.341351e+08
3.287244e-08,1.866737e-07,3.176204e-07,8.184705e-08,9.786555e+06,8.366081e+06,8.090156e+06
8.351266e-08,2.635122e-09,4.021683e-07,5.572129e-09,5.456573e+06,4.595739e+07,2.609691e+08
8.891682e-08,4.045037e-07,1.783438e-08,1.300548e-07,2.511187e+07,1.136756e+07,4.359891e+06
1.070951e-09,1.552331e-07,1.394014e-07,3.480689e-08,8.184301e+07,1.515595e+07,1.360427e+07
2.047686e-08,7.690148e-07,6.828770e-08,1.434790e-08,2.674220e+07,1.033581e+07,9.520033e+06
4.355469e-09,6.733396e-08,4.109618e-09,3.918817e-08,2.363643e+08,6.123886e+07,1.946729e+07
3.527048e-09,2.457432e-09,2.654738e-09,1.809644e-07,3.268010e+08,2.527192e+08,4.742012e+07
1.264066e-08,4.716040e-09,8.508251e-07,1.534238e-09,9.642618e+06,1.939596e+08,3.717619e+08
7.309297e-07,1.762138e-07,1.346160e-09,2.066119e-07,3.187968e+07,2.870939e+07,5.240859e+06
3.644964e-09,4.234229e-09,3.256966e-08,2.514141e-09,9.177973e+07,2.331906e+08,3.064912e+08
6.970487e-07,1.138450e-07,7.823681e-09,1.696148e-07,1.354138e+07,1.284117e+07,7.196331e+06
3.409735e-09,1.931301e-09,4.996916e-08,1.649899e-09,7.661057e+07,3.423834e+08,5.602043e+08
8.352953e-09,7.064669e-07,6.394866e-08,1.380244e-09,4.326775e+07,3.217813e+07,3.202405e+07
1.177661e-09,1.227583e-08,2.081489e-08,1.452679e-07,2.019774e+08,6.389590e+07,2.368044e+07
2.593766e-08,2.138805e-09,3.290776e-08,2.578282e-08,3.422831e+07,4.963621e+07,1.346633e+08
5.547284e-09,1.173107e-09,1.490747e-08,2.582206e-07,1.099659e+08,1.027516e+08,5.745606e+07
8.270192e-09,7.653125e-07,2.255933e-09,6.199022e-08,2.315150e+08,2.436943e+07,4.591124e+06
4.091574e-07,2.138769e-08,9.799355e-07,7.385364e-07,1.579269e+06,2.348428e+06,7.956683e+06
1.419496e-09,3.196508e-09,6.438481e-08,6.717154e-09,1.046023e+08,1.887223e+08,2.158089e+08
8.897421e-07,2.175187e-08,1.004693e-07,2.542367e-08,3.344655e+06,7.353397e+06,4.252385e+07
1.203961e-08,1.140137e-08,3.254286e-07,7.554429e-07,1.597593e+07,1.369527e+07,1.077508e+07
8.220081e-09,6.135393e-09,1.856590e-08,3.398066e-09,8.094760e+07,1.557302e+08,2.190095e+08
1.762666e-09,1.140104e-09,1.725893e-09,5.748209e-08,5.733344e+08,4.534303e+08,1.235269e+08
1.843917e-08,1.217363e-07,1.263345e-09,4.099048e-09,2.071898e+08,8.594902e+07,4.476602e+07
6.390065e-08,1.880393e-08,2.998105e-08,3.964495e-09,2.284672e+07,5.876371e+07,1.158195e+08
3.010755e-08,9.549642e-07,2.159079e-07,1.725524e-08,1.240303e+07,7.970788e+06,7.790153e+06
8.835380e-08,2.848505e-08,3.032198e-07,4.513019e-07,6.109541e+06,6.869575e+06,8.819784e+06
4.296627e-07,1.626646e-07,8.785687e-09,1.393033e-09,1.627602e+07,3.747116e+07,6.643131e+07
2.759973e-08,3.110452e-09,1.890412e-08,1.646155e-07,4.377935e+07,4.382142e+07,4.419294e+07
2.346737e-07,2.145277e-07,9.427967e-08,1.163110e-09,6.722932e+06,4.401813e+07,6.330645e+07
2.949848e-09,1.369460e-07,1.291777e-08,7.378981e-07,1.619968e+08,2.372861e+07,3.145771e+06
3.848503e-07,3.942523e-08,2.106274e-07,7.237218e-08,3.512340e+06,6.614936e+06,1.872091e+07
1.995073e-07,1.161174e-08,5.190102e-07,4.151843e-08,3.107654e+06,1.110010e+07,4.554397e+07
6.264762e-07,4.244192e-09,3.191449e-08,2.662323e-08,7.072187e+06,1.045142e+07,9.407454e+07
7.324319e-07,4.135989e-09,3.448909e-09,4.190775e-09,1.989645e+07,2.678818e+07,2.401945e+08
3.896140e-07,1.589486e-09,4.021894e-09,1.668141e-07,2.526198e+07,2.551271e+07,6.141229e+07
3.320751e-07,7.131736e-07,1.097685e-07,9.766658e-08,5.237727e+06,4.302485e+06,3.789042e+06
5.111535e-07,1.166724e-09,1.037068e-08,1.610687e-09,1.373474e+07,3.741737e+07,7.294750e+08
5.909305e-09,2.816014e-08,1.288430e-08,3.174641e-08,1.146044e+08,5.659220e+07,3.344532e+07
4.097813e-07,1.110331e-08,2.881514e-07,2.065328e-08,2.910138e+06,1.110339e+07,6.603576e+07
8.847035e-09,1.155607e-09,1.717438e-08,3.108152e-07,8.112610e+07,7.837562e+07,5.276473e+07
8.900260e-09,8.021166e-08,9.011128e-08,9.960941e-08,3.531092e+07,1.540103e+07,1.118745e+07
8.750112e-07,1.504630e-08,7.475205e-08,6.304656e-07,3.910044e+06,4.100250e+06,1.026726e+07
8.542628e-07,2.203815e-08,7.497177e-09,1.643666e-07,1.249555e+07,1.261566e+07,1.661520e+07
1.142766e-07,2.381941e-07,4.712191e-09,4.507453e-07,4.309331e+07,2.466524e+07,3.051890e+06
1.160432e-08,8.544189e-07,9.538512e-08,3.122522e-07,3.005729e+07,3.975384e+06,1.936029e+06
3.035639e-09,3.473932e-09,6.973588e-09,1.073201e-08,2.173436e+08,1.906384e+08,1.637755e+08
1.429442e-07,1.357582e-08,1.711467e-09,5.409000e-08,6.393409e+07,6.205763e+07,3.690273e+07
9.269463e-09,6.952519e-09,8.589068e-09,2.823301e-07,1.120727e+08,8.599686e+07,2.257098e+07
8.875565e-07,1.519086e-09,2.833940e-07,7.536815e-09,1.993915e+06,1.237760e+07,2.955391e+08
2.046648e-09,2.870690e-09,6.188335e-08,3.116976e-09,8.885698e+07,2.617816e+08,3.343029e+08
1.828767e-09,2.019772e-07,9.444442e-09,1.606341e-09,2.406205e+08,5.978345e+07,5.551750e+07
5.538954e-07,1.070247e-08,5.418939e-07,5.199569e-09,1.825278e+06,1.854472e+07,1.340523e+08
5.682137e-08,6.190085e-09,2.183121e-07,6.124941e-08,8.978530e+06,1.821542e+07,5.135713e+07
2.397042e-08,4.800797e-09,1.954696e-07,1.422586e-08,1.460907e+07,5.119605e+07,1.210052e+08
7.026863e-07,2.182619e-09,1.628812e-08,4.593822e-08,9.347247e+06,1.086201e+07,9.986745e+07
6.901680e-08,3.244760e-08,5.242830e-07,3.395193e-07,5.257021e+06,6.915685e+06,9.527445e+06
8.668229e-07,3.929586e-08,2.831746e-09,5.203809e-09,2.018402e+07,2.453169e+07,6.993039e+07
2.164627e-07,2.839689e-07,1.138815e-07,6.799063e-07,6.369155e+06,4.526147e+06,2.275831e+06
2.701024e-07,9.934664e-07,2.128734e-07,3.488039e-07,4.170376e+06,2.446767e+06,1.698763e+06
1.551843e-08,1.342819e-08,1.212140e-07,1.282881e-08,2.305684e+07,5.456991e+07,7.619001e+07
3.465506e-08,3.687685e-08,2.085400e-09,2.369101e-08,1.176311e+08,8.540334e+07,3.383228e+07
4.144045e-08,1.149115e-09,1.261230e-08,4.243416e-07,4.374118e+07,4.378357e+07,4.528565e+07
1.479600e-09,3.393028e-07,2.539431e-08,3.692997e-07,1.631397e+08,1.111307e+07,2.824989e+06
4.025016e-09,1.520838e-07,2.263065e-08,2.200380e-08,1.047774e+08,2.396206e+07,1.728661e+07
3.731952e-07,3.402256e-07,9.563930e-09,3.209898e-07,1.673839e+07,1.228526e+07,3.026014e+06
4.580282e-09,7.832322e-08,9.311564e-09,5.871116e-08,1.531238e+08,3.874083e+07,1.474669e+07
2.382041e-08,9.336511e-07,8.267166e-09,8.545358e-09,7.126020e+07,1.576558e+07,1.119548e+07
1.609476e-09,5.230254e-09,1.894576e-08,2.138596e-07,1.810931e+08,9.165510e+07,2.990021e+07
8.210439e-08,3.311362e-07,2.475368e-08,1.406953e-07,2.218180e+07,1.072188e+07,4.632942e+06
7.760694e-07,9.648611e-08,6.106301e-09,1.654496e-09,1.452649e+07,2.967117e+07,7.914705e+07
8.820913e-08,2.377751e-09,3.783299e-07,1.224151e-09,5.474040e+06,9.511552e+07,5.861374e+08
3.370931e-09,1.708669e-08,2.013563e-09,8.465077e-08,3.838331e+08,1.576502e+08,2.629394e+07
6.271800e-08,1.941379e-09,3.516276e-09,6.227746e-09,6.733834e+07,8.295574e+07,2.875937e+08
6.459690e-09,3.084974e-09,3.421377e-09,7.592914e-07,2.127128e+08,1.753862e+08,2.066189e+07
7.664380e-08,5.541892e-07,1.498883e-09,1.340810e-08,9.329914e+07,3.429021e+07,1.160079e+07
4.719165e-09,4.417532e-09,3.292890e-09,1.271351e-09,2.536757e+08,3.454366e+08,4.219659e+08
6.561095e-09,3.193645e-07,1.043695e-07,4.127434e-08,3.821423e+07,1.018498e+07,8.709970e+06
1.633512e-08,6.999380e-07,2.819733e-07,8.824602e-07,1.473448e+07,2.556033e+06,1.272397e+06
8.903255e-08,3.050357e-07,1.742553e-09,7.827891e-09,8.028466e+07,4.219538e+07,2.046455e+07
5.379596e-09,7.526498e-08,1.972675e-08,1.134232e-08,9.707277e+07,4.149520e+07,3.422572e+07
1.339479e-07,7.375689e-07,4.429433e-07,2.685158e-07,4.105424e+06,2.619860e+06,2.247055e+06
3.576329e-09,1.143553e-09,6.048501e-09,4.742526e-08,2.150094e+08,1.987358e+08,1.357897e+08
1.817586e-07,1.227433e-07,3.837034e-09,5.675451e-09,3.786646e+07,3.787512e+07,3.788793e+07
1.999771e-09,4.785974e-09,1.114647e-07,7.866356e-07,6.697940e+07,3.885154e+07,1.629776e+07
8.119816e-09,8.513224e-08,9.252513e-09,1.600717e-08,1.153711e+08,4.276590e+07,2.708917e+07
1.083318e-07,1.985387e-08,1.387966e-07,3.860614e-09,8.155163e+06,4.557321e+07,1.142219e+08
4.847299e-08,8.354660e-09,7.099856e-08,3.575826e-07,1.704611e+07,1.723549e+07,1.829563e+07
4.751344e-09,8.556655e-07,3.376535e-08,3.962558e-07,7.895073e+07,6.111770e+06,1.717355e+06
3.825405e-09,1.192893e-09,2.079206e-09,3.753799e-07,3.545786e+08,3.104363e+08,4.725673e+07
1.279581e-08,9.920604e-09,7.273698e-09,3.082071e-08,1.036546e+08,8.648918e+07,5.718862e+07
4.740495e-07,2.047720e-08,3.983743e-08,2.462747e-09,7.276834e+06,2.952709e+07,1.408169e+08
1.880063e-09,1.011253e-08,1.575288e-07,1.946392e-08,5.810773e+07,6.937868e+07,7.127790e+07
3.125507e-08,3.291129e-07,1.337429e-07,1.784179e-07,1.546694e+07,6.025062e+06,4.126752e+06
7.151424e-09,1.621931e-09,3.524241e-08,3.178419e-08,6.298990e+07,8.258523e+07,1.392766e+08
8.871296e-07,9.897666e-09,7.706348e-07,4.634455e-08,1.209434e+06,5.049857e+06,4.669111e+07
1.738042e-08,3.039231e-07,7.217382e-07,1.248451e-07,8.928531e+06,5.407563e+06,5.133724e+06
7.981059e-09,5.898599e-09,4.594472e-09,3.993520e-08,1.651399e+08,1.322329e+08,6.515498e+07
3.102343e-09,6.230983e-07,2.983604e-07,7.189361e-09,3.286885e+07,1.508233e+07,1.494089e+07
2.060543e-08,3.681766e-07,5.444965e-07,7.104516e-07,9.440861e+06,2.888651e+06,1.955261e+06
2.074867e-09,5.864946e-08,2.569900e-07,7.158187e-09,4.330587e+07,4.862760e+07,4.880524e+07
2.708181e-09,4.434225e-07,1.398633e-09,1.134613e-09,5.138178e+08,5.981800e+07,4.458279e+07
5.839019e-09,9.666058e-08,2.551097e-07,4.303073e-09,2.590995e+07,4.801553e+07,4.903272e+07
7.064120e-07,7.692543e-08,3.787186e-07,2.946259e-07,1.933360e+06,2.775559e+06,6.642470e+06
3.665040e-08,3.204374e-08,3.237852e-08,6.946378e-07,2.902901e+07,2.169225e+07,6.702691e+06
9.826166e-07,4.925616e-07,2.796704e-09,2.655880e-09,1.907589e+07,2.230753e+07,2.764811e+07
1.221177e-08,3.871402e-07,3.732326e-08,1.161209e-08,4.684043e+07,1.681467e+07,1.491457e+07
3.090493e-07,1.167076e-09,2.724047e-07,4.252612e-09,3.446504e+06,2.774620e+07,4.488721e+08
2.305746e-07,3.003157e-07,2.603293e-07,1.178609e-07,4.081621e+06,4.818439e+06,5.315279e+06
9.603581e-09,2.320389e-07,2.300053e-09,1.231763e-09,2.127720e+08,7.182570e+07,5.915017e+07
1.952991e-07,3.961654e-08,5.390101e-08,6.354104e-07,9.746560e+06,9.256059e+06,6.302816e+06
2.980437e-07,5.616735e-08,2.532371e-07,1.828352e-08,3.639958e+06,1.286698e+07,3.120528e+07
1.381988e-07,1.258592e-09,1.483887e-09,1.027418e-09,6.983088e+07,1.086814e+08,8.793949e+08
1.903803e-07,1.504328e-09,1.993026e-09,6.816383e-08,5.133724e+07,5.187779e+07,9.875333e+07
4.235028e-08,2.683696e-07,1.427968e-08,1.301184e-09,4.066425e+07,5.194965e+07,5.351357e+07
8.956653e-08,1.249129e-07,1.368368e-08,1.786195e-09,2.856444e+07,5.432312e+07,6.694712e+07
2.472279e-08,8.502316e-08,3.104866e-08,6.436697e-08,3.609356e+07,2.085751e+07,1.351761e+07
1.980472e-09,2.995616e-08,1.932995e-08,4.984771e-09,1.616219e+08,8.888984e+07,8.183410e+07
8.919117e-09,1.162059e-07,2.857078e-08,2.160035e-09,6.264379e+07,6.308463e+07,6.311834e+07
7.400724e-07,4.342593e-07,1.206335e-09,3.455474e-08,3.346794e+07,2.702852e+07,8.163410e+06
3.449751e-07,5.014977e-08,4.420145e-07,2.828900e-07,2.560872e+06,3.830418e+06,8.395696e+06
1.770851e-07,1.217272e-08,1.928750e-09,1.768229e-09,5.410919e+07,7.568144e+07,2.155445e+08
1.231534e-08,8.912417e-08,2.270731e-09,1.907538e-09,1.891010e+08,9.751584e+07,7.669475e+07
5.057686e-09,2.722972e-08,2.043685e-08,4.201408e-07,9.835967e+07,3.986486e+07,9.349341e+06
1.579295e-09,5.843783e-07,1.686469e-08,1.326330e-09,1.937668e+08,3.725464e+07,3.591924e+07
2.413656e-09,1.083744e-09,2.632282e-09,1.197064e-08,3.967309e+08,3.640176e+08,2.776374e+08
1.823783e-08,7.301426e-08,1.422939e-08,3.408614e-08,6.207550e+07,3.303999e+07,2.004506e+07
5.201741e-07,2.113104e-09,1.266041e-07,1.473016e-09,3.896742e+06,3.626214e+07,5.668079e+08
1.415974e-09,5.074627e-09,3.781862e-09,4.701754e-08,4.321350e+08,2.097993e+08,6.473930e+07
7.807023e-07,1.038339e-08,1.243665e-07,1.245363e-09,3.209265e+06,3.201871e+07,2.780881e+08
1.075404e-07,5.309991e-09,5.904116e-07,2.455787e-08,3.968594e+06,1.938663e+07,8.757049e+07
6.362737e-07,7.871425e-08,1.227291e-09,1.935796e-09,3.578527e+07,4.315217e+07,8.101092e+07
1.726340e-07,2.705120e-09,8.219177e-09,2.802099e-09,2.654744e+07,5.224210e+07,3.632160e+08
1.326781e-08,4.281851e-08,3.282869e-07,4.075103e-08,1.515213e+07,2.217742e+07,2.393949e+07
1.454652e-09,3.518722e-07,6.897058e-07,3.461862e-08,3.157101e+07,9.265981e+06,9.060510e+06
3.256676e-08,2.493007e-08,2.100025e-08,4.266327e-07,3.823847e+07,2.947812e+07,9.696415e+06
4.543199e-08,8.387015e-07,3.413617e-07,8.007764e-08,8.029930e+06,4.175857e+06,3.858697e+06
1.024486e-09,1.906102e-09,1.312593e-08,8.374890e-08,2.726980e+08,1.734098e+08,7.914753e+07
2.193933e-09,5.327582e-09,4.665034e-09,3.344589e-09,3.125798e+08,2.612490e+08,2.368992e+08
9.709484e-08,3.223963e-09,1.267352e-09,3.111078e-09,9.014741e+07,1.052117e+08,3.157544e+08
2.122748e-07,5.994234e-09,2.218609e-09,1.140428e-07,4.607978e+07,4.588253e+07,3.824716e+07
3.089755e-09,1.055995e-08,1.655355e-07,6.665816e-08,4.421732e+07,3.926371e+07,3.769142e+07
1.581314e-09,1.029169e-09,9.469567e-08,2.586356e-08,8.171955e+07,1.373190e+08,1.938262e+08
4.400255e-07,3.968343e-07,6.468586e-07,1.202279e-09,1.874375e+06,3.155544e+07,4.578179e+07
1.531942e-08,9.079110e-08,2.492661e-07,1.586643e-08,1.618256e+07,2.513513e+07,2.634746e+07
1.310520e-09,1.062193e-08,5.515560e-07,1.195398e-09,3.719489e+07,2.650630e+08,2.806352e+08
1.308556e-08,1.717495e-08,8.773530e-07,6.558333e-07,9.332901e+06,9.383728e+06,9.422269e+06
6.430975e-07,1.286853e-08,3.691265e-09,1.512683e-09,2.052457e+07,3.769330e+07,2.266531e+08
6.261446e-08,6.151987e-08,1.290613e-09,5.896397e-08,1.112409e+08,7.986523e+07,1.660347e+07
2.796985e-09,1.993670e-09,6.627801e-09,7.228480e-09,2.322577e+08,2.457071e+08,2.634207e+08
1.433109e-07,9.212280e-07,1.238643e-07,3.291356e-08,7.505633e+06,6.010368e+06,5.742870e+06
4.776294e-09,8.451320e-09,3.427377e-07,2.171376e-09,2.471574e+07,1.871816e+08,2.334373e+08
1.044220e-08,2.706905e-07,4.216596e-07,8.485497e-08,1.507034e+07,7.096115e+06,6.598190e+06
4.487281e-09,5.571427e-07,6.463663e-09,4.118652e-08,1.856817e+08,1.785214e+07,6.601449e+06
3.051501e-07,3.897749e-09,1.196464e-09,6.675059e-09,5.233514e+07,5.647278e+07,1.960494e+08
3.872423e-07,5.218879e-09,3.985329e-07,3.013167e-08,2.545520e+06,9.537110e+06,7.974433e+07
1.521251e-07,1.729057e-08,1.633585e-07,2.381482e-09,6.343498e+06,5.014670e+07,1.558374e+08
2.641861e-07,7.464443e-09,2.467806e-08,2.634728e-08,1.238482e+07,1.699669e+07,7.130721e+07
3.405840e-08,2.675167e-09,1.096073e-07,4.462982e-07,1.636696e+07,1.758881e+07,2.894090e+07
2.645929e-08,1.265953e-08,5.940231e-07,3.275571e-07,7.976443e+06,1.100344e+07,1.552915e+07
2.975655e-07,4.994919e-07,5.889293e-09,4.796019e-09,2.388785e+07,2.178596e+07,2.043127e+07
9.462073e-09,2.683846e-08,6.685047e-09,1.471261e-09,1.257346e+08,1.511448e+08,1.591389e+08
7.212831e-09,1.052156e-09,6.091377e-07,5.258966e-08,1.508653e+07,4.999315e+07,1.344342e+08
8.697532e-07,5.177218e-07,2.850811e-08,2.523587e-07,6.350644e+06,5.304498e+06,2.766576e+06
2.498656e-08,2.218155e-08,6.993010e-08,9.140687e-09,2.392295e+07,5.121089e+07,7.022871e+07
3.646458e-08,2.372256e-07,5.921131e-07,1.454287e-08,6.805532e+06,1.604406e+07,1.702528e+07
2.022877e-08,9.623667e-07,1.469065e-09,5.543116e-08,1.834403e+08,2.666687e+07,4.329650e+06
3.312416e-07,3.691666e-08,9.527261e-08,1.154310e-07,5.629159e+06,7.213955e+06,1.531890e+07
2.652331e-08,5.332703e-07,1.747405e-09,4.627465e-07,1.468890e+08,3.203374e+07,2.013051e+06
1.691891e-07,1.191153e-08,7.811853e-08,5.457665e-07,8.698348e+06,8.989009e+06,1.240260e+07
2.936894e-08,2.410208e-07,1.602710e-08,1.325909e-08,4.609230e+07,2.257626e+07,1.768951e+07
8.627246e-09,6.616564e-09,1.812275e-09,1.251360e-08,2.529018e+08,2.035685e+08,1.098987e+08
9.425105e-09,5.898362e-07,5.948147e-08,5.667119e-07,4.223437e+07,5.567678e+06,1.729630e+06
2.063337e-07,2.243020e-07,2.044968e-09,5.644713e-08,4.868236e+07,3.430279e+07,8.887149e+06
6.486953e-07,6.944133e-09,1.190853e-08,1.398303e-09,1.137759e+07,3.491203e+07,3.209153e+08
1.124423e-08,1.273470e-07,4.728816e-08,8.650180e-08,4.336695e+07,1.536226e+07,9.527808e+06
9.588946e-08,5.514570e-07,3.610758e-07,2.930712e-07,5.374219e+06,3.090178e+06,2.487468e+06
1.204656e-09,1.865365e-07,4.878246e-07,1.045338e-07,4.125120e+07,7.865972e+06,7.161266e+06
1.443892e-07,1.998876e-07,1.524111e-08,5.970778e-08,2.131691e+07,1.546696e+07,9.153595e+06
7.251936e-08,1.624759e-08,3.140602e-09,2.932449e-08,6.626231e+07,6.301747e+07,4.581316e+07
4.661876e-07,4.400875e-09,1.489802e-07,1.396296e-08,3.794507e+06,1.290163e+07,1.275680e+08
2.211475e-09,1.146848e-09,4.320107e-07,8.143308e-07,3.235279e+07,3.247952e+07,3.272251e+07
1.516177e-08,5.903093e-08,4.433538e-08,4.795979e-07,3.857001e+07,1.822399e+07,5.943216e+06
4.992904e-08,2.990234e-08,4.511402e-08,6.301461e-09,2.107015e+07,4.759745e+07,7.284953e+07
2.900128e-08,1.214902e-08,3.875005e-08,1.618752e-08,2.983014e+07,4.613408e+07,7.130814e+07
5.352836e-08,5.626074e-07,5.968741e-09,3.988553e-08,5.594569e+07,1.768083e+07,6.675589e+06
5.848958e-08,2.954069e-08,2.146124e-07,8.846531e-07,8.925516e+06,8.110010e+06,6.185904e+06
4.921636e-08,4.048958e-07,1.014229e-08,1.251568e-09,4.475868e+07,4.445888e+07,4.442230e+07
5.073618e-07,9.467261e-09,3.846138e-08,3.345751e-08,7.158609e+06,1.039893e+07,5.618767e+07
1.909932e-09,1.235596e-08,3.867191e-09,7.141763e-08,3.679537e+08,1.382305e+08,3.366349e+07
2.034476e-09,5.211790e-08,1.587186e-09,2.467912e-08,5.564931e+08,1.112787e+08,2.788314e+07
7.558943e-07,8.951783e-07,9.932261e-09,4.560075e-07,1.154105e+07,7.893539e+06,1.565162e+06
4.101328e-09,2.825138e-07,3.739339e-07,5.662680e-08,2.553526e+07,8.422853e+06,7.906225e+06
1.662882e-07,1.011847e-08,8.421224e-09,1.213401e-08,2.672278e+07,3.376866e+07,9.024859e+07
4.373283e-08,4.661085e-08,7.322840e-09,1.169058e-09,5.588001e+07,1.047842e+08,1.354685e+08
8.359183e-09,3.662068e-09,3.661706e-08,2.532474e-07,5.715791e+07,5.099275e+07,3.283706e+07
4.569467e-08,2.397297e-09,8.149956e-09,3.971063e-07,5.181907e+07,5.102671e+07,3.241049e+07
3.198172e-07,1.496205e-07,8.354868e-08,6.335743e-07,6.117575e+06,5.372040e+06,3.247922e+06
1.310812e-08,5.415944e-07,6.059847e-08,1.885595e-07,3.548126e+07,6.269780e+06,3.129239e+06
8.923595e-08,7.968321e-09,3.724677e-09,3.662806e-08,5.485115e+07,5.516232e+07,5.853419e+07
1.148120e-07,1.745220e-08,7.875184e-08,2.392202e-08,1.051662e+07,2.029923e+07,4.894136e+07
2.233558e-09,2.681318e-09,2.900548e-08,6.772414e-08,1.242400e+08,1.000948e+08,7.420858e+07
4.750263e-07,1.126321e-09,5.884322e-07,2.534249e-09,1.891442e+06,2.884932e+07,5.918945e+08
4.748619e-08,1.190844e-09,6.406195e-08,1.272833e-08,1.813077e+07,4.398507e+07,2.568543e+08
1.390956e-08,2.734259e-07,2.114329e-08,3.555394e-07,5.831188e+07,1.320575e+07,3.207275e+06
1.330927e-09,7.608903e-09,6.256779e-08,7.178874e-08,1.095841e+08,5.784438e+07,4.278690e+07
1.436039e-07,1.079175e-07,4.472761e-07,1.468523e-07,3.945745e+06,5.996868e+06,7.943532e+06
1.190747e-09,6.930205e-07,3.629624e-08,4.151041e-07,1.521105e+08,6.569401e+06,1.864440e+06
2.605850e-07,5.669006e-07,3.793984e-07,3.867309e-09,3.180369e+06,1.776714e+07,2.135709e+07
5.245849e-07,2.194060e-09,3.001416e-07,1.359036e-08,2.520165e+06,1.208333e+07,1.831303e+08
4.160154e-08,3.440920e-07,3.199036e-07,2.337185e-08,8.668335e+06,1.091048e+07,1.115106e+07
9.643409e-09,1.308833e-08,4.070518e-09,1.151341e-09,1.596099e+08,2.213958e+08,2.576059e+08
8.045157e-08,5.406126e-07,6.067090e-07,1.211080e-08,4.526292e+06,1.164494e+07,1.235864e+07
9.131513e-09,9.073420e-08,6.885038e-09,8.094644e-08,1.261175e+08,3.972509e+07,1.166852e+07
1.106977e-09,1.371758e-09,7.476312e-09,1.449038e-09,3.476057e+08,5.765194e+08,7.092859e+08
3.356855e-08,1.783952e-07,5.020050e-09,1.676446e-09,7.703350e+07,6.126948e+07,5.782473e+07
1.114538e-07,4.520953e-09,1.361391e-09,7.267730e-08,8.118226e+07,8.032613e+07,5.516779e+07
9.735205e-09,2.353215e-08,4.485477e-07,9.615223e-09,1.513293e+07,5.650889e+07,6.647977e+07
1.062324e-07,1.383683e-09,5.136820e-09,2.765663e-07,4.280794e+07,4.292501e+07,5.111895e+07
1.493549e-09,6.463165e-08,1.467214e-08,1.489459e-09,2.136208e+08,1.057542e+08,1.019209e+08
1.530329e-08,5.558778e-07,5.109758e-07,1.491922e-08,1.130856e+07,1.098979e+07,1.098088e+07
1.797300e-09,7.063857e-09,1.012842e-09,2.342927e-09,7.411718e+08,3.994851e+08,2.458101e+08
2.104867e-08,3.529528e-09,3.683369e-07,3.505560e-09,1.135704e+07,1.082438e+08,2.842909e+08
3.842639e-07,1.397177e-07,1.130553e-09,1.354902e-07,4.797774e+07,4.125732e+07,7.268090e+06
6.393868e-07,2.344790e-08,2.201757e-09,9.227591e-07,2.665223e+07,2.620778e+07,6.798355e+06
8.173358e-08,1.633339e-09,9.452171e-08,5.720300e-07,1.137716e+07,1.216032e+07,3.271542e+07
2.998864e-07,2.191423e-07,8.259518e-07,2.514981e-07,2.009298e+06,3.161245e+06,4.259607e+06
2.463256e-08,5.010222e-07,3.552370e-09,4.079562e-09,1.069021e+08,3.165199e+07,2.211896e+07
1.549072e-09,1.744552e-07,2.783591e-07,8.546312e-07,4.815722e+07,5.201868e+06,2.589814e+06
2.713286e-09,8.454387e-09,2.291655e-08,2.171204e-07,1.268170e+08,6.572533e+07,2.334042e+07
4.301134e-08,2.069420e-09,5.494638e-08,8.675085e-08,2.057022e+07,2.567903e+07,7.463435e+07
8.305744e-08,5.112197e-07,4.889523e-09,5.814197e-09,4.962237e+07,2.517067e+07,1.834220e+07
9.096428e-09,4.856083e-07,4.846211e-08,5.255245e-07,4.762812e+07,6.749634e+06,1.979522e+06
1.541672e-09,2.149134e-09,7.054345e-07,7.412751e-07,3.032325e+07,2.737865e+07,2.505408e+07
1.028825e-08,9.757852e-09,3.719280e-07,1.219268e-09,1.616590e+07,2.026032e+08,2.899168e+08
7.512851e-07,2.793694e-08,5.539909e-08,4.433800e-08,4.901695e+06,7.218690e+06,2.841336e+07
3.143848e-07,1.401068e-07,1.472083e-07,8.182362e-08,4.648395e+06,6.468142e+06,9.339661e+06
2.203585e-08,4.349978e-07,5.371452e-09,3.048671e-07,9.191561e+07,2.035976e+07,2.746004e+06
8.933774e-09,5.673958e-08,8.257261e-08,4.567469e-09,3.681837e+07,5.931418e+07,6.211824e+07
6.808243e-08,8.467257e-07,1.758871e-07,5.609526e-08,9.138302e+06,5.069701e+06,4.588445e+06
3.141920e-09,2.052355e-09,6.269536e-09,2.183431e-07,2.253122e+08,1.777326e+08,4.723937e+07
2.984868e-09,5.118015e-07,4.647728e-08,1.015124e-07,8.490183e+07,7.805887e+06,4.387222e+06
3.437873e-07,1.388944e-09,1.298961e-09,1.066630e-07,4.732134e+07,4.751273e+07,8.215816e+07
3.520498e-08,1.048285e-08,1.062725e-07,1.278760e-08,1.634886e+07,4.379029e+07,8.637056e+07
2.184187e-07,1.018028e-09,1.734915e-08,3.328686e-08,1.624486e+07,1.998939e+07,1.717844e+08
6.203372e-09,1.190821e-07,2.641701e-07,5.109431e-07,2.470269e+07,6.770240e+06,4.054063e+06
3.004513e-08,1.065045e-08,8.473151e-07,4.073489e-07,6.267444e+06,9.451144e+06,1.518213e+07
6.621737e-09,2.901680e-07,1.873187e-08,1.331139e-07,8.978907e+07,1.432434e+07,5.088194e+06
3.419031e-09,3.355283e-09,1.663467e-07,1.644307e-08,4.193159e+07,9.932185e+07,1.346307e+08
3.694887e-09,1.777919e-09,2.649400e-08,4.369521e-07,1.010708e+08,8.552713e+07,3.587791e+07
4.846450e-07,2.482582e-09,1.074607e-08,3.000368e-07,1.385681e+07,1.406679e+07,3.664046e+07
3.956445e-09,2.913001e-08,7.554714e-09,6.603756e-07,1.829104e+08,6.361154e+07,7.209982e+06
5.217142e-08,2.727622e-09,1.023108e-09,5.512854e-08,1.368746e+08,1.346635e+08,8.154919e+07
1.248944e-07,5.431989e-08,1.997887e-08,6.511082e-07,2.001903e+07,1.696645e+07,5.317334e+06
2.081236e-07,4.478460e-09,9.702647e-08,3.217722e-07,7.037108e+06,7.943274e+06,2.634277e+07
1.759533e-09,1.119603e-07,1.990432e-07,3.934513e-07,5.343523e+07,8.156519e+06,4.764556e+06
2.370176e-08,8.647420e-08,1.025771e-08,9.024155e-08,6.413343e+07,3.139131e+07,1.132018e+07
5.406834e-09,4.681221e-07,2.806517e-08,1.074344e-09,8.117918e+07,4.517647e+07,4.459115e+07
2.171500e-07,8.128687e-07,1.414268e-07,7.217755e-09,5.706296e+06,1.189009e+07,1.305536e+07
2.288645e-07,2.071618e-09,4.087378e-08,1.734977e-09,1.033923e+07,5.100752e+07,5.274707e+08
6.589455e-07,3.438976e-09,1.400765e-09,9.032146e-09,3.291491e+07,3.528333e+07,1.794279e+08
4.361689e-08,3.029647e-07,1.786263e-07,1.873672e-08,1.132922e+07,1.304400e+07,1.327264e+07
1.753304e-08,4.448694e-09,4.492869e-09,2.647988e-07,1.126703e+08,1.014754e+08,2.913572e+07
2.526365e-09,8.467336e-08,4.360453e-07,2.388530e-09,3.012910e+07,6.948056e+07,7.031714e+07
8.682524e-09,3.205352e-09,6.919981e-08,1.063132e-07,4.079665e+07,4.479778e+07,5.417121e+07
2.117925e-07,1.060739e-09,4.059227e-07,4.442342e-07,3.410539e+06,4.706323e+06,4.606698e+07
3.840505e-09,1.643597e-07,1.224875e-07,1.960311e-08,4.610627e+07,1.875690e+07,1.761732e+07
6.751084e-09,7.080850e-08,5.022406e-07,6.137027e-07,1.717344e+07,6.832323e+06,4.797095e+06
2.915663e-09,2.101653e-08,1.106532e-07,6.882284e-08,5.567360e+07,3.138078e+07,2.629379e+07
1.041121e-07,1.314967e-09,6.033035e-09,1.679031e-08,3.990079e+07,4.622919e+07,2.128204e+08
8.552758e-09,5.102616e-07,1.608337e-08,1.066996e-08,8.526255e+07,1.733457e+07,1.355258e+07
1.503185e-08,9.105454e-09,1.157288e-09,7.174912e-07,2.397580e+08,1.893585e+08,1.237203e+07
4.477300e-08,2.877385e-07,6.819954e-08,3.103473e-08,1.809678e+07,1.187443e+07,1.058223e+07
3.497995e-08,1.992451e-08,7.403672e-07,6.105538e-07,6.213937e+06,7.377779e+06,9.066595e+06
1.919350e-08,2.669439e-08,1.219986e-08,4.720736e-08,6.534998e+07,4.741200e+07,2.816989e+07
6.350067e-08,1.668296e-09,4.883126e-08,7.899183e-09,1.795816e+07,4.750591e+07,2.754688e+08
6.401982e-08,6.502944e-09,1.114458e-08,5.845760e-07,3.743785e+07,3.600843e+07,1.621902e+07
7.141367e-07,1.365422e-08,2.761464e-07,1.918525e-08,2.251851e+06,8.751819e+06,6.178496e+07
2.048018e-07,1.822623e-07,5.809620e-08,2.217021e-09,9.167676e+06,3.478212e+07,4.974697e+07
2.371827e-07,3.842926e-09,5.250892e-09,9.904928e-09,2.833622e+07,3.477090e+07,1.620852e+08
6.137917e-08,1.131330e-09,2.501764e-07,1.381876e-08,8.069866e+06,3.495134e+07,2.529128e+08
1.394316e-09,1.481845e-09,2.440503e-08,3.225305e-08,1.714272e+08,1.581974e+08,1.446482e+08
5.722085e-07,1.931790e-07,4.583449e-08,2.340770e-07,6.174853e+06,5.838403e+06,4.702628e+06
9.164819e-09,2.342826e-07,3.606364e-09,3.958770e-08,1.739415e+08,3.525287e+07,1.038364e+07
2.914039e-07,1.106748e-07,8.105137e-08,6.286535e-09,6.506870e+06,2.064715e+07,3.791142e+07
2.914739e-08,4.874215e-09,8.897216e-09,1.603136e-07,6.209736e+07,5.905062e+07,3.577359e+07
6.740284e-08,7.017744e-09,6.808274e-07,8.752300e-09,4.668124e+06,3.943357e+07,1.275969e+08
2.530384e-07,5.493325e-09,3.506888e-08,5.613398e-08,1.061563e+07,1.338670e+07,5.694682e+07
1.014536e-07,1.595615e-07,1.566114e-08,2.816062e-08,2.508734e+07,1.951099e+07,1.491814e+07
2.424961e-09,8.789298e-09,4.705141e-07,5.769503e-07,2.960474e+07,1.854936e+07,1.404280e+07
5.742933e-08,1.210103e-09,6.837329e-09,9.692609e-08,5.046495e+07,5.167300e+07,9.233546e+07
1.260820e-07,1.576591e-07,3.172419e-09,4.094824e-08,5.000094e+07,3.459768e+07,1.244580e+07
8.406715e-08,3.758597e-08,1.874429e-09,3.794460e-07,7.966220e+07,6.638560e+07,8.373599e+06
9.753304e-08,4.290588e-08,5.187773e-09,4.647499e-07,4.445633e+07,3.725429e+07,7.081609e+06
9.138486e-08,2.304361e-07,6.162789e-08,2.771600e-08,1.332521e+07,1.274886e+07,1.251294e+07
1.118705e-08,1.004571e-09,3.329654e-07,2.401060e-09,1.638486e+07,1.854933e+08,6.438848e+08
1.331363e-07,7.099027e-07,7.958238e-08,1.298349e-08,9.715009e+06,1.030855e+07,1.041609e+07
1.026896e-08,3.671764e-08,6.599662e-07,5.119864e-07,1.214719e+07,8.591678e+06,7.293457e+06
5.210249e-08,6.362738e-07,3.569031e-09,7.842684e-09,7.333235e+07,2.433633e+07,1.415617e+07
8.047205e-07,6.741275e-07,1.534011e-09,6.684432e-09,2.846186e+07,2.328019e+07,1.489693e+07
5.689525e-09,1.853924e-07,4.613221e-08,3.809719e-09,6.172483e+07,3.856330e+07,3.762769e+07
3.708243e-09,8.420893e-07,8.459645e-09,1.967816e-08,1.785418e+08,1.413655e+07,7.768348e+06
4.815988e-09,8.340548e-08,1.909473e-09,2.245555e-09,3.297619e+08,1.048048e+08,7.307030e+07
3.488055e-09,1.104986e-07,2.121275e-09,7.548860e-07,3.676291e+08,6.439969e+07,3.462429e+06
3.586837e-08,2.032802e-08,1.191968e-09,4.973366e-07,1.529368e+08,1.223301e+08,9.945515e+06
2.237573e-08,8.301983e-09,7.825465e-07,4.534700e-08,7.557119e+06,2.757696e+07,5.153886e+07
1.186146e-07,1.391979e-07,2.507061e-08,1.047961e-09,1.833785e+07,6.209658e+07,8.279633e+07
5.913018e-07,8.171054e-07,5.790553e-07,5.247970e-08,1.708974e+06,3.841306e+06,4.829090e+06
6.341370e-07,4.952659e-07,6.867805e-09,5.086546e-07,1.515303e+07,1.143086e+07,1.992367e+06
3.199379e-09,1.154306e-08,2.078102e-07,1.043312e-09,3.878232e+07,2.556206e+08,2.881592e+08
7.286318e-08,5.373916e-08,9.240261e-09,1.012018e-08,3.853930e+07,4.043901e+07,4.288056e+07
5.231725e-07,9.742588e-09,8.240615e-07,1.048029e-07,1.522992e+06,4.492424e+06,3.129509e+07
3.750873e-07,6.512917e-07,5.649472e-09,7.837958e-08,2.172351e+07,1.359739e+07,4.425993e+06
7.405131e-09,4.369798e-09,1.909860e-07,2.469212e-07,2.659089e+07,2.808225e+07,3.044319e+07
2.924023e-08,5.647595e-07,4.682818e-08,3.792394e-09,2.702439e+07,2.190585e+07,2.160785e+07
3.610114e-08,7.223398e-09,1.593937e-08,5.935758e-07,4.168732e+07,3.856129e+07,1.527183e+07
1.512822e-09,9.895731e-08,1.702616e-07,7.859890e-08,6.230855e+07,1.360482e+07,1.133882e+07
4.151376e-09,1.133841e-09,9.243653e-07,1.423621e-07,1.614292e+07,3.916303e+07,7.870942e+07
9.145079e-07,6.786749e-08,6.199952e-09,1.235619e-09,1.328043e+07,3.143272e+07,1.092010e+08
5.444096e-08,6.011466e-09,1.392715e-09,3.161704e-07,1.148434e+08,1.092236e+08,2.293767e+07
7.434236e-07,1.304367e-07,1.148297e-09,4.606348e-09,3.422589e+07,3.528441e+07,4.079639e+07
6.003950e-07,9.745700e-08,1.200494e-08,4.474790e-09,1.177881e+07,2.096656e+07,4.788585e+07
1.331602e-08,4.814383e-08,1.213980e-09,4.087659e-09,2.487180e+08,1.318458e+08,7.128405e+07
1.174110e-07,1.076376e-07,3.822867e-07,2.411217e-07,4.720098e+06,5.481955e+06,6.207259e+06
3.022981e-09,2.040742e-08,2.016362e-08,7.991687e-08,1.280849e+08,5.148507e+07,2.476205e+07
1.838246e-07,4.880089e-08,2.931246e-09,9.382104e-07,4.307964e+07,3.835506e+07,4.673433e+06
2.352668e-09,2.291713e-08,1.288207e-07,4.182982e-08,5.744164e+07,3.540113e+07,3.229810e+07
3.177079e-08,2.651678e-07,9.321115e-07,6.078617e-07,5.811016e+06,3.025429e+06,2.490791e+06
1.894302e-08,4.707974e-07,7.970931e-08,4.007266e-09,2.573480e+07,2.313365e+07,2.302284e+07
1.492969e-08,1.187364e-07,1.431197e-09,2.615008e-08,2.163341e+08,7.425237e+07,1.794616e+07
1.701961e-09,2.490626e-07,2.231557e-08,3.536651e-09,1.622636e+08,3.614230e+07,3.369377e+07
1.267229e-07,1.709883e-09,1.557239e-09,1.501508e-09,7.118603e+07,1.009235e+08,6.240983e+08
7.788379e-08,3.836705e-07,4.708649e-08,1.185142e-08,1.651309e+07,1.512700e+07,1.482981e+07
3.718417e-08,2.338382e-08,1.629162e-07,3.206330e-09,1.284810e+07,7.246136e+07,1.154884e+08
7.080563e-09,7.420530e-07,2.332618e-09,1.681326e-09,2.460618e+08,3.696224e+07,2.831109e+07
7.152629e-08,1.244669e-08,4.874262e-07,1.074243e-08,5.355656e+06,3.365989e+07,8.648121e+07
1.579885e-08,2.833339e-08,1.972534e-09,1.986919e-09,1.791327e+08,1.512994e+08,1.332787e+08
1.434391e-09,3.752870e-09,3.888099e-09,2.673435e-09,4.234455e+08,3.488431e+08,3.157064e+08
2.394737e-07,2.266025e-07,2.770230e-08,1.346235e-07,1.227759e+07,9.663779e+06,5.725418e+06
5.001572e-07,8.811764e-09,9.586844e-08,2.609446e-07,4.566768e+06,5.293741e+06,2.085424e+07
1.033979e-08,1.601673e-09,2.383416e-09,4.219589e-07,2.014393e+08,1.879726e+08,3.846609e+07
7.645934e-09,2.699072e-07,5.333810e-08,1.040053e-09,4.951832e+07,5.942820e+07,5.968497e+07
2.714217e-07,1.434142e-08,3.328181e-08,1.631072e-08,1.052142e+07,1.787990e+07,6.538340e+07
2.217429e-07,3.168475e-08,6.233258e-09,2.086795e-07,2.689785e+07,2.553328e+07,1.229801e+07
3.220109e-08,7.349391e-07,1.381772e-08,2.688339e-08,4.740745e+07,1.195104e+07,7.114302e+06
2.247845e-09,5.944283e-08,6.572141e-08,7.828276e-08,8.227414e+07,2.130057e+07,1.465943e+07
8.972252e-07,3.343335e-09,8.964522e-07,9.769508e-07,1.115028e+06,1.541194e+06,1.749741e+07
1.024548e-07,6.392986e-07,1.605578e-07,9.916077e-07,7.796832e+06,3.123504e+06,1.255967e+06
7.891889e-09,2.789696e-07,1.424294e-07,2.315080e-08,2.982701e+07,1.323077e+07,1.244339e+07
3.352514e-09,5.532333e-08,3.362076e-08,4.780603e-07,9.419133e+07,2.329297e+07,6.149000e+06
3.242045e-07,5.342687e-07,7.180357e-07,1.758165e-08,2.072609e+06,8.238721e+06,1.031788e+07
4.948514e-08,5.276366e-09,4.217170e-07,3.371359e-09,6.922326e+06,7.389054e+07,2.370992e+08
4.643793e-08,3.736807e-07,6.959248e-07,9.991620e-09,5.562659e+06,1.554503e+07,1.636559e+07
9.780057e-09,8.752651e-07,2.046791e-09,1.578583e-08,2.235077e+08,2.497206e+07,8.507394e+06
6.304261e-07,8.837195e-08,3.162072e-08,1.262835e-07,7.082671e+06,7.417102e+06,9.466064e+06
3.701502e-08,1.978356e-07,1.689179e-07,1.173826e-08,1.264658e+07,1.969658e+07,2.075133e+07
4.388653e-07,1.411096e-07,1.323594e-08,3.342049e-07,1.312070e+07,1.163729e+07,4.604849e+06
2.299457e-09,2.980610e-08,2.117038e-09,7.459654e-07,4.532346e+08,1.214677e+08,6.706378e+06
2.590243e-09,4.443610e-07,2.829935e-09,9.164903e-07,3.693530e+08,2.816120e+07,1.566997e+06
5.767930e-08,9.520364e-08,1.970062e-08,2.878515e-08,2.966539e+07,2.364849e+07,1.910244e+07
1.233136e-08,1.993194e-07,8.546804e-07,1.466020e-08,9.740755e+06,1.810561e+07,1.849930e+07
8.943942e-08,3.657388e-07,2.542555e-07,1.922069e-09,6.631325e+06,3.393596e+07,3.771638e+07
1.075091e-09,4.653494e-08,2.499223e-07,9.075740e-08,6.100633e+07,1.776153e+07,1.538755e+07
1.928885e-09,5.357274e-09,1.740770e-07,2.755786e-08,5.457278e+07,7.595214e+07,8.230104e+07
2.033666e-07,9.390582e-08,1.827563e-07,2.321126e-09,5.187093e+06,3.831015e+07,6.773363e+07
1.585878e-07,5.481106e-08,8.835218e-09,4.228264e-07,2.671508e+07,2.326944e+07,6.568782e+06
6.084799e-09,4.010815e-07,1.684642e-09,3.560500e-09,3.123367e+08,4.634292e+07,2.646234e+07
4.738148e-09,3.694458e-09,1.380882e-09,9.938532e-08,3.909466e+08,2.950782e+08,5.218715e+07
1.710023e-08,3.785240e-07,2.290529e-08,9.477813e-08,5.052789e+07,1.170561e+07,5.279578e+06
1.013244e-07,3.113532e-07,1.702341e-08,1.547101e-08,2.407797e+07,1.729085e+07,1.440834e+07
3.232155e-08,2.456612e-08,5.067912e-08,4.769307e-09,2.470810e+07,6.350288e+07,9.238556e+07
7.936942e-09,1.926029e-07,2.841515e-08,5.750021e-09,6.658837e+07,3.229102e+07,3.004926e+07
3.927698e-07,7.481290e-07,9.059231e-09,1.248441e-08,1.676429e+07,1.292130e+07,1.034732e+07
3.529113e-08,7.888957e-09,3.226879e-08,4.625588e-09,2.963301e+07,7.565951e+07,1.655414e+08
1.203850e-07,4.597943e-08,1.484882e-07,4.392298e-08,7.479420e+06,1.331659e+07,2.225217e+07
1.335060e-08,6.021486e-08,5.488113e-09,3.596703e-08,1.168256e+08,5.343040e+07,2.148799e+07
2.014709e-09,5.754378e-09,1.320991e-08,3.215664e-09,1.938403e+08,2.230951e+08,2.324692e+08
2.127330e-07,4.626546e-07,8.995262e-09,1.086121e-07,2.285997e+07,1.335041e+07,4.461002e+06
6.746264e-08,5.652145e-08,1.107507e-08,3.619778e-08,3.658432e+07,3.083959e+07,2.210815e+07
2.549934e-08,6.855361e-09,1.537097e-08,4.652049e-09,5.051089e+07,9.303007e+07,1.770772e+08
1.158209e-09,1.055324e-09,2.171828e-09,2.453334e-09,6.305126e+08,6.262236e+08,6.214823e+08
1.139953e-08,1.777085e-07,4.035918e-07,2.010360e-08,1.474299e+07,1.661743e+07,1.673050e+07
3.170146e-08,4.072704e-07,1.914999e-09,3.764860e-09,1.283441e+08,4.236349e+07,2.553784e+07
1.522008e-09,1.629453e-07,1.276732e-08,5.050775e-07,2.268516e+08,2.209689e+07,3.485781e+06
5.844004e-07,1.201369e-09,3.517329e-08,1.938092e-09,6.974904e+06,3.049009e+07,6.553520e+08
7.688743e-08,7.435763e-08,1.434956e-07,2.276101e-07,9.520353e+06,8.667486e+06,7.686726e+06
9.540737e-08,7.417326e-08,7.216877e-09,1.169604e-07,3.810960e+07,2.945363e+07,1.073636e+07
2.189039e-09,6.391259e-08,8.522033e-08,8.463348e-07,7.321527e+07,1.397834e+07,4.299676e+06
2.055259e-08,1.853980e-09,7.259392e-07,2.832998e-07,8.186846e+06,1.479913e+07,4.363393e+07
4.959233e-08,7.241868e-07,5.329084e-07,3.648073e-07,6.151293e+06,2.442884e+06,1.945552e+06
1.152414e-08,4.187398e-09,5.283720e-09,8.402170e-07,1.281521e+08,1.100987e+08,1.685901e+07
4.876377e-09,1.598361e-08,4.133294e-08,9.584025e-08,7.043738e+07,4.074324e+07,2.554987e+07
3.320495e-08,1.710175e-08,1.789160e-09,2.236774e-09,1.297400e+08,1.414115e+08,1.616846e+08
2.466108e-07,6.241432e-07,1.127611e-07,1.690247e-07,5.996726e+06,4.120567e+06,3.078810e+06
2.135389e-07,1.267538e-07,7.622125e-08,4.640403e-09,7.838328e+06,2.591965e+07,4.123269e+07
1.887175e-08,2.711764e-08,6.527170e-09,1.633700e-08,9.010137e+07,6.828106e+07,4.751032e+07
5.336339e-07,3.515168e-09,3.374815e-07,9.654992e-08,2.356423e+06,4.979804e+06,5.428139e+07
4.193333e-08,1.419618e-09,5.519038e-09,3.062860e-09,6.573378e+07,1.082149e+08,4.795685e+08
1.624588e-08,2.939874e-07,1.930640e-08,3.190159e-07,5.646478e+07,1.330651e+07,3.265348e+06
9.092950e-08,4.950547e-08,8.447799e-09,4.956718e-08,3.608077e+07,3.140968e+07,2.018721e+07
2.378308e-07,4.991681e-08,7.021891e-07,1.326848e-07,2.447028e+06,5.580420e+06,1.228757e+07
1.387807e-09,1.684034e-08,2.393077e-09,2.576649e-09,5.487279e+08,2.102756e+08,1.518088e+08
3.997583e-09,7.624513e-09,4.701319e-09,3.874671e-08,2.306701e+08,1.432569e+08,5.818038e+07
5.119386e-07,1.764790e-08,3.352411e-08,1.202690e-08,7.633301e+06,1.460579e+07,6.863990e+07
3.533625e-08,1.100492e-07,4.142936e-08,1.518124e-08,2.613579e+07,2.488173e+07,2.446543e+07
4.107474e-08,2.133821e-07,7.414675e-08,8.636779e-08,1.812035e+07,9.924946e+06,7.366227e+06
1.518929e-09,8.746937e-07,1.281850e-08,3.164140e-09,2.266275e+08,2.120670e+07,1.900834e+07
6.114225e-08,2.132718e-08,1.640305e-09,2.475755e-08,9.985434e+07,8.878133e+07,4.351906e+07
1.812537e-09,3.116986e-08,9.383443e-07,7.969388e-09,2.424797e+07,6.194166e+07,6.344831e+07
6.861625e-09,1.084046e-08,1.457313e-08,4.729492e-07,1.000023e+08,6.321226e+07,1.396590e+07
3.118239e-07,9.990833e-09,5.107021e-09,8.014633e-09,2.505887e+07,3.156209e+07,1.117525e+08
6.452051e-09,5.788050e-08,8.171108e-09,2.018503e-09,1.377243e+08,9.799597e+07,9.251648e+07
4.200074e-08,2.027863e-09,5.903868e-08,1.334841e-07,2.008183e+07,2.355540e+07,6.078074e+07
1.596451e-07,2.851368e-09,6.537016e-07,6.072079e-09,3.095511e+06,3.198284e+07,2.403282e+08
3.812952e-09,1.615747e-09,4.479970e-09,2.634531e-07,2.419534e+08,2.044919e+08,4.846874e+07
2.757413e-07,1.476439e-08,1.493986e-08,1.868651e-07,1.558030e+07,1.577434e+07,1.903830e+07
6.208061e-08,1.537676e-07,1.067669e-09,4.855220e-09,1.228298e+08,7.275616e+07,3.659849e+07
1.067446e-07,8.593224e-09,3.061188e-07,1.605592e-07,5.531998e+06,9.073193e+06,2.692181e+07
1.227804e-09,1.067437e-08,2.374565e-09,5.825906e-09,5.856573e+08,2.231683e+08,1.268082e+08
2.269064e-09,7.670922e-07,6.138993e-07,4.669435e-07,2.679341e+07,2.213785e+06,1.670875e+06
2.515723e-09,3.603095e-09,4.745910e-08,4.031811e-07,9.151849e+07,6.203994e+07,2.623687e+07
5.016992e-08,4.214359e-07,1.898653e-09,1.254479e-08,1.024603e+08,3.585843e+07,1.375316e+07
1.212271e-08,4.579273e-09,5.482445e-09,2.661480e-09,1.226629e+08,1.828034e+08,2.864442e+08
5.198964e-09,2.230731e-08,3.064633e-09,6.836163e-09,2.505257e+08,1.310762e+08,8.097859e+07
4.976905e-07,5.237373e-08,1.645872e-07,1.094696e-08,3.493995e+06,1.330851e+07,4.176346e+07
7.356412e-07,1.431638e-08,6.646464e-07,2.350105e-08,1.430117e+06,7.664493e+06,5.451798e+07
7.678650e-09,1.261458e-09,4.304920e-08,3.262842e-09,5.500156e+07,1.920415e+08,4.929077e+08
2.433720e-07,5.942032e-09,1.570340e-08,2.240229e-07,1.617588e+07,1.653261e+07,2.740857e+07
1.108392e-08,5.276546e-07,3.833353e-08,2.886898e-08,4.851365e+07,1.061692e+07,8.102321e+06
3.908807e-08,1.282914e-08,1.848883e-08,2.223900e-09,3.719831e+07,9.850327e+07,1.872163e+08
4.007495e-09,5.978007e-07,8.706880e-08,2.999051e-09,5.353431e+07,2.394047e+07,2.361728e+07
6.657631e-08,2.436749e-07,4.283595e-07,1.116658e-08,5.921558e+06,1.720962e+07,1.917055e+07
2.693294e-07,9.020184e-07,4.177750e-08,7.096523e-09,9.427290e+06,1.186321e+07,1.249883e+07
2.722845e-08,2.654256e-08,2.188685e-08,1.806096e-08,4.096349e+07,4.335212e+07,4.567286e+07
7.713668e-09,1.555930e-07,5.739449e-07,6.112658e-09,1.502915e+07,3.181877e+07,3.242574e+07
7.112776e-09,4.501334e-07,1.239603e-08,3.436664e-09,1.064974e+08,2.850969e+07,2.542499e+07
1.541223e-07,7.663191e-08,6.694722e-08,4.354737e-09,9.844666e+06,3.255582e+07,5.474119e+07
6.380300e-08,1.415441e-09,2.294478e-09,1.189068e-08,8.264897e+07,8.928665e+07,2.437535e+08
4.035854e-09,9.592314e-09,1.125222e-07,3.728111e-08,4.692596e+07,5.118921e+07,5.288030e+07
7.124098e-07,9.982679e-08,2.785681e-08,1.185689e-09,7.098546e+06,3.290218e+07,9.191600e+07
2.076371e-08,1.494855e-09,2.010785e-07,2.396881e-08,1.547621e+07,4.580178e+07,1.670618e+08
1.264049e-09,1.954203e-07,1.957738e-09,9.785800e-07,6.356833e+08,5.101194e+07,2.286741e+06
5.957690e-08,7.356817e-09,1.037563e-09,1.276892e-09,1.271903e+08,1.615539e+08,3.262705e+08
5.653142e-09,1.092238e-08,3.239004e-07,2.751601e-07,2.336949e+07,2.013739e+07,1.824100e+07
5.611192e-07,6.952594e-08,2.690566e-09,2.916484e-09,2.573657e+07,3.366069e+07,7.022581e+07
1.257566e-09,2.385944e-08,2.910042e-07,2.040815e-08,5.227391e+07,4.569120e+07,4.531772e+07
7.972892e-08,5.599114e-08,3.364318e-07,4.017324e-08,6.105813e+06,1.432861e+07,2.108492e+07
4.449009e-07,3.477559e-07,1.544116e-08,8.038607e-09,1.206503e+07,1.544806e+07,1.891352e+07
2.805719e-09,4.010129e-08,7.572936e-07,1.624165e-09,2.169431e+07,1.199185e+08,1.239098e+08
9.966336e-08,5.461366e-09,1.724204e-09,7.810102e-07,7.628478e+07,7.435875e+07,1.531162e+07
3.715660e-07,1.018919e-07,1.024071e-08,1.443418e-07,1.621127e+07,1.486204e+07,8.245824e+06
8.059812e-08,1.611924e-09,2.663782e-09,3.890349e-09,6.824773e+07,8.771048e+07,3.993313e+08
1.178619e-07,4.141139e-07,5.865391e-07,2.164533e-07,3.803337e+06,3.448095e+06,3.340089e+06
1.955061e-09,9.433273e-08,4.918934e-09,7.802271e-09,3.224663e+08,5.867222e+07,3.686025e+07
2.852256e-08,3.975506e-09,3.007052e-08,3.507651e-08,3.414564e+07,4.359532e+07,8.468287e+07
1.654421e-07,1.141080e-07,8.663395e-08,6.941923e-08,8.352817e+06,9.634353e+06,1.123575e+07
7.480428e-08,7.342958e-09,4.214762e-08,3.167410e-08,1.780944e+07,2.594520e+07,6.557108e+07
1.900478e-08,3.369846e-09,6.244215e-09,1.131704e-09,9.179725e+07,2.159856e+08,5.120690e+08
2.131022e-09,2.695953e-08,1.364739e-07,9.039071e-09,5.863829e+07,6.367782e+07,6.405927e+07
1.368041e-07,2.254514e-09,2.212439e-08,3.251455e-08,1.817669e+07,2.337102e+07,1.167978e+08
8.083991e-08,5.166365e-08,3.755763e-08,1.507490e-09,1.814839e+07,7.216133e+07,1.133131e+08
1.847714e-09,3.026972e-08,2.937111e-08,4.533458e-07,1.357446e+08,3.359703e+07,8.536523e+06
1.059106e-08,8.974778e-09,1.451265e-08,9.740153e-07,8.065976e+07,5.978455e+07,1.069560e+07
1.849084e-07,1.394940e-08,6.661885e-09,8.808711e-07,2.849201e+07,2.757822e+07,9.021235e+06
2.149550e-08,4.011639e-09,5.724845e-08,1.682710e-07,2.850653e+07,3.029526e+07,3.848880e+07
5.753322e-07,1.438278e-09,7.090254e-07,1.064480e-07,1.565704e+06,4.328164e+06,8.081831e+07
2.594377e-07,8.876048e-09,5.127066e-09,1.751109e-07,2.741884e+07,2.735336e+07,2.536493e+07
3.222254e-09,9.518867e-07,1.784976e-09,3.925527e-09,4.169691e+08,2.921094e+07,1.635906e+07
1.032201e-08,4.018213e-07,1.179330e-08,7.001607e-07,9.063590e+07,1.446390e+07,1.885318e+06
2.311071e-09,1.587045e-07,3.420057e-08,6.055379e-07,1.124804e+08,1.385096e+07,3.225780e+06
2.335844e-08,3.783230e-09,8.121406e-08,1.515569e-08,2.295950e+07,5.370920e+07,1.320629e+08
5.651895e-08,3.411990e-08,1.088209e-07,1.644856e-08,1.275107e+07,2.778723e+07,4.221163e+07
2.145308e-08,1.920664e-08,6.359318e-07,4.567013e-07,8.561500e+06,9.619080e+06,1.067722e+07
1.016048e-09,1.028217e-08,1.511593e-07,2.908988e-07,8.069105e+07,2.982951e+07,1.828465e+07
1.186231e-08,2.959980e-07,1.833445e-09,2.262232e-09,2.144279e+08,5.663482e+07,3.864444e+07
1.737232e-07,1.342982e-07,6.631158e-07,1.684373e-08,2.946296e+06,1.405844e+07,2.102547e+07
1.411776e-07,1.025941e-09,1.134297e-07,4.514976e-09,7.902306e+06,4.024324e+07,4.646342e+08
4.887243e-08,2.568289e-09,2.569884e-08,2.510509e-08,2.821703e+07,3.912528e+07,1.245366e+08
3.954274e-08,1.341949e-07,1.211915e-09,2.217551e-07,1.444543e+08,6.910356e+07,5.796890e+06
2.155663e-07,4.637826e-08,1.209124e-09,4.179389e-09,6.194041e+07,6.380253e+07,7.182678e+07
1.826848e-09,2.435164e-08,1.525256e-07,7.631463e-08,5.990697e+07,2.740429e+07,2.319701e+07
2.486580e-07,2.286076e-07,4.265649e-09,2.503557e-08,3.070480e+07,2.397682e+07,1.321831e+07
4.699686e-08,4.680020e-09,7.925067e-09,2.052245e-07,5.181603e+07,5.035911e+07,3.226722e+07
1.083155e-08,3.922025e-09,1.536890e-09,1.543283e-08,2.450944e+08,2.202138e+08,1.285352e+08
1.963990e-07,4.878010e-07,2.643566e-07,5.215563e-09,4.388694e+06,1.690442e+07,1.982568e+07
1.262438e-07,1.329235e-08,4.297930e-09,9.268466e-09,4.293044e+07,4.940322e+07,9.009385e+07
3.847159e-09,4.803066e-07,2.328941e-07,5.343558e-09,3.340802e+07,1.988470e+07,1.973901e+07
1.328612e-09,8.139777e-08,2.649635e-09,2.767402e-09,5.329763e+08,9.449955e+07,6.662813e+07
2.340579e-09,7.159536e-07,1.104429e-08,4.193103e-08,1.966842e+08,1.261970e+07,5.771514e+06
3.206437e-07,1.357046e-09,2.053003e-09,2.445046e-08,3.897569e+07,4.049343e+07,1.736038e+08
3.396113e-07,6.165073e-09,5.177951e-07,3.489877e-08,2.384679e+06,9.405040e+06,6.817511e+07
5.491471e-07,3.018148e-07,4.902217e-07,2.646070e-09,1.927345e+06,2.113067e+07,3.538581e+07
1.227391e-09,3.674809e-09,2.582577e-08,5.938851e-08,1.776159e+08,1.064591e+08,6.769107e+07
5.446024e-08,1.917451e-07,2.311494e-08,3.065712e-07,2.818473e+07,1.374642e+07,4.124508e+06
4.132688e-08,1.342075e-08,3.814648e-07,1.898037e-07,7.964462e+06,1.200488e+07,1.981341e+07
2.575085e-09,1.601940e-07,2.774451e-08,4.420810e-09,1.183084e+08,4.013918e+07,3.757733e+07
7.416780e-08,1.222763e-08,1.596476e-08,8.341461e-07,2.906103e+07,2.718254e+07,9.901654e+06
6.084466e-07,5.621751e-07,6.373822e-09,2.001899e-07,1.605790e+07,1.175974e+07,2.980871e+06
3.519888e-09,1.615757e-07,5.553504e-07,1.197194e-07,2.261789e+07,7.842253e+06,7.190015e+06
8.976440e-08,1.678423e-07,4.139898e-07,1.917545e-07,5.187440e+06,5.442500e+06,5.574122e+06
1.860046e-08,7.964355e-07,5.998892e-09,2.519622e-09,9.466789e+07,2.629604e+07,2.232323e+07
5.663975e-08,9.893458e-07,9.952084e-07,1.251149e-07,4.211941e+06,2.932900e+06,2.842310e+06
2.422275e-08,2.161121e-09,4.981457e-07,2.990218e-07,9.103535e+06,1.424216e+07,3.933771e+07
6.063915e-08,6.866244e-08,1.344831e-07,2.027640e-09,1.107362e+07,6.222318e+07,8.475103e+07
4.659369e-08,1.366752e-09,6.202117e-07,6.218346e-07,5.882562e+06,8.194451e+06,3.430186e+07
3.453583e-07,2.060601e-07,4.388371e-07,1.387903e-08,2.568700e+06,1.161024e+07,1.869922e+07
3.483269e-09,2.391052e-09,3.148573e-09,1.144822e-07,3.019601e+08,2.356979e+08,6.044167e+07
4.345039e-07,2.784204e-08,3.595714e-08,3.039298e-07,8.000379e+06,8.201712e+06,1.087083e+07
1.497098e-07,1.062241e-07,1.211493e-08,3.694718e-08,2.348089e+07,2.069465e+07,1.596238e+07
4.678789e-09,1.859915e-09,1.295119e-09,2.751471e-08,4.062360e+08,3.516310e+08,1.397884e+08
3.708079e-08,2.463100e-09,4.420875e-09,2.706059e-08,7.810366e+07,8.157649e+07,1.224871e+08
3.443437e-08,1.718019e-09,2.238266e-09,1.096363e-07,1.139064e+08,1.122960e+08,7.286332e+07
6.182960e-07,2.708645e-08,7.499063e-08,1.435114e-07,4.644065e+06,5.608832e+06,1.603913e+07
8.736608e-07,2.587121e-08,7.367734e-08,1.246667e-07,3.941501e+06,4.899583e+06,1.760826e+07
6.290736e-08,2.513414e-09,1.402199e-08,1.481062e-08,3.367010e+07,4.606729e+07,1.639009e+08
1.334923e-07,4.117559e-08,1.188434e-08,8.767525e-07,2.510639e+07,2.209681e+07,5.263099e+06
1.950998e-09,2.256174e-07,1.332347e-09,5.669336e-09,6.202445e+08,6.382202e+07,2.796067e+07
3.985598e-08,1.180696e-07,1.144908e-08,5.482908e-09,4.681317e+07,4.132729e+07,3.930297e+07
1.884223e-07,2.660293e-07,6.162193e-07,2.722543e-07,2.934717e+06,3.413685e+06,3.715762e+06
2.261030e-07,9.015065e-09,3.712851e-09,1.177472e-09,3.451383e+07,6.897579e+07,3.069306e+08
5.714707e-08,2.352602e-09,1.966893e-07,2.395988e-07,9.432192e+06,1.247374e+07,4.211953e+07
4.225643e-09,1.375092e-09,2.038909e-09,5.455883e-08,3.406863e+08,3.014017e+08,1.154520e+08
1.322949e-09,1.001207e-07,7.263614e-08,2.991132e-08,1.020122e+08,2.157028e+07,1.827344e+07
1.383608e-08,2.304866e-09,1.642650e-08,7.082365e-07,6.633167e+07,6.212149e+07,2.475073e+07
7.755333e-08,2.411137e-08,8.168259e-08,4.874968e-07,1.256421e+07,1.185738e+07,9.223659e+06
6.306654e-08,4.087899e-09,3.912521e-07,2.407407e-08,6.366081e+06,2.562443e+07,1.008034e+08
3.272434e-08,6.487957e-07,4.678803e-09,3.228677e-07,8.081597e+07,1.783682e+07,2.184911e+06
1.133718e-07,3.703448e-08,2.179283e-09,1.922169e-08,6.361957e+07,5.828157e+07,3.748013e+07
7.291999e-07,7.029386e-07,2.304307e-09,8.168670e-09,2.439532e+07,1.971046e+07,1.319671e+07
3.533568e-09,2.552915e-08,3.860865e-07,1.027865e-07,2.707391e+07,2.058826e+07,1.952153e+07
9.975803e-07,2.697977e-09,1.357380e-08,3.122924e-08,8.593604e+06,1.027926e+07,1.089432e+08
4.612262e-07,9.826628e-09,1.331008e-07,1.390608e-08,4.036014e+06,1.298498e+07,8.554516e+07
4.023171e-07,3.092284e-07,2.041379e-08,1.262658e-08,1.103453e+07,1.342197e+07,1.600359e+07
1.291653e-08,1.903731e-08,5.992156e-08,1.146573e-08,3.594476e+07,5.702386e+07,6.768562e+07
3.873952e-08,6.318916e-08,3.583388e-08,2.548411e-09,2.683960e+07,6.421487e+07,7.880322e+07
8.033413e-07,2.087457e-09,3.025525e-08,1.950116e-07,6.414305e+06,6.885009e+06,4.956340e+07
3.887944e-07,4.239353e-08,2.284603e-07,7.791315e-09,3.355325e+06,1.754459e+07,5.502307e+07
4.698735e-08,3.578133e-08,1.101342e-09,1.639334e-09,1.390107e+08,1.354257e+08,1.305684e+08
2.399765e-07,2.531167e-08,3.311208e-07,3.728870e-07,3.547500e+06,4.636048e+06,1.029321e+07
3.453463e-09,9.908735e-08,1.208915e-08,9.258135e-08,1.547657e+08,3.019981e+07,1.044069e+07
1.164604e-07,1.052926e-07,3.777236e-08,2.084025e-07,1.507731e+07,1.187541e+07,6.750713e+06
8.137288e-09,6.646662e-07,5.421840e-09,8.157737e-09,1.505521e+08,2.136195e+07,1.358042e+07
6.475457e-09,1.293752e-08,7.230750e-08,1.740194e-07,4.621395e+07,3.175553e+07,2.107539e+07
2.646318e-07,3.978735e-08,1.161397e-09,3.844115e-09,5.704119e+07,6.068757e+07,8.085918e+07
5.086759e-09,4.020501e-08,3.479341e-08,3.679451e-07,7.516764e+07,2.635493e+07,8.221828e+06
5.751782e-09,4.742355e-07,4.754880e-08,3.207423e-08,6.046848e+07,1.042933e+07,8.108208e+06
8.484738e-08,3.168963e-07,2.061112e-07,2.301622e-09,7.561883e+06,3.306892e+07,3.702751e+07
1.811223e-08,1.840597e-08,3.398644e-09,1.369921e-07,1.274563e+08,9.086862e+07,1.991466e+07
2.987984e-09,3.120572e-07,3.905219e-09,7.251924e-07,2.927441e+08,2.858624e+07,2.102114e+06
2.089067e-07,1.251511e-08,2.071878e-09,1.108495e-07,4.806642e+07,4.712257e+07,2.684825e+07
4.533417e-07,1.676945e-09,9.846673e-08,1.561643e-09,4.733064e+06,3.781040e+07,6.179447e+08
4.278555e-09,7.070149e-08,1.045321e-09,2.257090e-08,4.728535e+08,1.155402e+08,2.503291e+07
1.809969e-07,4.634198e-09,1.906676e-07,2.817649e-09,5.383020e+06,4.404703e+07,2.767383e+08
1.185160e-08,2.597830e-09,1.787637e-08,3.373524e-08,6.870239e+07,7.696031e+07,1.068200e+08
9.860430e-09,4.349183e-09,7.766954e-09,9.628096e-08,1.142685e+08,9.895323e+07,4.886816e+07
5.182925e-07,2.544723e-07,1.126838e-08,1.779414e-09,1.308524e+07,2.901854e+07,4.699387e+07
7.601791e-07,1.773644e-07,1.583879e-08,8.607893e-08,9.113413e+06,8.929347e+06,8.093164e+06
3.725391e-09,4.577912e-07,3.355035e-07,5.547585e-09,2.828561e+07,1.992579e+07,1.984332e+07
1.649940e-08,2.600187e-08,3.184253e-09,5.677046e-08,1.379629e+08,8.833763e+07,2.602774e+07
1.291121e-07,6.059318e-09,2.427525e-09,2.628613e-07,5.648520e+07,5.545898e+07,2.505675e+07
1.128012e-07,7.990267e-07,1.945016e-09,2.047118e-09,6.751208e+07,3.315989e+07,2.472566e+07
1.871342e-08,6.548089e-08,9.082741e-08,1.561270e-07,2.425576e+07,1.438201e+07,9.890169e+06
1.409243e-08,1.332657e-07,5.362715e-08,1.379126e-08,3.637598e+07,2.487184e+07,2.332593e+07
1.833767e-08,1.460102e-07,4.461221e-09,6.863880e-09,1.105608e+08,4.743810e+07,3.158810e+07
9.200526e-08,1.093688e-07,2.828767e-08,4.797946e-09,1.960176e+07,3.479297e+07,4.365415e+07
2.278514e-09,6.761519e-09,7.257777e-08,9.732489e-08,7.776289e+07,5.158237e+07,3.898216e+07
5.837696e-08,2.833754e-07,7.622301e-09,1.147515e-07,4.740631e+07,2.023328e+07,5.545487e+06
6.247790e-07,1.292533e-09,2.815508e-09,1.956691e-08,2.384286e+07,2.547429e+07,1.988466e+08
6.562684e-09,3.900211e-09,1.548383e-08,8.735104e-07,9.920192e+07,7.925931e+07,1.713255e+07
6.375641e-09,1.629524e-08,1.901515e-09,2.791843e-07,2.872025e+08,1.528234e+08,1.482601e+07
1.901017e-09,2.449559e-07,2.138541e-08,1.362850e-08,1.568369e+08,2.206047e+07,1.730741e+07
4.207845e-07,6.039785e-09,1.396805e-07,2.710868e-08,4.124793e+06,1.015868e+07,7.815110e+07
2.126077e-08,1.497873e-09,2.064952e-08,1.193403e-08,4.772606e+07,7.622150e+07,2.365206e+08
1.141707e-09,2.996787e-07,1.057699e-09,8.107917e-09,9.100005e+08,5.960620e+07,2.028698e+07
6.558199e-08,4.956218e-07,5.646042e-07,3.169530e-07,5.196796e+06,2.962753e+06,2.523059e+06
2.721283e-08,9.592721e-07,7.536751e-07,8.446302e-08,6.982662e+06,3.653316e+06,3.513143e+06
7.016034e-08,3.384388e-08,3.370853e-09,1.386372e-07,6.502558e+07,5.405317e+07,1.459890e+07
2.890622e-07,2.820978e-07,1.462449e-09,4.088882e-08,4.863669e+07,3.521370e+07,9.311033e+06
5.941717e-08,6.653243e-07,4.862538e-08,3.785780e-07,1.860426e+07,5.658699e+06,1.992533e+06
1.964328e-08,2.002829e-09,8.412311e-09,1.687941e-08,7.779207e+07,9.071163e+07,1.719885e+08
2.905087e-07,4.897282e-08,3.124727e-08,1.436599e-08,1.049577e+07,1.730070e+07,3.770116e+07
9.553185e-08,2.797668e-07,1.070941e-08,2.133030e-09,3.126390e+07,3.870384e+07,4.093582e+07
2.580271e-07,2.753473e-08,4.354395e-09,7.210252e-08,2.983344e+07,2.920244e+07,2.244318e+07
3.258656e-07,3.474369e-07,1.919355e-09,8.864121e-07,3.998556e+07,2.784755e+07,1.801956e+06
1.616072e-08,1.610428e-07,6.674616e-08,4.066812e-08,3.044784e+07,1.494358e+07,1.235670e+07
4.648749e-07,3.181099e-08,6.579306e-09,4.839996e-08,1.808181e+07,1.864430e+07,2.548525e+07
7.456113e-08,2.606225e-07,6.166203e-08,3.610512e-08,1.474806e+07,1.144621e+07,1.030884e+07
2.837897e-08,4.586013e-09,4.830960e-09,4.886952e-08,8.540532e+07,8.306669e+07,6.679798e+07
7.433681e-08,1.803786e-09,3.831107e-07,7.271065e-07,5.925648e+06,7.234936e+06,2.761267e+07
2.400214e-08,4.295863e-07,1.747745e-07,2.808326e-09,1.543960e+07,2.824273e+07,2.879062e+07
2.253973e-08,7.105990e-09,1.406540e-07,6.918989e-08,1.776027e+07,2.696931e+07,4.509894e+07
6.424003e-09,6.131995e-08,3.448725e-07,2.074132e-08,2.124554e+07,2.746809e+07,2.804019e+07
2.845242e-08,2.323991e-09,9.705249e-09,1.015432e-08,6.017791e+07,8.091838e+07,2.058531e+08
9.916274e-07,7.992043e-08,1.295592e-07,6.488076e-09,2.789919e+06,1.228986e+07,4.391503e+07
2.526104e-08,2.220602e-07,1.432280e-08,5.818146e-07,5.257272e+07,1.700734e+07,2.782097e+06
8.016774e-08,6.443664e-09,1.614619e-09,1.233462e-08,8.789521e+07,8.992695e+07,1.121684e+08
1.529941e-07,2.263700e-08,2.700003e-08,1.367267e-08,1.555896e+07,2.504621e+07,5.684128e+07
4.810817e-07,4.531069e-09,1.082812e-09,2.894337e-09,4.381412e+07,5.111988e+07,2.761373e+08
3.018753e-07,7.638678e-08,3.485706e-08,1.611203e-08,9.748568e+06,1.548947e+07,2.850465e+07
4.218146e-08,4.407200e-09,3.166119e-09,2.104585e-09,8.653177e+07,1.303009e+08,3.283488e+08
9.342786e-07,1.444788e-09,1.531417e-07,4.595559e-07,2.643718e+06,3.050236e+06,3.880866e+07
1.239585e-07,4.240109e-07,1.601270e-09,1.948634e-07,7.097895e+07,3.389743e+07,3.478935e+06
1.567327e-08,3.525551e-08,1.472872e-08,1.169118e-08,6.581694e+07,5.488735e+07,4.925580e+07
2.500911e-08,5.814491e-07,7.335633e-09,3.697833e-09,7.382987e+07,2.589781e+07,2.156605e+07
1.341697e-08,4.027952e-08,4.828938e-08,2.706628e-09,3.928683e+07,8.524227e+07,9.577309e+07
1.595238e-07,1.683386e-07,3.298833e-08,1.083236e-09,1.378501e+07,5.392727e+07,7.405366e+07
1.695354e-07,7.950077e-07,4.863031e-09,1.621050e-07,3.482701e+07,1.481850e+07,2.785583e+06
1.072412e-08,1.891165e-08,2.241255e-08,4.176163e-08,6.450205e+07,4.809919e+07,3.558333e+07
3.860957e-08,2.400148e-09,1.503187e-07,1.726935e-09,1.312641e+07,1.195086e+08,4.911827e+08
3.120451e-09,1.409144e-07,7.431817e-08,1.349688e-07,6.566649e+07,1.203575e+07,7.251130e+06
1.711509e-07,2.657996e-09,1.052583e-08,5.539725e-09,2.356037e+07,3.981434e+07,2.606026e+08
9.002728e-09,1.876728e-09,3.333610e-09,7.735084e-08,1.825389e+08,1.695904e+08,8.299784e+07
1.663017e-09,6.997858e-07,4.852170e-07,6.275112e-07,3.520332e+07,2.282537e+06,1.509061e+06
1.049249e-08,5.596780e-07,2.603391e-08,8.918942e-08,6.050496e+07,9.329137e+06,4.475836e+06
6.988470e-08,1.844371e-09,1.478651e-07,3.272721e-09,9.837304e+06,6.598597e+07,4.070252e+08
1.181058e-07,1.181351e-09,3.953378e-07,6.066603e-09,4.627860e+06,3.745737e+07,3.735406e+08
5.923078e-09,4.349082e-08,1.077911e-07,1.056418e-08,3.957626e+07,4.586273e+07,4.665340e+07
2.470995e-09,1.581135e-07,1.245313e-07,1.221608e-07,5.700657e+07,1.004895e+07,7.195313e+06
1.582541e-07,4.614924e-09,3.409101e-08,4.581318e-08,1.361453e+07,1.772353e+07,6.877371e+07
2.293205e-09,2.216970e-07,2.604307e-09,5.996590e-09,4.091970e+08,4.958600e+07,2.742634e+07
1.389431e-07,2.225529e-09,2.374380e-08,5.004535e-07,1.741031e+07,1.767752e+07,2.996412e+07
1.286676e-07,2.145422e-08,1.157298e-08,3.686506e-07,2.591451e+07,2.436507e+07,1.124440e+07
3.506438e-09,3.350049e-08,1.295155e-08,1.138094e-07,1.483905e+08,4.820603e+07,1.619517e+07
1.440568e-07,1.402815e-09,4.918703e-07,2.422813e-09,3.756712e+06,5.339934e+07,5.424252e+08
4.864359e-07,1.155113e-07,3.343045e-07,2.039890e-09,2.479797e+06,2.862453e+07,6.514548e+07
5.273554e-09,8.022599e-07,7.400214e-09,2.817509e-07,1.600760e+08,1.310471e+07,2.103341e+06
1.791881e-07,5.210232e-07,3.966653e-07,1.093436e-07,3.750882e+06,4.081838e+06,4.189622e+06
6.817078e-07,5.139269e-09,9.398031e-09,8.298839e-09,1.249345e+07,1.817570e+07,1.531231e+08
6.496195e-09,3.913469e-08,1.314746e-07,1.964614e-07,3.421759e+07,1.668036e+07,1.140461e+07
5.506946e-09,3.390914e-08,7.136436e-09,8.878031e-09,1.595159e+08,8.007934e+07,5.763460e+07
4.130079e-09,1.631161e-09,5.121558e-08,8.539801e-08,6.875745e+07,7.363157e+07,8.472814e+07
4.521684e-07,3.559200e-08,1.718876e-07,2.494315e-07,3.586969e+06,4.488533e+06,1.061324e+07
6.529515e-07,5.046827e-07,1.226501e-08,6.319635e-09,1.117444e+07,1.439168e+07,1.770699e+07
1.878314e-09,2.120535e-09,8.118314e-09,9.661611e-07,2.560843e+08,1.762449e+08,2.209289e+07
3.287613e-07,5.403118e-09,2.693362e-09,1.773181e-07,3.360565e+07,3.358505e+07,3.230735e+07
1.855592e-07,9.852863e-09,5.529764e-08,5.284741e-09,9.872007e+06,3.257109e+07,1.385820e+08
1.401909e-09,1.088451e-08,2.342228e-08,1.207089e-08,1.745121e+08,1.010824e+08,8.724208e+07
2.943393e-08,2.039104e-09,3.235470e-07,5.429822e-08,1.024725e+07,2.614124e+07,9.503585e+07
6.406542e-07,5.678468e-07,5.432410e-08,6.010419e-08,5.360334e+06,5.385110e+06,5.412925e+06
1.318808e-07,5.228073e-08,6.082280e-09,3.558277e-08,3.530824e+07,3.233207e+07,2.318512e+07
1.324596e-07,3.022028e-07,2.773041e-07,1.951182e-09,5.217713e+06,3.445860e+07,4.118147e+07
4.883821e-08,4.271346e-07,4.600398e-07,2.279750e-09,6.671484e+06,3.043257e+07,3.204601e+07
3.512901e-08,2.934172e-07,4.751928e-09,1.137520e-07,7.739843e+07,2.583174e+07,5.473658e+06
9.028709e-09,6.072153e-09,1.945438e-09,3.340417e-09,2.386044e+08,2.320854e+08,2.220385e+08
5.871375e-09,2.193800e-07,5.871848e-08,1.534138e-07,5.385707e+07,1.022469e+07,5.450913e+06
5.059183e-09,1.733169e-09,1.242368e-08,1.080825e-08,1.261347e+08,1.595988e+08,2.310478e+08
1.668821e-09,2.733787e-08,4.152228e-08,1.137711e-09,1.201308e+08,1.764431e+08,1.793088e+08
1.918270e-07,4.385997e-07,4.001486e-09,4.115477e-07,3.609396e+07,2.000660e+07,2.353725e+06
1.097305e-08,6.313919e-09,9.119000e-08,1.398768e-08,3.161278e+07,6.906465e+07,1.064088e+08
5.849441e-07,1.893612e-08,1.823338e-09,1.408918e-09,3.062029e+07,4.564582e+07,1.936028e+08
4.382963e-08,8.115140e-08,5.827290e-07,4.212363e-07,6.257239e+06,5.720593e+06,5.408653e+06
5.283059e-08,2.436923e-09,6.231180e-07,9.459185e-07,5.511529e+06,6.940161e+06,2.082823e+07
4.545495e-07,2.225717e-08,3.507922e-09,6.512754e-09,2.504289e+07,3.032984e+07,8.305823e+07
1.628321e-09,4.030925e-07,1.577053e-08,1.527940e-07,1.973363e+08,1.314707e+07,4.029438e+06
7.872655e-07,1.413291e-08,7.704212e-09,5.928509e-08,1.284030e+07,1.352825e+07,3.454709e+07
7.260811e-07,6.222392e-09,2.142304e-09,2.111620e-07,2.535519e+07,2.537499e+07,2.758757e+07
1.113773e-08,1.606380e-07,2.346081e-08,7.468361e-09,6.186289e+07,3.205672e+07,2.887109e+07
1.153278e-07,2.798333e-09,1.422071e-07,7.336997e-09,7.808583e+06,3.483307e+07,2.206943e+08
4.181478e-07,6.558454e-09,7.895435e-08,2.282100e-09,5.503603e+06,3.258186e+07,2.584830e+08
7.274623e-08,7.762146e-08,2.269462e-07,9.315294e-08,7.782754e+06,1.003472e+07,1.176009e+07
5.081126e-08,7.037609e-07,1.350483e-09,1.123656e-07,1.207190e+08,3.151370e+07,3.556073e+06
7.875296e-09,3.190268e-07,4.718403e-08,6.766987e-07,5.187631e+07,8.327795e+06,2.152230e+06
2.855223e-09,2.279407e-09,4.776528e-08,2.207343e-07,8.562959e+07,7.042489e+07,4.458144e+07
9.057457e-08,3.929828e-09,1.329560e-09,1.099656e-07,9.112613e+07,8.974903e+07,4.810439e+07
9.810374e-09,2.172935e-07,2.743799e-08,5.750273e-07,6.095103e+07,1.296682e+07,2.828996e+06
1.848007e-08,1.045247e-09,1.006091e-08,9.228578e-09,7.333810e+07,1.031515e+08,3.219757e+08
2.037067e-07,7.162500e-09,2.536175e-09,3.994272e-09,4.399544e+07,5.529125e+07,1.869601e+08
8.782606e-09,2.045626e-09,7.349953e-09,8.126150e-09,1.244646e+08,1.546918e+08,2.452700e+08
1.693581e-08,1.052453e-08,3.878489e-07,1.072347e-07,1.233860e+07,2.082031e+07,2.976671e+07
6.700477e-07,1.194907e-08,7.161207e-07,1.034851e-08,1.443624e+06,1.198907e+07,8.992778e+07
1.026238e-07,2.231396e-07,5.050451e-07,1.300307e-08,4.392491e+06,1.556130e+07,1.856474e+07
4.444740e-07,1.935854e-07,2.590344e-07,6.748176e-08,2.947122e+06,5.410655e+06,8.749244e+06
2.354196e-07,4.653399e-07,5.298412e-07,5.316507e-08,2.831430e+06,5.434580e+06,6.357723e+06
1.749624e-08,5.114770e-09,3.104774e-07,2.784463e-07,1.356790e+07,1.735737e+07,2.649819e+07
6.635959e-07,3.786728e-08,5.684930e-07,2.016632e-09,1.628117e+06,2.663503e+07,1.144339e+08
2.420155e-07,3.419631e-09,4.799483e-09,8.323256e-09,2.934142e+07,3.658475e+07,1.874406e+08
8.502072e-09,6.735989e-09,2.029865e-09,2.092896e-07,2.407155e+08,1.806748e+08,2.663333e+07
4.995275e-09,1.649857e-09,1.063243e-08,3.719353e-08,1.372158e+08,1.349056e+08,1.276566e+08
8.583022e-09,1.277109e-09,1.069661e-07,1.260106e-09,3.300325e+07,2.853634e+08,7.882835e+08
6.742316e-07,1.627999e-09,1.566748e-07,1.116112e-09,3.076776e+06,3.653922e+07,7.418550e+08
1.608546e-07,1.106238e-08,2.426350e-08,3.446116e-08,1.600687e+07,2.021200e+07,5.121660e+07
2.064878e-08,1.637347e-09,2.167014e-08,4.227024e-08,4.727395e+07,5.596572e+07,1.202022e+08
8.395239e-07,8.164086e-08,4.122281e-07,7.040894e-08,1.699866e+06,4.248728e+06,1.318962e+07
1.016359e-07,1.184056e-07,6.071469e-08,3.937179e-08,1.273003e+07,1.379418e+07,1.464608e+07
3.995071e-07,2.669246e-09,1.777200e-07,1.227610e-09,3.752922e+06,4.516025e+07,5.524278e+08
7.288264e-09,3.770840e-07,2.736660e-07,1.427314e-07,2.239121e+07,5.266328e+06,4.310437e+06
8.628329e-07,2.226884e-07,4.309423e-07,1.341604e-07,1.639937e+06,3.000701e+06,5.785474e+06
2.451927e-07,1.404125e-07,5.750036e-09,3.618073e-07,2.663244e+07,2.140509e+07,4.436684e+06
3.201971e-08,8.058130e-08,8.891280e-09,1.534766e-08,5.926648e+07,3.971755e+07,2.843556e+07
4.420267e-07,4.329278e-09,7.310719e-08,4.615184e-08,5.562829e+06,8.898778e+06,7.074533e+07
9.068300e-09,3.327761e-08,4.216954e-09,5.692487e-07,1.617103e+08,7.510996e+07,7.265624e+06
7.275897e-07,3.731393e-07,8.646399e-09,6.585792e-08,1.260779e+07,1.090257e+07,6.379116e+06
1.194546e-07,7.718403e-09,9.643978e-07,5.917939e-09,2.946256e+06,3.656333e+07,1.479623e+08
2.815846e-08,3.387470e-09,6.752304e-07,1.179438e-09,7.252197e+06,1.640853e+08,5.002933e+08
2.505774e-07,2.551043e-08,1.849115e-09,2.610533e-08,4.645656e+07,4.579892e+07,3.875043e+07
1.348385e-07,9.103945e-07,7.145891e-09,7.712166e-07,3.221550e+07,1.162433e+07,1.193430e+06
3.011873e-09,1.165649e-07,1.688771e-09,7.194046e-07,4.434007e+08,7.045314e+07,3.453261e+06
