  0  1 
  2.817248358563280e-02  1.979171370097597e-02 
  3.248941447315690e-02  2.917406861198914e-02 
  3.655502914716489e-02  3.930522620305482e-02 
  4.036974298994460e-02  5.131667393125759e-02 
  4.414324797238085e-02  6.526708253638701e-02 
  4.757103873356065e-02  8.004431640347817e-02 
  5.018617359724117e-02  9.622495130714442e-02 
  5.189435094839563e-02  1.123078724271489e-01 
  5.255277875640504e-02  1.283968738935788e-01 
  5.307426450889090e-02  1.445722033738502e-01 
  5.230615958881878e-02  1.600107644294346e-01 
  5.150193952106796e-02  1.748395982950771e-01 
  5.024041111149658e-02  1.877688515468906e-01 
  4.864900189637775e-02  1.998003754570811e-01 
  4.678958406149869e-02  2.114698951705671e-01 
  4.502715781996371e-02  2.200430469385762e-01 
  4.342777054521499e-02  2.295810300073878e-01 
  4.193327039258905e-02  2.379149045805636e-01 
  4.046337319388425e-02  2.447607357418750e-01 
  3.897088195927822e-02  2.519282674694159e-01 
  3.765165187088673e-02  2.560322660401357e-01 
  3.636821489063941e-02  2.627985713849971e-01 
  3.521654810258686e-02  2.669356015051209e-01 
  3.419657292036585e-02  2.716656320200193e-01 
  3.358527699706013e-02  2.756613635212798e-01 
  3.259161523237313e-02  2.777815199945235e-01 
  3.196067806258396e-02  2.813232655609696e-01 
  3.133593693659662e-02  2.847488311218176e-01 
  3.057983477263511e-02  2.866330401431885e-01 
  3.017894367628342e-02  2.894604947003537e-01 
  2.948233553405502e-02  2.917436082807597e-01 
  2.891802204921571e-02  2.937246872163443e-01 
  2.832327926806497e-02  2.953050677597553e-01 
  2.775068990590004e-02  2.972980084855618e-01 
  2.703731647438046e-02  2.986171182030696e-01 
  2.631644275803842e-02  3.001183499260722e-01 
  2.556657396491941e-02  2.997456574519351e-01 
  2.447183774673696e-02  3.005422960769334e-01 
  2.335076077200907e-02  3.012426434873594e-01 
  2.210007688246058e-02  2.994843275094980e-01 
  2.058053141162576e-02  3.014357791823747e-01 
  1.887722640234506e-02  2.993044679918693e-01 
  1.698649339265659e-02  2.982681633762366e-01 
  1.482237970935156e-02  2.971395080540521e-01 
  1.230338982382955e-02  2.929963431406350e-01 
  9.581891184147394e-03  2.906495132626135e-01 
  6.484101947789574e-03  2.848666773179719e-01 
  3.029130155848125e-03  2.793502407624795e-01 
  3.549106686878053e-03  2.712904150543940e-01 
  4.477631349138525e-03  2.648379088193887e-01 
  8.502715238731457e-03  2.530289422544764e-01 
  1.293027568502763e-02  2.419251115654037e-01 
  1.718951742348621e-02  2.266651228416784e-01 
  2.135039599709648e-02  2.126226124825846e-01 
  2.503385512242974e-02  1.948295601237892e-01 
  2.792539883695465e-02  1.756503421124603e-01 
  2.983824217824929e-02  1.556814615017099e-01 
  3.040780240777001e-02  1.371701615119206e-01 
  2.964408053961924e-02  1.163576790698043e-01 
  2.729240357010347e-02  9.838422071563496e-02 
  2.406588485882883e-02  8.207451026632297e-02 
  2.026405635286024e-02  6.827255405861728e-02 
  1.657092816023080e-02  5.563427719088328e-02 
  1.268307569829836e-02  4.643374371306097e-02 
  9.196764898196404e-03  3.826324512623488e-02 
  6.017981308675236e-03  3.180013033693357e-02 
  3.509276066822813e-03  2.641831109442157e-02 
  3.420903981647848e-02  2.601578590894600e-02 
  3.952383108183306e-02  3.726003855940020e-02 
  4.528515249331804e-02  5.032475276872592e-02 
  5.051045544836279e-02  6.603833271555797e-02 
  5.588335025170175e-02  8.392471014926950e-02 
  6.034338722062534e-02  1.030423488808812e-01 
  6.352101580080229e-02  1.245248851923300e-01 
  6.528727385598156e-02  1.464029911987592e-01 
  6.645396287848120e-02  1.684989116234885e-01 
  6.597864383136991e-02  1.884884746909899e-01 
  6.535516034755297e-02  2.082380316530256e-01 
  6.377019346212810e-02  2.254078050478981e-01 
  6.189503096242168e-02  2.444261966162007e-01 
  5.961346758516695e-02  2.591980022989966e-01 
  5.707347086457198e-02  2.721917137669082e-01 
  5.504378432682242e-02  2.846052125939174e-01 
  5.259855757351860e-02  2.942709897766700e-01 
  5.046888784428372e-02  3.049375453189809e-01 
  4.860343733258803e-02  3.139544188128641e-01 
  4.672631522880212e-02  3.216016364776971e-01 
  4.500190354994479e-02  3.279515591731373e-01 
  4.337132444247204e-02  3.338284915245200e-01 
  4.200691466424768e-02  3.400634449141446e-01 
  4.086512056151193e-02  3.455028228291612e-01 
  3.981170107530058e-02  3.499893667715357e-01 
  3.883602612140850e-02  3.527218389003228e-01 
  3.778115534870993e-02  3.577655754448795e-01 
  3.706532687977583e-02  3.590282316330582e-01 
  3.624456021972415e-02  3.653122620838746e-01 
  3.567742357662383e-02  3.682766635921299e-01 
  3.497185221971432e-02  3.683298787058082e-01 
  3.441261173517803e-02  3.728678598291087e-01 
  3.368125260467222e-02  3.738533701460099e-01 
  3.305969819391943e-02  3.763030600817971e-01 
  3.226597065755440e-02  3.767998749587533e-01 
  3.141392008064781e-02  3.795424441448052e-01 
  3.027140541826507e-02  3.802153971371706e-01 
  2.916295210008810e-02  3.820022315976798e-01 
  2.777885779386260e-02  3.831887939524558e-01 
  2.626407951302381e-02  3.825281058570931e-01 
  2.447231953105861e-02  3.808623563403651e-01 
  2.249347914756397e-02  3.802748029805823e-01 
  2.012419813299265e-02  3.774949533385604e-01 
  1.740852135285886e-02  3.759423916788646e-01 
  1.433906008332544e-02  3.712529386553323e-01 
  1.083272291116219e-02  3.657287065094950e-01 
  6.947189326347908e-03  3.600892448068319e-01 
  2.573777112269676e-03  3.526017797004616e-01 
  2.186744206169313e-03  3.456798779771930e-01 
  7.376665398159538e-03  3.343805440082410e-01 
  1.311471884376834e-02  3.236186933229787e-01 
  1.879833931755181e-02  3.087842212808218e-01 
  2.512740759282248e-02  2.907185541074390e-01 
  3.090983484101657e-02  2.713296158827499e-01 
  3.610612526370871e-02  2.502886466434308e-01 
  4.068093579141727e-02  2.235636286433374e-01 
  4.329066274145313e-02  1.987017765220626e-01 
  4.358817486646231e-02  1.702144398740124e-01 
  4.250968477501802e-02  1.442677969751431e-01 
  3.882834095315699e-02  1.188626203128967e-01 
  3.429528249280910e-02  9.810303651437276e-02 
  2.878324037078991e-02  7.990475974129652e-02 
  2.322965899509736e-02  6.504644261277168e-02 
  1.827052111386420e-02  5.258164273019680e-02 
  1.379922940180861e-02  4.323700967728526e-02 
  9.820947389005899e-03  3.554587832936465e-02 
  6.434570810584337e-03  2.974955679154322e-02 
  4.195937248109094e-02  3.348182714819244e-02 
  4.965846427266153e-02  4.752140255437461e-02 
  5.724421240793976e-02  6.499792613663152e-02 
  6.500777989289078e-02  8.539667276755399e-02 
  7.286138704154793e-02  1.084514342870206e-01 
  7.889683554208894e-02  1.362530397530327e-01 
  8.330455226322617e-02  1.646351637642272e-01 
  8.596727972747206e-02  1.938691695581460e-01 
  8.701568322880338e-02  2.243026734791903e-01 
  8.622323925965743e-02  2.523368050731584e-01 
  8.456880318738938e-02  2.790803763696981e-01 
  8.192380865179202e-02  3.027924904266054e-01 
  7.903535976603596e-02  3.241573325946995e-01 
  7.544055669763655e-02  3.456704858082477e-01 
  7.248493178376515e-02  3.616424476907209e-01 
  6.904168539665154e-02  3.779637506709715e-01 
  6.562080209235217e-02  3.908575901179296e-01 
  6.270173879742572e-02  4.034234601561806e-01 
  5.976478128841363e-02  4.138326004014233e-01 
  5.767305865027832e-02  4.210732961738582e-01 
  5.515060544819683e-02  4.321698346945298e-01 
  5.320070463865850e-02  4.384207493228777e-01 
  5.144028718358663e-02  4.450856577620598e-01 
  4.997606807637399e-02  4.501888142792277e-01 
  4.862582519724278e-02  4.549568936679799e-01 
  4.724918638714724e-02  4.623667017873447e-01 
  4.621068268391977e-02  4.636876191263657e-01 
  4.527464300295447e-02  4.689934204475318e-01 
  4.422180696897408e-02  4.730423788609684e-01 
  4.358651886747273e-02  4.773304611148957e-01 
  4.265452740644119e-02  4.853668374906585e-01 
  4.179150242515221e-02  4.823416336868224e-01 
  4.109368471281862e-02  4.861596940173584e-01 
  4.015597586405659e-02  4.903650963439722e-01 
  3.927222746407765e-02  4.926977738361784e-01 
  3.811849843175558e-02  4.920421981514694e-01 
  3.692327667095933e-02  4.956963830520122e-01 
  3.546220487578414e-02  4.963453985074635e-01 
  3.404928797288085e-02  4.974075809127125e-01 
  3.212600957963870e-02  4.952736239230007e-01 
  2.993780012249998e-02  4.966177637772736e-01 
  2.744230801112706e-02  4.947303458427074e-01 
  2.445647352152128e-02  4.930354535933134e-01 
  2.115754798518864e-02  4.878453277843894e-01 
  1.723992946080169e-02  4.838492252669422e-01 
  1.285777982026842e-02  4.779741394900445e-01 
  7.899695193248887e-03  4.744745799591575e-01 
  2.138036103340877e-03  4.651407619936028e-01 
  4.184510235747748e-03  4.549683647803180e-01 
  1.110121041685187e-02  4.399246528492121e-01 
  1.873558829897142e-02  4.250840894657924e-01 
  2.684410843955991e-02  4.104724844490300e-01 
  3.562564078066006e-02  3.836610844231650e-01 
  4.364452633289124e-02  3.593890162967610e-01 
  5.158700142063599e-02  3.288112741200802e-01 
  5.842084502695416e-02  2.934026621241162e-01 
  6.329695010693044e-02  2.590135295442709e-01 
  6.418567821632754e-02  2.188822024264458e-01 
  6.187263109657720e-02  1.819786965477429e-01 
  5.631056494911602e-02  1.483571562286333e-01 
  4.882988871637654e-02  1.206367281599682e-01 
  4.102962376029846e-02  9.532651145905993e-02 
  3.310018602364226e-02  7.665321062048008e-02 
  2.596164664110843e-02  6.158569544821423e-02 
  1.984408526975339e-02  4.960823778172629e-02 
  1.468650929634876e-02  4.023601857787278e-02 
  1.020446956024716e-02  3.321829212445310e-02 
  5.145796823309304e-02  4.092487861978249e-02 
  6.125628920933746e-02  5.853659412800553e-02 
  7.199688131453465e-02  7.882982274155255e-02 
  8.311308150334951e-02  1.062767463334466e-01 
  9.376797443402787e-02  1.369820937347887e-01 
  1.025810486814497e-01  1.728381065707989e-01 
  1.082980244842327e-01  2.123876208441217e-01 
  1.121503374119068e-01  2.538059797523264e-01 
  1.123216525672531e-01  2.912729135515575e-01 
  1.106228605522402e-01  3.301614019507277e-01 
  1.073660521824617e-01  3.613187091505420e-01 
  1.025387300873097e-01  3.926591300006588e-01 
  9.852815139038941e-02  4.202012113019943e-01 
  9.305115849948979e-02  4.467331699025592e-01 
  8.889776338690542e-02  4.665745007228239e-01 
  8.413420290222233e-02  4.854235589257849e-01 
  7.994705761434009e-02  5.035769579707834e-01 
  7.586011286726346e-02  5.157956794975546e-01 
  7.242445478973002e-02  5.286751534314484e-01 
  6.911558440308850e-02  5.397944935500519e-01 
  6.642293085006964e-02  5.480339332122163e-01 
  6.415346743040996e-02  5.576488359752388e-01 
  6.196678073841859e-02  5.666281546918095e-01 
  5.981085139195389e-02  5.731364112735459e-01 
  5.818331807322737e-02  5.822265423144597e-01 
  5.683380521846228e-02  5.873946004385616e-01 
  5.534433003727778e-02  5.875003774986612e-01 
  5.428895530738546e-02  5.968951498649641e-01 
  5.319343481089230e-02  5.995203095654367e-01 
  5.218809983659165e-02  6.014615234725484e-01 
  5.124680384302379e-02  6.092386540560490e-01 
  5.032057957569672e-02  6.114569701610092e-01 
  4.916786319447457e-02  6.133082405403538e-01 
  4.845466379295426e-02  6.137521832306405e-01 
  4.713754766037791e-02  6.140329829289654e-01 
  4.603497212615523e-02  6.184065772428603e-01 
  4.472076093029135e-02  6.171702027956942e-01 
  4.297812696484236e-02  6.235087463792920e-01 
  4.103993219026962e-02  6.228278156038777e-01 
  3.915741235425527e-02  6.219530472781396e-01 
  3.632040934355418e-02  6.233804813923410e-01 
  3.351206459981436e-02  6.228548492402777e-01 
  2.991385157916641e-02  6.182984389292818e-01 
  2.583863901285963e-02  6.181010765421144e-01 
  2.112654526573964e-02  6.127957575948537e-01 
  1.563924504647516e-02  6.066361685093976e-01 
  9.431024748780948e-03  6.012671818686834e-01 
  2.278928420539988e-03  5.902500737301867e-01 
  5.872010649210734e-03  5.810835752998077e-01 
  1.503063001244821e-02  5.630143964035680e-01 
  2.516377159340212e-02  5.449602807245348e-01 
  3.607050183442998e-02  5.218008713634898e-01 
  4.783851992118612e-02  4.909752500620920e-01 
  5.977033425087290e-02  4.571002933463194e-01 
  7.126453152223849e-02  4.181040265088892e-01 
  8.134681144148467e-02  3.755395227333633e-01 
  8.829946750046534e-02  3.241739777385129e-01 
  9.019661403827857e-02  2.734160784403987e-01 
  8.631388893918328e-02  2.231358748795063e-01 
  7.769637100753655e-02  1.800256551160807e-01 
  6.670447717147357e-02  1.423796758953808e-01 
  5.424788797481644e-02  1.109215679525467e-01 
  4.344822957271371e-02  8.742347192224065e-02 
  3.417712167221275e-02  6.913742494323527e-02 
  2.626613272896254e-02  5.505861087812455e-02 
  1.963090785450623e-02  4.453102072535039e-02 
  1.420644075462944e-02  3.662947971575287e-02 
  6.301249623910705e-02  4.826467654188903e-02 
  7.666041827511187e-02  6.850612458085947e-02 
  9.111817957866176e-02  9.466198345262872e-02 
  1.072035789928022e-01  1.290541426509014e-01 
  1.228434583806865e-01  1.698440745564008e-01 
  1.356198265255951e-01  2.167819157871651e-01 
  1.443578597304889e-01  2.700619194146475e-01 
  1.479614860591936e-01  3.222004183661518e-01 
  1.475335302465357e-01  3.766330264006365e-01 
  1.442425310831156e-01  4.261159101288912e-01 
  1.380338605383247e-01  4.725082002803537e-01 
  1.326221714801135e-01  5.131159325942145e-01 
  1.248324615930001e-01  5.502818643558210e-01 
  1.178348449042875e-01  5.794619852708628e-01 
  1.113181126690456e-01  6.071827153263238e-01 
  1.043638842689651e-01  6.279230853197089e-01 
  9.881062231738352e-02  6.490314621951625e-01 
  9.330990226228437e-02  6.703460428187630e-01 
  8.882682406604694e-02  6.813746155576546e-01 
  8.456848188867157e-02  6.970883905993623e-01 
  8.101619355203191e-02  7.073946973375896e-01 
  7.768909896101879e-02  7.178666867926107e-01 
  7.481264931265620e-02  7.267090187580680e-01 
  7.277605074490240e-02  7.342688424641082e-01 
  7.038941154595231e-02  7.411812939623330e-01 
  6.851282646787796e-02  7.483665199300966e-01 
  6.684159190296846e-02  7.544042041918582e-01 
  6.566568583218176e-02  7.594214330288602e-01 
  6.409235573730396e-02  7.624808663581065e-01 
  6.330936164778647e-02  7.719146795250944e-01 
  6.213833105021519e-02  7.714083757299240e-01 
  6.112769708045110e-02  7.778113926584443e-01 
  5.982751778213338e-02  7.790877934743111e-01 
  5.850177383236365e-02  7.851360161697652e-01 
  5.729760702986515e-02  7.870975308450072e-01 
  5.590766890369529e-02  7.876245599851269e-01 
  5.408593408291951e-02  7.924029797694077e-01 
  5.231978305692563e-02  7.935425157924175e-01 
  5.003384565727761e-02  7.906983818089000e-01 
  4.745489147315405e-02  7.954114712591395e-01 
  4.417504845242853e-02  7.933995503375094e-01 
  4.070033506139774e-02  7.935666351879709e-01 
  3.638238661297487e-02  7.907730319951441e-01 
  3.127957434587304e-02  7.916186183947223e-01 
  2.541508605332013e-02  7.824015461222176e-01 
  1.830662496426116e-02  7.795863027430309e-01 
  1.034833035634650e-02  7.708916649337444e-01 
  1.151306176405533e-03  7.586311129489651e-01 
  9.454941247906488e-03  7.440923678413316e-01 
  2.154171791219431e-02  7.234794504066706e-01 
  3.536017327593719e-02  7.008953843395451e-01 
  5.064908272539584e-02  6.713767540036583e-01 
  6.698835058219590e-02  6.345497831051043e-01 
  8.439605267567570e-02  5.876353317651420e-01 
  1.010504808670630e-01  5.382283257821997e-01 
  1.160019085240002e-01  4.772628716193905e-01 
  1.264643553417442e-01  4.116761430248608e-01 
  1.282723450580296e-01  3.427660501964578e-01 
  1.220288123557892e-01  2.766230082975875e-01 
  1.081204972894338e-01  2.180301733075727e-01 
  9.019494218647282e-02  1.671459276925161e-01 
  7.374478852063004e-02  1.280388161519624e-01 
  5.824365685285117e-02  9.876729280669891e-02 
  4.490301313533051e-02  7.798049721758173e-02 
  3.449392657098804e-02  6.180158309245378e-02 
  2.602816400138930e-02  4.966443509722814e-02 
  1.906945295049742e-02  4.021104873649187e-02 
  7.576582115838952e-02  5.396869293042096e-02 
  9.369099140506693e-02  7.704491848351627e-02 
  1.138359757639846e-01  1.084794188723360e-01 
  1.361854105900888e-01  1.493798434628812e-01 
  1.575063018017263e-01  1.999630028767559e-01 
  1.754873777595466e-01  2.590861813358559e-01 
  1.873658702321805e-01  3.270240178348308e-01 
  1.915362959594832e-01  3.983423214416597e-01 
  1.887799360024962e-01  4.664613877514773e-01 
  1.817214671668247e-01  5.292873933250264e-01 
  1.739496801500388e-01  5.860445074671952e-01 
  1.635244452670122e-01  6.396061780372847e-01 
  1.542423859091745e-01  6.811931937657791e-01 
  1.431345524903956e-01  7.251663612528505e-01 
  1.346263075932635e-01  7.549083863195341e-01 
  1.256955013466619e-01  7.823267855295553e-01 
  1.185732256526384e-01  8.048866978858739e-01 
  1.114752704143801e-01  8.254740022484839e-01 
  1.051001496774651e-01  8.422706162398541e-01 
  1.001270531359906e-01  8.591222168292251e-01 
  9.513833234706622e-02  8.699765570564448e-01 
  9.142087728784010e-02  8.777340574771200e-01 
  8.777457484125821e-02  8.890207548174616e-01 
  8.476120740733345e-02  8.983887399255257e-01 
  8.238037878770910e-02  9.052136621005582e-01 
  8.016168445157608e-02  9.102372409051019e-01 
  7.836240106292491e-02  9.198252983715404e-01 
  7.676880574043557e-02  9.239038992237171e-01 
  7.528169424900595e-02  9.301430598950958e-01 
  7.356927640349824e-02  9.349953478322615e-01 
  7.254407284211564e-02  9.390006653601100e-01 
  7.138961412633572e-02  9.454510532637814e-01 
  6.975665300354668e-02  9.490520901791019e-01 
  6.852562961314231e-02  9.543159884832204e-01 
  6.696927302236227e-02  9.577969505616171e-01 
  6.534078300929778e-02  9.612264217876144e-01 
  6.341124564668944e-02  9.635999083063957e-01 
  6.125164891187777e-02  9.647347006681070e-01 
  5.843719136788297e-02  9.662118287743591e-01 
  5.566403500634216e-02  9.695719662134459e-01 
  5.189306045992541e-02  9.686153562721465e-01 
  4.773994172359049e-02  9.692914904052372e-01 
  4.253094520219858e-02  9.626516288266180e-01 
  3.651681442961519e-02  9.596040008691145e-01 
  2.928464303226385e-02  9.513947487720720e-01 
  2.060575512882570e-02  9.511033251214163e-01 
  1.073935094150300e-02  9.364664006534040e-01 
  9.031031030816562e-04  9.202105329588786e-01 
  1.468107253937623e-02  9.098004556518088e-01 
  3.047015296991669e-02  8.839451148182803e-01 
  4.847027508828179e-02  8.565356627917762e-01 
  6.870645395617687e-02  8.160924311311342e-01 
  9.038985391994171e-02  7.729317547385806e-01 
  1.148187685097865e-01  7.137634416513143e-01 
  1.384536739596772e-01  6.531494267230398e-01 
  1.592575882181168e-01  5.760050619061052e-01 
  1.713081931810063e-01  4.904133115985179e-01 
  1.748642318832699e-01  3.998792786456881e-01 
  1.629857872449657e-01  3.196530480482099e-01 
  1.418585069190449e-01  2.476926673505931e-01 
  1.165852704562381e-01  1.881130391784286e-01 
  9.362760937172170e-02  1.432805203284058e-01 
  7.252206045533829e-02  1.090709133767165e-01 
  5.592331848824583e-02  8.374708511472909e-02 
  4.276173172272479e-02  6.608550301293212e-02 
  3.206059917329257e-02  5.329631104989981e-02 
  2.403728067076877e-02  4.352069277794918e-02 
  9.063173303369852e-02  5.820853914926811e-02 
  1.133034892742170e-01  8.402657274327660e-02 
  1.395355711957110e-01  1.189493299586000e-01 
  1.699381885226341e-01  1.660297064322172e-01 
  2.009426079680496e-01  2.251145417098944e-01 
  2.253334076862081e-01  2.968579609128265e-01 
  2.423717700468284e-01  3.804564489203999e-01 
  2.465368737415685e-01  4.655776779939679e-01 
  2.423548886656100e-01  5.518885069512628e-01 
  2.334208168484361e-01  6.344603697871086e-01 
  2.203456516797317e-01  7.077212729712122e-01 
  2.051992336623565e-01  7.701536889834704e-01 
  1.900907063770145e-01  8.276196624267872e-01 
  1.771613718247433e-01  8.732183429797193e-01 
  1.634973374297250e-01  9.110370726681097e-01 
  1.520791878251233e-01  9.415705144665071e-01 
  1.411494968993925e-01  9.768215901166629e-01 
  1.323633756888236e-01  9.952630939747701e-01 
  1.242482797498103e-01  1.016270455095249e+00 
  1.173496732079736e-01  1.035908865839515e+00 
  1.115144083468137e-01  1.044260498139465e+00 
  1.067207293231468e-01  1.058708744039895e+00 
  1.023076088834115e-01  1.071610721282183e+00 
  9.842541044560214e-02  1.077327758373640e+00 
  9.543269415111227e-02  1.089764986075457e+00 
  9.299498624539744e-02  1.094314616427145e+00 
  9.052100864898921e-02  1.100244737505496e+00 
  8.829517761518418e-02  1.107074378961152e+00 
  8.651425743645619e-02  1.111452609930575e+00 
  8.463737482930879e-02  1.117153627366641e+00 
  8.313768639351925e-02  1.124894387674389e+00 
  8.173139932086355e-02  1.125908894491783e+00 
  8.033840117405100e-02  1.136330202666231e+00 
  7.863910906052754e-02  1.133756656759044e+00 
  7.691052652596218e-02  1.140530096500774e+00 
  7.491092064528020e-02  1.140021783760106e+00 
  7.278244393754005e-02  1.144512130362115e+00 
  7.015893445549141e-02  1.149236603663606e+00 
  6.714845654086875e-02  1.147836022303895e+00 
  6.340569021758821e-02  1.148225004193943e+00 
  5.900935729672993e-02  1.150223536175086e+00 
  5.391289269640345e-02  1.146339216590742e+00 
  4.762590425265907e-02  1.146405471049458e+00 
  4.000340734451482e-02  1.144088973554446e+00 
  3.107253132585828e-02  1.131068480330485e+00 
  2.032992771781469e-02  1.123189797790684e+00 
  7.615537035863044e-03  1.116451213258786e+00 
  7.330279502206432e-03  1.095861576988705e+00 
  2.519448785121426e-02  1.077271077267347e+00 
  4.602246589124797e-02  1.043390432291807e+00 
  7.043554584175954e-02  1.007869377363038e+00 
  9.711621200901338e-02  9.612876216364471e-01 
  1.272651912620091e-01  9.019343972168868e-01 
  1.596636982574400e-01  8.316080793581491e-01 
  1.912632294624355e-01  7.497400313002716e-01 
  2.194678880991179e-01  6.546883306450428e-01 
  2.342532551657192e-01  5.546856109110356e-01 
  2.365948213946114e-01  4.513091098378025e-01 
  2.168452356033800e-01  3.562216820352386e-01 
  1.859446273818226e-01  2.726626177985126e-01 
  1.509930592978243e-01  2.062203881714185e-01 
  1.179763985881496e-01  1.558381737082825e-01 
  9.052350987144617e-02  1.184607696599851e-01 
  6.940798468806302e-02  9.169971797764492e-02 
  5.298654284789139e-02  7.176728220414118e-02 
  3.981752253504846e-02  5.716220195848851e-02 
  2.985991275916770e-02  4.659815267776832e-02 
  1.057327759573613e-01  5.981125291122447e-02 
  1.334266507315434e-01  8.684116679746869e-02 
  1.675433267334169e-01  1.221048318800664e-01 
  2.071327325426585e-01  1.708217630879657e-01 
  2.460776861631758e-01  2.353686953227903e-01 
  2.794214130188199e-01  3.133327208867964e-01 
  3.005920806330248e-01  4.051263115302699e-01 
  3.063440040840864e-01  5.091309517100850e-01 
  2.997727379476285e-01  6.123613192361226e-01 
  2.870212387856554e-01  7.052676279148574e-01 
  2.683959353713359e-01  7.940558506426794e-01 
  2.475961483998624e-01  8.704751949907201e-01 
  2.284140080285275e-01  9.391551621810078e-01 
  2.103378762143721e-01  9.937279382465901e-01 
  1.929388939436406e-01  1.040801716987280e+00 
  1.766500377280634e-01  1.081132069580285e+00 
  1.633128036360319e-01  1.109873929220948e+00 
  1.517686547109000e-01  1.136107298988441e+00 
  1.412117172795390e-01  1.156977997610576e+00 
  1.329307131053181e-01  1.175757343699360e+00 
  1.255564952808569e-01  1.190127800203225e+00 
  1.191203016527194e-01  1.206927686585949e+00 
  1.140324051627761e-01  1.216578396017734e+00 
  1.096467931947849e-01  1.227117924811367e+00 
  1.057533745707718e-01  1.232181829117020e+00 
  1.030471261851549e-01  1.241059490461885e+00 
  1.000768747478188e-01  1.243480273391887e+00 
  9.751501334426280e-02  1.251935198756606e+00 
  9.548851392482541e-02  1.256053679268904e+00 
  9.393983315949941e-02  1.268571791463044e+00 
  9.183480000254250e-02  1.269001542529907e+00 
  9.016933868860537e-02  1.275611570855107e+00 
  8.824922183002426e-02  1.279554828510543e+00 
  8.642448186504580e-02  1.281637481877663e+00 
  8.461515114091263e-02  1.286925925630045e+00 
  8.227702586823910e-02  1.285624973242796e+00 
  7.974764823296733e-02  1.291767191292496e+00 
  7.689807789338957e-02  1.290784227550822e+00 
  7.324366785459110e-02  1.291273385936342e+00 
  6.921169488007178e-02  1.297204360898076e+00 
  6.404663022308771e-02  1.292316680525976e+00 
  5.790600246935235e-02  1.291599445806197e+00 
  5.064968334164469e-02  1.290239994779037e+00 
  4.176237459370299e-02  1.282122435943425e+00 
  3.083571581561733e-02  1.274441925275958e+00 
  1.768899195945796e-02  1.265402388870257e+00 
  2.090978342159919e-03  1.244503435978472e+00 
  1.711400815209606e-02  1.228660085713220e+00 
  3.949182324197827e-02  1.198459327974295e+00 
  6.627785346613700e-02  1.165065655351040e+00 
  9.715309367509173e-02  1.115902241641343e+00 
  1.330816983356424e-01  1.061450265477052e+00 
  1.712136100630492e-01  9.891781166432293e-01 
  2.147059275624790e-01  9.023307340296366e-01 
  2.541031416287693e-01  8.055824567981777e-01 
  2.867225064782467e-01  6.937609485833284e-01 
  3.037924207364058e-01  5.812697201263584e-01 
  2.985103093567012e-01  4.711675257944486e-01 
  2.727051468060940e-01  3.698848129128154e-01 
  2.280868432324062e-01  2.821992466231339e-01 
  1.818906749548128e-01  2.143434911169074e-01 
  1.417076788853650e-01  1.613689599835213e-01 
  1.074170162073445e-01  1.233218837550214e-01 
  8.179573034468784e-02  9.527005150359268e-02 
  6.200905809119193e-02  7.470358603858790e-02 
  4.687112035392692e-02  5.984875907185166e-02 
  3.545527306556211e-02  4.867980725539342e-02 
  1.215358589024905e-01  5.831059191528871e-02 
  1.557150661257958e-01  8.342992439074233e-02 
  1.966966369305554e-01  1.188374023353290e-01 
  2.451580930331516e-01  1.660344852200770e-01 
  2.948144624628665e-01  2.297923677107511e-01 
  3.388090751050169e-01  3.113558643367891e-01 
  3.669787225207817e-01  4.049981132617009e-01 
  3.763929103186062e-01  5.149086646503120e-01 
  3.701137199753570e-01  6.298395091828858e-01 
  3.514307299091345e-01  7.394462315797412e-01 
  3.284219947254166e-01  8.439112958393444e-01 
  3.006961271043556e-01  9.363023210883871e-01 
  2.741083305157265e-01  1.012126509505265e+00 
  2.487694147920455e-01  1.083888354072500e+00 
  2.258901711789221e-01  1.136917758088981e+00 
  2.054221330583419e-01  1.183689104278913e+00 
  1.880026558876476e-01  1.218038315513662e+00 
  1.728299023334040e-01  1.253964090860677e+00 
  1.594576041471579e-01  1.274104354503140e+00 
  1.485190574964579e-01  1.292708486748305e+00 
  1.395636067847083e-01  1.313301226941843e+00 
  1.314319902917045e-01  1.323763645824652e+00 
  1.252326684283886e-01  1.333887491548096e+00 
  1.198416788885677e-01  1.343421671899720e+00 
  1.153390804192042e-01  1.352711711266764e+00 
  1.115600074317898e-01  1.361737821768626e+00 
  1.086802889781307e-01  1.364070133209564e+00 
  1.056956550212955e-01  1.370184972228918e+00 
  1.031179770518569e-01  1.375798716642670e+00 
  1.008440164377538e-01  1.384222486452376e+00 
  9.886529908727731e-02  1.384497895708305e+00 
  9.675469194342864e-02  1.390572383082516e+00 
  9.461629427073258e-02  1.391863832924356e+00 
  9.232440863019573e-02  1.394022874012224e+00 
  8.999751844096528e-02  1.398903156107155e+00 
  8.741912083584637e-02  1.401584706461247e+00 
  8.466913725891670e-02  1.402388203704844e+00 
  8.106737946902409e-02  1.402747650614587e+00 
  7.693513753960651e-02  1.405287716028431e+00 
  7.196615245753996e-02  1.401986397521163e+00 
  6.623978048107779e-02  1.400621052924061e+00 
  5.873077537571057e-02  1.400752479843045e+00 
  4.994272496208867e-02  1.392277324485532e+00 
  3.890413687501938e-02  1.386626194125485e+00 
  2.570347159490367e-02  1.377849554048137e+00 
  9.143390843570033e-03  1.360377843638644e+00 
  1.054199812233172e-02  1.341410340951782e+00 
  3.459669273946394e-02  1.314832407892611e+00 
  6.386328213332018e-02  1.280173992507804e+00 
  9.837101092921692e-02  1.235901046566599e+00 
  1.383600099344804e-01  1.180088423452572e+00 
  1.843786940381937e-01  1.110730634271685e+00 
  2.333846478329187e-01  1.023901195316459e+00 
  2.860134354375887e-01  9.274885353010355e-01 
  3.318389683400740e-01  8.170673378763642e-01 
  3.676569537739939e-01  7.034987012379027e-01 
  3.826706768377965e-01  5.842133137888710e-01 
  3.701172140870210e-01  4.710134947057588e-01 
  3.318340782163505e-01  3.698173651155503e-01 
  2.779453319499999e-01  2.856982959255219e-01 
  2.198760287955055e-01  2.170232685356218e-01 
  1.683479121057993e-01  1.647784259755425e-01 
  1.286406229555160e-01  1.275810728844416e-01 
  9.713550100633044e-02  9.877082925250434e-02 
  7.326813459044967e-02  7.876647316419820e-02 
  5.509785407995184e-02  6.287630326913320e-02 
  4.152497068468634e-02  5.141630344529685e-02 
  1.367440487744683e-01  5.489042583344304e-02 
  1.754854180085822e-01  7.825054121506514e-02 
  2.240055014656541e-01  1.113471229581179e-01 
  2.817982128609937e-01  1.536013561115710e-01 
  3.423176440547827e-01  2.153799391863264e-01 
  3.965808456684425e-01  2.920193298677774e-01 
  4.311827067996359e-01  3.842076872481088e-01 
  4.455759939209538e-01  4.952283517286205e-01 
  4.389621603035752e-01  6.137367087036478e-01 
  4.185507596844507e-01  7.353487355889996e-01 
  3.865674963169995e-01  8.455217816072875e-01 
  3.540323391314508e-01  9.506066541792653e-01 
  3.193936183978303e-01  1.046359327334080e+00 
  2.871245876684263e-01  1.127078460246505e+00 
  2.575193304568705e-01  1.189394565994994e+00 
  2.318854422528508e-01  1.244436383328502e+00 
  2.089733642845941e-01  1.288455429654721e+00 
  1.901994183677681e-01  1.317441227612428e+00 
  1.738101700729378e-01  1.345141587802082e+00 
  1.605732636621796e-01  1.370274733994107e+00 
  1.494862111648706e-01  1.384530572317126e+00 
  1.407810611862524e-01  1.400774573676971e+00 
  1.334043326136503e-01  1.411120009028659e+00 
  1.270636961998086e-01  1.421860370792064e+00 
  1.218628230052556e-01  1.424998968578211e+00 
  1.173781700597439e-01  1.430752620451431e+00 
  1.136084368880888e-01  1.441093635010053e+00 
  1.104202648594585e-01  1.444927477760650e+00 
  1.075361254071863e-01  1.446898112172383e+00 
  1.051737077257803e-01  1.456096473299115e+00 
  1.027463220227035e-01  1.457719287181318e+00 
  1.004491080024388e-01  1.458413749271354e+00 
  9.798630579237105e-02  1.462661230246461e+00 
  9.557922055094575e-02  1.466354073574347e+00 
  9.294201514897840e-02  1.468105616028597e+00 
  8.985387985738671e-02  1.468691731941560e+00 
  8.665340535252104e-02  1.466903855352768e+00 
  8.268719022673063e-02  1.469061069588715e+00 
  7.795004756403524e-02  1.466225606990700e+00 
  7.222377501511336e-02  1.465610608904194e+00 
  6.544571014053632e-02  1.465366638898407e+00 
  5.724953776630428e-02  1.457949394972316e+00 
  4.686178579328570e-02  1.454492043932675e+00 
  3.404075897081264e-02  1.444854783143266e+00 
  1.799762856173340e-02  1.431341291378008e+00 
  1.644284392593356e-03  1.418760373616310e+00 
  2.534558878899786e-02  1.394373273856822e+00 
  5.604562085839324e-02  1.358948973716350e+00 
  9.134614722811762e-02  1.319108139065521e+00 
  1.350246575593035e-01  1.266887350900459e+00 
  1.848256467291065e-01  1.203066544846080e+00 
  2.409711967504333e-01  1.121307301211344e+00 
  3.012952496992165e-01  1.022074610380288e+00 
  3.632922510308159e-01  9.144921882291310e-01 
  4.125646701231786e-01  7.966019221506232e-01 
  4.501748043825695e-01  6.797484876294370e-01 
  4.598693705827706e-01  5.616914329953276e-01 
  4.379022579300639e-01  4.536762035153869e-01 
  3.874277144411064e-01  3.605157975892335e-01 
  3.189927660927123e-01  2.798075958671339e-01 
  2.509887955812050e-01  2.150390337835687e-01 
  1.907150141714124e-01  1.651312620125850e-01 
  1.446155136715958e-01  1.278192750381441e-01 
  1.084659899970657e-01  9.986410174982562e-02 
  8.181324799176970e-02  7.929960060775258e-02 
  6.212395329498076e-02  6.451025372215431e-02 
  4.716714989574537e-02  5.289184907231501e-02 
  1.513395661144619e-01  4.961120777753703e-02 
  1.952314970630958e-01  6.953151624997660e-02 
  2.500291730681329e-01  9.748946789855029e-02 
  3.160929317266966e-01  1.354141973951397e-01 
  3.858878765334029e-01  1.852143151019748e-01 
  4.499698701573697e-01  2.500729400292210e-01 
  4.949907514493287e-01  3.351984872556604e-01 
  5.169588023385546e-01  4.408787330598247e-01 
  5.127079298177939e-01  5.580713789298926e-01 
  4.930358901283026e-01  6.805818296374895e-01 
  4.589557175200417e-01  8.045661373579169e-01 
  4.189482054981989e-01  9.238913478416344e-01 
  3.751400954050093e-01  1.025166839835172e+00 
  3.334788802230868e-01  1.120591180308983e+00 
  2.960123185018750e-01  1.194991317985775e+00 
  2.628282748987797e-01  1.256868812682725e+00 
  2.345653100325602e-01  1.302583432196349e+00 
  2.103330330615486e-01  1.348207224442951e+00 
  1.896181628525130e-01  1.375315697675869e+00 
  1.726805147237900e-01  1.394845642394479e+00 
  1.591957189138295e-01  1.416252534246541e+00 
  1.482114596877081e-01  1.429730230229839e+00 
  1.392433728507001e-01  1.439624238096010e+00 
  1.316679835441908e-01  1.451297676616722e+00 
  1.255117787771888e-01  1.459583012019016e+00 
  1.205725329487348e-01  1.463802215035383e+00 
  1.163094453052495e-01  1.465904405385353e+00 
  1.125496981326639e-01  1.470597928891809e+00 
  1.092424758956264e-01  1.477781923890148e+00 
  1.062253778377069e-01  1.478857063480809e+00 
  1.035389686162312e-01  1.479800603152649e+00 
  1.006938588634553e-01  1.481198453716799e+00 
  9.814743056130537e-02  1.484018961450186e+00 
  9.511968086696650e-02  1.486088248722209e+00 
  9.232720416273092e-02  1.487992184032959e+00 
  8.917854545624755e-02  1.485838817182524e+00 
  8.545885791146919e-02  1.484012639865764e+00 
  8.090372807402278e-02  1.484149157906723e+00 
  7.549181805449837e-02  1.484696210328073e+00 
  6.900457486182202e-02  1.479620364425801e+00 
  6.109218870008463e-02  1.479041806806123e+00 
  5.127540325099424e-02  1.474200146424841e+00 
  3.954627977693094e-02  1.463977998684870e+00 
  2.429154201766181e-02  1.456363211856661e+00 
  5.237780983156358e-03  1.442781616404567e+00 
  1.901794050899805e-02  1.420819470756638e+00 
  4.984105591125607e-02  1.394589689343520e+00 
  8.723898107856315e-02  1.360550605681487e+00 
  1.324907579264493e-01  1.313487215361755e+00 
  1.881867684174719e-01  1.253089381929573e+00 
  2.489630721979065e-01  1.174755805687492e+00 
  3.176282958604297e-01  1.087379397006689e+00 
  3.861845850868620e-01  9.790863593262212e-01 
  4.525578312670254e-01  8.638911003410052e-01 
  5.030956179075531e-01  7.451342051396979e-01 
  5.342249714483399e-01  6.325422659284685e-01 
  5.336870743531713e-01  5.228376452290108e-01 
  5.017259737648677e-01  4.238295665314613e-01 
  4.394531021212968e-01  3.384926165704942e-01 
  3.619240428445440e-01  2.679808436378697e-01 
  2.826178801476893e-01  2.091494852256905e-01 
  2.155766826112829e-01  1.618358935334174e-01 
  1.633896093914479e-01  1.273021973411255e-01 
  1.231848033439751e-01  1.010258702034732e-01 
  9.286339018884027e-02  8.166843813137147e-02 
  7.055071744193989e-02  6.630247645755191e-02 
  5.317498603580122e-02  5.498174888908796e-02 
  1.639007664713686e-01  4.265067413494743e-02 
  2.127763891288150e-01  6.016021089084900e-02 
  2.729766404293409e-01  8.381470098977369e-02 
  3.461193938902475e-01  1.145179460289059e-01 
  4.257693892141813e-01  1.566720045247468e-01 
  4.983103808448287e-01  2.129189912788828e-01 
  5.517214698205695e-01  2.887200538147922e-01 
  5.801282100367883e-01  3.811739827872214e-01 
  5.812944607666594e-01  4.885036915879864e-01 
  5.623508222982586e-01  6.057789107869415e-01 
  5.254393992054465e-01  7.402792904072838e-01 
  4.814770428775728e-01  8.593520157205743e-01 
  4.305398790995066e-01  9.769871463563256e-01 
  3.811989840628910e-01  1.084151562353506e+00 
  3.341675961238708e-01  1.166638756823845e+00 
  2.923364942516620e-01  1.239985909177629e+00 
  2.571907142432185e-01  1.293344140950581e+00 
  2.269166349162487e-01  1.333647944682850e+00 
  2.017815178246151e-01  1.363314958869094e+00 
  1.821349683138688e-01  1.391421949453395e+00 
  1.659814615792481e-01  1.408237970248339e+00 
  1.527535051435815e-01  1.423174979777747e+00 
  1.425079965285210e-01  1.433344221764111e+00 
  1.336762440495360e-01  1.446057958568392e+00 
  1.267725524455632e-01  1.452244532190257e+00 
  1.210606731711646e-01  1.451834960171409e+00 
  1.160319082114934e-01  1.457337029374245e+00 
  1.118375345518813e-01  1.464520819655432e+00 
  1.083294366131808e-01  1.467513820625001e+00 
  1.048080002153743e-01  1.463359731448023e+00 
  1.017172791198711e-01  1.466474785022460e+00 
  9.899945061129914e-02  1.467827094351843e+00 
  9.573058977757672e-02  1.471523662279910e+00 
  9.290419712579950e-02  1.470875960291753e+00 
  8.950462648332536e-02  1.468992403639709e+00 
  8.608084757552498e-02  1.468039022908274e+00 
  8.183338850250825e-02  1.470326551858154e+00 
  7.707554149071159e-02  1.467468203815465e+00 
  7.121630460943107e-02  1.462966562422547e+00 
  6.391984078239807e-02  1.464265904747424e+00 
  5.484399524645958e-02  1.458186422147210e+00 
  4.366682689633359e-02  1.449464222431985e+00 
  2.970417771432505e-02  1.444712565121640e+00 
  1.248925360809705e-02  1.437657551891297e+00 
  1.080141082527469e-02  1.419503605633092e+00 
  3.922138129329916e-02  1.396587658799865e+00 
  7.553745256347680e-02  1.369889225948703e+00 
  1.216052526922338e-01  1.328751139590640e+00 
  1.778934404887463e-01  1.276166529409298e+00 
  2.418921833448553e-01  1.206810138339116e+00 
  3.146179772295110e-01  1.120409802954049e+00 
  3.936910886929818e-01  1.020782697385396e+00 
  4.688911486188161e-01  9.130288486491157e-01 
  5.347677203851035e-01  7.999513948411596e-01 
  5.846472813531224e-01  6.892594830820949e-01 
  6.074262198566016e-01  5.751092462879365e-01 
  5.981833003238515e-01  4.839036523089491e-01 
  5.563038102419696e-01  3.943985412861160e-01 
  4.832822387272296e-01  3.183873468866521e-01 
  3.941143830169780e-01  2.535830377001961e-01 
  3.083858087374416e-01  1.997373345424682e-01 
  2.346181924275829e-01  1.588215389737970e-01 
  1.778587290227633e-01  1.250826143935639e-01 
  1.340639726648003e-01  1.000951074240190e-01 
  1.012916590618043e-01  8.150787110565237e-02 
  7.714787791113017e-02  6.705380853053118e-02 
  5.895572501525224e-02  5.627212944516177e-02 
  1.756591328581665e-01  3.502781118439498e-02 
  2.275930964485249e-01  4.879048666023956e-02 
  2.929289092931834e-01  6.706151338845047e-02 
  3.714956514859714e-01  9.163899127385219e-02 
  4.579094270711703e-01  1.250080987396234e-01 
  5.401294215702470e-01  1.693631217006613e-01 
  6.035758220177687e-01  2.302967451505091e-01 
  6.414633300824594e-01  3.103216673136454e-01 
  6.508891535928274e-01  3.993540563127635e-01 
  6.358022852043943e-01  5.087695373809548e-01 
  6.009281304304227e-01  6.329983092347803e-01 
  5.526038222583149e-01  7.602057497009729e-01 
  4.955938227292278e-01  8.800909395584059e-01 
  4.353808616459565e-01  9.889894299484090e-01 
  3.802290412958643e-01  1.087662236141558e+00 
  3.271769387028590e-01  1.166604507192715e+00 
  2.827049966891361e-01  1.226684562987306e+00 
  2.450334836928079e-01  1.270280993402658e+00 
  2.145950176453887e-01  1.306972952347511e+00 
  1.904619754740504e-01  1.332175983744574e+00 
  1.708954635793975e-01  1.350691292166281e+00 
  1.555407305820884e-01  1.364643308532840e+00 
  1.433426682989661e-01  1.373966677479806e+00 
  1.330590549422316e-01  1.378940889978203e+00 
  1.252925316162097e-01  1.388783666115411e+00 
  1.184040573285223e-01  1.390780683008200e+00 
  1.127268923422216e-01  1.393696309391404e+00 
  1.080191447815948e-01  1.394370223730200e+00 
  1.040114101734876e-01  1.397782825460804e+00 
  1.000657798925850e-01  1.395166693827774e+00 
  9.683739197919145e-02  1.399738796207371e+00 
  9.366696200017624e-02  1.397799561833266e+00 
  9.030773180001590e-02  1.398622143923282e+00 
  8.692431651693854e-02  1.401451910672312e+00 
  8.314840725415575e-02  1.395436729744408e+00 
  7.899139516835411e-02  1.397354024269649e+00 
  7.429859213872966e-02  1.396502443708748e+00 
  6.900671195069243e-02  1.392807991617448e+00 
  6.205745835727594e-02  1.393338540185289e+00 
  5.425963706801891e-02  1.387620956059954e+00 
  4.383431099433956e-02  1.383154200536114e+00 
  3.146014967725553e-02  1.374579934551641e+00 
  1.511673098564177e-02  1.368520949391304e+00 
  5.229430367538522e-03  1.358148786728040e+00 
  3.085968115107170e-02  1.338893551879395e+00 
  6.549449299357660e-02  1.319394744993647e+00 
  1.085480771191932e-01  1.281543345903368e+00 
  1.637975058752639e-01  1.244470052476785e+00 
  2.299887720788931e-01  1.186506030797550e+00 
  3.076301055733824e-01  1.113265626812992e+00 
  3.903659999599635e-01  1.024696257417661e+00 
  4.768025666059596e-01  9.247774898992887e-01 
  5.546290774491002e-01  8.185950233063677e-01 
  6.180846875867340e-01  7.160967455670417e-01 
  6.604387314110024e-01  6.145437412370074e-01 
  6.741908972995272e-01  5.215471781749946e-01 
  6.558206458176555e-01  4.401318527556927e-01 
  6.034902173520420e-01  3.627438014764578e-01 
  5.231674125885042e-01  2.981874423920293e-01 
  4.285568434101177e-01  2.411939722379470e-01 
  3.351655586768435e-01  1.926383944706244e-01 
  2.571985906704354e-01  1.546290899828158e-01 
  1.946442301932369e-01  1.239308133635536e-01 
  1.474315340697157e-01  1.007350485308100e-01 
  1.118733091670590e-01  8.275446779180470e-02 
  8.521412413944716e-02  6.884010118403056e-02 
  6.489741294375473e-02  5.825440891521368e-02 
  1.859620754484694e-01  2.711079792976237e-02 
  2.411494826389420e-01  3.797097509767471e-02 
  3.111596214939056e-01  5.175113152876547e-02 
  3.942908369884149e-01  7.028176346516415e-02 
  4.874533781954103e-01  9.654064587415384e-02 
  5.759145284769944e-01  1.304500650497549e-01 
  6.471949718556865e-01  1.790668525071682e-01 
  6.926189737412526e-01  2.449385823984095e-01 
  7.078386693377666e-01  3.256034515742178e-01 
  6.992153993461587e-01  4.229176399458581e-01 
  6.648177168520614e-01  5.322232590155411e-01 
  6.158643774138870e-01  6.468737828880420e-01 
  5.536844599749295e-01  7.728840591477715e-01 
  4.887072529999787e-01  8.822266039699227e-01 
  4.220324883404515e-01  9.825464706874704e-01 
  3.592456635920701e-01  1.063433286421252e+00 
  3.053473354200656e-01  1.131725365780386e+00 
  2.602002050830812e-01  1.180101873936585e+00 
  2.239387163944636e-01  1.211314176568565e+00 
  1.952511653033981e-01  1.239596239293963e+00 
  1.730461273460112e-01  1.256341483199173e+00 
  1.552432351496691e-01  1.270765893089246e+00 
  1.410984147730021e-01  1.278894000425079e+00 
  1.298648100200694e-01  1.291127852725853e+00 
  1.212480421373626e-01  1.297111321570106e+00 
  1.134561871787915e-01  1.296047295065496e+00 
  1.075374377539145e-01  1.300511509361968e+00 
  1.022858443482919e-01  1.301631349679071e+00 
  9.784725230252794e-02  1.301662969646872e+00 
  9.350933845404714e-02  1.300721143945096e+00 
  8.971704989315069e-02  1.305619265999145e+00 
  8.591767863257876e-02  1.302941148926925e+00 
  8.233359608817865e-02  1.305634297582969e+00 
  7.872375199828054e-02  1.300157004339517e+00 
  7.473757195015145e-02  1.297559554712981e+00 
  7.021840083093626e-02  1.295605401630679e+00 
  6.531731660093966e-02  1.295490701065469e+00 
  5.923534667722298e-02  1.287380421243783e+00 
  5.204225837594445e-02  1.286329412233504e+00 
  4.364063734054539e-02  1.277661916817413e+00 
  3.247332316495544e-02  1.279817811367594e+00 
  1.883117349080050e-02  1.266969762105759e+00 
  1.577871691265087e-03  1.255877413847336e+00 
  2.152326656908285e-02  1.247305823471617e+00 
  5.130300860196106e-02  1.230833052008493e+00 
  8.981181736248460e-02  1.206295756314654e+00 
  1.405214700685689e-01  1.182352706929295e+00 
  2.034224518349803e-01  1.136987525928920e+00 
  2.827523899894993e-01  1.082175007962288e+00 
  3.709091819454594e-01  1.005534903144808e+00 
  4.638828156188936e-01  9.218698256079858e-01 
  5.545943419432915e-01  8.252989641165622e-01 
  6.314630377728309e-01  7.353124172807582e-01 
  6.923370679895110e-01  6.389606305463281e-01 
  7.268389369473188e-01  5.530836242128152e-01 
  7.311151519820823e-01  4.731421074932841e-01 
  7.036303835689725e-01  4.028223882750242e-01 
  6.421691447240544e-01  3.373645924682029e-01 
  5.547339995472399e-01  2.789563166727167e-01 
  4.531885560824032e-01  2.283237822264306e-01 
  3.549921786005474e-01  1.854034025002134e-01 
  2.719885266760035e-01  1.499234094266131e-01 
  2.064780236096966e-01  1.209686126797085e-01 
  1.564893672503333e-01  9.957041104967815e-02 
  1.187279405258011e-01  8.211694803965978e-02 
  9.086200889408523e-02  6.904462099598531e-02 
  6.996722258513483e-02  5.939551468320413e-02 
  1.951601685530347e-01  1.932460831108407e-02 
  2.530790727126549e-01  2.689982780848355e-02 
  3.248795197758440e-01  3.666888462343316e-02 
  4.140407956883611e-01  4.908506269010060e-02 
  5.102198309490736e-01  6.735362118532111e-02 
  6.044541094461067e-01  9.376921925864873e-02 
  6.837825043964703e-01  1.301580849238271e-01 
  7.343733945587507e-01  1.777244177118346e-01 
  7.587295251955471e-01  2.452869539227628e-01 
  7.569109437899054e-01  3.227715144824782e-01 
  7.299435653963150e-01  4.183781546111949e-01 
  6.836028812627356e-01  5.169031157697259e-01 
  6.199873587452028e-01  6.289764717389117e-01 
  5.455293041696805e-01  7.336153333856476e-01 
  4.676786393859083e-01  8.330325089408750e-01 
  3.957095526691704e-01  9.165277103914422e-01 
  3.298058346293867e-01  9.855106003516350e-01 
  2.755172750726258e-01  1.034314945173078e+00 
  2.323048540351469e-01  1.066753803483457e+00 
  1.984074313059254e-01  1.095042058680631e+00 
  1.729473988372339e-01  1.113621738466823e+00 
  1.528406530053155e-01  1.123946657217233e+00 
  1.371075544528276e-01  1.134749238574411e+00 
  1.241368110276417e-01  1.144355338576974e+00 
  1.141874789208697e-01  1.144323851052433e+00 
  1.057069846527754e-01  1.150603921873884e+00 
  9.888540225183007e-02  1.153809472259150e+00 
  9.296854508977365e-02  1.149978312370451e+00 
  8.808734788247911e-02  1.150282996257811e+00 
  8.337603430741315e-02  1.149304348766085e+00 
  7.922074724150832e-02  1.151623185775791e+00 
  7.521899638612130e-02  1.143796860082892e+00 
  7.156842906815523e-02  1.144999112367806e+00 
  6.704238944818565e-02  1.141866284819613e+00 
  6.299233898126234e-02  1.137721853112783e+00 
  5.800108723520064e-02  1.132497494846339e+00 
  5.303525783212074e-02  1.130919910128851e+00 
  4.657416039829913e-02  1.123120617998967e+00 
  3.906383568743994e-02  1.122214820748667e+00 
  2.937164933191153e-02  1.112529024489201e+00 
  1.779019197168528e-02  1.108268398991671e+00 
  2.544088908243176e-03  1.097013949380689e+00 
  1.684474669178554e-02  1.094017703879195e+00 
  4.274072990186262e-02  1.074376499070996e+00 
  7.591502415063715e-02  1.066876747952511e+00 
  1.197156656128203e-01  1.039639448051829e+00 
  1.782180487963572e-01  1.016188322687363e+00 
  2.521327928758241e-01  9.747583182621633e-01 
  3.393286931546832e-01  9.314946180686224e-01 
  4.371814080833569e-01  8.668652624728765e-01 
  5.382645578319311e-01  7.937276326566755e-01 
  6.298631989219131e-01  7.150096447011236e-01 
  7.042866147430269e-01  6.392040970885494e-01 
  7.558909305036010e-01  5.613992783041352e-01 
  7.820858609873340e-01  4.927487145562809e-01 
  7.779801828299352e-01  4.264670185461687e-01 
  7.426342665566871e-01  3.687023451779989e-01 
  6.760103333500842e-01  3.138596239046766e-01 
  5.830052082492371e-01  2.629435971977190e-01 
  4.764428178235070e-01  2.180678039299671e-01 
  3.750707825017958e-01  1.790292531752873e-01 
  2.878564628506175e-01  1.461754198814847e-01 
  2.199312965588666e-01  1.208697294495504e-01 
  1.676736176298408e-01  9.963679518085145e-02 
  1.279489966316771e-01  8.355174025237530e-02 
  9.797604053789351e-02  7.090748797732974e-02 
  7.547773943431012e-02  6.111437855897794e-02 
  2.023814879123258e-01  1.179501235132863e-02 
  2.614807274529825e-01  1.700788653998175e-02 
  3.372195034199400e-01  2.303719508268776e-02 
  4.291066396680300e-01  3.130817480646508e-02 
  5.297914979866839e-01  4.414770684164381e-02 
  6.291735175711812e-01  6.188511466941345e-02 
  7.124797649725698e-01  9.132093512291416e-02 
  7.698329303534376e-01  1.287265856032046e-01 
  8.011085825846386e-01  1.791982854240453e-01 
  8.057721162068505e-01  2.435180458286634e-01 
  7.805736462419091e-01  3.213750446579192e-01 
  7.371810021716036e-01  4.091071784807243e-01 
  6.713640538042940e-01  5.058571000586706e-01 
  5.944515099426151e-01  5.985761381761128e-01 
  5.091532667032754e-01  6.912884487574167e-01 
  4.261624539158239e-01  7.708901561481133e-01 
  3.502834226012898e-01  8.337595088708961e-01 
  2.875641778050992e-01  8.790954859297380e-01 
  2.376100657709372e-01  9.204408821989913e-01 
  1.994379881477885e-01  9.443185044213821e-01 
  1.705379289553003e-01  9.542452350268334e-01 
  1.483081558024530e-01  9.689738348994872e-01 
  1.307390830039922e-01  9.835720976291190e-01 
  1.169423682100025e-01  9.802136590236905e-01 
  1.058401835947911e-01  9.866037230867207e-01 
  9.688046943685541e-02  9.874947604935712e-01 
  8.974526298316510e-02  9.888293534726942e-01 
  8.348421820330675e-02  9.867952492743419e-01 
  7.813734214250864e-02  9.839218384998840e-01 
  7.340247174312191e-02  9.823156202118036e-01 
  6.878841212217605e-02  9.816209078700299e-01 
  6.499700339817863e-02  9.798248506864151e-01 
  6.054537654687304e-02  9.727397203644945e-01 
  5.683475399525847e-02  9.706351174939091e-01 
  5.186618855213471e-02  9.750350999585347e-01 
  4.703891920050774e-02  9.684341597807353e-01 
  4.113783524574703e-02  9.618443539251318e-01 
  3.448524251856002e-02  9.575729072168687e-01 
  2.654725274208727e-02  9.534960538291751e-01 
  1.591960854759407e-02  9.508897149697655e-01 
  3.534917924034809e-03  9.364309302958768e-01 
  1.294491146630213e-02  9.284549799728689e-01 
  3.334432532599850e-02  9.236833175660465e-01 
  6.158995468053773e-02  9.113867281845172e-01 
  9.797229567983477e-02  9.061372833963149e-01 
  1.463351760978679e-01  8.798888209641620e-01 
  2.093018584243991e-01  8.669068807188880e-01 
  2.914465941588546e-01  8.314294431945286e-01 
  3.868814300824402e-01  7.942933928793330e-01 
  4.948188487624279e-01  7.423933961054873e-01 
  5.982012063751991e-01  6.851181138646560e-01 
  6.914342438415859e-01  6.230728821892737e-01 
  7.603287883908226e-01  5.601955440460119e-01 
  8.079218144189929e-01  4.983362158163357e-01 
  8.264041406520475e-01  4.446010663556582e-01 
  8.154132881415080e-01  3.900316048588325e-01 
  7.740496783803456e-01  3.411383150035908e-01 
  7.020668781353375e-01  2.932131543140642e-01 
  6.048566148106007e-01  2.493732124818260e-01 
  4.955917686689774e-01  2.085868857319637e-01 
  3.903966519801099e-01  1.727353602213884e-01 
  3.006062005970652e-01  1.436074431828294e-01 
  2.293832409202338e-01  1.183588672210759e-01 
  1.748499588858310e-01  1.000180769266595e-01 
  1.337634724995495e-01  8.469427407886568e-02 
  1.027937321912037e-01  7.260819657687112e-02 
  7.922092053358396e-02  6.322845210715468e-02 
  2.092211257325876e-01  4.895910273830835e-03 
  2.701456847020555e-01  7.396102137865618e-03 
  3.467195134442532e-01  1.059332752432645e-02 
  4.410148714283690e-01  1.473814245557548e-02 
  5.455372806385307e-01  2.158609827793261e-02 
  6.480336899252813e-01  3.281918938296155e-02 
  7.367664385917198e-01  5.246848205773178e-02 
  7.995578371493236e-01  8.109427584532482e-02 
  8.360680637878154e-01  1.194780841480380e-01 
  8.429261643868213e-01  1.668565654927714e-01 
  8.259216196499959e-01  2.308423570036231e-01 
  7.838930870355875e-01  2.993423060363528e-01 
  7.201259887397476e-01  3.787993717137629e-01 
  6.404904882293601e-01  4.522491403380874e-01 
  5.469000140419680e-01  5.333759139008183e-01 
  4.551976743355701e-01  6.032194689884705e-01 
  3.696872175744830e-01  6.575038497404038e-01 
  2.988728978782029e-01  6.977181972505766e-01 
  2.433471333173891e-01  7.310212472833308e-01 
  2.005273822949388e-01  7.559832967742484e-01 
  1.681818728931587e-01  7.701853438315948e-01 
  1.432468677855240e-01  7.765747222161488e-01 
  1.241221771090593e-01  7.856156024109693e-01 
  1.089838596999958e-01  7.927644193121940e-01 
  9.681596632398227e-02  7.945598209345650e-01 
  8.720094361482600e-02  7.960219620851520e-01 
  7.963026931190302e-02  7.951245265723639e-01 
  7.266844792965720e-02  7.953297904375246e-01 
  6.702535679369120e-02  7.919703998572758e-01 
  6.147360532592084e-02  7.871659503723727e-01 
  5.723551363070584e-02  7.900847877603201e-01 
  5.262308254625500e-02  7.848860313594739e-01 
  4.809964095254654e-02  7.844888946057988e-01 
  4.378480143619872e-02  7.747154194895425e-01 
  3.879447995997844e-02  7.742408828832287e-01 
  3.368506847516067e-02  7.720004438022474e-01 
  2.752839140308578e-02  7.652911657203920e-01 
  2.026233468255287e-02  7.603531509049541e-01 
  1.186440284994110e-02  7.609326164436132e-01 
  9.881739126523666e-04  7.539160690305011e-01 
  1.275103490290610e-02  7.502296949023651e-01 
  3.021073800021544e-02  7.404124282063242e-01 
  5.252005044162702e-02  7.387403996106077e-01 
  8.184842646562081e-02  7.274089662682450e-01 
  1.214278441433126e-01  7.206322600751274e-01 
  1.738269197817246e-01  7.041548096002470e-01 
  2.414673325319361e-01  6.927780196465774e-01 
  3.297559454290021e-01  6.721942605840657e-01 
  4.326272634944251e-01  6.450639921526756e-01 
  5.437504564438665e-01  6.105717409414672e-01 
  6.485860216774286e-01  5.740757475292477e-01 
  7.393139221081136e-01  5.271728069040250e-01 
  8.049623808910488e-01  4.873947535391519e-01 
  8.446286029680976e-01  4.404073922443945e-01 
  8.586687042385783e-01  3.981347176093853e-01 
  8.435065989487370e-01  3.565075240341224e-01 
  7.982812607107063e-01  3.165970398964709e-01 
  7.245943353348236e-01  2.766584567257501e-01 
  6.240327527884910e-01  2.388309741202778e-01 
  5.132741406217874e-01  2.033677576087824e-01 
  4.063107702691071e-01  1.702631445448501e-01 
  3.134352120406136e-01  1.424304347773174e-01 
  2.407887180280610e-01  1.201854516890958e-01 
  1.841842052796884e-01  1.020549325471369e-01 
  1.409559407799741e-01  8.717087392621349e-02 
  1.083170901483856e-01  7.580792336322156e-02 
  8.341942356795783e-02  6.665382086971394e-02 
  2.141511616412805e-01  1.599594123582942e-03 
  2.762028684374899e-01  9.578310247364553e-04 
  3.545188929947681e-01  3.672501653514876e-04 
  4.501054634718395e-01  5.982061863838398e-04 
  5.570303833672917e-01  3.911118729562612e-03 
  6.637004842694693e-01  9.857902081616576e-03 
  7.544194637684601e-01  2.281802754193814e-02 
  8.222486791791006e-01  4.251442405072708e-02 
  8.606273322698628e-01  7.195576586790479e-02 
  8.718793354943238e-01  1.110158273820671e-01 
  8.584970052559906e-01  1.572108623696651e-01 
  8.205713214506603e-01  2.115447978711780e-01 
  7.587875291171695e-01  2.765633327063574e-01 
  6.738554334374294e-01  3.375427621886073e-01 
  5.759027926805284e-01  4.006313680092620e-01 
  4.763386094591338e-01  4.552582241689171e-01 
  3.837957705924925e-01  5.079497489337943e-01 
  3.076320535269116e-01  5.442711319235576e-01 
  2.476801685378582e-01  5.714544908171990e-01 
  2.010695400757914e-01  5.929746808197827e-01 
  1.653707075355277e-01  6.120687407384667e-01 
  1.386997999004521e-01  6.180467115346809e-01 
  1.182057722226908e-01  6.308857238796612e-01 
  1.020916997437271e-01  6.331888373967897e-01 
  8.918457242380748e-02  6.406243616744484e-01 
  7.896125357975105e-02  6.362697116411192e-01 
  7.060271215939570e-02  6.352621059687749e-01 
  6.336672099953539e-02  6.389840975937590e-01 
  5.743980865790084e-02  6.333032984785422e-01 
  5.202440651095170e-02  6.318388122599889e-01 
  4.713300012856037e-02  6.346552836461276e-01 
  4.256811650335835e-02  6.263376954112823e-01 
  3.790730281266448e-02  6.298525616497137e-01 
  3.331762490472739e-02  6.211231983116391e-01 
  2.834858488668028e-02  6.233110125517747e-01 
  2.293370039094354e-02  6.165289864413115e-01 
  1.658304329236943e-02  6.186892926999304e-01 
  9.115044317125025e-03  6.104505649574186e-01 
  4.042741144933795e-04  6.077948277869210e-01 
  1.084504190669187e-02  6.056047181359704e-01 
  2.533610116823109e-02  5.997198172773130e-01 
  4.319371262519702e-02  6.004333412153895e-01 
  6.643105269689424e-02  5.896182263199926e-01 
  9.773199959650920e-02  5.868239089776114e-01 
  1.378059548122675e-01  5.801000461259550e-01 
  1.928508176478698e-01  5.720908477194385e-01 
  2.646527947482384e-01  5.622846788481950e-01 
  3.549438327007566e-01  5.507258349124781e-01 
  4.640751722343722e-01  5.336366510524982e-01 
  5.787674982453528e-01  5.128517006455658e-01 
  6.885653027255979e-01  4.893287691220544e-01 
  7.768432285801251e-01  4.610889877181106e-01 
  8.397592271926151e-01  4.314216147542049e-01 
  8.765484669679096e-01  3.979579179109478e-01 
  8.889370029066492e-01  3.644699271712564e-01 
  8.706480557372246e-01  3.325894354969381e-01 
  8.227703534073231e-01  3.001487575801045e-01 
  7.438602205219821e-01  2.652915395155224e-01 
  6.422796832568418e-01  2.304936684344064e-01 
  5.268025087795957e-01  1.989250610418042e-01 
  4.171597845874634e-01  1.687461216194175e-01 
  3.217843619923251e-01  1.422859113819361e-01 
  2.476468649847169e-01  1.207542430817312e-01 
  1.900723895134419e-01  1.036520987205883e-01 
  1.459666646678535e-01  8.937968093598242e-02 
  1.125256510940771e-01  7.852831883400317e-02 
  8.748117034915276e-02  7.017155490452427e-02 
  2.190738217148475e-01  7.608115551287506e-03 
  2.824596941537064e-01  8.672199299197013e-03 
  3.615479759122437e-01  1.024656619418836e-02 
  4.566128029847609e-01  1.246115648939097e-02 
  5.659319780998266e-01  1.313087750753285e-02 
  6.728911780652406e-01  1.119241616359718e-02 
  7.666644657232726e-01  4.596286587766756e-03 
  8.360072322765550e-01  7.906542322715711e-03 
  8.783498561871692e-01  2.917380662764107e-02 
  8.952814467193069e-01  5.618511834848940e-02 
  8.849404248895755e-01  9.237507414708920e-02 
  8.496426103077449e-01  1.340541767744848e-01 
  7.887662771258328e-01  1.809246328558110e-01 
  7.044082512351864e-01  2.314421472974224e-01 
  6.037403949575145e-01  2.838228783017319e-01 
  4.961834043751264e-01  3.244175946843517e-01 
  3.979158005059587e-01  3.670887287970048e-01 
  3.164680233929791e-01  4.030706725443833e-01 
  2.514679749825787e-01  4.272850521305064e-01 
  2.023010954807436e-01  4.459268779977513e-01 
  1.639487027036068e-01  4.596259600326483e-01 
  1.353909496737108e-01  4.690891631108731e-01 
  1.134055043905556e-01  4.779168579352128e-01 
  9.605994519501077e-02  4.808229072041105e-01 
  8.248849586201233e-02  4.862914120988701e-01 
  7.130841519759028e-02  4.845447027063111e-01 
  6.236965396359039e-02  4.874537322851437e-01 
  5.500644583538893e-02  4.861248811754555e-01 
  4.873899104446192e-02  4.904817470069008e-01 
  4.273725110262298e-02  4.874863392030834e-01 
  3.794719548119927e-02  4.874230355106031e-01 
  3.313224274096040e-02  4.847513754116151e-01 
  2.818424039888207e-02  4.846334094052312e-01 
  2.346918100879294e-02  4.803594069780365e-01 
  1.809097129462156e-02  4.819794258486069e-01 
  1.250100228401505e-02  4.736240530845650e-01 
  5.798328742693076e-03  4.770971804807649e-01 
  1.833806824097906e-03  4.732607089841238e-01 
  1.103843194707310e-02  4.713155298482528e-01 
  2.274438690459497e-02  4.651390483548639e-01 
  3.705525314549793e-02  4.647257639336880e-01 
  5.565073883495115e-02  4.641225289512230e-01 
  8.052988604265066e-02  4.575014764910280e-01 
  1.115143313154160e-01  4.542359468637234e-01 
  1.538829433405363e-01  4.504461714489458e-01 
  2.101172385690498e-01  4.469048831011211e-01 
  2.837303112825745e-01  4.444430302617268e-01 
  3.776030421517593e-01  4.374312945999883e-01 
  4.867853892717424e-01  4.347217306236166e-01 
  6.040272538420325e-01  4.261713006703172e-01 
  7.122894051267786e-01  4.148551635833782e-01 
  7.999111206094439e-01  3.995235187364512e-01 
  8.611635403445594e-01  3.828056155366228e-01 
  8.966932169117904e-01  3.611279894533729e-01 
  9.055191401578868e-01  3.379352536090737e-01 
  8.866559535345714e-01  3.126892134160996e-01 
  8.348763034694989e-01  2.862375131096757e-01 
  7.572014457846817e-01  2.570126206725231e-01 
  6.531776027855110e-01  2.264504301623394e-01 
  5.392761759503100e-01  1.969299859875420e-01 
  4.269405788038960e-01  1.689074673390506e-01 
  3.326768529692098e-01  1.448433964209026e-01 
  2.564639249831328e-01  1.251775796296284e-01 
  1.974016300395453e-01  1.082633720952201e-01 
  1.520270206591705e-01  9.416341487735824e-02 
  1.181291379021119e-01  8.402966845364238e-02 
  9.147454006473114e-02  7.482999220796106e-02 
  2.218348041248523e-01  1.297548201345756e-02 
  2.849820685778496e-01  1.541710392691748e-02 
  3.662763557351721e-01  1.886970236418326e-02 
  4.630024451076267e-01  2.318739177848926e-02 
  5.723445273393233e-01  2.674346341992329e-02 
  6.823605876236162e-01  2.864642626294049e-02 
  7.778551555605234e-01  2.552703359896265e-02 
  8.497073687684484e-01  1.819546882034223e-02 
  8.978847275014842e-01  3.176465552890195e-03 
  9.154276681373605e-01  1.669423797339522e-02 
  9.070764350021818e-01  4.511209020650837e-02 
  8.707624337369706e-01  7.667314012180081e-02 
  8.096002517186934e-01  1.152499776923062e-01 
  7.237637617043552e-01  1.556467654907037e-01 
  6.205691536785310e-01  1.975797811282198e-01 
  5.104925218370524e-01  2.355287623681038e-01 
  4.070497895335714e-01  2.708266825847390e-01 
  3.221004892794583e-01  2.996622941085140e-01 
  2.547309319657468e-01  3.221366959839337e-01 
  2.026347544774643e-01  3.388254314365234e-01 
  1.629213441638050e-01  3.546435372423696e-01 
  1.329831709943174e-01  3.621118606690491e-01 
  1.096469699246773e-01  3.738931856164020e-01 
  9.159622695712559e-02  3.751468896005056e-01 
  7.724499235427838e-02  3.802387293498846e-01 
  6.581793228629575e-02  3.826260637482715e-01 
  5.663076580413851e-02  3.845089472685521e-01 
  4.890401708719348e-02  3.854419679179826e-01 
  4.225911858158167e-02  3.843206320854767e-01 
  3.634069129983906e-02  3.836934628499155e-01 
  3.128956925596590e-02  3.845642865360685e-01 
  2.608617386434459e-02  3.822249213796179e-01 
  2.125375326410252e-02  3.828913013363632e-01 
  1.637754813467214e-02  3.785510455202625e-01 
  1.113442731400096e-02  3.813123750279688e-01 
  5.476988569124437e-03  3.765891904959592e-01 
  1.595628682800095e-03  3.761274676306448e-01 
  9.195836362838239e-03  3.727917133355821e-01 
  1.841372846137181e-02  3.737349388111226e-01 
  3.027119282642666e-02  3.692781402828765e-01 
  4.511450374406803e-02  3.672972273843400e-01 
  6.369802757744496e-02  3.651816528906728e-01 
  8.814501063965385e-02  3.647987151168448e-01 
  1.210125282525240e-01  3.615899906075302e-01 
  1.641034020352122e-01  3.623939176911666e-01 
  2.206073788230089e-01  3.610648404294095e-01 
  2.958320237771568e-01  3.651048482403582e-01 
  3.909184647715745e-01  3.642411848242558e-01 
  5.025630844582547e-01  3.666856800019846e-01 
  6.221390110739887e-01  3.672244592586066e-01 
  7.316228056111135e-01  3.670049315244885e-01 
  8.218336784546203e-01  3.594026706987027e-01 
  8.810929667257045e-01  3.507905214659323e-01 
  9.158763285497495e-01  3.368706697516101e-01 
  9.208688544057281e-01  3.200032211891456e-01 
  9.012156701212207e-01  2.996106177197328e-01 
  8.513065688850987e-01  2.771480006930030e-01 
  7.682563074278836e-01  2.520743465238444e-01 
  6.642273202258171e-01  2.248234976571908e-01 
  5.484249249975373e-01  1.974680784060361e-01 
  4.357693036486953e-01  1.713476292701040e-01 
  3.390762992465002e-01  1.484030067001540e-01 
  2.616248452873158e-01  1.293335802479632e-01 
  2.020135192654379e-01  1.137506926917972e-01 
  1.557652170245952e-01  9.989230855947034e-02 
  1.210846482600073e-01  8.977813926418141e-02 
  9.404037115759509e-02  8.136259656657446e-02 
  2.249925223482848e-01  1.778154527914485e-02 
  2.885942570687262e-01  2.154712345638250e-02 
  3.683055680070055e-01  2.643310310651492e-02 
  4.667660760091243e-01  3.263999999385045e-02 
  5.774394280175741e-01  3.889718298914420e-02 
  6.872525889113527e-01  4.348334547672558e-02 
  7.849847767384671e-01  4.439943054421953e-02 
  8.595951065970896e-01  4.093357725142913e-02 
  9.061925439364820e-01  3.162801237131278e-02 
  9.279604878097113e-01  1.779803678353818e-02 
  9.215581293624584e-01  3.500852393618508e-03 
  8.879470822932166e-01  2.859732098140126e-02 
  8.266417476057707e-01  5.853939773331450e-02 
  7.399332348320909e-01  9.025021600084540e-02 
  6.347308172078274e-01  1.263950744362879e-01 
  5.225448050813856e-01  1.575798925470143e-01 
  4.176005716775261e-01  1.897599686784261e-01 
  3.300757619804910e-01  2.135631903420196e-01 
  2.593886593587987e-01  2.362582321808229e-01 
  2.050749123131162e-01  2.523053444243377e-01 
  1.633927132233797e-01  2.627009540412530e-01 
  1.318819422716270e-01  2.722005196707337e-01 
  1.077723578609344e-01  2.816570005232247e-01 
  8.871890736289935e-02  2.848542477201096e-01 
  7.376890458139838e-02  2.902538907416870e-01 
  6.205087850288542e-02  2.904804776264550e-01 
  5.216999372979318e-02  2.935551136020234e-01 
  4.395221682326313e-02  2.960331183833368e-01 
  3.718802673653375e-02  2.947352295852316e-01 
  3.095431405493509e-02  2.953852805290347e-01 
  2.565437770692719e-02  2.956151244886852e-01 
  2.053282636267464e-02  2.953959930817450e-01 
  1.555935660545905e-02  2.946715788128680e-01 
  1.033288948714909e-02  2.911513110030686e-01 
  5.088669375652043e-03  2.921028201807522e-01 
  1.274389793361960e-03  2.892893195770816e-01 
  7.783982206912708e-03  2.898694857188656e-01 
  1.588020975440029e-02  2.862451256568676e-01 
  2.529050984013926e-02  2.881277912499887e-01 
  3.712199727515695e-02  2.872220317586391e-01 
  5.214488746388241e-02  2.861240080171292e-01 
  7.146074417453280e-02  2.831996419901018e-01 
  9.621167698248995e-02  2.860513159276731e-01 
  1.292277058686731e-01  2.859037817749980e-01 
  1.728578012694713e-01  2.881696241001492e-01 
  2.303064677484870e-01  2.920188255686960e-01 
  3.047813823773467e-01  2.964180186566840e-01 
  4.017707211163234e-01  3.028446110211650e-01 
  5.138243535574111e-01  3.119435067372927e-01 
  6.304260994665559e-01  3.178082376405792e-01 
  7.398548660576606e-01  3.236549473670648e-01 
  8.270277546810042e-01  3.255646553761322e-01 
  8.888793858594478e-01  3.228868067654038e-01 
  9.235577021461925e-01  3.161911790311895e-01 
  9.306796857432111e-01  3.053236882970863e-01 
  9.083997050281702e-01  2.911126649696002e-01 
  8.581614166076593e-01  2.721978872710551e-01 
  7.756853416356414e-01  2.503376090434348e-01 
  6.737988796453254e-01  2.257875806175912e-01 
  5.567487934413227e-01  2.008194854633086e-01 
  4.454849477971858e-01  1.774332060875523e-01 
  3.470224203687506e-01  1.562330819466461e-01 
  2.678935976090514e-01  1.367018840078589e-01 
  2.081654667055716e-01  1.219133738026816e-01 
  1.621547535617671e-01  1.090714407826160e-01 
  1.258446434204998e-01  9.881893066254940e-02 
  9.755834730990999e-02  9.019868374539386e-02 
  2.261183118880570e-01  2.205013486080643e-02 
  2.906468259377859e-01  2.680747749076732e-02 
  3.719679185612997e-01  3.315359287133396e-02 
  4.704555372408242e-01  4.084004387655756e-02 
  5.806274776031856e-01  4.875943336219061e-02 
  6.934829445175694e-01  5.553426137828837e-02 
  7.908141554695165e-01  5.914380346087916e-02 
  8.664096574705777e-01  5.898509727933280e-02 
  9.158609338319116e-01  5.277330581276350e-02 
  9.370055958475317e-01  4.280144191743301e-02 
  9.293922240091121e-01  2.606485420361844e-02 
  8.963820155267401e-01  6.391753236194959e-03 
  8.389623751791603e-01  2.022909714555505e-02 
  7.507556072151942e-01  4.700756984460186e-02 
  6.442365116658961e-01  7.592888982539371e-02 
  5.312247912445639e-01  1.053821973714113e-01 
  4.241190056455809e-01  1.345332859858010e-01 
  3.350488522335780e-01  1.553815323206492e-01 
  2.626046636371849e-01  1.749669011209146e-01 
  2.066529382223228e-01  1.900884371236546e-01 
  1.639495332185558e-01  2.017081982110978e-01 
  1.315196772769895e-01  2.100034115513168e-01 
  1.062338533222716e-01  2.170817180209208e-01 
  8.680475877134547e-02  2.217522065593694e-01 
  7.126385874555764e-02  2.271420023765741e-01 
  5.891632979189312e-02  2.282070726223084e-01 
  4.906128111183356e-02  2.308413736675029e-01 
  4.067232830818368e-02  2.313102883520570e-01 
  3.357092706653617e-02  2.334821049376634e-01 
  2.725008645788319e-02  2.321428168925108e-01 
  2.172719361850139e-02  2.332560409064773e-01 
  1.651776315378528e-02  2.329785027930650e-01 
  1.154803348559812e-02  2.317596092661991e-01 
  6.359525082058760e-03  2.317096386855089e-01 
  1.135998177226403e-03  2.329366095942152e-01 
  5.216880449743421e-03  2.306639899285084e-01 
  1.182267590747863e-02  2.298365531844052e-01 
  2.011638711665398e-02  2.293771487597463e-01 
  2.963366619585516e-02  2.295661231293898e-01 
  4.187935501956369e-02  2.293009478736042e-01 
  5.652541174352507e-02  2.304862648518872e-01 
  7.637173985054488e-02  2.282201833806863e-01 
  1.012994026822357e-01  2.308595261957749e-01 
  1.345526279899029e-01  2.321477613346201e-01 
  1.774932470869471e-01  2.350346538496774e-01 
  2.353329476233514e-01  2.410805369025858e-01 
  3.100332582834907e-01  2.489484347404382e-01 
  4.065815662366686e-01  2.600966149084524e-01 
  5.188515094476005e-01  2.738296365604223e-01 
  6.373398657202178e-01  2.854329131622090e-01 
  7.478879476154856e-01  2.971134758029373e-01 
  8.385578609367681e-01  3.039727832417797e-01 
  8.995906533733089e-01  3.067893646382833e-01 
  9.330149110769926e-01  3.047669718947363e-01 
  9.392987286721515e-01  2.980755472722152e-01 
  9.183337267590445e-01  2.869889993511503e-01 
  8.660999918733800e-01  2.723788926914977e-01 
  7.864773767377463e-01  2.523474090380831e-01 
  6.823949190612204e-01  2.306686107489344e-01 
  5.627396738351359e-01  2.075193507509386e-01 
  4.490752129679827e-01  1.843188066649810e-01 
  3.507289253420502e-01  1.636724185753921e-01 
  2.712180783325566e-01  1.465814285786450e-01 
  2.106980831224582e-01  1.317331267082353e-01 
  1.650300132451155e-01  1.193965148370550e-01 
  1.292558430203862e-01  1.085033382401556e-01 
  1.004661441483054e-01  1.008726894346443e-01 
  2.285523728472224e-01  2.592170118868251e-02 
  2.912756194423167e-01  3.151810151606521e-02 
  3.719462072296236e-01  3.884296289804867e-02 
  4.710731861080809e-01  4.817071027337610e-02 
  5.813696212750655e-01  5.727459804773394e-02 
  6.933999955374969e-01  6.590095375665447e-02 
  7.926625398712359e-01  7.191756921600923e-02 
  8.676649108065041e-01  7.420175034980585e-02 
  9.163463082657483e-01  7.165957036086619e-02 
  9.390940405143366e-01  6.444570811765754e-02 
  9.358381263719782e-01  5.165311294605734e-02 
  9.036679602082101e-01  3.621151958578978e-02 
  8.440284475076264e-01  1.464482377264572e-02 
  7.591276925376833e-01  8.528164129226953e-03 
  6.523610672093642e-01  3.561654186505517e-02 
  5.392487965146635e-01  6.134609883842142e-02 
  4.331070314601501e-01  8.597880407705177e-02 
  3.408170276396250e-01  1.068810471295287e-01 
  2.662777229868411e-01  1.233461504500096e-01 
  2.095611796676355e-01  1.371877552606096e-01 
  1.654537574890605e-01  1.487474057182184e-01 
  1.323251468184358e-01  1.561232020579787e-01 
  1.058794519188331e-01  1.630920155771390e-01 
  8.590503804878864e-02  1.667836407898412e-01 
  6.992896244217947e-02  1.713367007914622e-01 
  5.722893770543692e-02  1.742434253348118e-01 
  4.677216084672784e-02  1.768167484900344e-01 
  3.811937615272323e-02  1.776620831265432e-01 
  3.080128495026317e-02  1.796099119658728e-01 
  2.435521874551118e-02  1.792974652781369e-01 
  1.864054623207119e-02  1.805016806609475e-01 
  1.326738813487011e-02  1.797800719909442e-01 
  8.110783043024983e-03  1.813060515421099e-01 
  2.772912621379788e-03  1.809805276218224e-01 
  3.055442284206695e-03  1.805385291771326e-01 
  9.186556163832682e-03  1.790695119694077e-01 
  1.604934580156988e-02  1.801462184350812e-01 
  2.427752078015396e-02  1.786221654306357e-01 
  3.409671068253343e-02  1.798748314527590e-01 
  4.618763599997389e-02  1.778042755614981e-01 
  6.131184491302479e-02  1.797351423660682e-01 
  8.058108941401577e-02  1.811604329834579e-01 
  1.056761139567554e-01  1.823338070733848e-01 
  1.386884787636625e-01  1.865605227538553e-01 
  1.815602343023093e-01  1.904997455824380e-01 
  2.388105916240086e-01  1.987811734448600e-01 
  3.133573490699633e-01  2.099232541428905e-01 
  4.072918637682794e-01  2.236931061148452e-01 
  5.193314031914835e-01  2.409175566661509e-01 
  6.357208926337572e-01  2.576382852607667e-01 
  7.480587109071331e-01  2.736539681122335e-01 
  8.366776819898044e-01  2.858950262825114e-01 
  8.985423158162242e-01  2.942957226317779e-01 
  9.332890803302454e-01  2.965509365942408e-01 
  9.418516100613102e-01  2.945939679048738e-01 
  9.211457114805771e-01  2.865062497770306e-01 
  8.707045912755226e-01  2.741339033645803e-01 
  7.905164005818049e-01  2.571744383259746e-01 
  6.861655099992751e-01  2.369786384891682e-01 
  5.679836503305152e-01  2.158169993730427e-01 
  4.560807419715608e-01  1.946766435957430e-01 
  3.568479321990808e-01  1.756174431977352e-01 
  2.780722074676405e-01  1.596064727726724e-01 
  2.173039819381437e-01  1.454729681399364e-01 
  1.706183487504820e-01  1.325116921883450e-01 
  1.336718887373732e-01  1.225750982424221e-01 
  1.039463477317324e-01  1.144856620686045e-01 
  2.290787921270653e-01  2.933694252446822e-02 
  2.927661991599409e-01  3.572226188314050e-02 
  3.725699165481937e-01  4.375447729626725e-02 
  4.714514594773050e-01  5.421986101587713e-02 
  5.828012633467188e-01  6.496163544891075e-02 
  6.968905646039749e-01  7.482821751403294e-02 
  7.971344609288123e-01  8.265026492768641e-02 
  8.741431013806715e-01  8.686640531230078e-02 
  9.259143917783903e-01  8.620257717444629e-02 
  9.475820701075913e-01  8.150449295709766e-02 
  9.435478612004482e-01  7.151268758936456e-02 
  9.108600081270215e-01  5.823958209703672e-02 
  8.523454252423047e-01  3.972831082114871e-02 
  7.661235008351391e-01  1.790039234283273e-02 
  6.601545706691161e-01  6.251028083101401e-03 
  5.448376794379794e-01  2.920935049356372e-02 
  4.353961500619744e-01  5.174173054955003e-02 
  3.433980577905115e-01  7.142375025412051e-02 
  2.692496420012965e-01  8.915939235792564e-02 
  2.106521686533197e-01  1.004794154859133e-01 
  1.661288216080697e-01  1.112102584396387e-01 
  1.316372450117356e-01  1.188573518721791e-01 
  1.055716925996610e-01  1.263163884112906e-01 
  8.468766028462033e-02  1.296883306366614e-01 
  6.857214495503414e-02  1.338949816284652e-01 
  5.533132682033518e-02  1.367694813449102e-01 
  4.488525889694717e-02  1.391569174950581e-01 
  3.610975855200917e-02  1.398093607521987e-01 
  2.853473111578590e-02  1.415874303892529e-01 
  2.196676401596186e-02  1.419114377340148e-01 
  1.624723957811266e-02  1.430034450369055e-01 
  1.087246415485181e-02  1.427538237757606e-01 
  5.502733554397090e-03  1.433324419518671e-01 
  7.906372731787502e-04  1.425027679204532e-01 
  5.514922763517043e-03  1.426981359464457e-01 
  1.164745347936905e-02  1.424477028230229e-01 
  1.865154809750226e-02  1.426875726640302e-01 
  2.690033785276099e-02  1.430019962228013e-01 
  3.648246164235318e-02  1.436844434123797e-01 
  4.863245398296132e-02  1.434852471089508e-01 
  6.346103261800584e-02  1.441342524554404e-01 
  8.287018999144626e-02  1.462770185932307e-01 
  1.076092202675995e-01  1.480950695405159e-01 
  1.403988448280163e-01  1.527690929296210e-01 
  1.829939933390441e-01  1.591469243767561e-01 
  2.392002529225236e-01  1.675853111277749e-01 
  3.129300608162798e-01  1.810563662688980e-01 
  4.067731087298633e-01  1.976899993584090e-01 
  5.195579380040392e-01  2.175221063300284e-01 
  6.381878541290109e-01  2.385842112240122e-01 
  7.501027964004645e-01  2.584749738139765e-01 
  8.393983951092729e-01  2.761981720624699e-01 
  9.021495452165190e-01  2.877721423780826e-01 
  9.393017566183826e-01  2.940788219704782e-01 
  9.458175854418001e-01  2.953220333750042e-01 
  9.240887530161092e-01  2.894651269639884e-01 
  8.745124254971445e-01  2.795808687195649e-01 
  7.948509260050240e-01  2.645850187124688e-01 
  6.921971941410613e-01  2.444184299323872e-01 
  5.736668897925893e-01  2.246503760964823e-01 
  4.583746955633969e-01  2.049090311993216e-01 
  3.601041981938506e-01  1.876655906378604e-01 
  2.812104041274280e-01  1.721229179731642e-01 
  2.203641205256040e-01  1.593136178051936e-01 
  1.737282258333395e-01  1.481415894499758e-01 
  1.367170360423491e-01  1.375805210839910e-01 
  1.061171028302456e-01  1.302112026112877e-01 
  2.299673255458187e-01  3.235207941652059e-02 
  2.923580351941715e-01  3.939865535946949e-02 
  3.737024408995212e-01  4.812440798919026e-02 
  4.702877695822951e-01  5.896280014532186e-02 
  5.806414488378966e-01  7.121260945773775e-02 
  6.954322623673227e-01  8.297006875895387e-02 
  7.961308159169090e-01  9.194293221122873e-02 
  8.739400345735004e-01  9.744929465268061e-02 
  9.265784269416713e-01  9.919260594332632e-02 
  9.501422592335028e-01  9.584218364107204e-02 
  9.475133431170609e-01  8.858823519489921e-02 
  9.162653946671528e-01  7.652192734577974e-02 
  8.572360658998347e-01  6.056862993295698e-02 
  7.703116827316820e-01  4.102462784125259e-02 
  6.662323772759634e-01  1.943959890791891e-02 
  5.505775951606533e-01  2.640031446738455e-03 
  4.424145327272781e-01  2.411499632090842e-02 
  3.478734902428762e-01  4.133379203011010e-02 
  2.727116145288900e-01  5.727993942202889e-02 
  2.129226607045740e-01  6.922209674732001e-02 
  1.675572733608681e-01  7.883418823503796e-02 
  1.324832076283003e-01  8.617744223696319e-02 
  1.059482736337507e-01  9.192841029741744e-02 
  8.468057231147333e-02  9.612839694565811e-02 
  6.778289827108551e-02  9.993607765101159e-02 
  5.438954610452919e-02  1.020293218330505e-01 
  4.369133194501636e-02  1.048332259009994e-01 
  3.467133262777893e-02  1.059169094500563e-01 
  2.689266454210515e-02  1.075257424553778e-01 
  2.023289997527019e-02  1.079264768026246e-01 
  1.431684702376023e-02  1.091886257532867e-01 
  8.752051902935000e-03  1.097066490772588e-01 
  3.397480200907061e-03  1.095418698638670e-01 
  2.303927107111125e-03  1.099452573066765e-01 
  7.881418419305905e-03  1.097110319291295e-01 
  1.420654706752802e-02  1.105461316811512e-01 
  2.127411166793312e-02  1.096635624630293e-01 
  2.967547194670735e-02  1.108738427760216e-01 
  3.936389226582115e-02  1.102966952132457e-01 
  5.153001685624842e-02  1.117254596324773e-01 
  6.660080592496938e-02  1.131802502870170e-01 
  8.586304470882375e-02  1.146738121016950e-01 
  1.105107011922528e-01  1.180431662541695e-01 
  1.424081794776209e-01  1.224828124293027e-01 
  1.842612591226703e-01  1.296304265252677e-01 
  2.402094752700468e-01  1.390541324890333e-01 
  3.125951132832224e-01  1.549283515593691e-01 
  4.048568432686804e-01  1.735133321264140e-01 
  5.137450903437696e-01  1.955992116233251e-01 
  6.327807873416786e-01  2.209463339851416e-01 
  7.396722649491413e-01  2.469062593939763e-01 
  8.295549985152607e-01  2.669568689633067e-01 
  8.948413297858097e-01  2.832847526880610e-01 
  9.325365970192954e-01  2.940330169148328e-01 
  9.414197053801653e-01  2.968098435465186e-01 
  9.216962797037657e-01  2.938769000116689e-01 
  8.750634300336976e-01  2.853439047559526e-01 
  7.960717903869566e-01  2.724671819601063e-01 
  6.937512593972913e-01  2.540613491461886e-01 
  5.770038148902242e-01  2.348873617818559e-01 
  4.638223100201780e-01  2.158550432535828e-01 
  3.661074651749179e-01  2.001151183176183e-01 
  2.867554194851684e-01  1.859427715496139e-01 
  2.246179371908348e-01  1.749676262995384e-01 
  1.775694234262652e-01  1.641962748578356e-01 
  1.405133974125326e-01  1.559679629491031e-01 
  1.085873999883509e-01  1.485492282916470e-01 
  2.294657830226610e-01  3.520030690270401e-02 
  2.920876432263903e-01  4.268611204434775e-02 
  3.731960466552321e-01  5.204990006395815e-02 
  4.712596805541471e-01  6.384142172075551e-02 
  5.825884690133806e-01  7.636106907484640e-02 
  6.969464086552635e-01  8.883778055899308e-02 
  7.968642337956917e-01  9.963329655373863e-02 
  8.757249727776188e-01  1.062895577396105e-01 
  9.309692459139234e-01  1.092347200514645e-01 
  9.556642379705479e-01  1.074258379546542e-01 
  9.509731048651401e-01  1.014235482397622e-01 
  9.219478046847960e-01  9.140175822466996e-02 
  8.641399521588203e-01  7.674190046045136e-02 
  7.783583424117111e-01  5.835011952557832e-02 
  6.694510614990354e-01  3.839263764729006e-02 
  5.544143779048291e-01  1.724438855789418e-02 
  4.447998524669053e-01  2.758071686727893e-03 
  3.496736320198915e-01  2.033076404268894e-02 
  2.728314207164382e-01  3.475800169008618e-02 
  2.142297024179652e-01  4.638594406972552e-02 
  1.683164390542483e-01  5.552133498708416e-02 
  1.325612939139987e-01  6.221020034933959e-02 
  1.055113632961782e-01  6.760095013236971e-02 
  8.413683761927061e-02  7.206403078079969e-02 
  6.719389780692989e-02  7.559463944985065e-02 
  5.350654816746164e-02  7.796470680207088e-02 
  4.251147116208981e-02  7.948478429725889e-02 
  3.331877951056299e-02  8.131801147582549e-02 
  2.557551187326812e-02  8.295490112141667e-02 
  1.884390623285992e-02  8.322901406699369e-02 
  1.275928195303231e-02  8.462479896835659e-02 
  7.174771668200268e-03  8.457111374563081e-02 
  1.879653659308059e-03  8.579524129319846e-02 
  3.809073338828009e-03  8.525043427233499e-02 
  9.593276997506195e-03  8.562511149330643e-02 
  1.579603671578481e-02  8.587114425054530e-02 
  2.282141583946782e-02  8.673786938413602e-02 
  3.116326369143069e-02  8.626588855660706e-02 
  4.090772092712559e-02  8.742771945506814e-02 
  5.294978298948155e-02  8.810695658890255e-02 
  6.785368440803692e-02  8.969976391383172e-02 
  8.683345561932247e-02  9.167843688992916e-02 
  1.112651440495808e-01  9.495868678796726e-02 
  1.430975619735821e-01  9.984530546680565e-02 
  1.835688488656346e-01  1.077848818496649e-01 
  2.387516790667725e-01  1.186090561625069e-01 
  3.091174232353883e-01  1.335651173339823e-01 
  3.995466875824039e-01  1.541385964201722e-01 
  5.072005718504439e-01  1.800302771223593e-01 
  6.236270355741516e-01  2.077084428868781e-01 
  7.330939484874752e-01  2.379058657336103e-01 
  8.257237657643360e-01  2.632592865528117e-01 
  8.949482734428990e-01  2.825734473686811e-01 
  9.334293116478456e-01  2.963994203600431e-01 
  9.443106430611719e-01  3.016094189661776e-01 
  9.249897803834016e-01  3.004277533016788e-01 
  8.771916410233406e-01  2.924310273528010e-01 
  8.004963103811423e-01  2.780242001513681e-01 
  6.968818995487878e-01  2.617358427096874e-01 
  5.813797951270631e-01  2.417706343604781e-01 
  4.664359701378006e-01  2.231280397296476e-01 
  3.677090209878970e-01  2.075940013712025e-01 
  2.876036772276436e-01  1.944088583877186e-01 
  2.258505666495867e-01  1.846136887565980e-01 
  1.792574996898002e-01  1.771448169879833e-01 
  1.420920351267818e-01  1.699746673859241e-01 
  1.099165616400847e-01  1.651713429897181e-01 
  2.286811326140853e-01  3.756324475011802e-02 
  2.915696291922327e-01  4.525420084646719e-02 
  3.720281345260394e-01  5.564325791193640e-02 
  4.711208604742511e-01  6.794647799470910e-02 
  5.809552551045049e-01  8.129254124026186e-02 
  6.940169614288852e-01  9.453032477745009e-02 
  7.971437301058341e-01  1.058075601576076e-01 
  8.776664244393239e-01  1.142550619165782e-01 
  9.310005435242500e-01  1.178758805498505e-01 
  9.552130223379114e-01  1.177825086170178e-01 
  9.527773724635328e-01  1.128841325429758e-01 
  9.202317949896531e-01  1.043551411891030e-01 
  8.627287770205201e-01  9.103249584920854e-02 
  7.782072715527513e-01  7.400297002574406e-02 
  6.737905792824315e-01  5.482183901673767e-02 
  5.592662792889250e-01  3.519009992098224e-02 
  4.485173365780340e-01  1.641383071542076e-02 
  3.538806648487757e-01  1.296120411477793e-03 
  2.755387504162354e-01  1.410881536147292e-02 
  2.155287620962298e-01  2.515704635456344e-02 
  1.691863747000527e-01  3.389852878577524e-02 
  1.337015476802871e-01  3.975969552841177e-02 
  1.056671841874853e-01  4.542362606389078e-02 
  8.409288157620133e-02  4.918805500293394e-02 
  6.693712182165429e-02  5.257852517467215e-02 
  5.307051896554680e-02  5.450981398522138e-02 
  4.177907636332005e-02  5.689640154658678e-02 
  3.247939152755457e-02  5.754089994323633e-02 
  2.451721776471173e-02  5.930202178131112e-02 
  1.770584404247132e-02  6.062365968550075e-02 
  1.154736475816792e-02  6.083910968579015e-02 
  5.783666393091125e-03  6.121863614914625e-02 
  5.910642395217805e-04  6.194740238476856e-02 
  5.427224471936999e-03  6.186501890845508e-02 
  1.125521730925813e-02  6.263009204969930e-02 
  1.764319704636796e-02  6.199557608852155e-02 
  2.476423317137709e-02  6.357834958797778e-02 
  3.316182968776906e-02  6.388646379628535e-02 
  4.292270015896941e-02  6.481658566144827e-02 
  5.483621676742029e-02  6.562837485122974e-02 
  6.979993762478451e-02  6.789783866996778e-02 
  8.887804324353227e-02  7.043596192150570e-02 
  1.129443302738928e-01  7.399065126596181e-02 
  1.440554304579905e-01  7.877981380040404e-02 
  1.842873328029492e-01  8.667155730711452e-02 
  2.364561066826493e-01  9.861163283211194e-02 
  3.062204106276936e-01  1.139924531763524e-01 
  3.932360133285078e-01  1.356207681897873e-01 
  4.980101388442954e-01  1.631002587401517e-01 
  6.111715568534826e-01  1.941726241789724e-01 
  7.200411792917473e-01  2.276391734338342e-01 
  8.105193444986633e-01  2.577579386883633e-01 
  8.829995546270384e-01  2.804173300989893e-01 
  9.237246529946678e-01  2.957042047520432e-01 
  9.365227560582128e-01  3.025911695820703e-01 
  9.222106526197591e-01  3.023647783545840e-01 
  8.770312828958773e-01  2.939998101722424e-01 
  8.005536362917803e-01  2.803190095501314e-01 
  7.022161032856654e-01  2.628446550140273e-01 
  5.868461834886283e-01  2.421310024159412e-01 
  4.744155707454707e-01  2.234492236036402e-01 
  3.733095795189530e-01  2.062350137617766e-01 
  2.923895753433891e-01  1.932885152339045e-01 
  2.296865870371965e-01  1.844406312808559e-01 
  1.826371765066344e-01  1.789329203187569e-01 
  1.449374394423111e-01  1.747048453152192e-01 
  1.116082721028872e-01  1.721595425453813e-01 
  2.286217182897219e-01  3.956498450691304e-02 
  2.915006882733173e-01  4.798373500642063e-02 
  3.708526054514357e-01  5.850216656359904e-02 
  4.706634073314006e-01  7.133159744574685e-02 
  5.815914784018638e-01  8.564040254710974e-02 
  6.944870221800525e-01  1.000408792386850e-01 
  7.961101014902753e-01  1.114750305394485e-01 
  8.770909593532104e-01  1.208917599180779e-01 
  9.306626492942349e-01  1.254301668561666e-01 
  9.556492746997405e-01  1.262524166844461e-01 
  9.536758487288737e-01  1.224419676160032e-01 
  9.243742405354608e-01  1.146798853253478e-01 
  8.670887160540961e-01  1.020937485529605e-01 
  7.823640469830211e-01  8.609978163425196e-02 
  6.785154396911117e-01  6.784877329066299e-02 
  5.620582599270597e-01  4.863889501321594e-02 
  4.511493484806054e-01  3.050647302304921e-02 
  3.541313169804387e-01  1.476494385971877e-02 
  2.770541657408560e-01  1.735310521517317e-03 
  2.165555829043830e-01  8.997044116023810e-03 
  1.695861319315828e-01  1.730249171665678e-02 
  1.333111376212029e-01  2.336166274212984e-02 
  1.057863991592481e-01  2.874612766500372e-02 
  8.361440131368610e-02  3.180247720484895e-02 
  6.625541590604002e-02  3.505742793818832e-02 
  5.233816409829229e-02  3.702381353356945e-02 
  4.099408379641051e-02  3.939900009225242e-02 
  3.152628407322924e-02  4.002111647071256e-02 
  2.354329717460751e-02  4.166943865988891e-02 
  1.658126592855629e-02  4.223267594061916e-02 
  1.048292996935213e-02  4.332389553816020e-02 
  4.616022685786216e-03  4.342330249515075e-02 
  1.063812856326089e-03  4.416326770538689e-02 
  6.587214179768855e-03  4.439118106991670e-02 
  1.235204128391082e-02  4.542800344012998e-02 
  1.876473495427711e-02  4.517262725424920e-02 
  2.587245465897391e-02  4.585417139913880e-02 
  3.418121409521577e-02  4.659056208908954e-02 
  4.392883992287831e-02  4.823837840376843e-02 
  5.586838078470401e-02  4.872128117675387e-02 
  7.074621906238900e-02  5.101303940771376e-02 
  8.925217011358912e-02  5.324042332787119e-02 
  1.129296766220493e-01  5.783112622509868e-02 
  1.432414750340620e-01  6.266236760050041e-02 
  1.829449747578077e-01  7.123489688799654e-02 
  2.349926801490426e-01  8.204431625134646e-02 
  3.008594342655067e-01  9.801916532734560e-02 
  3.852974054441692e-01  1.205250166081174e-01 
  4.869265826636873e-01  1.497303190517583e-01 
  5.984530497716838e-01  1.840925866689567e-01 
  7.069088756684454e-01  2.202538710243251e-01 
  8.019291208719186e-01  2.518943057074732e-01 
  8.768721655260793e-01  2.772066215988508e-01 
  9.226457477480144e-01  2.952968402973022e-01 
  9.387526684679057e-01  3.034771521761807e-01 
  9.261303882314678e-01  3.023146894294187e-01 
  8.810001544018364e-01  2.944780984137493e-01 
  8.072222693043052e-01  2.782960870310631e-01 
  7.072747185006276e-01  2.589272447392958e-01 
  5.930594555169074e-01  2.359467773707634e-01 
  4.778622069750905e-01  2.140190096127751e-01 
  3.782411144958721e-01  1.941823935376552e-01 
  2.955548800053694e-01  1.795391852414462e-01 
  2.324567087470071e-01  1.680773143460750e-01 
  1.836756919141924e-01  1.629208060164660e-01 
  1.455910186069367e-01  1.599854547131876e-01 
  1.125011429141254e-01  1.587831816650799e-01 
  2.286072948104045e-01  4.165667480981435e-02 
  2.908285141801515e-01  5.049109042646946e-02 
  3.696134653088790e-01  6.167815868738143e-02 
  4.671533144650790e-01  7.507831204607918e-02 
  5.783703681886581e-01  8.966768345481979e-02 
  6.915450619195098e-01  1.043479688808044e-01 
  7.947043395507684e-01  1.171294624084547e-01 
  8.751565237352723e-01  1.263760858020065e-01 
  9.307955204348276e-01  1.322859589802541e-01 
  9.560687751419916e-01  1.337540373440418e-01 
  9.539756388905807e-01  1.310645527985547e-01 
  9.264617304365368e-01  1.235728462829356e-01 
  8.692231503362724e-01  1.127331260494988e-01 
  7.850869068065334e-01  9.814647359367525e-02 
  6.805685635420572e-01  8.084437352977629e-02 
  5.645458698772662e-01  6.201625688759749e-02 
  4.523316060380565e-01  4.472639552135189e-02 
  3.561438379525143e-01  3.009889833134260e-02 
  2.781172871796436e-01  1.683500501125404e-02 
  2.173114374435875e-01  7.062514459744504e-03 
  1.698833179591618e-01  1.766736575400561e-03 
  1.333418678824024e-01  6.676935024678327e-03 
  1.054950748303586e-01  1.149369583664040e-02 
  8.329602648633107e-02  1.464443767282463e-02 
  6.588523275539160e-02  1.762268181811023e-02 
  5.177946209756293e-02  1.923660378740638e-02 
  4.038101068005939e-02  2.147741703119407e-02 
  3.073093220486171e-02  2.277288484151845e-02 
  2.276917707104279e-02  2.386115434717834e-02 
  1.565852444115324e-02  2.417660973187619e-02 
  9.410688203223518e-03  2.544407693040997e-02 
  3.551025855952572e-03  2.566132340272823e-02 
  2.145174790069498e-03  2.657548505510714e-02 
  7.911982801015438e-03  2.630285252737243e-02 
  1.374371955075418e-02  2.770449894173006e-02 
  2.019880304717521e-02  2.762847729237266e-02 
  2.728827509192717e-02  2.913933591617768e-02 
  3.563014867310219e-02  2.896541465291066e-02 
  4.538671855472912e-02  3.085923814731986e-02 
  5.727226178504739e-02  3.245170728655260e-02 
  7.225145286807649e-02  3.471467869840349e-02 
  9.072390486962455e-02  3.692487212705921e-02 
  1.140025418141138e-01  4.200201735081859e-02 
  1.438834969967122e-01  4.741206815180893e-02 
  1.822989992375044e-01  5.619898863318021e-02 
  2.323253149259615e-01  6.744016901127167e-02 
  2.961691606352277e-01  8.494473190445316e-02 
  3.775371860627162e-01  1.073456129035729e-01 
  4.734311009869893e-01  1.375151034899938e-01 
  5.809468945464760e-01  1.724308027268130e-01 
  6.877809371126861e-01  2.083336870565576e-01 
  7.835015943005724e-01  2.431114983576514e-01 
  8.620673254277639e-01  2.696947547429505e-01 
  9.113979229975048e-01  2.872273887692621e-01 
  9.312919190242174e-01  2.946373162325148e-01 
  9.212894215496789e-01  2.929047738491772e-01 
  8.821676638507369e-01  2.832039458252129e-01 
  8.123969505069959e-01  2.651319707611063e-01 
  7.144820698778004e-01  2.428056285330181e-01 
  6.042224179927964e-01  2.147786706348959e-01 
  4.887856357361077e-01  1.874346372354157e-01 
  3.891207000033189e-01  1.616857516697131e-01 
  3.051696815721360e-01  1.435098465288829e-01 
  2.387349673715396e-01  1.267852554487103e-01 
  1.878597908663422e-01  1.202353439276500e-01 
  1.487887463414184e-01  1.133547308281160e-01 
  1.146160756490677e-01  1.138720397277990e-01 
  2.268393188515667e-01  4.343674267279965e-02 
  2.897680408738638e-01  5.256789660789805e-02 
  3.694509048210995e-01  6.406978992362848e-02 
  4.674337156477881e-01  7.795349656087625e-02 
  5.775025876338883e-01  9.330997004328639e-02 
  6.909792161928139e-01  1.085360594812727e-01 
  7.952917632315074e-01  1.214354677532553e-01 
  8.778496382920666e-01  1.321786920273878e-01 
  9.312937417480576e-01  1.384116672466865e-01 
  9.574541469685588e-01  1.410095413503049e-01 
  9.581432282244841e-01  1.384364965650428e-01 
  9.267162629512627e-01  1.325797665607329e-01 
  8.697145476074610e-01  1.217096041721659e-01 
  7.863776912996536e-01  1.078532906125027e-01 
  6.812254814679993e-01  9.067121806019283e-02 
  5.638779140950237e-01  7.345761099232596e-02 
  4.540227182814122e-01  5.569580045914813e-02 
  3.570906957782106e-01  4.143989535042900e-02 
  2.792938897466333e-01  2.937761601410906e-02 
  2.176663448840148e-01  1.968187412686658e-02 
  1.705991388182589e-01  1.198645888383248e-02 
  1.330176847833789e-01  6.949635868598352e-03 
  1.046255212114823e-01  2.624011294281772e-03 
  8.282093602983584e-02  1.455906382740079e-03 
  6.529130281098722e-02  4.112921778793842e-03 
  5.107093212955895e-02  5.465847997346836e-03 
  3.929359680711536e-02  7.109537511609932e-03 
  2.973896395582802e-02  7.887092785641651e-03 
  2.171817281343720e-02  9.830289321104479e-03 
  1.462305570932036e-02  1.007437818653051e-02 
  8.262321394807115e-03  1.083957488418341e-02 
  2.429407593022891e-03  1.118032684822693e-02 
  3.152832760289864e-03  1.244066655726370e-02 
  8.828363052363005e-03  1.229521139258998e-02 
  1.473611610086818e-02  1.310476839749500e-02 
  2.119164082439315e-02  1.373028335614268e-02 
  2.814424382023419e-02  1.494205910578017e-02 
  3.649521987586455e-02  1.561771344148901e-02 
  4.632299006287151e-02  1.704396563969405e-02 
  5.819185271812272e-02  1.859487871411272e-02 
  7.243423612769703e-02  2.178243115057895e-02 
  9.031031030816566e-02  2.422999084250159e-02 
  1.134357859720140e-01  2.929034586977062e-02 
  1.426667554384472e-01  3.508770394836926e-02 
  1.801291644613812e-01  4.424268748983724e-02 
  2.283333163790572e-01  5.637952985512506e-02 
  2.911697037081651e-01  7.339769137736381e-02 
  3.695603200298825e-01  9.700511838144875e-02 
  4.611433333586512e-01  1.281534493346131e-01 
  5.664845041934222e-01  1.621307717618111e-01 
  6.755746338495420e-01  1.987918612739083e-01 
  7.755840774248340e-01  2.326483892364585e-01 
  8.552138676523479e-01  2.589516305499224e-01 
  9.110173216609118e-01  2.764063079640586e-01 
  9.337619751522362e-01  2.830550450724641e-01 
  9.288565212862815e-01  2.809591950686616e-01 
  8.925871586992838e-01  2.702035496328636e-01 
  8.242595440733342e-01  2.492594314042150e-01 
  7.277411530191635e-01  2.213692022515973e-01 
  6.172878580142548e-01  1.880442031748688e-01 
  5.031978009687457e-01  1.543761301573346e-01 
  4.000497326640296e-01  1.204743938813395e-01 
  3.129164427536421e-01  9.393761941210024e-02 
  2.444554558880876e-01  7.490087651709422e-02 
  1.929123513408330e-01  6.068331537119039e-02 
  1.519639713013057e-01  5.238942115474730e-02 
  1.177876845351107e-01  4.367632611024658e-02 
  2.266509973848203e-01  4.549455799774724e-02 
  2.884349840836694e-01  5.477374050987871e-02 
  3.671844108282212e-01  6.652156377939958e-02 
  4.649716611308992e-01  8.073671965816548e-02 
  5.754538294949307e-01  9.611577011044402e-02 
  6.901715206474680e-01  1.120179189092340e-01 
  7.935897220197599e-01  1.258170070723576e-01 
  8.733323236997210e-01  1.371602600981655e-01 
  9.273227928530525e-01  1.441535692461171e-01 
  9.543873724465867e-01  1.472490155690506e-01 
  9.556432234435205e-01  1.454932181162356e-01 
  9.267565934625176e-01  1.405353727787540e-01 
  8.702150391096167e-01  1.306943159464359e-01 
  7.882014591713959e-01  1.169177233281300e-01 
  6.821390853248158e-01  1.008374024929113e-01 
  5.654542004133695e-01  8.485103614413786e-02 
  4.548294052067570e-01  6.812875458929353e-02 
  3.583541469030788e-01  5.368577785521068e-02 
  2.795500244155275e-01  4.197082441920204e-02 
  2.178790307044313e-01  3.335293445552380e-02 
  1.704228149732853e-01  2.599687823378089e-02 
  1.333025276645718e-01  2.080196445751817e-02 
  1.047550418096588e-01  1.682983855876656e-02 
  8.261855302851243e-02  1.409572278323742e-02 
  6.492427887199367e-02  1.142006300661504e-02 
  5.057478375640727e-02  9.543991634617950e-03 
  3.868090125922039e-02  8.185832428617737e-03 
  2.907672135064252e-02  7.365023722004918e-03 
  2.093774636343286e-02  5.941318712068549e-03 
  1.376374394298054e-02  5.589741188323382e-03 
  7.327517840929609e-03  4.504935735551480e-03 
  1.420796355836586e-03  4.622396546194198e-03 
  4.239350597401288e-03  3.504125887291262e-03 
  9.939699034287873e-03  3.160637947061318e-03 
  1.596476148503064e-02  2.376072292438370e-03 
  2.235114286606029e-02  2.375995151058802e-03 
  2.946102377215748e-02  1.617232461432685e-03 
  3.772670138345339e-02  1.926252210021003e-03 
  4.753586866056242e-02  3.136105759095485e-03 
  5.924968346611414e-02  4.495962704920803e-03 
  7.341354308912558e-02  7.387554537257830e-03 
  9.129623850145832e-02  1.081958492201240e-02 
  1.136748224440371e-01  1.585860930858696e-02 
  1.421818414130437e-01  2.219578707708479e-02 
  1.784344409529079e-01  3.187911820121361e-02 
  2.252163338128284e-01  4.426941163469437e-02 
  2.847730157982169e-01  6.248455050693804e-02 
  3.583685459013494e-01  8.576427091210627e-02 
  4.464612640498340e-01  1.151639361322710e-01 
  5.468256583875116e-01  1.488201712663952e-01 
  6.582176664814108e-01  1.830625467775692e-01 
  7.604732366533691e-01  2.134324010063738e-01 
  8.448219411180704e-01  2.399030945274260e-01 
  9.032105141841568e-01  2.554170296497257e-01 
  9.308711797365438e-01  2.624006460678791e-01 
  9.288351338207204e-01  2.590469301363930e-01 
  8.958482187975279e-01  2.460305570926496e-01 
  8.328028150750283e-01  2.218684247898104e-01 
  7.424765377840524e-01  1.895863869213548e-01 
  6.355485533771141e-01  1.491977074902387e-01 
  5.238173565073233e-01  1.076598449460090e-01 
  4.182990078814918e-01  6.905715779495639e-02 
  3.290496888945961e-01  3.760418235047444e-02 
  2.581048019551683e-01  1.000128262214574e-02 
  2.024669471600956e-01  9.498204152827273e-03 
  1.601268957901937e-01  2.395323636354717e-02 
  1.238895383186761e-01  3.288551140551998e-02 
  2.253678100237017e-01  4.706877005618318e-02 
  2.870370345110215e-01  5.661916366364456e-02 
  3.657918159263934e-01  6.905392996775860e-02 
  4.625310414908115e-01  8.334017345219843e-02 
  5.749384906632353e-01  9.962225087505906e-02 
  6.882515284337680e-01  1.160439491296740e-01 
  7.926169118608261e-01  1.302134063243849e-01 
  8.746798756323122e-01  1.418017204234738e-01 
  9.296171657180773e-01  1.499258431867907e-01 
  9.578515018594782e-01  1.535238666499906e-01 
  9.571513903376146e-01  1.523262146932495e-01 
  9.285313780494027e-01  1.477069736412662e-01 
  8.725454024838235e-01  1.387723682820042e-01 
  7.900873975069601e-01  1.264767799223271e-01 
  6.843255175309279e-01  1.100674867421657e-01 
  5.669968348376527e-01  9.445303121712283e-02 
  4.564678393428477e-01  7.843435870114768e-02 
  3.595370365952041e-01  6.505642588049598e-02 
  2.798577154315282e-01  5.327690039357502e-02 
  2.178153511002905e-01  4.502266516981431e-02 
  1.701418436632899e-01  3.816966514628836e-02 
  1.330144382068955e-01  3.325222036943763e-02 
  1.043984701361311e-01  2.879184528902637e-02 
  8.168627357153876e-02  2.689779008787956e-02 
  6.391826596646197e-02  2.422864072301763e-02 
  4.942087547538343e-02  2.271199845632792e-02 
  3.781440180033714e-02  2.119616541049926e-02 
  2.808883225476403e-02  2.066119325935141e-02 
  1.991619567468398e-02  1.960177726505366e-02 
  1.266751083774386e-02  1.889165039436528e-02 
  6.314552589347742e-03  1.780403338611271e-02 
  3.772657976713314e-04  1.782910530162476e-02 
  5.255999128309557e-03  1.729833486412149e-02 
  1.098033738371891e-02  1.662684889767910e-02 
  1.677130606235389e-02  1.500002386439031e-02 
  2.320711394050384e-02  1.513424115823470e-02 
  3.028658694037659e-02  1.372347040232016e-02 
  3.836080255137335e-02  1.265367570673993e-02 
  4.788434316450283e-02  1.095452876265920e-02 
  5.941770654510407e-02  9.161952798449157e-03 
  7.349222306173248e-02  5.968929508260166e-03 
  9.113197545700008e-02  3.132293144762888e-03 
  1.126050284182391e-01  4.185401253096039e-03 
  1.401032418435384e-01  1.061724037687551e-02 
  1.755337514483922e-01  2.002348192118394e-02 
  2.200372378280088e-01  3.324451871514458e-02 
  2.764229735826206e-01  5.179098847785980e-02 
  3.479046508617635e-01  7.366026891143293e-02 
  4.340663650592475e-01  1.024303838015721e-01 
  5.358626463660328e-01  1.334709341306687e-01 
  6.446102166667190e-01  1.661313522167158e-01 
  7.515839280441609e-01  1.957605831216804e-01 
  8.408191309455861e-01  2.201831598525427e-01 
  9.027725275919435e-01  2.361690866357360e-01 
  9.325404620680655e-01  2.419550828815414e-01 
  9.354983687025539e-01  2.376030712376523e-01 
  9.073600095761283e-01  2.239583194738152e-01 
  8.484226115931037e-01  1.975694541634380e-01 
  7.621957705452045e-01  1.631203708016881e-01 
  6.573672057529879e-01  1.169368524769751e-01 
  5.450422070417291e-01  7.061458319189522e-02 
  4.373857549147080e-01  2.639636347997489e-02 
  3.436295746399994e-01  1.221472095567455e-02 
  2.682035268762727e-01  4.114085849802039e-02 
  2.105578001292316e-01  6.198636939145079e-02 
  1.664948423416131e-01  7.717065741320488e-02 
  1.308385084414031e-01  9.155856977593788e-02 
  2.245217582321411e-01  4.905235921710797e-02 
  2.850383757104507e-01  5.887776963334426e-02 
  3.632322781198161e-01  7.134742440679739e-02 
  4.596705543389484e-01  8.650951953557562e-02 
  5.698503043022658e-01  1.028782220188253e-01 
  6.854256215259938e-01  1.192078622882959e-01 
  7.890852665890277e-01  1.346131075260519e-01 
  8.699052152392878e-01  1.470679538018667e-01 
  9.257516281397216e-01  1.555743875600570e-01 
  9.505129420310381e-01  1.601766660770592e-01 
  9.504366710942170e-01  1.599287526437864e-01 
  9.246110609674933e-01  1.560993698918534e-01 
  8.681610243822382e-01  1.476545553155588e-01 
  7.871759818553513e-01  1.366357987654073e-01 
  6.811670543821807e-01  1.217312271271745e-01 
  5.673602881967124e-01  1.059300433475255e-01 
  4.557270786714613e-01  9.056885973604298e-02 
  3.599479748988924e-01  7.791326426636468e-02 
  2.805066002323539e-01  6.670946381888851e-02 
  2.182422269364011e-01  5.856978098008669e-02 
  1.700327913637265e-01  5.220463335977200e-02 
  1.327933369941326e-01  4.788317615250692e-02 
  1.037919889919447e-01  4.409618318016092e-02 
  8.107222355854468e-02  4.181504321927600e-02 
  6.324957833096491e-02  3.976486386643881e-02 
  4.871052209736882e-02  3.879066277557008e-02 
  3.698919965941042e-02  3.735667808851811e-02 
  2.714558369892599e-02  3.659690848310578e-02 
  1.883978032437316e-02  3.547566539520468e-02 
  1.161573069383660e-02  3.538015653022442e-02 
  5.198761385843454e-03  3.429393339185416e-02 
  7.656131506131150e-04  3.435050292985579e-02 
  6.394083958234847e-03  3.318317214122710e-02 
  1.215762194905742e-02  3.348659965369823e-02 
  1.798520881583872e-02  3.199337820587483e-02 
  2.431872963861059e-02  3.143811150675143e-02 
  3.141987366908331e-02  2.985592286254436e-02 
  3.955581476943489e-02  2.905838677193152e-02 
  4.902057877063609e-02  2.661002606801045e-02 
  6.033671819155030e-02  2.448404674590235e-02 
  7.409258286291071e-02  2.103283912340879e-02 
  9.098130974244473e-02  1.793667132014815e-02 
  1.121543917856034e-01  1.176062358498082e-02 
  1.387434963370786e-01  4.947785915667639e-03 
  1.730038964360328e-01  6.638959969225455e-03 
  2.158418896623132e-01  1.923097706830619e-02 
  2.707563398243392e-01  3.631176423859463e-02 
  3.385574964469398e-01  5.736258972303947e-02 
  4.233029884426053e-01  8.406945848240475e-02 
  5.221478986158442e-01  1.141689350388777e-01 
  6.324247161848264e-01  1.437082331843675e-01 
  7.390666995526330e-01  1.699131534051214e-01 
  8.299019490175562e-01  1.943673439382710e-01 
  8.935301977864730e-01  2.076009564292187e-01 
  9.296739983310243e-01  2.154344488600231e-01 
  9.346576921395318e-01  2.112295870495448e-01 
  9.119860274027839e-01  1.983144226812052e-01 
  8.611945733251741e-01  1.729688109780107e-01 
  7.818606109433682e-01  1.382713490256434e-01 
  6.812330891217258e-01  9.374686427698621e-02 
  5.687996683862508e-01  4.652624464822211e-02 
  4.600277546049547e-01  4.913895314001147e-03 
  3.621116810077970e-01  3.744544102610587e-02 
  2.826014166087776e-01  6.803701476816798e-02 
  2.214386293067420e-01  9.055680678125597e-02 
  1.751797428614565e-01  1.077580068884322e-01 
  1.378587970455156e-01  1.191181116402504e-01 
  2.221044114041981e-01  5.050295615679284e-02 
  2.840488494721403e-01  6.064607518526307e-02 
  3.621846452417135e-01  7.330984478522612e-02 
  4.582473736003723e-01  8.919781171824111e-02 
  5.682490711735219e-01  1.058715204142080e-01 
  6.808419932980680e-01  1.231852190170103e-01 
  7.861560021491911e-01  1.387078691215759e-01 
  8.686612219336786e-01  1.517447938600168e-01 
  9.236596768165165e-01  1.610377893003445e-01 
  9.501719041610635e-01  1.660292476758186e-01 
  9.505239947118002e-01  1.670795511936745e-01 
  9.227091653671993e-01  1.635210058899263e-01 
  8.684822254871747e-01  1.563115609373090e-01 
  7.879944061754501e-01  1.457482000341212e-01 
  6.837304702287881e-01  1.317339911922632e-01 
  5.683644874632798e-01  1.167961695829154e-01 
  4.573429455325088e-01  1.020053851525114e-01 
  3.591205723272579e-01  8.960259757070986e-02 
  2.790883348573914e-01  7.883254547419313e-02 
  2.170688145619639e-01  7.140278477580528e-02 
  1.693263257112412e-01  6.519152643489369e-02 
  1.315401808213578e-01  6.132047354249643e-02 
  1.023871217502795e-01  5.765382161083466e-02 
  7.974355348395978e-02  5.575771914864878e-02 
  6.190274882443249e-02  5.361763451380025e-02 
  4.744816098466617e-02  5.322058573513698e-02 
  3.564532957434067e-02  5.198289352720545e-02 
  2.579624449665597e-02  5.175324072824308e-02 
  1.756791754950010e-02  5.042939407430865e-02 
  1.034082490462147e-02  5.082090563895600e-02 
  4.047328307497861e-03  4.997646686450725e-02 
  1.931402034405890e-03  4.982845827220151e-02 
  7.579896656106909e-03  4.897107075574560e-02 
  1.313801442971615e-02  4.877049909662093e-02 
  1.895188378252269e-02  4.775720481378432e-02 
  2.519917859458097e-02  4.692069107173615e-02 
  3.204992994160284e-02  4.486573635851809e-02 
  4.006694081623803e-02  4.436738680945884e-02 
  4.926640634209423e-02  4.213931775461276e-02 
  6.045422172514479e-02  3.960338885337471e-02 
  7.365803596180749e-02  3.648113570361443e-02 
  9.035228379891216e-02  3.229724663707283e-02 
  1.111163288824152e-01  2.622636493243687e-02 
  1.369984755349366e-01  1.887901797649004e-02 
  1.699173336648536e-01  8.217952940921451e-03 
  2.113086300995202e-01  4.795587836671992e-03 
  2.641233424158123e-01  2.073113596679560e-02 
  3.300578258181433e-01  4.147698694819347e-02 
  4.125862348981415e-01  6.644246709556882e-02 
  5.121685236694619e-01  9.261623025665283e-02 
  6.225760138993601e-01  1.215293149974130e-01 
  7.326793214339197e-01  1.481302650767966e-01 
  8.282047834569402e-01  1.722012501386421e-01 
  8.967966649714906e-01  1.858244688010801e-01 
  9.352749111927836e-01  1.934037096634929e-01 
  9.439910668746475e-01  1.903964076630650e-01 
  9.247016541700841e-01  1.796618635063195e-01 
  8.778916828275075e-01  1.572616217549769e-01 
  8.022485383801555e-01  1.253209850870866e-01 
  7.042815064699924e-01  8.404365861702862e-02 
  5.927445704520979e-01  4.004537823506795e-02 
  4.780874952398218e-01  5.646892238088312e-03 
  3.755820555766803e-01  4.286695154075893e-02 
  2.920957812752610e-01  7.361167499722121e-02 
  2.285030937911113e-01  9.443368780579885e-02 
  1.803421049827838e-01  1.100150118817881e-01 
  1.420394835404096e-01  1.203410509755540e-01 
  2.215612642078438e-01  5.250676962485978e-02 
  2.811197348482146e-01  6.299695383283328e-02 
  3.584540854010182e-01  7.601353853328638e-02 
  4.549637915173764e-01  9.198030598921608e-02 
  5.645758337109621e-01  1.095229668957676e-01 
  6.768958235789913e-01  1.269450730956908e-01 
  7.808991219874846e-01  1.435148858827674e-01 
  8.619350364372507e-01  1.570607619437266e-01 
  9.169072031490101e-01  1.670798204943103e-01 
  9.445959616122647e-01  1.737373728132700e-01 
  9.456974859926978e-01  1.749926065091673e-01 
  9.200397356605583e-01  1.734954141664745e-01 
  8.662823869699809e-01  1.665613184782319e-01 
  7.842198566015353e-01  1.566516054051922e-01 
  6.819414434706121e-01  1.437809669549024e-01 
  5.658190751819588e-01  1.303537861945227e-01 
  4.554839041555437e-01  1.168249220718514e-01 
  3.589303930507462e-01  1.043028198900027e-01 
  2.785560109525873e-01  9.503200671252714e-02 
  2.164678903005515e-01  8.820665440273333e-02 
  1.678577450072439e-01  8.262081030272470e-02 
  1.308764886328679e-01  7.888514896823880e-02 
  1.013350146284760e-01  7.659944976736024e-02 
  7.844156224840589e-02  7.492045392553137e-02 
  6.041547363263858e-02  7.310250345800515e-02 
  4.605660109149304e-02  7.227980962184917e-02 
  3.410944354956388e-02  7.142219613099721e-02 
  2.436772217779727e-02  7.158808581063507e-02 
  1.621538948012689e-02  7.064431201270477e-02 
  8.958172778305493e-03  7.062089220187572e-02 
  2.506721203123373e-03  6.992212202951857e-02 
  3.450826182648406e-03  6.987992818654050e-02 
  8.975286788201500e-03  6.950675284530780e-02 
  1.457579442778310e-02  6.873886390917183e-02 
  2.039069997337533e-02  6.794233212869283e-02 
  2.666625848304725e-02  6.751285905305771e-02 
  3.344101375829818e-02  6.561145971644136e-02 
  4.127192109097582e-02  6.472367969806145e-02 
  5.040276184970919e-02  6.178553335289048e-02 
  6.126837114632115e-02  5.921770879528294e-02 
  7.432288930465777e-02  5.598778678043045e-02 
  9.063206693395751e-02  5.116751198958673e-02 
  1.105634252151512e-01  4.466947003804720e-02 
  1.358891820501117e-01  3.809840989499313e-02 
  1.671633186625236e-01  2.711795901359424e-02 
  2.075978658333755e-01  1.470740832498469e-02 
  2.586816572046096e-01  2.250600183789943e-03 
  3.244220277998734e-01  1.943898568736107e-02 
  4.050780256162915e-01  4.416488968559726e-02 
  5.014941075587198e-01  6.988162574943314e-02 
  6.128933151688969e-01  9.698922743849489e-02 
  7.231545690662423e-01  1.213252234926564e-01 
  8.165983245466567e-01  1.432881745745420e-01 
  8.880655732452369e-01  1.578831381410972e-01 
  9.327319093904017e-01  1.671001347077624e-01 
  9.457615080983452e-01  1.676262965351883e-01 
  9.316211393613398e-01  1.583893585530162e-01 
  8.886425095384862e-01  1.408285474960220e-01 
  8.163452771143466e-01  1.151147567175487e-01 
  7.229498709326956e-01  8.042580193569415e-02 
  6.129509669938406e-01  4.296708589002640e-02 
  4.972280661662943e-01  6.081732301949164e-03 
  3.907300694266134e-01  2.991342559710761e-02 
  3.056099462712005e-01  5.836243456294150e-02 
  2.373959384954107e-01  8.007694571859073e-02 
  1.862398591521095e-01  9.496689746756548e-02 
  1.446683187992684e-01  1.049631607222515e-01 
  2.186631421390648e-01  5.413413479382393e-02 
  2.797589469264889e-01  6.500924166361892e-02 
  3.566921359854291e-01  7.871469191783118e-02 
  4.501698288942548e-01  9.516038709519409e-02 
  5.588848466670810e-01  1.126126296690133e-01 
  6.743217757964020e-01  1.315043896717747e-01 
  7.766498890235068e-01  1.484126261639169e-01 
  8.581813743355491e-01  1.632009377972672e-01 
  9.130959879202478e-01  1.739088767259952e-01 
  9.437623211141182e-01  1.811932438039829e-01 
  9.445501787069975e-01  1.835003724183774e-01 
  9.184599735665749e-01  1.831056519742842e-01 
  8.644710114311108e-01  1.778060565016308e-01 
  7.813820575310141e-01  1.687894313306128e-01 
  6.811043194670644e-01  1.568976901700387e-01 
  5.658038972230196e-01  1.441972241054534e-01 
  4.547026492162219e-01  1.310530401192782e-01 
  3.574556241081240e-01  1.204820365638201e-01 
  2.775307022058235e-01  1.113863313135374e-01 
  2.152836185300372e-01  1.053355094399477e-01 
  1.666703642406701e-01  1.006369694289432e-01 
  1.285631440024172e-01  9.717373595566843e-02 
  9.962216703934644e-02  9.486511772514650e-02 
  7.651246335848605e-02  9.387216840726327e-02 
  5.874806740976526e-02  9.193792549059933e-02 
  4.406568083157913e-02  9.242052899565438e-02 
  3.235052511338340e-02  9.149363873786605e-02 
  2.254535792848697e-02  9.176396064926388e-02 
  1.434782214447923e-02  9.123602383670819e-02 
  7.225413971469461e-03  9.134794884166018e-02 
  1.030155734715214e-03  8.984841082086528e-02 
  5.008053209638676e-03  9.082321056991149e-02 
  1.055310682911357e-02  8.958891975753147e-02 
  1.605911042995627e-02  8.974277612982612e-02 
  2.162241181358691e-02  8.817699614895190e-02 
  2.786385070669514e-02  8.811508205783768e-02 
  3.439980530135370e-02  8.631116925001957e-02 
  4.202374326023452e-02  8.533267302233301e-02 
  5.082404589763551e-02  8.185356515915687e-02 
  6.159152885949256e-02  8.019404132366764e-02 
  7.430943932833357e-02  7.550903151373382e-02 
  8.990325885482407e-02  7.161355775953171e-02 
  1.088065486131306e-01  6.438570419606221e-02 
  1.334001243848875e-01  5.761028848861478e-02 
  1.638797091574065e-01  4.708801683224849e-02 
  2.034035997090090e-01  3.485620490739223e-02 
  2.529417299575992e-01  1.902398303568357e-02 
  3.169255367474868e-01  1.351539210951970e-03 
  3.975247146658344e-01  2.132660375998221e-02 
  4.942892149130272e-01  4.611591181132815e-02 
  6.051722906425312e-01  7.322059437740076e-02 
  7.200411792917473e-01  9.674194173770431e-02 
  8.176707918487307e-01  1.196366242010406e-01 
  8.921469282953561e-01  1.357683687476929e-01 
  9.349909010694452e-01  1.457280991221602e-01 
  9.509993815861060e-01  1.482742718624671e-01 
  9.392488771035645e-01  1.429802657725631e-01 
  8.991264724412439e-01  1.304379455874312e-01 
  8.313765767878459e-01  1.095770867585730e-01 
  7.399697813702278e-01  8.117596310931960e-02 
  6.290158435539552e-01  4.903461277071962e-02 
  5.115411017546480e-01  1.669304253519989e-02 
  4.025793872688576e-01  1.501707673671005e-02 
  3.110317934175020e-01  4.026778582184614e-02 
  2.408497414976143e-01  6.069698934502746e-02 
  1.874987965268188e-01  7.527444289675472e-02 
  1.457228090919126e-01  8.302582505130374e-02 
  2.166679052241519e-01  5.619951918779379e-02 
  2.759484026920165e-01  6.762125084491581e-02 
  3.511302409602317e-01  8.145781377684554e-02 
  4.450123200997823e-01  9.793558007379857e-02 
  5.530923918776053e-01  1.170064626729776e-01 
  6.669619903677694e-01  1.362467338411728e-01 
  7.692205614645071e-01  1.538693432075122e-01 
  8.521472259050307e-01  1.695113567753051e-01 
  9.062036029068101e-01  1.817879532705668e-01 
  9.364428639814401e-01  1.907230134380315e-01 
  9.384399431401553e-01  1.945219210941827e-01 
  9.124693482710140e-01  1.953579323081021e-01 
  8.588310442346011e-01  1.916133659856034e-01 
  7.790531439070767e-01  1.846464660068784e-01 
  6.779375421855135e-01  1.738769045323427e-01 
  5.649481418059923e-01  1.630352448336334e-01 
  4.525562160878879e-01  1.509556595485775e-01 
  3.551059379921537e-01  1.420103834210607e-01 
  2.758343094007027e-01  1.342106562692866e-01 
  2.124525188732448e-01  1.286757179239382e-01 
  1.640259397105930e-01  1.239628207595382e-01 
  1.265667226520152e-01  1.225391179759835e-01 
  9.715484976159465e-02  1.203643708219082e-01 
  7.432524244509195e-02  1.197191018388571e-01 
  5.623457076220673e-02  1.185732981338489e-01 
  4.177814804480680e-02  1.196072898694032e-01 
  3.014636371024327e-02  1.180547728741161e-01 
  2.031196710472596e-02  1.192425074860911e-01 
  1.208301416260854e-02  1.180856297427401e-01 
  4.992875473542249e-03  1.193136412942299e-01 
  1.358506856014069e-03  1.179514135737727e-01 
  7.100086414759631e-03  1.183493290077106e-01 
  1.257424692589381e-02  1.169814634151431e-01 
  1.805914705783152e-02  1.177523274516988e-01 
  2.360602618475720e-02  1.158080236183867e-01 
  2.954099944809794e-02  1.156300464222075e-01 
  3.609565977882236e-02  1.134164501315945e-01 
  4.364167236151315e-02  1.133852468769471e-01 
  5.229441806699018e-02  1.096001756075775e-01 
  6.257423293540969e-02  1.071415068387972e-01 
  7.486556121292498e-02  1.024811169091335e-01 
  9.009672080669140e-02  9.934087935380440e-02 
  1.086625104816144e-01  9.196418999339787e-02 
  1.323175297899113e-01  8.482040660238421e-02 
  1.618599994293506e-01  7.410442640011836e-02 
  2.002923603455033e-01  6.364750736564614e-02 
  2.491193915627857e-01  4.750434124551178e-02 
  3.120736385401594e-01  2.899225527837869e-02 
  3.911646358853785e-01  7.987840787694229e-03 
  4.875902183103397e-01  1.591976123901864e-02 
  5.977733983908292e-01  4.342696713114380e-02 
  7.093091047522895e-01  6.730348457547992e-02 
  8.083994037574003e-01  9.156251222095563e-02 
  8.856655141130634e-01  1.094907170616770e-01 
  9.305666509842713e-01  1.215668881952990e-01 
  9.503715666001403e-01  1.266194871046718e-01 
  9.391118800212721e-01  1.259328552088688e-01 
  9.035051544373207e-01  1.161286827886511e-01 
  8.366506147997438e-01  1.020318943620721e-01 
  7.493819608404408e-01  8.066902353117539e-02 
  6.389142647329575e-01  5.460366581163165e-02 
  5.223365719912664e-01  2.723072159554889e-02 
  4.123305226578152e-01  2.830704595766076e-03 
  3.198356238085359e-01  2.079541539704752e-02 
  2.470397473652453e-01  3.900271144798855e-02 
  1.902382247266626e-01  5.114341808414727e-02 
  1.469280905168352e-01  6.091142362871148e-02 
  2.135749358187000e-01  5.806813127905090e-02 
  2.734521765640403e-01  6.998996075589296e-02 
  3.484068495794475e-01  8.454978352504344e-02 
  4.429868500808908e-01  1.019782723130706e-01 
  5.481413114475275e-01  1.217145226014833e-01 
  6.622633696671194e-01  1.414776703932847e-01 
  7.648921159985153e-01  1.609289582681476e-01 
  8.472993720157768e-01  1.772919227453223e-01 
  9.022250573626531e-01  1.906055314993369e-01 
  9.325187750572019e-01  2.013099541831101e-01 
  9.351829591253198e-01  2.066163808249461e-01 
  9.088251452328555e-01  2.086231747263000e-01 
  8.555676095967407e-01  2.060758500703915e-01 
  7.740976241454425e-01  2.014515438457485e-01 
  6.724401471593089e-01  1.922860375524855e-01 
  5.594306857832668e-01  1.828245655188196e-01 
  4.497562783020068e-01  1.723569895750569e-01 
  3.520826987872910e-01  1.647524569731362e-01 
  2.721457989006394e-01  1.581396597341526e-01 
  2.088046589017564e-01  1.534384667093589e-01 
  1.609170026561072e-01  1.499612148415466e-01 
  1.230920301457605e-01  1.491170316660694e-01 
  9.370578096520944e-02  1.474643191488430e-01 
  7.100524569502686e-02  1.472002508157010e-01 
  5.311645525386793e-02  1.455824420130515e-01 
  3.889305739638529e-02  1.477417707750930e-01 
  2.726250037279349e-02  1.476402935422504e-01 
  1.747194623169326e-02  1.474264473059024e-01 
  9.586475893774654e-03  1.466904193119901e-01 
  2.506024626902627e-03  1.482352704286209e-01 
  3.873965819157635e-03  1.476467188190675e-01 
  9.526562795855039e-03  1.475035083263582e-01 
  1.474771324312490e-02  1.464851836899488e-01 
  2.028671063290829e-02  1.473622520605940e-01 
  2.566290903353370e-02  1.458900254335445e-01 
  3.160651298100924e-02  1.457811762314820e-01 
  3.794863722325638e-02  1.423080442001757e-01 
  4.505640475356720e-02  1.427758650016940e-01 
  5.328227191333468e-02  1.395731242516694e-01 
  6.326515618349557e-02  1.369084173250803e-01 
  7.522205339540755e-02  1.328007720952932e-01 
  8.968457088900107e-02  1.292999925925035e-01 
  1.077375597378405e-01  1.227129368315662e-01 
  1.308061563876350e-01  1.138926636300319e-01 
  1.594225437730654e-01  1.037673796498259e-01 
  1.966072753003972e-01  9.279017632630278e-02 
  2.448701991970859e-01  7.645350493431234e-02 
  3.062366635806384e-01  5.816713857385455e-02 
  3.847212140243281e-01  3.716099637934272e-02 
  4.802899890857083e-01  1.265852926562929e-02 
  5.921889297527916e-01  1.636538776378169e-02 
  7.064905945960807e-01  4.062144797288467e-02 
  8.048458971981661e-01  6.644561875266100e-02 
  8.836942609458518e-01  8.468998384052655e-02 
  9.317280805756339e-01  9.976244858675148e-02 
  9.528673245994418e-01  1.083803252503373e-01 
  9.453814675777819e-01  1.099798441709656e-01 
  9.110765834693697e-01  1.049769498489730e-01 
  8.471322871491892e-01  9.439153528984978e-02 
  7.578302459609123e-01  7.728565643330483e-02 
  6.482647163365374e-01  5.677829540245759e-02 
  5.305263809837428e-01  3.386725517569681e-02 
  4.193070693773273e-01  1.187280951160196e-02 
  3.246603739352206e-01  7.510602889557049e-03 
  2.496959420971401e-01  2.320606743845608e-02 
  1.915645238710114e-01  3.482466922032866e-02 
  1.475081052557946e-01  4.330507548948710e-02 
  2.112494245177626e-01  6.071555929886487e-02 
  2.696122585511894e-01  7.279210860748205e-02 
  3.435067571523041e-01  8.806127112194889e-02 
  4.361984163675567e-01  1.065428475725155e-01 
  5.429374320767401e-01  1.259388577540019e-01 
  6.538710124078687e-01  1.476511554829211e-01 
  7.558924099327591e-01  1.688166002937736e-01 
  8.387257652239333e-01  1.863036441939163e-01 
  8.948570923541813e-01  2.018031309606846e-01 
  9.223195929879110e-01  2.137683721044515e-01 
  9.244808820487640e-01  2.219154298936967e-01 
  8.974732946800340e-01  2.266974578274946e-01 
  8.454572146794691e-01  2.266322706272732e-01 
  7.678216162686601e-01  2.245080925151172e-01 
  6.673958234568927e-01  2.171348834849822e-01 
  5.532788698987863e-01  2.120439325401443e-01 
  4.437177320380055e-01  2.018117042836480e-01 
  3.481225327287023e-01  1.956260788637729e-01 
  2.677500339217027e-01  1.907323457306561e-01 
  2.047037197778901e-01  1.885956406984533e-01 
  1.562151803422131e-01  1.851081327683766e-01 
  1.187683804887781e-01  1.857936000648604e-01 
  8.991666374534417e-02  1.842223423627513e-01 
  6.704238944818565e-02  1.862195830852102e-01 
  4.976236180617939e-02  1.849277986818187e-01 
  3.522500671124749e-02  1.866900835219075e-01 
  2.356981829833478e-02  1.858257310414898e-01 
  1.389857530559677e-02  1.876330119202610e-01 
  6.140059568577846e-03  1.868222292590875e-01 
  1.076595188456708e-03  1.886385502212024e-01 
  7.044986813058574e-03  1.872650798039186e-01 
  1.274541510403899e-02  1.902992602245506e-01 
  1.783681198560719e-02  1.880322097958716e-01 
  2.321638967307774e-02  1.879873388296791e-01 
  2.842329578382903e-02  1.872907375914670e-01 
  3.419293923848100e-02  1.892033623409726e-01 
  4.029597185607792e-02  1.850352835625481e-01 
  4.719677072122587e-02  1.845825323822105e-01 
  5.528314409620645e-02  1.812479486666418e-01 
  6.500653751141994e-02  1.803318134268689e-01 
  7.635743559513303e-02  1.742568663987140e-01 
  9.033887636946425e-02  1.686089795595618e-01 
  1.081933416359895e-01  1.624075818422763e-01 
  1.303277760882674e-01  1.555381216820288e-01 
  1.582909313963478e-01  1.444264378860589e-01 
  1.945225412286315e-01  1.316282174541953e-01 
  2.419180563256871e-01  1.161351539563518e-01 
  3.017893325284735e-01  9.877452503053112e-02 
  3.794983434767745e-01  7.564751218872699e-02 
  4.738224505571497e-01  5.013281023247186e-02 
  5.835832046357035e-01  2.251431561937601e-02 
  6.952818372587907e-01  2.852310167236810e-03 
  7.957039876559990e-01  3.073603910044909e-02 
  8.733942622933112e-01  5.387043717596636e-02 
  9.265343706839264e-01  7.135165483274392e-02 
  9.474076441897599e-01  8.208044456412576e-02 
  9.445418053515422e-01  8.845009424627215e-02 
  9.116320486895151e-01  8.767900243559504e-02 
  8.510588349229040e-01  8.175666170438703e-02 
  7.617997653010306e-01  6.980345997521900e-02 
  6.539628600704736e-01  5.374888383557039e-02 
  5.380843792428515e-01  3.612945413153599e-02 
  4.261913043865629e-01  1.790435581308687e-02 
  3.291843913960251e-01  1.986947078440819e-03 
  2.538242633961308e-01  1.124968598350799e-02 
  1.948118562568820e-01  2.179133062496051e-02 
  1.488787056973822e-01  2.959677902601076e-02 
  2.072408593740941e-01  6.284092223593574e-02 
  2.650602690871263e-01  7.593936302815192e-02 
  3.394067963941991e-01  9.134945275948077e-02 
  4.302948364078201e-01  1.111042059853876e-01 
  5.349575048082792e-01  1.321599756624406e-01 
  6.468045026394017e-01  1.548855313556169e-01 
  7.491976121631722e-01  1.767768740538803e-01 
  8.288288974690557e-01  1.973688224413895e-01 
  8.872870326553634e-01  2.140484316147414e-01 
  9.148737873687336e-01  2.289873810166594e-01 
  9.183076125422125e-01  2.388635871151667e-01 
  8.903900220340383e-01  2.465838050940592e-01 
  8.386769063397580e-01  2.492665196769792e-01 
  7.604315627020252e-01  2.497337278152353e-01 
  6.614859657551342e-01  2.463074511146479e-01 
  5.480941724703988e-01  2.425573281055953e-01 
  4.381493628903528e-01  2.370207128781108e-01 
  3.404387478773271e-01  2.319489708987956e-01 
  2.623435762524919e-01  2.271497169609619e-01 
  1.985781838976274e-01  2.277814483035800e-01 
  1.506226327886553e-01  2.263934981049834e-01 
  1.133780242275961e-01  2.264555401495645e-01 
  8.459814387830514e-02  2.255505549585107e-01 
  6.204709950999673e-02  2.292942953598087e-01 
  4.480377262127790e-02  2.289716427590670e-01 
  3.050412237318501e-02  2.299183054747639e-01 
  1.945909034960887e-02  2.313838803518762e-01 
  9.906786063432142e-03  2.334835296149080e-01 
  2.054666473633786e-03  2.334579673880257e-01 
  4.833814548945711e-03  2.349146762008504e-01 
  1.064750455471782e-02  2.337984082148116e-01 
  1.624543461443767e-02  2.355827298892534e-01 
  2.134866559637772e-02  2.341342777631586e-01 
  2.649734952461549e-02  2.336530206900918e-01 
  3.146984359852848e-02  2.335254136338139e-01 
  3.714476238611790e-02  2.331648605307699e-01 
  4.308725078943416e-02  2.308798332043286e-01 
  4.987311386053898e-02  2.295848361739111e-01 
  5.755925770075046e-02  2.247119663178167e-01 
  6.686874686857111e-02  2.250464414286360e-01 
  7.806755619162563e-02  2.200856871681929e-01 
  9.149637425324755e-02  2.137284814066413e-01 
  1.084796647904131e-01  2.091441637848089e-01 
  1.299183464870222e-01  2.019137059703915e-01 
  1.574667574218652e-01  1.902761914332809e-01 
  1.927301833340986e-01  1.784501017824640e-01 
  2.379657391655596e-01  1.630616753135091e-01 
  2.970951311238458e-01  1.449237622897454e-01 
  3.736103807020759e-01  1.205983455782195e-01 
  4.673958312152167e-01  9.523429036239617e-02 
  5.767596698064636e-01  6.446215201853678e-02 
  6.911347577044006e-01  3.429338853975375e-02 
  7.933803401652241e-01  4.946475928835101e-03 
  8.726922807883635e-01  2.152055662095162e-02 
  9.243495508411723e-01  4.191027880933650e-02 
  9.480819634459984e-01  5.787279401757066e-02 
  9.447986945372900e-01  6.851999932260533e-02 
  9.129752083634668e-01  7.185982413397007e-02 
  8.529918555979970e-01  6.993288581727740e-02 
  7.650081017332444e-01  6.127223892397227e-02 
  6.570262702174995e-01  4.956827437115904e-02 
  5.412375064498814e-01  3.454533431843080e-02 
  4.269536537953660e-01  1.953249626788207e-02 
  3.308245531221011e-01  6.144005559474234e-03 
  2.540105088657282e-01  4.981752529631572e-03 
  1.944767259736501e-01  1.357557864473252e-02 
  1.494634437565119e-01  2.004569877662495e-02 
  2.041188131808301e-01  6.577682400485393e-02 
  2.601376331541175e-01  7.962984126504979e-02 
  3.328033846942320e-01  9.553452530270920e-02 
  4.216453202265324e-01  1.155673353999735e-01 
  5.278537783086685e-01  1.383136206362287e-01 
  6.362779666414814e-01  1.633101207795299e-01 
  7.375914681691642e-01  1.867239388382949e-01 
  8.187403316440028e-01  2.093001309220657e-01 
  8.733309160554628e-01  2.294082859287184e-01 
  9.011112973394568e-01  2.476370945916586e-01 
  9.022715934420340e-01  2.605116502495165e-01 
  8.766033671932874e-01  2.722813529991440e-01 
  8.253582268555731e-01  2.792086379243397e-01 
  7.470734191948920e-01  2.851335032461680e-01 
  6.484460282406310e-01  2.849942186072749e-01 
  5.369373740731511e-01  2.854509219301397e-01 
  4.288965319202305e-01  2.821731588497361e-01 
  3.316523924481921e-01  2.840486306770111e-01 
  2.539288141565261e-01  2.816403335586593e-01 
  1.911387469286816e-01  2.820707153906344e-01 
  1.430394345111815e-01  2.826480541706040e-01 
  1.064068249398590e-01  2.883266592720843e-01 
  7.812964203670932e-02  2.875611091122432e-01 
  5.571483318293936e-02  2.898011803467397e-01 
  3.867853217440072e-02  2.899121054804259e-01 
  2.464153650917993e-02  2.951975508651195e-01 
  1.366088969157035e-02  2.928313367405252e-01 
  4.432195255669309e-03  2.950140502170820e-01 
  3.294549100963378e-03  2.942965358020341e-01 
  1.020859288198623e-02  2.993447184600343e-01 
  1.574810437458626e-02  2.980670024080133e-01 
  2.119793150509581e-02  2.961325183902773e-01 
  2.612601576196179e-02  2.959019655483535e-01 
  3.129861965471602e-02  3.007001536404311e-01 
  3.617397087023447e-02  2.965342759183808e-01 
  4.154824984455381e-02  2.976172161031639e-01 
  4.734973846427013e-02  2.946478998914762e-01 
  5.416253522952556e-02  2.981631720005258e-01 
  6.135635965819746e-02  2.912492059547870e-01 
  7.031676535534429e-02  2.913269418896746e-01 
  8.090072889735180e-02  2.856837250383832e-01 
  9.408870357241003e-02  2.830839520302380e-01 
  1.101803847319199e-01  2.747067304630874e-01 
  1.308429823298584e-01  2.670842940556660e-01 
  1.570153944391988e-01  2.567022350531878e-01 
  1.906937610983558e-01  2.459560727922136e-01 
  2.356807896054739e-01  2.295027004280064e-01 
  2.933434088845976e-01  2.093771818293147e-01 
  3.673012738382225e-01  1.827034086721398e-01 
  4.594670631960383e-01  1.541042797442254e-01 
  5.657043711697488e-01  1.226545038370685e-01 
  6.785077842705683e-01  8.791094529666031e-02 
  7.814827291816329e-01  5.332380112240456e-02 
  8.596318232270173e-01  2.460632183481969e-02 
  9.123988611580675e-01  3.266467563954243e-03 
  9.369445395930500e-01  2.317195092221981e-02 
  9.370982665631163e-01  3.881053236422603e-02 
  9.064015395652805e-01  4.712676730126925e-02 
  8.484349191434976e-01  5.086226543496560e-02 
  7.634423269279638e-01  4.699374976522268e-02 
  6.576210928550874e-01  3.964897824318053e-02 
  5.411308383549873e-01  2.860429181678717e-02 
  4.282190015494478e-01  1.740270666874538e-02 
  3.337852448275889e-01  7.189489437492067e-03 
  2.561854347113742e-01  1.837906653595021e-03 
  1.963194526404792e-01  8.616433687301936e-03 
  1.504709401677858e-01  1.405920779992446e-02 
  1.994730069709224e-01  6.818857269443217e-02 
  2.551827036920736e-01  8.253803018671797e-02 
  3.275938081188396e-01  1.004114757589396e-01 
  4.153125783228102e-01  1.219632391448178e-01 
  5.193024057359442e-01  1.457788936691218e-01 
  6.272126870436026e-01  1.722140776512091e-01 
  7.272455701562195e-01  1.989169538657332e-01 
  8.075926998420691e-01  2.232804249315627e-01 
  8.619465476509596e-01  2.453700774535522e-01 
  8.895654041283421e-01  2.673744166197694e-01 
  8.903296457267391e-01  2.855158352198257e-01 
  8.634727462938692e-01  3.017879534936222e-01 
  8.123823598557804e-01  3.149463285657675e-01 
  7.332248654441216e-01  3.265384297540289e-01 
  6.349238404941505e-01  3.298739721365465e-01 
  5.248788636646810e-01  3.385708781849094e-01 
  4.181849360630889e-01  3.374200224634865e-01 
  3.207179996590667e-01  3.434997695242545e-01 
  2.426218916815293e-01  3.424152118225559e-01 
  1.812052743382245e-01  3.474098278434572e-01 
  1.337551875083146e-01  3.481779388407568e-01 
  9.785030518716532e-02  3.548035855127694e-01 
  6.992207928768608e-02  3.551796296040274e-01 
  4.803106700211923e-02  3.573160299458530e-01 
  3.165799706717570e-02  3.576672289543452e-01 
  1.785977505109228e-02  3.630875018977208e-01 
  7.173382426791619e-03  3.615538995576564e-01 
  2.077190293556404e-03  3.644209198419267e-01 
  9.333246465859363e-03  3.674572749504913e-01 
  1.614995380885316e-02  3.696843365549142e-01 
  2.161764021373624e-02  3.689490955133469e-01 
  2.700417629103407e-02  3.700528045656453e-01 
  3.149247074024189e-02  3.715542214934462e-01 
  3.665007219956855e-02  3.741332443425444e-01 
  4.116007282803241e-02  3.726306722513549e-01 
  4.643447979614499e-02  3.743318667188796e-01 
  5.171851953578246e-02  3.699294868168028e-01 
  5.828915164382850e-02  3.724241197889097e-01 
  6.514503691660237e-02  3.700575336291587e-01 
  7.384984438731419e-02  3.654432545756818e-01 
  8.378637178938640e-02  3.641717893150572e-01 
  9.644443751319863e-02  3.602616219967874e-01 
  1.121616099664784e-01  3.520501632159336e-01 
  1.316555387273309e-01  3.430793274150057e-01 
  1.566167236645051e-01  3.338179224998437e-01 
  1.896290784655652e-01  3.224156765598136e-01 
  2.325816699881778e-01  3.013023715380087e-01 
  2.886759372527545e-01  2.838737598867004e-01 
  3.610225126751105e-01  2.547482445500836e-01 
  4.519765309828432e-01  2.266226167912640e-01 
  5.606154141339624e-01  1.869909120963266e-01 
  6.721089591204810e-01  1.489345817045361e-01 
  7.738552522086161e-01  1.087775192018284e-01 
  8.518314777426187e-01  7.276887318682240e-02 
  9.075645725204421e-01  3.992918997936578e-02 
  9.329581964604403e-01  1.123943939838559e-02 
  9.305004436346551e-01  1.072676953768569e-02 
  9.035860855245400e-01  2.410893910449598e-02 
  8.451038584072409e-01  3.171551734331073e-02 
  7.622180596329647e-01  3.290622780974624e-02 
  6.556915464429816e-01  2.934121542412311e-02 
  5.396818772638842e-01  2.149463872342210e-02 
  4.275631662669098e-01  1.310449833542073e-02 
  3.302509568023387e-01  4.968313019932210e-03 
  2.548090416928884e-01  1.751908420272633e-03 
  1.950199022971285e-01  6.995081035459880e-03 
  1.501386596861062e-01  1.076397052837129e-02 
  1.944756736483533e-01  7.157873188463418e-02 
  2.492088921374656e-01  8.654443559655396e-02 
  3.188957890568893e-01  1.050184006431628e-01 
  4.057900879615686e-01  1.281744167836666e-01 
  5.082949378203739e-01  1.545261377809673e-01 
  6.150556105916755e-01  1.813093704797491e-01 
  7.138288305560041e-01  2.107664836601570e-01 
  7.914598429131350e-01  2.407276354529824e-01 
  8.459294302703120e-01  2.670146561621515e-01 
  8.712301263651093e-01  2.936888779330904e-01 
  8.712215002573569e-01  3.182894179252533e-01 
  8.435202918922070e-01  3.424072486695124e-01 
  7.907718202851430e-01  3.616031874271402e-01 
  7.123133510909866e-01  3.806004084287306e-01 
  6.154211033576337e-01  3.935245672440600e-01 
  5.052569946889858e-01  4.087484793654212e-01 
  3.990961006268426e-01  4.138560896777728e-01 
  3.053374923436000e-01  4.231403101051340e-01 
  2.287540198221889e-01  4.272942513223220e-01 
  1.675821602686347e-01  4.397746584650190e-01 
  1.223391995185921e-01  4.406686955800652e-01 
  8.702368801952279e-02  4.469770243833497e-01 
  5.969565675199890e-02  4.503273250827069e-01 
  3.831479749508756e-02  4.585719117613115e-01 
  2.222577095806879e-02  4.590905994037422e-01 
  9.162126517092573e-03  4.634789879810809e-01 
  1.472983338949339e-03  4.640189318322188e-01 
  1.054643024466129e-02  4.714920235786413e-01 
  1.747756333218200e-02  4.695910921258157e-01 
  2.404753328481374e-02  4.743772465817247e-01 
  2.922086275897466e-02  4.727680293865861e-01 
  3.441243741209262e-02  4.788556323465243e-01 
  3.906100243431068e-02  4.758569317407872e-01 
  4.372413580456649e-02  4.803046044146880e-01 
  4.832053504693130e-02  4.786266758666333e-01 
  5.358256315642511e-02  4.829143935522833e-01 
  5.864797002437689e-02  4.802480388011573e-01 
  6.479772144060864e-02  4.770357201837282e-01 
  7.129587190270587e-02  4.756532297376573e-01 
  7.970809587760067e-02  4.729100026554052e-01 
  8.909727766421197e-02  4.736888367600591e-01 
  1.012730488050363e-01  4.661791546477869e-01 
  1.159415186191673e-01  4.597546707216254e-01 
  1.349557628790983e-01  4.600817431071563e-01 
  1.587364028712770e-01  4.452781144966071e-01 
  1.900659341697669e-01  4.311998985493842e-01 
  2.308089442741100e-01  4.130349955166808e-01 
  2.845114405077287e-01  3.944828253302312e-01 
  3.533208239316449e-01  3.624590518069273e-01 
  4.405636733079996e-01  3.306222293805778e-01 
  5.450825569800862e-01  2.828012338905522e-01 
  6.509320186153675e-01  2.391862720692139e-01 
  7.513225684903644e-01  1.887331984808011e-01 
  8.306231567266744e-01  1.430109198337906e-01 
  8.863992594010288e-01  9.740122074621546e-02 
  9.137288437274923e-01  6.352541340582432e-02 
  9.127163587529461e-01  3.204487265092799e-02 
  8.870348534952568e-01  1.078642554417222e-02 
  8.355116012233300e-01  4.325893268355916e-03 
  7.524670453070113e-01  1.010380020994183e-02 
  6.504294314367286e-01  1.192660675778338e-02 
  5.365733941904763e-01  9.425603138465303e-03 
  4.256259362002848e-01  4.907233235279452e-03 
  3.312426760149685e-01  6.446900240809857e-04 
  2.539858573358207e-01  4.344187383749028e-03 
  1.947332152307998e-01  7.442090551709229e-03 
  1.494871749411974e-01  9.624518242206418e-03 
  1.889377044726303e-01  7.431146102852421e-02 
  2.425847717271387e-01  9.070700970518358e-02 
  3.121287222596456e-01  1.109739769423975e-01 
  3.975874200228937e-01  1.350068331014971e-01 
  4.964119578995421e-01  1.631433966168238e-01 
  6.026176319614188e-01  1.936853621601438e-01 
  6.999907233094722e-01  2.260163983456939e-01 
  7.776952287658955e-01  2.593156931488250e-01 
  8.287316676926975e-01  2.903111726412317e-01 
  8.519575079441205e-01  3.228936468018539e-01 
  8.504431443361887e-01  3.526619462972608e-01 
  8.222903327802434e-01  3.865578970810130e-01 
  7.662996629309106e-01  4.138036813589442e-01 
  6.873656648058196e-01  4.433027750842517e-01 
  5.907301463939342e-01  4.633381923561068e-01 
  4.815675719953135e-01  4.896757531871666e-01 
  3.783496046763299e-01  5.037364764168095e-01 
  2.853599593901231e-01  5.214957218589550e-01 
  2.120891416791835e-01  5.312467057310610e-01 
  1.527125694969674e-01  5.444199734047868e-01 
  1.078361277459380e-01  5.490483617057388e-01 
  7.390119047843123e-02  5.599652156430533e-01 
  4.790666453907259e-02  5.587239654076432e-01 
  2.736285975478454e-02  5.713510765198841e-01 
  1.175747420270268e-02  5.728495153481753e-01 
  6.843305598462574e-04  5.788108319858786e-01 
  1.119998999015683e-02  5.800995118343137e-01 
  1.959660480566738e-02  5.868412047458983e-01 
  2.634486542964708e-02  5.875336565736149e-01 
  3.248033759135175e-02  5.876848565929500e-01 
  3.753462095867622e-02  5.934430526695657e-01 
  4.287056276125358e-02  5.962613375849708e-01 
  4.723394662775335e-02  5.945424247476729e-01 
  5.174577961540528e-02  5.976153582758200e-01 
  5.622759196001657e-02  5.932829942744564e-01 
  6.107974067672381e-02  6.030866291958494e-01 
  6.603827714192220e-02  5.984755327396953e-01 
  7.166847023198762e-02  6.031259989431298e-01 
  7.783705297140728e-02  5.961850755082956e-01 
  8.588971952127684e-02  6.029741583637529e-01 
  9.520701181544253e-02  5.970911030095600e-01 
  1.062817714816621e-01  5.971775187779798e-01 
  1.201833303856124e-01  5.872851912717008e-01 
  1.385034796891261e-01  5.843727418411526e-01 
  1.609584141627345e-01  5.737422074363490e-01 
  1.902301868679715e-01  5.601604599215667e-01 
  2.291857095568864e-01  5.365745252659420e-01 
  2.799953600791673e-01  5.193747116336446e-01 
  3.465345848100560e-01  4.867804748364530e-01 
  4.311411090251298e-01  4.430180794224290e-01 
  5.283196751244210e-01  3.956070295664921e-01 
  6.336917958468160e-01  3.407468502090255e-01 
  7.321715247769213e-01  2.807222266597165e-01 
  8.111265825998992e-01  2.221524207388436e-01 
  8.645426730515084e-01  1.656864908808262e-01 
  8.957024961795713e-01  1.188311773423672e-01 
  8.994715566759790e-01  7.664262131957364e-02 
  8.758538322152826e-01  4.648554745909408e-02 
  8.249082262039342e-01  2.577967274581647e-02 
  7.458891409792224e-01  1.232162820000122e-02 
  6.440431041191320e-01  5.320003279320464e-03 
  5.306394504578217e-01  3.470774915551756e-03 
  4.225071711139021e-01  4.005282010326641e-03 
  3.269766835189192e-01  6.492923709004989e-03 
  2.506118396599822e-01  8.082271775616821e-03 
  1.922190092848114e-01  9.372456857702983e-03 
  1.476236144634593e-01  1.004553219806089e-02 
  1.827477482828728e-01  7.759634226944584e-02 
  2.339422887813409e-01  9.490001913598055e-02 
  3.009501294902698e-01  1.163706338900805e-01 
  3.845495739477817e-01  1.423046855569032e-01 
  4.835827877321257e-01  1.732480479681750e-01 
  5.845335385091727e-01  2.073893020377619e-01 
  6.797479155965995e-01  2.425776307533137e-01 
  7.538317662219496e-01  2.811125599030921e-01 
  8.059439407550869e-01  3.191622734724934e-01 
  8.240347651872820e-01  3.602125999297057e-01 
  8.200888071254439e-01  4.012993441870237e-01 
  7.890316687982245e-01  4.442015810471420e-01 
  7.309927750575798e-01  4.846481954338342e-01 
  6.512597445309333e-01  5.280365076023686e-01 
  5.568807229056274e-01  5.657697847474544e-01 
  4.512807251003336e-01  5.990735565414501e-01 
  3.495623372925012e-01  6.264565436229086e-01 
  2.601767800328536e-01  6.536550187006867e-01 
  1.893999388827976e-01  6.675413919785916e-01 
  1.336778600141693e-01  6.848827849109111e-01 
  9.148301823107102e-02  6.932745378534501e-01 
  5.793371579982297e-02  7.097687105633137e-01 
  3.380636565276729e-02  7.134553517137832e-01 
  1.381685928168600e-02  7.222287125165305e-01 
  9.517333427509764e-04  7.248067847186621e-01 
  1.356535721657066e-02  7.365424803669622e-01 
  2.281644531620750e-02  7.334100384300235e-01 
  3.067725063245632e-02  7.376175648476559e-01 
  3.752047990045182e-02  7.395031870098570e-01 
  4.368934508075391e-02  7.509795312412293e-01 
  4.842646127967882e-02  7.503019929094814e-01 
  5.347592857165814e-02  7.568870940651737e-01 
  5.761782159553502e-02  7.553411584558024e-01 
  6.227294926555460e-02  7.662869861549435e-01 
  6.628794178110997e-02  7.602627286070009e-01 
  7.095068365630089e-02  7.613816399949598e-01 
  7.562755925243941e-02  7.625059729536412e-01 
  8.138117097490637e-02  7.720702176261678e-01 
  8.738903316509064e-02  7.631048258021054e-01 
  9.443694612121421e-02  7.630300642725136e-01 
  1.031675184981999e-01  7.604454224949231e-01 
  1.142554393150151e-01  7.654265987788311e-01 
  1.272137293811146e-01  7.569582906685128e-01 
  1.436922133757042e-01  7.505341364673388e-01 
  1.646329213030905e-01  7.384680326596040e-01 
  1.924644329656124e-01  7.322978347133916e-01 
  2.279512271527454e-01  7.064318150319933e-01 
  2.751930011640620e-01  6.875014207647848e-01 
  3.365102401485833e-01  6.466774989554309e-01 
  4.120558502668022e-01  6.078030848889376e-01 
  5.045556625135887e-01  5.407617315367468e-01 
  6.029401220564312e-01  4.772601242813639e-01 
  6.981491836374205e-01  4.019207239645873e-01 
  7.715109325405306e-01  3.314730695323954e-01 
  8.296722882339674e-01  2.542818427208316e-01 
  8.593085530510709e-01  1.939740126781551e-01 
  8.704000043516371e-01  1.380811991604703e-01 
  8.480682112171516e-01  9.743497992245310e-02 
  8.016101996957140e-01  6.349028842488018e-02 
  7.269201114921428e-01  4.228747460614959e-02 
  6.293907190151929e-01  2.785923905720495e-02 
  5.212324969016507e-01  2.103214658721428e-02 
  4.157370542864798e-01  1.704488596403987e-02 
  3.221751463901770e-01  1.518337260885045e-02 
  2.479165870380382e-01  1.392711622830981e-02 
  1.898731408694503e-01  1.305335351889062e-02 
  1.462453393347209e-01  1.187431047113477e-02 
  1.754373604508925e-01  8.030971782891916e-02 
  2.268304918688168e-01  9.912404130656735e-02 
  2.919064790420011e-01  1.215753840066272e-01 
  3.738716498923406e-01  1.502563033521028e-01 
  4.688327965313709e-01  1.833630397583186e-01 
  5.686476968882753e-01  2.212384718368477e-01 
  6.629913840311835e-01  2.618962922366345e-01 
  7.349051393842387e-01  3.056999375456891e-01 
  7.795352968218792e-01  3.505053489642028e-01 
  7.962437465169613e-01  4.020423010821138e-01 
  7.897857335824514e-01  4.513081745789058e-01 
  7.546441930601061e-01  5.064165030677871e-01 
  6.961892044015092e-01  5.593526500723169e-01 
  6.104803429570227e-01  6.236284219531169e-01 
  5.166127073789224e-01  6.694266535292570e-01 
  4.136395762303424e-01  7.232189547780663e-01 
  3.187025104934665e-01  7.569040865260790e-01 
  2.327618951280323e-01  7.956481365961223e-01 
  1.656416448709014e-01  8.127681003194454e-01 
  1.129634335850185e-01  8.353285018193413e-01 
  7.361151982705261e-02  8.430780842566860e-01 
  4.184710652517588e-02  8.647638970449399e-01 
  1.858918435698346e-02  8.699156620581850e-01 
  3.632203599968328e-04  8.783781014685380e-01 
  1.392597414491524e-02  8.843992182103881e-01 
  2.568898732888640e-02  8.929351107031823e-01 
  3.474298145568627e-02  8.963736883216784e-01 
  4.262370373653857e-02  9.058062229715996e-01 
  4.859884909360899e-02  8.992400684432169e-01 
  5.479679836518722e-02  9.133916771798917e-01 
  5.918623777295270e-02  9.189017952411017e-01 
  6.399801215080586e-02  9.169801826484838e-01 
  6.773104629143333e-02  9.161728126930202e-01 
  7.232538173220751e-02  9.283551479044204e-01 
  7.603524235015760e-02  9.282096944822260e-01 
  8.033385064720985e-02  9.268395336058496e-01 
  8.459772507132808e-02  9.333078098772116e-01 
  9.024830096442608e-02  9.364804166665237e-01 
  9.588471561824742e-02  9.337285754884235e-01 
  1.028285908965825e-01  9.353397686238687e-01 
  1.109651193303141e-01  9.275774881924937e-01 
  1.212639147828897e-01  9.319652087868606e-01 
  1.326969327904195e-01  9.254141803149416e-01 
  1.484513955135377e-01  9.207125225455046e-01 
  1.675520649409420e-01  9.066820126546229e-01 
  1.927940535183712e-01  9.007111729068537e-01 
  2.257637106483754e-01  8.773748880382829e-01 
  2.693655703823791e-01  8.506205097449433e-01 
  3.244792911177816e-01  8.143488736007963e-01 
  3.946577944762582e-01  7.665399605190752e-01 
  4.782996185595157e-01  6.940598147681282e-01 
  5.675839218221956e-01  6.211290621142891e-01 
  6.567044127044736e-01  5.307249441338054e-01 
  7.338629874776451e-01  4.409411191044131e-01 
  7.927955148730262e-01  3.524522196636116e-01 
  8.283724267754141e-01  2.687826614813871e-01 
  8.407942529735163e-01  2.034441236221899e-01 
  8.226034649952612e-01  1.471501638439807e-01 
  7.823289193057090e-01  1.027320371150053e-01 
  7.102629069946726e-01  7.152798651570072e-02 
  6.154340695882690e-01  5.120838153856130e-02 
  5.094738932227583e-01  3.855134637145303e-02 
  4.067481014856879e-01  2.998201381922081e-02 
  3.148961743992210e-01  2.458267842362974e-02 
  2.418521121449769e-01  2.071996893760556e-02 
  1.850018130244149e-01  1.741240860923281e-02 
  1.424498625502732e-01  1.453152354787966e-02 
  1.673737453527485e-01  8.413979508565551e-02 
  2.156285609445473e-01  1.036540916156876e-01 
  2.794388494746577e-01  1.279836376905562e-01 
  3.584184724101410e-01  1.583495013148478e-01 
  4.504212116555020e-01  1.958781303319097e-01 
  5.479402890948561e-01  2.376742871410400e-01 
  6.388615260222653e-01  2.839773158989863e-01 
  7.036452892801076e-01  3.368311515108952e-01 
  7.448586825138628e-01  3.887567117111050e-01 
  7.579668020577878e-01  4.476982017756787e-01 
  7.429626550306196e-01  5.133058336669075e-01 
  7.002730849476136e-01  5.861728511084343e-01 
  6.376919498312648e-01  6.561754836048597e-01 
  5.565127062082282e-01  7.268199676367971e-01 
  4.634596555532541e-01  7.951805523076901e-01 
  3.652090530022167e-01  8.612928659709399e-01 
  2.767054636482868e-01  9.083566500633008e-01 
  1.996132127068908e-01  9.516273165338602e-01 
  1.381175876920112e-01  9.790132058169010e-01 
  8.943702293100267e-02  1.010236487005692e+00 
  5.323380807869927e-02  1.020452161663232e+00 
  2.426399090565119e-02  1.037920524377096e+00 
  2.764819822637669e-03  1.043970195286085e+00 
  1.474694241974204e-02  1.060092104686470e+00 
  2.783709967642181e-02  1.060431817615783e+00 
  3.849522253173242e-02  1.068173624248173e+00 
  4.709434755122613e-02  1.069992047768313e+00 
  5.479400367590860e-02  1.080168355287386e+00 
  6.055473173970702e-02  1.080715300138513e+00 
  6.601186221798948e-02  1.090949380471578e+00 
  7.029322753293700e-02  1.088745567700542e+00 
  7.485677012852508e-02  1.099189066847878e+00 
  7.868761542802544e-02  1.096454337663159e+00 
  8.256876418690905e-02  1.100153411968852e+00 
  8.624243986178007e-02  1.104557553706339e+00 
  9.064377508953755e-02  1.109991747673488e+00 
  9.466178390933704e-02  1.109955327402064e+00 
  9.949776709564140e-02  1.111830798157763e+00 
  1.048852902877927e-01  1.108744937838996e+00 
  1.115358508211707e-01  1.113483536188010e+00 
  1.186280480793996e-01  1.109081471608940e+00 
  1.278997467434716e-01  1.109175836850630e+00 
  1.390980797277208e-01  1.098771661570006e+00 
  1.533739789467176e-01  1.099156923918087e+00 
  1.708946175535958e-01  1.084896354819020e+00 
  1.934109172281899e-01  1.073520395785544e+00 
  2.223039013778629e-01  1.046730189141721e+00 
  2.601445815197327e-01  1.027594923243658e+00 
  3.083477860531394e-01  9.819081166318020e-01 
  3.698539272147510e-01  9.308100205557535e-01 
  4.422790667557833e-01  8.580407227036853e-01 
  5.218776937690093e-01  7.805229907884899e-01 
  6.014160092619928e-01  6.778403224599403e-01 
  6.753184026120269e-01  5.737169751673501e-01 
  7.329553758666080e-01  4.671574186375045e-01 
  7.720926790735790e-01  3.714802250669508e-01 
  7.906238925464233e-01  2.861538543405590e-01 
  7.805737361087763e-01  2.138672080841513e-01 
  7.461259322403214e-01  1.565422782255747e-01 
  6.806656502688249e-01  1.153992403617298e-01 
  5.945951118017361e-01  8.312106518332708e-02 
  4.942205327564931e-01  6.176508593518135e-02 
  3.949957151773629e-01  4.666280590219628e-02 
  3.050139724742550e-01  3.708161580862648e-02 
  2.350591625370249e-01  2.963937899132053e-02 
  1.799081901022593e-01  2.324919660048660e-02 
  1.383234252049194e-01  1.840408794927802e-02 
  1.589202298541986e-01  8.685531506158030e-02 
  2.067179238404940e-01  1.083742737124494e-01 
  2.674771176232553e-01  1.349620449259758e-01 
  3.423485434970415e-01  1.682855784942404e-01 
  4.317373629473276e-01  2.076819964407213e-01 
  5.252904249697929e-01  2.551317453179348e-01 
  6.119814869811452e-01  3.065554207062307e-01 
  6.749535478507229e-01  3.669769611015998e-01 
  7.083430457612507e-01  4.290961817069739e-01 
  7.142693829002108e-01  5.013367600290883e-01 
  6.946212808991241e-01  5.749510216191064e-01 
  6.435104213977572e-01  6.627646708760635e-01 
  5.773665038751782e-01  7.494563609632133e-01 
  4.938860784349428e-01  8.342075190511670e-01 
  4.074452737962976e-01  9.096142387269971e-01 
  3.149111113033536e-01  9.869985167104942e-01 
  2.349188058361553e-01  1.044233207436330e+00 
  1.664725892850092e-01  1.090891731508035e+00 
  1.105330705156917e-01  1.117830486707171e+00 
  6.684700200402784e-02  1.151646521063556e+00 
  3.386681337219576e-02  1.164092523652159e+00 
  7.895029998549241e-03  1.182869135682151e+00 
  1.206600732207107e-02  1.185842469461724e+00 
  2.775151101152244e-02  1.202169069907937e+00 
  4.020818176518266e-02  1.205880854448397e+00 
  5.012905117584556e-02  1.214726762945326e+00 
  5.781425511587551e-02  1.218072392328280e+00 
  6.493075227089479e-02  1.226828905758551e+00 
  7.061993841989192e-02  1.227970404685361e+00 
  7.559939753153769e-02  1.235172460396195e+00 
  7.949075730815772e-02  1.237817447662079e+00 
  8.391316163729663e-02  1.241147794836312e+00 
  8.750492250475278e-02  1.245577343477900e+00 
  9.118592007261947e-02  1.244464751316421e+00 
  9.437660153795369e-02  1.247109392239456e+00 
  9.846240388238192e-02  1.250062997414141e+00 
  1.022112582299740e-01  1.252036241024668e+00 
  1.068857932087818e-01  1.254170698417582e+00 
  1.116373668844736e-01  1.248510646245183e+00 
  1.178727686404634e-01  1.254479157095257e+00 
  1.243099049905369e-01  1.245969036982683e+00 
  1.329697905060865e-01  1.244165917013575e+00 
  1.427186353892560e-01  1.243466100537909e+00 
  1.556208325945344e-01  1.232998504949590e+00 
  1.713820307233695e-01  1.222631131758127e+00 
  1.909090798973702e-01  1.209928063432798e+00 
  2.163547998614715e-01  1.181634057819056e+00 
  2.490485310649089e-01  1.161396064360876e+00 
  2.910747844514989e-01  1.117072344339091e+00 
  3.429149224757071e-01  1.068962204382772e+00 
  4.046232504091083e-01  1.000124001894857e+00 
  4.739013921770878e-01  9.130361017047510e-01 
  5.457645019512036e-01  8.109951369197554e-01 
  6.177902991699123e-01  6.989642284225329e-01 
  6.751301210174333e-01  5.826255152326169e-01 
  7.198057880122638e-01  4.734088800235192e-01 
  7.437512086979250e-01  3.677241053266682e-01 
  7.439258237104078e-01  2.818743125221257e-01 
  7.143043329084653e-01  2.090131449570411e-01 
  6.551056341269510e-01  1.566955993919526e-01 
  5.742679574351243e-01  1.149442100634384e-01 
  4.753593980661434e-01  8.491929891144605e-02 
  3.808480484602497e-01  6.472922391772370e-02 
  2.943607050852924e-01  4.972173218460377e-02 
  2.255826449939173e-01  3.837299967702777e-02 
  1.727476446033879e-01  2.921089071981481e-02 
  1.329421764557897e-01  2.248446456850927e-02 
  1.492297579370329e-01  9.000350034385722e-02 
  1.933519625246230e-01  1.129971005906728e-01 
  2.510793435577747e-01  1.416757107301433e-01 
  3.226102298040567e-01  1.780172550021268e-01 
  4.077642851198093e-01  2.218530481077601e-01 
  4.956838103348841e-01  2.746333977474511e-01 
  5.738568690830186e-01  3.334684493250293e-01 
  6.300758507867537e-01  4.022215173350995e-01 
  6.575405408313569e-01  4.767107549007924e-01 
  6.533260641599308e-01  5.618422569557050e-01 
  6.258422585433948e-01  6.486708021688377e-01 
  5.732775496454423e-01  7.495830370967362e-01 
  5.047226963682774e-01  8.445960578009822e-01 
  4.230143833529088e-01  9.451020387154886e-01 
  3.424079854705249e-01  1.024959959917425e+00 
  2.619583127568968e-01  1.099745642864557e+00 
  1.921630284590619e-01  1.158901166481793e+00 
  1.310260155588699e-01  1.208644833664194e+00 
  8.358600806765797e-02  1.241117644901787e+00 
  4.540960608345312e-02  1.265109013628678e+00 
  1.609879738571842e-02  1.283385121100361e+00 
  7.674219812467777e-03  1.302581482646833e+00 
  2.485023697209546e-02  1.311454718498027e+00 
  3.928633218766561e-02  1.323304380091232e+00 
  5.063978282942444e-02  1.328010320128640e+00 
  5.994921967758884e-02  1.338481121209247e+00 
  6.714530246823203e-02  1.335787115168663e+00 
  7.339513683964896e-02  1.343984314060478e+00 
  7.874897950094721e-02  1.347472001662741e+00 
  8.333052817432869e-02  1.353256587921721e+00 
  8.709073073696647e-02  1.350645108243604e+00 
  9.082997288179390e-02  1.357903944878591e+00 
  9.417436153180776e-02  1.354528664516076e+00 
  9.773185332305918e-02  1.358791902192875e+00 
  1.006809221198037e-01  1.359025012867904e+00 
  1.043252501004211e-01  1.362695902381452e+00 
  1.077782144786419e-01  1.358824128535002e+00 
  1.121477679961743e-01  1.365018225360609e+00 
  1.165641455516466e-01  1.360134948811188e+00 
  1.216047206811576e-01  1.356407398612353e+00 
  1.277414185203412e-01  1.355626500296078e+00 
  1.354228297803839e-01  1.352215313798086e+00 
  1.441328866125165e-01  1.345652120189937e+00 
  1.550034571053676e-01  1.336193639161799e+00 
  1.693060722268143e-01  1.324202032077379e+00 
  1.863232429721459e-01  1.308259358186312e+00 
  2.081557127985403e-01  1.289374568568389e+00 
  2.352246789900417e-01  1.263236599764050e+00 
  2.698972966096314e-01  1.224204580138714e+00 
  3.117802023136988e-01  1.178268995554224e+00 
  3.635961571602434e-01  1.110968767867858e+00 
  4.199808948119850e-01  1.030450299964356e+00 
  4.852393189678867e-01  9.284261194923824e-01 
  5.432383038196037e-01  8.224215847206398e-01 
  6.036256478553901e-01  7.009810054393798e-01 
  6.482371022582566e-01  5.796384013621496e-01 
  6.797091785593202e-01  4.656263508008195e-01 
  6.834398287373342e-01  3.686205561336865e-01 
  6.624242680332206e-01  2.789795696495731e-01 
  6.134357530963085e-01  2.076284682378535e-01 
  5.403247790263341e-01  1.539788600155155e-01 
  4.499560903192965e-01  1.150123030463195e-01 
  3.606801856345955e-01  8.611664462424701e-02 
  2.808653955129622e-01  6.400652508746782e-02 
  2.153728398208901e-01  4.808220768530835e-02 
  1.646610325820023e-01  3.583752426431407e-02 
  1.268340570622133e-01  2.661895487412438e-02 
  1.391517218192432e-01  9.260565332579307e-02 
  1.812653043345036e-01  1.171450251642302e-01 
  2.359172431348257e-01  1.478904055907774e-01 
  3.035074001292889e-01  1.874892621743819e-01 
  3.830409752963398e-01  2.338398910477338e-01 
  4.648351749726682e-01  2.942712608103925e-01 
  5.370793251242094e-01  3.616690538340479e-01 
  5.864167065613660e-01  4.390545174638907e-01 
  6.072237989234364e-01  5.225268962695930e-01 
  5.924822371051102e-01  6.224918216388756e-01 
  5.594149707355545e-01  7.165155169977895e-01 
  5.007802406475520e-01  8.255778833581793e-01 
  4.339532392624123e-01  9.251125018608124e-01 
  3.551246629373639e-01  1.024502682804637e+00 
  2.825613680118179e-01  1.110001971122374e+00 
  2.104903956910355e-01  1.185023601363460e+00 
  1.507185247428487e-01  1.237223470198720e+00 
  9.928615321365529e-02  1.285222588757425e+00 
  5.909929967374238e-02  1.318316689036273e+00 
  2.576122640806579e-02  1.346370694222887e+00 
  1.184834344617557e-03  1.361604568807410e+00 
  2.011087119757737e-02  1.376749254544418e+00 
  3.579186960236969e-02  1.383259303927254e+00 
  4.842744254284140e-02  1.397257340941872e+00 
  5.843170171623757e-02  1.403388618263569e+00 
  6.675856372999904e-02  1.408760448035753e+00 
  7.350003307647715e-02  1.408981529725012e+00 
  7.922102998140594e-02  1.413705182236276e+00 
  8.378864833827174e-02  1.419333979173840e+00 
  8.803177009983615e-02  1.418942346963781e+00 
  9.182397401970036e-02  1.423871508736724e+00 
  9.521978236769077e-02  1.422385282565130e+00 
  9.809381711598693e-02  1.422854199446571e+00 
  1.010404529717014e-01  1.423154007250723e+00 
  1.040111467291864e-01  1.428572218076289e+00 
  1.071805384545033e-01  1.425990394141026e+00 
  1.103452986750203e-01  1.423908721166256e+00 
  1.142942243117155e-01  1.426381344138626e+00 
  1.184532918866008e-01  1.419642197978832e+00 
  1.229317699396101e-01  1.421127684920265e+00 
  1.282972756947585e-01  1.416752050894573e+00 
  1.351168725930153e-01  1.414955396976388e+00 
  1.429467660377362e-01  1.404882329454426e+00 
  1.528042327342293e-01  1.396194747973137e+00 
  1.646207153373958e-01  1.387074539195241e+00 
  1.789987237614057e-01  1.372565725906057e+00 
  1.975917167354233e-01  1.353588325546308e+00 
  2.205383822623202e-01  1.327013527316331e+00 
  2.491395550724484e-01  1.290991551000314e+00 
  2.836837012156871e-01  1.245258887483791e+00 
  3.265468769065588e-01  1.184429730152837e+00 
  3.728448378466368e-01  1.111065084512411e+00 
  4.280461887552757e-01  1.019889334099959e+00 
  4.809738163387896e-01  9.160743012639038e-01 
  5.350593831420519e-01  8.005920994395659e-01 
  5.802021509778680e-01  6.738898264755286e-01 
  6.132585820641077e-01  5.561126830774451e-01 
  6.230560744784316e-01  4.414530279351014e-01 
  6.097990374734059e-01  3.420094451705349e-01 
  5.698939998670171e-01  2.582400814379345e-01 
  5.044403107144294e-01  1.916040347042254e-01 
  4.205879099976875e-01  1.423665136748374e-01 
  3.373702123716147e-01  1.047983512204809e-01 
  2.619438368055432e-01  7.744574288175750e-02 
  2.018848523351656e-01  5.690937289677721e-02 
  1.541657622358681e-01  4.221968609622866e-02 
  1.189485862169953e-01  3.050832751441487e-02 
  1.281504644524205e-01  9.485831371872548e-02 
  1.660331412295864e-01  1.204536875611065e-01 
  2.162397519581728e-01  1.525634847476948e-01 
  2.773945246642454e-01  1.952039493368551e-01 
  3.504533247785631e-01  2.484713101733016e-01 
  4.237812469540632e-01  3.125469030906758e-01 
  4.888812538080182e-01  3.896548174899601e-01 
  5.239007673162654e-01  4.773520038434931e-01 
  5.361670049475101e-01  5.718873629423483e-01 
  5.166761140032353e-01  6.734094397995863e-01 
  4.778223771092214e-01  7.856113513975496e-01 
  4.165755098478669e-01  8.931826945332032e-01 
  3.539855503412520e-01  9.936734819320854e-01 
  2.856686184940002e-01  1.086689448041194e+00 
  2.214753183043986e-01  1.167960754563617e+00 
  1.612642809690273e-01  1.232726124931959e+00 
  1.127706891703049e-01  1.281811754961376e+00 
  7.064945801563656e-02  1.324026721131199e+00 
  3.709285693860707e-02  1.352021973631147e+00 
  9.207895556495111e-03  1.379341967054823e+00 
  1.201021507083628e-02  1.392975570526474e+00 
  2.936938040883174e-02  1.410746722584689e+00 
  4.319643783841125e-02  1.417097232868133e+00 
  5.430278886609792e-02  1.426690436315337e+00 
  6.310714523453111e-02  1.432962911614997e+00 
  7.042832092235539e-02  1.435760331243585e+00 
  7.661528730729705e-02  1.442678634129341e+00 
  8.170753046118497e-02  1.444651690107029e+00 
  8.606608231050382e-02  1.443443037434800e+00 
  8.964329976744065e-02  1.446373812400087e+00 
  9.305207981435575e-02  1.450018856588965e+00 
  9.565993568023327e-02  1.450120860266199e+00 
  9.856139337162216e-02  1.446972408894187e+00 
  1.012356870310537e-01  1.448841742764359e+00 
  1.040020343620423e-01  1.446785175136020e+00 
  1.069662164683196e-01  1.445744004632271e+00 
  1.099709139770596e-01  1.443004382245359e+00 
  1.132490413801794e-01  1.445435776853762e+00 
  1.169737827455100e-01  1.438513526619074e+00 
  1.207990821678006e-01  1.435940021431312e+00 
  1.255621474013283e-01  1.434378609214815e+00 
  1.311421455093722e-01  1.424018396934684e+00 
  1.384322999780942e-01  1.420703335203737e+00 
  1.466671606594250e-01  1.410150611282912e+00 
  1.565649286891772e-01  1.395653310286136e+00 
  1.687041377539002e-01  1.381574631153339e+00 
  1.847846682287251e-01  1.364612201034737e+00 
  2.034786438753514e-01  1.339441189787901e+00 
  2.258364220005074e-01  1.305005674192279e+00 
  2.536410454178230e-01  1.265793175924532e+00 
  2.866678138792417e-01  1.217080207884962e+00 
  3.210646449780815e-01  1.150213604389585e+00 
  3.653689057572391e-01  1.071238813996159e+00 
  4.086407141107551e-01  9.783238701106910e-01 
  4.575910636983749e-01  8.707768006650294e-01 
  4.969756203864218e-01  7.556159209476203e-01 
  5.281337656626547e-01  6.332322135249931e-01 
  5.465392852819787e-01  5.156752051130894e-01 
  5.416947599974932e-01  4.052830585972450e-01 
  5.071502390443233e-01  3.108479803475987e-01 
  4.543277714641470e-01  2.326383987818743e-01 
  3.822429943536958e-01  1.706979871511902e-01 
  3.091326198807153e-01  1.252610073560713e-01 
  2.420410256144258e-01  9.202232462250320e-02 
  1.861447468187958e-01  6.642595393851246e-02 
  1.433456718645237e-01  4.853981312558896e-02 
  1.107958349181463e-01  3.437927785604522e-02 
  1.160959005078566e-01  9.572692313547890e-02 
  1.515384827082817e-01  1.224057023008575e-01 
  1.969164213411068e-01  1.581717792636265e-01 
  2.520706518853931e-01  2.024358147834924e-01 
  3.185836873183627e-01  2.611625798153746e-01 
  3.828517041138367e-01  3.305998863968429e-01 
  4.374907595601692e-01  4.144529163971311e-01 
  4.653028199060763e-01  5.094191302230368e-01 
  4.678055118617666e-01  6.096038483711763e-01 
  4.415408959183066e-01  7.206887620373015e-01 
  4.024200720909961e-01  8.301479504267530e-01 
  3.429102244426970e-01  9.345533530170335e-01 
  2.847102708721532e-01  1.030964354855201e+00 
  2.252531300533081e-01  1.120814523767315e+00 
  1.725344542753807e-01  1.190044084827958e+00 
  1.225494691994848e-01  1.248511508686082e+00 
  8.307802900756288e-02  1.297782309944278e+00 
  4.774714237229437e-02  1.331065110555168e+00 
  2.051427081766822e-02  1.360227497431542e+00 
  3.184815179539897e-03  1.380125403943571e+00 
  2.124792303264666e-02  1.394715251407574e+00 
  3.603860606024823e-02  1.409047714996731e+00 
  4.786202667991492e-02  1.413687278879010e+00 
  5.749522588139860e-02  1.419980236994551e+00 
  6.527322707519879e-02  1.430254589387506e+00 
  7.186859994055397e-02  1.433129382019384e+00 
  7.721489487817339e-02  1.432329379071540e+00 
  8.162019622302447e-02  1.433493077399473e+00 
  8.569736815113206e-02  1.434859244038810e+00 
  8.901204617050690e-02  1.435186861683063e+00 
  9.214637067125617e-02  1.437656889825680e+00 
  9.446119480900059e-02  1.435858686932313e+00 
  9.692493859171661e-02  1.435090369442648e+00 
  9.936593753169067e-02  1.433783737001613e+00 
  1.019920531717120e-01  1.430455987815067e+00 
  1.042592951483892e-01  1.429716238977359e+00 
  1.069176450579992e-01  1.428045187509328e+00 
  1.097925531774061e-01  1.426402856887803e+00 
  1.134149183672195e-01  1.422032100074994e+00 
  1.168013828401352e-01  1.412150063845929e+00 
  1.209158782188745e-01  1.410154182978389e+00 
  1.257919746227157e-01  1.405637710785453e+00 
  1.316084682468722e-01  1.396969100244978e+00 
  1.385286922972153e-01  1.387008906983477e+00 
  1.476149978460122e-01  1.378216833274258e+00 
  1.577363490704714e-01  1.360521157834874e+00 
  1.703483708643011e-01  1.346516873433055e+00 
  1.853149405060471e-01  1.318275861704494e+00 
  2.040221568802433e-01  1.291601081516929e+00 
  2.261722843906274e-01  1.258827726600990e+00 
  2.522053148993033e-01  1.212335158040848e+00 
  2.798374176872323e-01  1.154204066274748e+00 
  3.149118364138189e-01  1.087412948224397e+00 
  3.530851354207905e-01  1.006218157428226e+00 
  3.892401529381431e-01  9.106869222173511e-01 
  4.239065572191005e-01  8.016699413282071e-01 
  4.568547918856348e-01  6.861314082792307e-01 
  4.768947424131355e-01  5.679994955409968e-01 
  4.763293415032642e-01  4.539937248148337e-01 
  4.503224873988285e-01  3.509739633806868e-01 
  4.057674302136225e-01  2.654410581815800e-01 
  3.436930772228706e-01  1.962035676181305e-01 
  2.784563233327253e-01  1.428180996443386e-01 
  2.181849721460200e-01  1.028541927549806e-01 
  1.685441699231630e-01  7.407788938441316e-02 
  1.305200358865664e-01  5.302656561881536e-02 
  1.012526700660617e-01  3.750505442325915e-02 
  1.032493519644097e-01  9.626819965514739e-02 
  1.338658144207824e-01  1.234458089520884e-01 
  1.730619466703423e-01  1.602492848299843e-01 
  2.219702823774370e-01  2.048897582391139e-01 
  2.778892422432540e-01  2.671601631446121e-01 
  3.322167952946522e-01  3.409869042148456e-01 
  3.750858531898156e-01  4.288705748769855e-01 
  3.948697679537105e-01  5.296074064590442e-01 
  3.895765296047402e-01  6.349650188004544e-01 
  3.589701070241338e-01  7.402198037910445e-01 
  3.198588964353745e-01  8.493187267276239e-01 
  2.678506992793217e-01  9.454519240567829e-01 
  2.203011602955567e-01  1.036063681320328e+00 
  1.688392967360346e-01  1.107784412630805e+00 
  1.272609276169668e-01  1.170944335454074e+00 
  8.899719821564758e-02  1.219841909171706e+00 
  5.706878605780311e-02  1.259959107102041e+00 
  2.903906872362213e-02  1.288720686932455e+00 
  7.117329702769780e-03  1.316367950440122e+00 
  1.161609846002309e-02  1.328439100853593e+00 
  2.657907633974618e-02  1.344955297929472e+00 
  3.898982487421154e-02  1.352056841311935e+00 
  4.903137636289366e-02  1.361900094452106e+00 
  5.744951075165269e-02  1.366673583496054e+00 
  6.447710573705946e-02  1.373861647478107e+00 
  6.979191010765372e-02  1.370394951403374e+00 
  7.464848266817463e-02  1.372831229329575e+00 
  7.855229618059251e-02  1.371786896181789e+00 
  8.225443707463219e-02  1.376519125804269e+00 
  8.478377204990459e-02  1.371998068591497e+00 
  8.762844086047586e-02  1.368979831701121e+00 
  9.010336999652485e-02  1.364530979243845e+00 
  9.213077713864631e-02  1.369574937356457e+00 
  9.409460739508778e-02  1.358565244322453e+00 
  9.637969209548064e-02  1.359651950359367e+00 
  9.818381084502918e-02  1.355823789998325e+00 
  1.008291101757075e-01  1.357709009789052e+00 
  1.030207090255073e-01  1.349112760330218e+00 
  1.058386604430698e-01  1.346313342982246e+00 
  1.090102873712312e-01  1.340711701982401e+00 
  1.126569098625517e-01  1.336578435837322e+00 
  1.161236784501792e-01  1.325982217910409e+00 
  1.214351558496692e-01  1.319328821635454e+00 
  1.268905805947703e-01  1.314171365171759e+00 
  1.345865884236542e-01  1.304454544152773e+00 
  1.427090563851944e-01  1.287395242843938e+00 
  1.525123048859743e-01  1.269903733454617e+00 
  1.646889400951542e-01  1.252062620020410e+00 
  1.794935448168885e-01  1.225420806576347e+00 
  1.964852865334936e-01  1.194024395237363e+00 
  2.149311362001270e-01  1.153331224556472e+00 
  2.385217760786979e-01  1.106408490859257e+00 
  2.646862826043749e-01  1.050700768722957e+00 
  2.929724173701624e-01  9.782455928223144e-01 
  3.229822342917744e-01  8.995115620343068e-01 
  3.508090063568043e-01  8.043135774516168e-01 
  3.778610129980227e-01  7.016415511500269e-01 
  3.914774804409032e-01  5.910188737835739e-01 
  3.989950745628471e-01  4.840811815992556e-01 
  3.818899105219590e-01  3.819296720965907e-01 
  3.481584053603500e-01  2.896127316889751e-01 
  2.982530094618586e-01  2.153115859965877e-01 
  2.429744370209694e-01  1.552313376938756e-01 
  1.926823500405435e-01  1.118223204092767e-01 
  1.503637106175385e-01  7.978850908621014e-02 
  1.163000856386628e-01  5.655456288023101e-02 
  9.143330841475861e-02  3.946296388151455e-02 
  9.082895854031120e-02  9.457476046428906e-02 
  1.172678963615359e-01  1.212557800995108e-01 
  1.509645005496693e-01  1.588198019077830e-01 
  1.921781173372436e-01  2.070866248858885e-01 
  2.398040615915580e-01  2.673419737095898e-01 
  2.819543079571111e-01  3.439281312910533e-01 
  3.167674762676242e-01  4.328218230972221e-01 
  3.255720278163929e-01  5.329366651478391e-01 
  3.198532990666670e-01  6.395754719858504e-01 
  2.879027309858552e-01  7.402199742329727e-01 
  2.526149706916527e-01  8.380288115632284e-01 
  2.098209188313163e-01  9.248445677660573e-01 
  1.697225837320671e-01  1.003963560271433e+00 
  1.288937427006742e-01  1.065006111584675e+00 
  9.458145364910522e-02  1.116468051627444e+00 
  6.416941565878422e-02  1.155949469489098e+00 
  3.875722145928268e-02  1.193846388562851e+00 
  1.647137233527279e-02  1.214584403390488e+00 
  1.814915603821460e-03  1.232803333374662e+00 
  1.691822453505885e-02  1.251573617857070e+00 
  2.930565175709281e-02  1.267363075949317e+00 
  3.966454114165570e-02  1.264327400299267e+00 
  4.824386955589059e-02  1.277652208500862e+00 
  5.524621567511347e-02  1.281951662778473e+00 
  6.125407479861517e-02  1.278908577081341e+00 
  6.596317244676073e-02  1.279615965361430e+00 
  7.017126156805585e-02  1.281417792850185e+00 
  7.352263856475888e-02  1.282359519200284e+00 
  7.641695609756553e-02  1.278568056785455e+00 
  7.875513576695271e-02  1.273939782672443e+00 
  8.134153889341976e-02  1.276083373077333e+00 
  8.301432377192122e-02  1.274420210079718e+00 
  8.538632745006300e-02  1.274641927891091e+00 
  8.674923118099863e-02  1.267525338885579e+00 
  8.866554431345228e-02  1.263050165227014e+00 
  9.042935527884603e-02  1.261711611851529e+00 
  9.280221338826494e-02  1.260654127277855e+00 
  9.423897081327201e-02  1.248986085258080e+00 
  9.709009689854239e-02  1.249830446232764e+00 
  9.939340859147200e-02  1.242010307256444e+00 
  1.029563374184908e-01  1.239656037814736e+00 
  1.057059623805447e-01  1.225303291085312e+00 
  1.103577492699374e-01  1.223824519217897e+00 
  1.153081712768418e-01  1.213199576398143e+00 
  1.214587576303588e-01  1.202165332983363e+00 
  1.275411076975173e-01  1.183804127861391e+00 
  1.361470026413469e-01  1.173705392715701e+00 
  1.460661171098138e-01  1.152506676638611e+00 
  1.577386735763414e-01  1.132428263274945e+00 
  1.703344468559079e-01  1.099311572929914e+00 
  1.860787519459644e-01  1.068464137861245e+00 
  2.032588127603111e-01  1.026012731864137e+00 
  2.243605699164178e-01  9.779082274497597e-01 
  2.441514930911570e-01  9.139493956446083e-01 
  2.686016242377494e-01  8.461096533733017e-01 
  2.899517501699664e-01  7.673174060957096e-01 
  3.111841974370361e-01  6.800656668179538e-01 
  3.248433529556642e-01  5.812821675934641e-01 
  3.300322912686070e-01  4.860409376310778e-01 
  3.220342655121793e-01  3.866566198290934e-01 
  2.934704544146096e-01  2.963576893472061e-01 
  2.519958766183477e-01  2.192429817826576e-01 
  2.074184499952991e-01  1.602542108903487e-01 
  1.655383928667306e-01  1.140647098268207e-01 
  1.310675660360082e-01  8.094002794533794e-02 
  1.021029251837646e-01  5.679777199700144e-02 
  8.084404488549413e-02  3.965505440069812e-02 
  7.741557334025659e-02  9.133001942119404e-02 
  9.903242974460882e-02  1.165609826413313e-01 
  1.267327866833761e-01  1.518216300617819e-01 
  1.586902098786876e-01  1.972216555019863e-01 
  1.954077726753377e-01  2.585678653167935e-01 
  2.289731108398848e-01  3.332890535105008e-01 
  2.521309060719504e-01  4.191928823770803e-01 
  2.555468220707577e-01  5.109701145424868e-01 
  2.465645776979941e-01  6.075852888930904e-01 
  2.227459080206427e-01  6.965468779862903e-01 
  1.918090235787747e-01  7.850789808110429e-01 
  1.594002816846228e-01  8.496803994482949e-01 
  1.255719199540846e-01  9.164426659006766e-01 
  9.633832353686426e-02  9.637894099626549e-01 
  7.009804962419711e-02  1.010937484439295e+00 
  4.607779990990136e-02  1.038018873434839e+00 
  2.626745425033007e-02  1.067884296127201e+00 
  9.250958538753806e-03  1.084039856391370e+00 
  5.663184811088501e-03  1.103661136758930e+00 
  1.771710604065859e-02  1.110230489776852e+00 
  2.779465479389380e-02  1.120773103161128e+00 
  3.642901969430361e-02  1.122832694815007e+00 
  4.361434800240643e-02  1.133841372958646e+00 
  4.929294145120221e-02  1.130360961059283e+00 
  5.429950674949519e-02  1.133393453968824e+00 
  5.863551372826177e-02  1.132809024088888e+00 
  6.204452792621361e-02  1.139599631147448e+00 
  6.461768345930229e-02  1.137211649716945e+00 
  6.739709606648943e-02  1.132560080700022e+00 
  6.944716708412627e-02  1.131236735883788e+00 
  7.151539381605389e-02  1.131912484433797e+00 
  7.260388070498193e-02  1.118491144553170e+00 
  7.476996623492661e-02  1.124804512537761e+00 
  7.630956616747508e-02  1.122543553066260e+00 
  7.803914175199912e-02  1.116244546186066e+00 
  7.903107412038284e-02  1.105142549081525e+00 
  8.105762683351743e-02  1.109677294824979e+00 
  8.270143294624269e-02  1.103235174448336e+00 
  8.500951423596083e-02  1.099108458206669e+00 
  8.703708441655204e-02  1.085799531673432e+00 
  8.956974432373463e-02  1.086613258876749e+00 
  9.243058133896152e-02  1.078962994954024e+00 
  9.633444163929175e-02  1.069691759064209e+00 
  9.978350031434226e-02  1.053533864476426e+00 
  1.049485359613363e-01  1.045611738062151e+00 
  1.105659837907871e-01  1.034860236683675e+00 
  1.174766583779339e-01  1.022342228555219e+00 
  1.240311968621379e-01  9.980903347205236e-01 
  1.332772381737372e-01  9.806945233356659e-01 
  1.428555884692346e-01  9.551408068667229e-01 
  1.555424675987603e-01  9.288487479006406e-01 
  1.670009280228770e-01  8.869457356222142e-01 
  1.829719365121641e-01  8.534268455807787e-01 
  1.978487380500092e-01  8.059430415954026e-01 
  2.160347847504143e-01  7.496108258693281e-01 
  2.301838419605064e-01  6.842401433392200e-01 
  2.464943587652541e-01  6.107550266492001e-01 
  2.558086257054258e-01  5.311119828485517e-01 
  2.613721946665526e-01  4.456785166569489e-01 
  2.529864346316731e-01  3.614667047956979e-01 
  2.331051317593213e-01  2.824009478191917e-01 
  2.038802861816564e-01  2.111015635618153e-01 
  1.708512004111027e-01  1.556733961398561e-01 
  1.380883640569792e-01  1.123763701724304e-01 
  1.113669906954122e-01  7.903278752722667e-02 
  8.867779475729939e-02  5.607081258599702e-02 
  7.063048436311953e-02  3.856906848763956e-02 
  6.494255704642106e-02  8.548130624048698e-02 
  8.311273702916686e-02  1.098537280658887e-01 
  1.052871171560818e-01  1.426541794364194e-01 
  1.298490822693300e-01  1.849599076932761e-01 
  1.589543013425253e-01  2.399829568454799e-01 
  1.824195728788145e-01  3.061605645204581e-01 
  2.003596592999597e-01  3.828618116206483e-01 
  1.997526890834403e-01  4.659543816268024e-01 
  1.915086234128007e-01  5.484468544714557e-01 
  1.703087394594856e-01  6.251403765368554e-01 
  1.475820316065929e-01  6.978368514637819e-01 
  1.199083382983361e-01  7.500996278598070e-01 
  9.551646354596366e-02  8.031378617106312e-01 
  7.177422049384070e-02  8.444345613989530e-01 
  5.212389179158492e-02  8.801423124341672e-01 
  3.312642233989232e-02  9.006433568332570e-01 
  1.757510727408128e-02  9.262553938165303e-01 
  4.146109182742589e-03  9.412606432583960e-01 
  7.416637189721967e-03  9.591603113665967e-01 
  1.715944292477830e-02  9.631287566140250e-01 
  2.552186073488693e-02  9.783708394902103e-01 
  3.256908701831378e-02  9.750422843091189e-01 
  3.824187120755141e-02  9.855550781068230e-01 
  4.291076771265635e-02  9.771652181090928e-01 
  4.712225710646972e-02  9.871496593785729e-01 
  5.073093708390761e-02  9.817690794664793e-01 
  5.376530137414385e-02  9.881806601814490e-01 
  5.587694897893370e-02  9.767818922815575e-01 
  5.804624553000888e-02  9.804348724667311e-01 
  6.009998097515077e-02  9.786755757193674e-01 
  6.162804407954218e-02  9.787843123525022e-01 
  6.283818529122960e-02  9.671071630939148e-01 
  6.476415962506360e-02  9.650479666259265e-01 
  6.573268683799326e-02  9.645673339227311e-01 
  6.761888956587579e-02  9.578669748563519e-01 
  6.856562427597766e-02  9.536664403011632e-01 
  6.987348981398694e-02  9.539585394768374e-01 
  7.159307801496996e-02  9.448946717176486e-01 
  7.343058439243531e-02  9.416355580999272e-01 
  7.493897257014628e-02  9.275245212176207e-01 
  7.734379622799965e-02  9.220760673980880e-01 
  7.946440474776363e-02  9.126051179590017e-01 
  8.284412867051559e-02  9.056950622011987e-01 
  8.593396181202910e-02  8.948295141706767e-01 
  8.958324387708393e-02  8.873981112023087e-01 
  9.407169830050087e-02  8.775745095013155e-01 
  1.001323098381421e-01  8.709955777545442e-01 
  1.052340256970765e-01  8.474722765767629e-01 
  1.129863384090318e-01  8.332681843262792e-01 
  1.201405551790830e-01  8.121869367521223e-01 
  1.294013581412087e-01  7.908683577822595e-01 
  1.386309931493117e-01  7.552691574638053e-01 
  1.495516760230599e-01  7.249632637290775e-01 
  1.610973084743677e-01  6.824863975588956e-01 
  1.733913526182899e-01  6.391573684537127e-01 
  1.842790371961288e-01  5.826086790883103e-01 
  1.967221148098246e-01  5.244979559260591e-01 
  2.025510899558155e-01  4.576950336318719e-01 
  2.047290091458123e-01  3.908840505096493e-01 
  1.993349880879709e-01  3.163471673256403e-01 
  1.869541174896047e-01  2.515369264883452e-01 
  1.644704893282895e-01  1.908987127893870e-01 
  1.387560839750897e-01  1.415483952226609e-01 
  1.143706619018827e-01  1.029852553128917e-01 
  9.345159851969552e-02  7.380043981223949e-02 
  7.557856373948686e-02  5.228232590828284e-02 
  6.083157829574379e-02  3.632236347022819e-02 
  5.307681260707042e-02  7.948953382059597e-02 
  6.661342815699049e-02  1.006330996927458e-01 
  8.364220716322825e-02  1.281505427879869e-01 
  1.018609294176567e-01  1.656218570883300e-01 
  1.224491386592924e-01  2.125541555104519e-01 
  1.371510176946061e-01  2.649350391589805e-01 
  1.482796780917043e-01  3.295304109827522e-01 
  1.480444001108596e-01  3.916958317437992e-01 
  1.408785537441544e-01  4.626359207921091e-01 
  1.245566543963476e-01  5.184770650075974e-01 
  1.083987401060184e-01  5.743704653600060e-01 
  8.891521531988836e-02  6.215763759239418e-01 
  7.138876757094945e-02  6.624091914544005e-01 
  5.371247747008100e-02  6.916825192782129e-01 
  3.901368602495495e-02  7.216133347995393e-01 
  2.528440187833621e-02  7.394860743792622e-01 
  1.330223097603066e-02  7.611729565656986e-01 
  3.028486447450163e-03  7.679992572227863e-01 
  5.980328418005644e-03  7.824263177737389e-01 
  1.356924814221569e-02  7.900223903796944e-01 
  2.027364485893813e-02  7.996414536788208e-01 
  2.561038660838028e-02  7.952797055624986e-01 
  3.057939821718677e-02  8.029449111396199e-01 
  3.454314570863239e-02  8.021395868784473e-01 
  3.820946743567670e-02  8.084805009659801e-01 
  4.075059783966511e-02  8.001638005803944e-01 
  4.338464863515673e-02  8.070706425554461e-01 
  4.570349733371476e-02  7.975334367599953e-01 
  4.770492688080098e-02  8.044962980480657e-01 
  4.918141101867625e-02  7.906318398402870e-01 
  5.022616100918350e-02  7.969025196836074e-01 
  5.170195133264162e-02  7.884077777451098e-01 
  5.324756894258558e-02  7.915530925529862e-01 
  5.406580634774527e-02  7.762224512450320e-01 
  5.557348530488235e-02  7.784536333386114e-01 
  5.643327240799748e-02  7.727503314249914e-01 
  5.800506723442451e-02  7.702448442799530e-01 
  5.870547204550425e-02  7.593172216844262e-01 
  6.048364901416339e-02  7.594853482351728e-01 
  6.219485140190649e-02  7.470818748427395e-01 
  6.396708857793156e-02  7.492110946913674e-01 
  6.590068585957404e-02  7.396158337589083e-01 
  6.853045803769653e-02  7.302719171104940e-01 
  7.085891278842708e-02  7.250716921965532e-01 
  7.447152281730457e-02  7.188040244868309e-01 
  7.798173339025044e-02  7.014467381214833e-01 
  8.190878512904212e-02  6.964257971976850e-01 
  8.659776521157847e-02  6.787919761861855e-01 
  9.211176084421960e-02  6.668761719707363e-01 
  9.762457012180005e-02  6.406036369656052e-01 
  1.046317609449259e-01  6.288624306706725e-01 
  1.116020531776009e-01  6.004323043046393e-01 
  1.200935089748449e-01  5.760950584364131e-01 
  1.271978394398816e-01  5.379118973948600e-01 
  1.363558059030615e-01  5.079833759755223e-01 
  1.443438166717733e-01  4.659260579378977e-01 
  1.521373105153588e-01  4.198284349723446e-01 
  1.560619878700014e-01  3.673146498998218e-01 
  1.572805374459051e-01  3.145695999240266e-01 
  1.526198366974110e-01  2.609122680306463e-01 
  1.426859905472828e-01  2.099926769995871e-01 
  1.267197870798562e-01  1.614132009509062e-01 
  1.104288207725975e-01  1.235480229238277e-01 
  9.251621027282017e-02  9.061746317677874e-02 
  7.712745206693561e-02  6.596603790703111e-02 
  6.342158398241789e-02  4.723310542685898e-02 
  5.190956440249207e-02  3.250015633021532e-02 
  4.271774161600986e-02  7.159768000524870e-02 
  5.322278969312875e-02  9.033327381311290e-02 
  6.581797775172836e-02  1.140522218025190e-01 
  7.905022029053196e-02  1.448810550739048e-01 
  9.347043945027463e-02  1.824572605533430e-01 
  1.034364804002215e-01  2.262243765405830e-01 
  1.104632545358627e-01  2.757080521416917e-01 
  1.098480203325080e-01  3.268384934748600e-01 
  1.048312307383691e-01  3.814863473331400e-01 
  9.266656922507845e-02  4.227932547987672e-01 
  8.042916954849547e-02  4.676168478023219e-01 
  6.689083765376966e-02  5.033883379691946e-01 
  5.441761885947245e-02  5.384383689403660e-01 
  4.136912969730969e-02  5.585436901945119e-01 
  3.015633329029921e-02  5.813954785685479e-01 
  1.968755500572506e-02  6.013362016019501e-01 
  1.057338837003117e-02  6.137578361231846e-01 
  2.626711857155527e-03  6.239441971308791e-01 
  4.566129606932630e-03  6.346991255942168e-01 
  1.075760105663872e-02  6.397626766180788e-01 
  1.607119736406887e-02  6.527849752920165e-01 
  2.056086277278114e-02  6.463747011722933e-01 
  2.470862251510770e-02  6.546759694618964e-01 
  2.809540743379145e-02  6.522030868913485e-01 
  3.110680340935272e-02  6.608643124116493e-01 
  3.320522554613105e-02  6.496347530519346e-01 
  3.560061779186457e-02  6.523342031152239e-01 
  3.713926755586567e-02  6.482189156338208e-01 
  3.915396376089376e-02  6.497450057629237e-01 
  4.002590262862449e-02  6.428426015635686e-01 
  4.142544520366106e-02  6.413872168726805e-01 
  4.266087261120505e-02  6.391560439122793e-01 
  4.393765602049735e-02  6.418644164178260e-01 
  4.454066886498578e-02  6.312752317453062e-01 
  4.579821320277131e-02  6.290729340401290e-01 
  4.670221561121232e-02  6.273159067308102e-01 
  4.806638763395940e-02  6.209346565114038e-01 
  4.872868420623182e-02  6.166463994045782e-01 
  5.011933321454171e-02  6.159286417409188e-01 
  5.134972646859613e-02  6.084523180561927e-01 
  5.325157834433917e-02  6.072242400152877e-01 
  5.440732007566733e-02  5.950740336177124e-01 
  5.685952594497780e-02  5.923529423012542e-01 
  5.870306599147428e-02  5.825034474426338e-01 
  6.168100404045528e-02  5.774478251552556e-01 
  6.422496622149049e-02  5.634717534913116e-01 
  6.765034792721766e-02  5.563411065767800e-01 
  7.135796143012703e-02  5.418139717651823e-01 
  7.602872974178465e-02  5.331728790383796e-01 
  8.013125313573854e-02  5.133856792721928e-01 
  8.563485851483250e-02  4.981141741167334e-01 
  9.064785555973265e-02  4.761196437816587e-01 
  9.711517218928949e-02  4.564979168012180e-01 
  1.022427764695213e-01  4.264901447221012e-01 
  1.084965264977255e-01  4.003491861607131e-01 
  1.138405235851379e-01  3.681380012074771e-01 
  1.187308520711309e-01  3.343685716609274e-01 
  1.205343234389587e-01  2.905311144400006e-01 
  1.208525266337428e-01  2.510716923776261e-01 
  1.173984963659794e-01  2.097886315167609e-01 
  1.108598111730234e-01  1.720135464847230e-01 
  9.924382277598202e-02  1.337166845802946e-01 
  8.716655548251859e-02  1.032734534473486e-01 
  7.472997457964757e-02  7.735009474559264e-02 
  6.341900654186115e-02  5.709978197821731e-02 
  5.259935086738829e-02  4.061728123172895e-02 
  4.385139710356516e-02  2.842975388235159e-02 
  3.317317077991268e-02  6.380859764356291e-02 
  4.060628276367555e-02  7.881843366284633e-02 
  4.984255359446200e-02  9.908454056859105e-02 
  5.833284180853859e-02  1.215368147153989e-01 
  6.755658449470540e-02  1.514123500047346e-01 
  7.430265537205932e-02  1.852326116424636e-01 
  7.842225652056399e-02  2.218995134636524e-01 
  7.749610667158188e-02  2.581566103164813e-01 
  7.413091053832811e-02  2.969772969246564e-01 
  6.708213627130701e-02  3.310724936850997e-01 
  5.913828617342226e-02  3.660555113516766e-01 
  4.935763414492284e-02  3.890201527105849e-01 
  4.071410426814780e-02  4.155913024427069e-01 
  3.172453276113125e-02  4.351586792917907e-01 
  2.348647200092170e-02  4.547548609437665e-01 
  1.574305579096592e-02  4.632942391656555e-01 
  9.027807385360133e-03  4.780461225886413e-01 
  2.829222052328649e-03  4.861593022190938e-01 
  2.753557402629162e-03  4.953246598847827e-01 
  7.518277206062125e-03  4.953948643073036e-01 
  1.180074387629450e-02  5.034793351098618e-01 
  1.553011009553738e-02  5.048757368297470e-01 
  1.877442671547623e-02  5.084135890422820e-01 
  2.131596431535179e-02  5.042656668097756e-01 
  2.398032609474712e-02  5.108962912272911e-01 
  2.603037558844573e-02  5.086509968953014e-01 
  2.793794027070169e-02  5.093155665385295e-01 
  2.924207149007922e-02  5.053705730250755e-01 
  3.078873421142699e-02  5.079939616441047e-01 
  3.189901218749150e-02  5.025114941492562e-01 
  3.308946797961671e-02  5.053822097465265e-01 
  3.385598741054944e-02  4.988214839281482e-01 
  3.499430192527535e-02  4.987728439827724e-01 
  3.568640784334805e-02  4.952264132131999e-01 
  3.684423846698374e-02  4.943028904302507e-01 
  3.733005540687929e-02  4.855380837746817e-01 
  3.858253284102135e-02  4.854503292746903e-01 
  3.932791608350649e-02  4.809721168807886e-01 
  4.058449389647396e-02  4.790252431558385e-01 
  4.151242792042372e-02  4.701914201033891e-01 
  4.303101939342506e-02  4.682918505099664e-01 
  4.449099152446246e-02  4.633711066378364e-01 
  4.621619474134216e-02  4.591990173133414e-01 
  4.774656518102720e-02  4.470536550875114e-01 
  5.000044672530651e-02  4.446285544038659e-01 
  5.227934461390416e-02  4.354753731806249e-01 
  5.519182241104764e-02  4.294654687071314e-01 
  5.773602555621147e-02  4.187688313527447e-01 
  6.123830825204356e-02  4.077712476570782e-01 
  6.437796353126655e-02  3.960761574343729e-01 
  6.852569272760865e-02  3.826220550869993e-01 
  7.264477525851350e-02  3.624847999095949e-01 
  7.668474619587452e-02  3.471044248130740e-01 
  8.053010855525622e-02  3.264731352861068e-01 
  8.495315933135895e-02  3.044367661199446e-01 
  8.773464729999080e-02  2.772119513869062e-01 
  9.093213426659515e-02  2.508856953357875e-01 
  9.187183366571337e-02  2.210305223331872e-01 
  9.179153543159224e-02  1.927285704197191e-01 
  8.831026429519501e-02  1.600548173032897e-01 
  8.358993442335474e-02  1.338009509314747e-01 
  7.683247698308479e-02  1.072917675449885e-01 
  6.855127465079670e-02  8.414564620803534e-02 
  5.970149197345642e-02  6.339271467165125e-02 
  5.128602438569357e-02  4.758390721483816e-02 
  4.355391854097220e-02  3.415571648747492e-02 
  3.696935167765936e-02  2.379553918723534e-02 
  2.505173935434387e-02  5.581524687521212e-02 
  3.103302308790893e-02  6.886549127220908e-02 
  3.752658413995254e-02  8.460752676453032e-02 
  4.355933435425826e-02  1.031605740122468e-01 
  4.947743016938270e-02  1.260516253556267e-01 
  5.395775657497683e-02  1.515641366525422e-01 
  5.698716924033335e-02  1.793445567380567e-01 
  5.622074994945668e-02  2.060745451797768e-01 
  5.426221084014775e-02  2.347798928073350e-01 
  4.951932139225206e-02  2.613314932332447e-01 
  4.436960725725531e-02  2.876114688062545e-01 
  3.730938450549781e-02  3.060682638261076e-01 
  3.086530938196153e-02  3.260411377665295e-01 
  2.437640655459209e-02  3.416672483086655e-01 
  1.845305960374554e-02  3.579073770548996e-01 
  1.240118923193754e-02  3.652394667174202e-01 
  7.174670893722034e-03  3.780878749292046e-01 
  2.394950460798593e-03  3.822211809499438e-01 
  1.969389347729193e-03  3.922609266988391e-01 
  5.790676247527881e-03  3.931617866771214e-01 
  9.315489582994479e-03  3.976993672383204e-01 
  1.222004441861074e-02  4.005001194965564e-01 
  1.503712758293088e-02  4.045227490956894e-01 
  1.712879984448056e-02  4.032125582874630e-01 
  1.919720420161891e-02  4.096596597936080e-01 
  2.093862141032690e-02  4.053525411980744e-01 
  2.270802608981608e-02  4.076959056465377e-01 
  2.369977563213351e-02  4.034506783378914e-01 
  2.496177041853836e-02  4.053978116236836e-01 
  2.591623948709113e-02  4.029237339829027e-01 
  2.708084020283156e-02  4.009131025545791e-01 
  2.774932251543680e-02  3.967054802177853e-01 
  2.861346050988079e-02  3.993818735691137e-01 
  2.945522771224552e-02  3.945299250664288e-01 
  3.039525802978476e-02  3.939781621990812e-01 
  3.091839452211227e-02  3.871176743154247e-01 
  3.180564333637403e-02  3.852250320779318e-01 
  3.263440016113579e-02  3.827193761032011e-01 
  3.364847487642263e-02  3.815264486187360e-01 
  3.437895602965171e-02  3.743797931489478e-01 
  3.568118215098415e-02  3.714891209676822e-01 
  3.690619180859307e-02  3.654878969775053e-01 
  3.827044697341779e-02  3.619448903635257e-01 
  3.946765602620343e-02  3.548383082432176e-01 
  4.125357446950788e-02  3.501741232845507e-01 
  4.313041972587722e-02  3.442057333596274e-01 
  4.556427711678237e-02  3.410624441419891e-01 
  4.753564975030138e-02  3.273783081568982e-01 
  5.027967762971897e-02  3.193761269998723e-01 
  5.282300266070263e-02  3.086791175349002e-01 
  5.583377402575321e-02  2.974389573200744e-01 
  5.847816475625209e-02  2.815107604822701e-01 
  6.175104116904864e-02  2.691663094984170e-01 
  6.438507182736106e-02  2.506396353333908e-01 
  6.747735249780230e-02  2.350759230033124e-01 
  6.930073400817463e-02  2.130624418287585e-01 
  7.113865249226685e-02  1.930642445515436e-01 
  7.190381519423873e-02  1.717759464134259e-01 
  7.133273643033862e-02  1.483665506629132e-01 
  6.857148180680590e-02  1.256998906845327e-01 
  6.499614285237147e-02  1.046705485033618e-01 
  6.022524626397848e-02  8.483231135085920e-02 
  5.425843143519985e-02  6.768009349861415e-02 
  4.776728796947356e-02  5.124804468538031e-02 
  4.168977819498210e-02  3.827129430765766e-02 
  3.615514307829165e-02  2.788854777003690e-02 
  3.098551968853433e-02  1.921072698363442e-02 
  1.839200746463856e-02  4.859176228789260e-02 
  2.250651667060727e-02  5.854552434777251e-02 
  2.696059884919072e-02  7.095253228931729e-02 
  3.119407302702012e-02  8.576171359029851e-02 
  3.540377601837052e-02  1.025041267123914e-01 
  3.790925804239173e-02  1.205773264321266e-01 
  3.988065518120536e-02  1.405807157030783e-01 
  3.953441661139298e-02  1.608452351619324e-01 
  3.844921120096206e-02  1.827870820617881e-01 
  3.512361309490954e-02  1.998673940498893e-01 
  3.165823397756655e-02  2.195621121659879e-01 
  2.746509366996516e-02  2.346580189968855e-01 
  2.295053345130599e-02  2.516519210239131e-01 
  1.814447407539773e-02  2.613049579346891e-01 
  1.383757808251992e-02  2.744394561345768e-01 
  9.548516095965657e-03  2.806290654622016e-01 
  5.570383997365807e-03  2.920592058719161e-01 
  1.876535066981390e-03  2.947183316112976e-01 
  1.431723107999831e-03  3.033462985327519e-01 
  4.477682384558992e-03  3.036115227481217e-01 
  7.187788416828808e-03  3.103410677365765e-01 
  9.512799308312704e-03  3.091439487893659e-01 
  1.174198941459790e-02  3.138960856568189e-01 
  1.352476988241011e-02  3.143151032975133e-01 
  1.536810731488484e-02  3.160691074263918e-01 
  1.670359819615086e-02  3.167524625985455e-01 
  1.818042513016300e-02  3.157097904710591e-01 
  1.923310198659698e-02  3.152507656368980e-01 
  2.030987425359048e-02  3.150374256925794e-01 
  2.100907756742786e-02  3.110221004504320e-01 
  2.206000642157045e-02  3.123389169298740e-01 
  2.266202083669850e-02  3.112676235761502e-01 
  2.353595280507680e-02  3.096615262529476e-01 
  2.402803105203073e-02  3.042950936507347e-01 
  2.480769047185105e-02  3.064737624316899e-01 
  2.545498435943111e-02  3.030486474282367e-01 
  2.618330619524463e-02  3.011509933262269e-01 
  2.669421687432876e-02  2.977701433478186e-01 
  2.765788296244099e-02  2.952200843595728e-01 
  2.841878356743399e-02  2.920950518510788e-01 
  2.934420746777837e-02  2.886775760606186e-01 
  3.042765507747986e-02  2.827529860203398e-01 
  3.152455643211682e-02  2.801975283420999e-01 
  3.266674290392908e-02  2.760031572076079e-01 
  3.415757924195904e-02  2.710456551806710e-01 
  3.533471432952124e-02  2.633395869286607e-01 
  3.717952478895897e-02  2.590291557137425e-01 
  3.896075233315047e-02  2.516810110932290e-01 
  4.091486141818002e-02  2.441389373997166e-01 
  4.283742770777617e-02  2.335928793648916e-01 
  4.497311656521587e-02  2.257145731542374e-01 
  4.718539929647130e-02  2.157790118825838e-01 
  4.949327411500789e-02  2.046980709769468e-01 
  5.144662441557201e-02  1.890161008471810e-01 
  5.319626422981157e-02  1.776986383692147e-01 
  5.444794393074714e-02  1.624795284559778e-01 
  5.545266650377050e-02  1.468978873781975e-01 
  5.533693929910420e-02  1.291478408960240e-01 
  5.451567383765131e-02  1.136002795245033e-01 
  5.282024174415017e-02  9.650097471756960e-02 
  5.032024935464349e-02  8.081162688657746e-02 
  4.650701166083542e-02  6.582103393049314e-02 
  4.275622309923885e-02  5.285018355467475e-02 
  3.830340517810603e-02  4.023578232908205e-02 
  3.406385022280260e-02  3.047893586020792e-02 
  2.982520136717673e-02  2.144830861560958e-02 
  2.584116770234934e-02  1.462633613711231e-02 
  1.301604029822410e-02  4.184342735879498e-02 
  1.599890775978834e-02  5.006357396223605e-02 
  1.934456349939241e-02  6.020246168943337e-02 
  2.233150972084093e-02  7.167943113441777e-02 
  2.527125642560034e-02  8.482379523270775e-02 
  2.693188705738476e-02  9.819249606823659e-02 
  2.826995287426029e-02  1.139096191960951e-01 
  2.827098788736254e-02  1.295796492351290e-01 
  2.778911298473637e-02  1.458574444249917e-01 
  2.536008965270484e-02  1.593482689651103e-01 
  2.302996004627724e-02  1.741256297009412e-01 
  1.988044880825019e-02  1.867277654125506e-01 
  1.684173713116869e-02  1.993433259567323e-01 
  1.331790260473092e-02  2.068940018326542e-01 
  1.004724481388766e-02  2.158530303133190e-01 
  6.751013625557404e-03  2.241448165179384e-01 
  3.812268534249691e-03  2.313697088093161e-01 
  9.201896296066368e-04  2.347078147728185e-01 
  1.738220567967672e-03  2.393956198571970e-01 
  4.168143712816077e-03  2.428302293265095e-01 
  6.319837834364619e-03  2.477410363486932e-01 
  8.253813177377984e-03  2.474554937446037e-01 
  1.005043558676119e-02  2.492648839038351e-01 
  1.159570970858183e-02  2.501519254211441e-01 
  1.299498655566229e-02  2.536878687885620e-01 
  1.422200524682139e-02  2.510492047526398e-01 
  1.541931158547656e-02  2.520109433263361e-01 
  1.625971707813690e-02  2.522678175530995e-01 
  1.720191251152394e-02  2.514764957753752e-01 
  1.785065204362831e-02  2.495587490507461e-01 
  1.865141711029355e-02  2.503828623894228e-01 
  1.918429237180872e-02  2.477196170717975e-01 
  1.995243177782040e-02  2.467292564832356e-01 
  2.038842765602217e-02  2.445945635407649e-01 
  2.097827791435649e-02  2.444031505465572e-01 
  2.159143387404402e-02  2.417320861348864e-01 
  2.226849079418536e-02  2.407396916899362e-01 
  2.269173402854072e-02  2.358973433845848e-01 
  2.335877075710326e-02  2.350996052974733e-01 
  2.406849221689296e-02  2.321602164501357e-01 
  2.478147970144628e-02  2.295249228051563e-01 
  2.555108428245792e-02  2.245179664578938e-01 
  2.660387107453150e-02  2.205915132772004e-01 
  2.748996168456449e-02  2.167293108325026e-01 
  2.872966649243918e-02  2.143114871697603e-01 
  2.970046744153804e-02  2.076364045543101e-01 
  3.120272578992928e-02  2.027044346315109e-01 
  3.240532149911145e-02  1.969943180990083e-01 
  3.413173259742329e-02  1.927649189320763e-01 
  3.542275085352908e-02  1.833883529350607e-01 
  3.712998591891350e-02  1.760159200212751e-01 
  3.862900613205147e-02  1.666560944460064e-01 
  4.035338626524917e-02  1.579244597958687e-01 
  4.136466719716028e-02  1.466048034399088e-01 
  4.278721649241250e-02  1.362122917723697e-01 
  4.351994967885337e-02  1.245405846025476e-01 
  4.405222355729478e-02  1.122941804748193e-01 
  4.379395668861396e-02  9.937642059771222e-02 
  4.325195420859811e-02  8.668307318238042e-02 
  4.179616495558850e-02  7.420515900218852e-02 
  4.000080528634899e-02  6.276416421302067e-02 
  3.710785787217425e-02  5.077493779293463e-02 
  3.425584891667816e-02  4.102682415773602e-02 
  3.109492649494427e-02  3.141219248342609e-02 
  2.794294876998206e-02  2.345870856966199e-02 
  2.467821164643053e-02  1.636253543214624e-02 
  2.177685625953878e-02  1.066765348115533e-02 
  8.459523175177485e-03  3.553366470228082e-02 
  1.057212609872727e-02  4.201226536637100e-02 
  1.304495197324759e-02  4.997311253885965e-02 
  1.499715342771232e-02  5.852853451065688e-02 
  1.703313876488263e-02  6.830349082789658e-02 
  1.843563641850099e-02  7.889444038952391e-02 
  1.927194220266021e-02  9.066449565152529e-02 
  1.908576993962477e-02  1.012968289064273e-01 
  1.861157961865898e-02  1.135873846429216e-01 
  1.738249185368735e-02  1.237588314399979e-01 
  1.577052802537746e-02  1.351932006715541e-01 
  1.357097137744763e-02  1.432478953914413e-01 
  1.148558802369834e-02  1.532236134403026e-01 
  9.022884218116450e-03  1.606078431983899e-01 
  6.680041868710610e-03  1.682928247481096e-01 
  4.197781551080690e-03  1.726802226682344e-01 
  1.989696951416824e-03  1.789706024427528e-01 
  2.598775923249437e-04  1.829842456526065e-01 
  2.230194469605593e-03  1.871196730634556e-01 
  4.104619315606614e-03  1.893619425024186e-01 
  5.866675061271615e-03  1.932168955751823e-01 
  7.382310956483443e-03  1.934440160920950e-01 
  8.875444947924712e-03  1.959294638231439e-01 
  1.005350468223677e-02  1.958973675380762e-01 
  1.124818458319394e-02  1.972273093725937e-01 
  1.219854786207824e-02  1.984702880467326e-01 
  1.319852454867862e-02  1.980042900577340e-01 
  1.396669291775799e-02  1.968546373401088e-01 
  1.466166642826412e-02  1.972659371377468e-01 
  1.533944810597065e-02  1.964365056526328e-01 
  1.594051265900548e-02  1.960325097036724e-01 
  1.642377680786058e-02  1.943479213538236e-01 
  1.702515147298352e-02  1.934693399508776e-01 
  1.741380129544245e-02  1.911665929291891e-01 
  1.805234332720883e-02  1.910652249624568e-01 
  1.836363214527446e-02  1.877595561711712e-01 
  1.893894943488447e-02  1.879279169784431e-01 
  1.940463752112595e-02  1.846377716036884e-01 
  1.999892420874497e-02  1.831255744303039e-01 
  2.056766710709356e-02  1.801280717617528e-01 
  2.107363649556929e-02  1.786353272830631e-01 
  2.183559017223808e-02  1.754328828092415e-01 
  2.258514767216793e-02  1.719354778563960e-01 
  2.336568322380837e-02  1.684984460444332e-01 
  2.423226638391590e-02  1.661659940621115e-01 
  2.514892261497473e-02  1.619452819625749e-01 
  2.616047254511422e-02  1.572443139323621e-01 
  2.716948988718806e-02  1.515046805370048e-01 
  2.839443193539886e-02  1.472462353575143e-01 
  2.947254127117670e-02  1.402247744098850e-01 
  3.064313076850741e-02  1.348974219910954e-01 
  3.158939690187869e-02  1.271747082515577e-01 
  3.290226413690620e-02  1.205732174367356e-01 
  3.354179764320590e-02  1.121934879799696e-01 
  3.447920428139113e-02  1.031766564529135e-01 
  3.490196145250136e-02  9.418821142583034e-02 
  3.523064826438396e-02  8.530766405300538e-02 
  3.499304091234410e-02  7.543288186920798e-02 
  3.438996505554734e-02  6.568323737342290e-02 
  3.326200959692351e-02  5.603319673586295e-02 
  3.166725976122077e-02  4.715444634140212e-02 
  2.987679000154388e-02  3.872307167087496e-02 
  2.778544998202989e-02  3.043587907965651e-02 
  2.538694747817006e-02  2.341222827817531e-02 
  2.299256296785745e-02  1.724203411298822e-02 
  2.062663029613380e-02  1.168776040143344e-02 
  1.837576949833489e-02  7.001086604925761e-03 
  4.820208614351555e-03  3.013060138753573e-02 
  6.463099389108285e-03  3.547978668007283e-02 
  8.309972460575478e-03  4.186422443501648e-02 
  9.700048026319174e-03  4.848594338027003e-02 
  1.119071239895493e-02  5.650129475429216e-02 
  1.206631988496604e-02  6.451980557365514e-02 
  1.279667335907874e-02  7.338223754936221e-02 
  1.272041805332649e-02  8.193959253779520e-02 
  1.240984721074443e-02  9.054698626890809e-02 
  1.165281588202117e-02  9.913629863504479e-02 
  1.059774058551189e-02  1.072102355018169e-01 
  9.014637855550395e-03  1.146496940169856e-01 
  7.469596366227325e-03  1.223971061915733e-01 
  5.645764187040194e-03  1.277760916438499e-01 
  3.873166211503125e-03  1.344713298998975e-01 
  2.001809447327016e-03  1.387036692504270e-01 
  3.789149883247246e-04  1.440224186502686e-01 
  1.453319780301937e-03  1.462918223739432e-01 
  3.006863993449114e-03  1.499944362324665e-01 
  4.507242082637209e-03  1.522043974011383e-01 
  5.885074764447801e-03  1.540672036113281e-01 
  7.159772691204992e-03  1.565610228473864e-01 
  8.301877762918040e-03  1.566627515445390e-01 
  9.301161483859574e-03  1.576972064410841e-01 
  1.027686578050215e-02  1.585540719647878e-01 
  1.107870847561506e-02  1.589062028219028e-01 
  1.186501753879954e-02  1.593418664627828e-01 
  1.248337550678447e-02  1.586150710182985e-01 
  1.308853788852320e-02  1.583652533885697e-01 
  1.364872188905070e-02  1.577353014103866e-01 
  1.410541553028045e-02  1.579204416856846e-01 
  1.454773175520643e-02  1.558905897386138e-01 
  1.501776950845230e-02  1.551705323190576e-01 
  1.541743529860357e-02  1.538860315131886e-01 
  1.585603458883505e-02  1.537197077082978e-01 
  1.622845533379908e-02  1.513653780764328e-01 
  1.660295858271001e-02  1.502270018793316e-01 
  1.707166518047299e-02  1.479744382668284e-01 
  1.759807379523189e-02  1.461018448934798e-01 
  1.794680460700205e-02  1.438433039985623e-01 
  1.848241359377159e-02  1.421752334398400e-01 
  1.898075067766266e-02  1.390926399425756e-01 
  1.958013963018139e-02  1.373542177859368e-01 
  2.012393864366533e-02  1.335755281395779e-01 
  2.082819018032084e-02  1.303289961054814e-01 
  2.162828005992484e-02  1.272730934412167e-01 
  2.239237633931590e-02  1.245123557591069e-01 
  2.309809879234910e-02  1.189375806169889e-01 
  2.405444187058839e-02  1.156036642534448e-01 
  2.479485851913915e-02  1.098307881180241e-01 
  2.578645755536339e-02  1.050703067087002e-01 
  2.645256160760059e-02  9.925553851769361e-02 
  2.724961586962514e-02  9.312501377565374e-02 
  2.787587988594192e-02  8.626296867815272e-02 
  2.841404307630139e-02  8.033772884053147e-02 
  2.851612334252559e-02  7.279991127226518e-02 
  2.863412618809847e-02  6.524138920005818e-02 
  2.830784014863746e-02  5.759728337014856e-02 
  2.784277286467099e-02  5.031909828757195e-02 
  2.685729593076603e-02  4.284805373762209e-02 
  2.578341177144990e-02  3.580136208823049e-02 
  2.437777332797894e-02  2.895462869166423e-02 
  2.269263796546382e-02  2.250704089267010e-02 
  2.099258568563658e-02  1.696616748836732e-02 
  1.915774483499648e-02  1.172168779915807e-02 
  1.746160800471998e-02  7.582310236985516e-03 
  1.563787850040180e-02  4.353853884394711e-03 
