  0  1 
  2.801237603328847e-02  2.199320893331113e-02 
  3.126386002467412e-02  2.747006898143086e-02 
  3.456396029793975e-02  3.383278898030768e-02 
  3.807738346144813e-02  4.104491872163407e-02 
  4.153556262302903e-02  4.955806603155636e-02 
  4.493459664555720e-02  5.902577527009049e-02 
  4.817929576132344e-02  6.905377891550157e-02 
  5.078204635874266e-02  7.975723691486022e-02 
  5.309373741528015e-02  9.125426049096806e-02 
  5.450022529832380e-02  1.031262557698207e-01 
  5.529281459759398e-02  1.152290416738489e-01 
  5.539889440542742e-02  1.267398240883640e-01 
  5.460423129708859e-02  1.377272417501071e-01 
  5.342986140104190e-02  1.483645863229219e-01 
  5.175102399872346e-02  1.583614975435494e-01 
  4.970663316819521e-02  1.668770638986315e-01 
  4.730225528621815e-02  1.747135748524710e-01 
  4.487109290831340e-02  1.821122876895883e-01 
  4.201078025120353e-02  1.886713469735831e-01 
  3.899682482462755e-02  1.945991773515627e-01 
  3.585347027454967e-02  1.997356788653779e-01 
  3.240393837789042e-02  2.034753480377224e-01 
  2.840491850529860e-02  2.066489248106803e-01 
  2.449741715258940e-02  2.090356696324849e-01 
  2.032349746264184e-02  2.100304921378245e-01 
  1.627043250448955e-02  2.101842406214876e-01 
  1.241943668064586e-02  2.094782321004366e-01 
  9.270500840331162e-03  2.077013407527923e-01 
  6.449551242193855e-03  2.050670103817005e-01 
  3.978207186633475e-03  2.024536914929633e-01 
  1.823001380822322e-03  1.991740250563010e-01 
  1.220677241544399e-03  1.957300242909391e-01 
  3.575728595492745e-03  1.923229668622121e-01 
  6.519171371255668e-03  1.870378708308529e-01 
  9.875182890712632e-03  1.814011976333828e-01 
  1.346720892379480e-02  1.745223691803856e-01 
  1.720997136050394e-02  1.662588989273985e-01 
  2.095669523231907e-02  1.571181294370929e-01 
  2.416471890587343e-02  1.470352790120266e-01 
  2.681817976737192e-02  1.359708304384824e-01 
  2.904906762605568e-02  1.237298396231376e-01 
  3.011981829900261e-02  1.115487094169371e-01 
  3.031825822656206e-02  9.892709359193105e-02 
  2.970711979995445e-02  8.719042608639249e-02 
  2.834201983309762e-02  7.625632120592250e-02 
  2.643996327672170e-02  6.595317387390608e-02 
  2.419091511871110e-02  5.673361406127274e-02 
  2.178528759650969e-02  4.844996860843082e-02 
  1.909377487041015e-02  4.122222695142719e-02 
  1.654516861926379e-02  3.491928559488987e-02 
  1.388934922294350e-02  2.950504626735702e-02 
  1.147867335844625e-02  2.489778429174684e-02 
  3.327297606556336e-02  2.620383764828477e-02 
  3.725655955340060e-02  3.308033888900912e-02 
  4.203634982940917e-02  4.089392065437113e-02 
  4.636698400391380e-02  4.996798655160202e-02 
  5.111919399493753e-02  6.049803237753666e-02 
  5.580720183612992e-02  7.226312689857541e-02 
  6.013229060117414e-02  8.541172635845150e-02 
  6.373958002405433e-02  9.961099999420289e-02 
  6.675776641612184e-02  1.144610564415689e-01 
  6.863767240874787e-02  1.302025080527322e-01 
  6.960202859942011e-02  1.453462897410101e-01 
  6.944839248340873e-02  1.605786490978963e-01 
  6.815202234196484e-02  1.750171671432049e-01 
  6.641683829422709e-02  1.885817883926056e-01 
  6.387721862597283e-02  2.010062447273066e-01 
  6.106192586255337e-02  2.119831542271093e-01 
  5.785328815729558e-02  2.213260330566452e-01 
  5.459251443550354e-02  2.302266530870432e-01 
  5.120832230084749e-02  2.378474501964538e-01 
  4.749565131639443e-02  2.448248798250424e-01 
  4.351219054211078e-02  2.515159029450368e-01 
  3.907385383684139e-02  2.561774804648559e-01 
  3.432780603535429e-02  2.597536446884137e-01 
  2.925954023375096e-02  2.628348505975026e-01 
  2.426581585761770e-02  2.637411223526581e-01 
  1.912809401188279e-02  2.638428928152455e-01 
  1.468736025942525e-02  2.633944077414161e-01 
  1.083590521846543e-02  2.614084367616016e-01 
  7.648857986428653e-03  2.586509334017075e-01 
  4.983696053222190e-03  2.553875077598354e-01 
  2.517365335543104e-03  2.517222760821480e-01 
  1.035548151121230e-03  2.481656967499737e-01 
  3.927301537562212e-03  2.443673616915083e-01 
  7.747815096182695e-03  2.388419729463482e-01 
  1.245965157047091e-02  2.321157445981429e-01 
  1.741860406916531e-02  2.239939302218965e-01 
  2.285970900029220e-02  2.139199064523453e-01 
  2.787018795679722e-02  2.015252645776623e-01 
  3.297387958298654e-02  1.876853825938654e-01 
  3.683552784748540e-02  1.727845475102934e-01 
  3.971501652666894e-02  1.563879547653185e-01 
  4.134590930152413e-02  1.401589547371684e-01 
  4.131788167680787e-02  1.235615080039317e-01 
  4.027900164625148e-02  1.078359577771427e-01 
  3.822019052119670e-02  9.313887759508581e-02 
  3.540652034627322e-02  7.979907367588124e-02 
  3.218092310460385e-02  6.785358527057074e-02 
  2.891080920461126e-02  5.734725042170296e-02 
  2.520502587477983e-02  4.823817847283492e-02 
  2.154339020129093e-02  4.038709816538184e-02 
  1.844683858612025e-02  3.410206281334204e-02 
  1.545193055373306e-02  2.850889273828147e-02 
  3.933207400267504e-02  3.124863131006674e-02 
  4.467052407093370e-02  3.946246866038547e-02 
  5.020514753006729e-02  4.891860906961456e-02 
  5.657790311130633e-02  6.024778711216266e-02 
  6.259502217325161e-02  7.346604322490070e-02 
  6.841897247529584e-02  8.858491035151253e-02 
  7.436573892577682e-02  1.057731041767551e-01 
  7.950789355391680e-02  1.242215946373070e-01 
  8.356185023532027e-02  1.440094195810639e-01 
  8.619170020160145e-02  1.645978848307613e-01 
  8.719532437032289e-02  1.846404500314525e-01 
  8.670460171527765e-02  2.050512872492713e-01 
  8.495329881910768e-02  2.242562729112936e-01 
  8.227802296470801e-02  2.410793434223715e-01 
  7.843661582412934e-02  2.567595465337527e-01 
  7.455791380995341e-02  2.704000701881001e-01 
  7.066968371375240e-02  2.830241208292206e-01 
  6.649559824390364e-02  2.934379973260714e-01 
  6.225265776865174e-02  3.030875171188796e-01 
  5.763845720096203e-02  3.111137459632002e-01 
  5.298345168164705e-02  3.180040858367395e-01 
  4.770967933594352e-02  3.238885908331017e-01 
  4.184210236369500e-02  3.288946810174607e-01 
  3.558984508436802e-02  3.321272044503280e-01 
  2.955856849613819e-02  3.336886615827497e-01 
  2.341798090863106e-02  3.344269360904461e-01 
  1.793166833799933e-02  3.330028113356264e-01 
  1.361175732076095e-02  3.320121293424225e-01 
  9.995872262020295e-03  3.290188272214924e-01 
  7.221238644388125e-03  3.255054766518748e-01 
  4.341711857169761e-03  3.223626000776149e-01 
  1.338316546938415e-03  3.182074915399888e-01 
  3.107136248808067e-03  3.132267180333094e-01 
  8.032419792482978e-03  3.078252210416822e-01 
  1.444392243644827e-02  2.999606941873718e-01 
  2.161749651374942e-02  2.895155867807094e-01 
  2.888288676530188e-02  2.768236559620201e-01 
  3.695480352255225e-02  2.607227930759797e-01 
  4.369398423107612e-02  2.424724216932683e-01 
  4.953917246956481e-02  2.225399058626853e-01 
  5.352665418753853e-02  2.002504035688681e-01 
  5.558445446308829e-02  1.776099123707679e-01 
  5.578286908499195e-02  1.553610508114430e-01 
  5.400754020414841e-02  1.338670521460715e-01 
  5.091373966933019e-02  1.144860443080619e-01 
  4.689099492364293e-02  9.678390703379215e-02 
  4.230049481438204e-02  8.133889159904709e-02 
  3.759076357960817e-02  6.774851808563183e-02 
  3.278468744214177e-02  5.669641517432412e-02 
  2.825971304438600e-02  4.699979352078949e-02 
  2.396753099126511e-02  3.909525048331088e-02 
  1.969492120391454e-02  3.242325037734163e-02 
  4.673532827843327e-02  3.633232580431131e-02 
  5.365855184502000e-02  4.632887986481154e-02 
  6.124467686772885e-02  5.808179103643238e-02 
  6.919475845137461e-02  7.206729144907818e-02 
  7.770025562971646e-02  8.876109474232061e-02 
  8.632487290366297e-02  1.084521085294874e-01 
  9.402762088726217e-02  1.302216368479473e-01 
  1.007944797548748e-01  1.547241480368197e-01 
  1.068020275768620e-01  1.810382112847843e-01 
  1.103543475983773e-01  2.083390118616731e-01 
  1.114243726607423e-01  2.359422681273344e-01 
  1.103139911505290e-01  2.626275305000092e-01 
  1.070657090794826e-01  2.871759722039391e-01 
  1.024129550601248e-01  3.088964377733031e-01 
  9.720827749367304e-02  3.291164197799115e-01 
  9.192992326562774e-02  3.464286887483405e-01 
  8.610611554696228e-02  3.608402291956727e-01 
  8.089392305718404e-02  3.748998356206983e-01 
  7.540585135166773e-02  3.851174523749303e-01 
  7.025757369578510e-02  3.956135426898763e-01 
  6.435485966573219e-02  4.039457563381114e-01 
  5.799098662014605e-02  4.100199138034003e-01 
  5.055737859058925e-02  4.153047037821603e-01 
  4.303288843708203e-02  4.187114141501095e-01 
  3.555234057400397e-02  4.208299592041473e-01 
  2.806462203161960e-02  4.209693240140458e-01 
  2.171055609384932e-02  4.198869238332932e-01 
  1.682466391411513e-02  4.173200012395505e-01 
  1.350811183697920e-02  4.162507701023481e-01 
  1.062218956451107e-02  4.114262525656297e-01 
  7.628568452895251e-03  4.088093781282263e-01 
  3.941167543502455e-03  4.056802358263371e-01 
  1.684285840437042e-03  4.008352435492276e-01 
  8.227349518293020e-03  3.941212939829586e-01 
  1.703310005781965e-02  3.867016276072173e-01 
  2.679153504478950e-02  3.728097398488885e-01 
  3.804030125446466e-02  3.564445674141900e-01 
  4.883549539274033e-02  3.372795424209916e-01 
  5.902148028630217e-02  3.126633307202726e-01 
  6.738011495930979e-02  2.845425373996249e-01 
  7.312107163156646e-02  2.553978576753939e-01 
  7.549614003691944e-02  2.235856878094019e-01 
  7.520584540323616e-02  1.940198882016709e-01 
  7.220827956410485e-02  1.654948943553700e-01 
  6.750887140140797e-02  1.396047836728209e-01 
  6.152452899371192e-02  1.167898363796762e-01 
  5.510677524707186e-02  9.651116320359029e-02 
  4.821059013415122e-02  7.976325160790185e-02 
  4.176339517538115e-02  6.583867012795118e-02 
  3.560075412083392e-02  5.394511211058067e-02 
  3.027007504196446e-02  4.439785106525089e-02 
  2.509698768754155e-02  3.659301131893642e-02 
  5.583283721295925e-02  4.252393053139815e-02 
  6.484520948679921e-02  5.393999476902404e-02 
  7.399351312610887e-02  6.828542236664681e-02 
  8.467300006407918e-02  8.595764331298605e-02 
  9.592219265607868e-02  1.069191013807199e-01 
  1.080331520641615e-01  1.322860808201810e-01 
  1.189627096292747e-01  1.606789740284116e-01 
  1.289895410762094e-01  1.934303866802405e-01 
  1.374383547349540e-01  2.285914592332849e-01 
  1.419672754211142e-01  2.651401209135009e-01 
  1.428805448352879e-01  3.019666632330907e-01 
  1.411021715660592e-01  3.378824619736515e-01 
  1.357336874388445e-01  3.708642748527436e-01 
  1.289821457542931e-01  3.997371391772444e-01 
  1.212643791508009e-01  4.250689184560623e-01 
  1.132038631351934e-01  4.458483872251406e-01 
  1.055422497988907e-01  4.658575088631428e-01 
  9.836633662140203e-02  4.801305606498859e-01 
  9.202129645885235e-02  4.928381855605176e-01 
  8.515222444871491e-02  5.035811902686760e-01 
  7.812591155143175e-02  5.130443391075880e-01 
  7.026725653937017e-02  5.221882556087440e-01 
  6.169530244847531e-02  5.270568959951643e-01 
  5.226543840247258e-02  5.311211549067575e-01 
  4.288755100992610e-02  5.329318793544469e-01 
  3.458847763957999e-02  5.332234002960634e-01 
  2.733773929775214e-02  5.324299166299469e-01 
  2.248466118067720e-02  5.316480190368346e-01 
  1.897816847184364e-02  5.302052820756269e-01 
  1.639249264991224e-02  5.273710068383322e-01 
  1.325614505244944e-02  5.247895760297528e-01 
  8.553915339526130e-03  5.232346543223328e-01 
  1.931954960862586e-03  5.176610036302054e-01 
  7.289776236216236e-03  5.116607463566125e-01 
  1.921036194808880e-02  5.013250433049213e-01 
  3.353591788809113e-02  4.871482536375502e-01 
  4.818133149696319e-02  4.663597383834583e-01 
  6.485225737790198e-02  4.396089746538566e-01 
  7.918292630417419e-02  4.076147583955241e-01 
  9.111561221969541e-02  3.704406179516560e-01 
  9.932953390974796e-02  3.295034756843102e-01 
  1.031870383486399e-01  2.869390129296915e-01 
  1.020876713655801e-01  2.463272735903373e-01 
  9.723894708614610e-02  2.073393821268181e-01 
  9.014874759706906e-02  1.720716606232927e-01 
  8.133558555489215e-02  1.419764621575904e-01 
  7.157840185908691e-02  1.163249969986792e-01 
  6.224546241401723e-02  9.451890898389073e-02 
  5.370834841678345e-02  7.732529757559195e-02 
  4.538699164051400e-02  6.260322407293026e-02 
  3.810359896233114e-02  5.072613229295621e-02 
  3.148616359450781e-02  4.151326100524687e-02 
  6.590014157618894e-02  4.853222473610665e-02 
  7.709095000847695e-02  6.265293204361135e-02 
  9.020287868728509e-02  8.032212691677326e-02 
  1.048605297964639e-01  1.021249836474548e-01 
  1.196748791537997e-01  1.289907595306141e-01 
  1.365647448409529e-01  1.614027016818316e-01 
  1.518744253190224e-01  1.997100406178770e-01 
  1.665368315066684e-01  2.422183269242107e-01 
  1.770444013217099e-01  2.891693774477404e-01 
  1.831608699507481e-01  3.386888114436651e-01 
  1.842073893418504e-01  3.886895368525231e-01 
  1.800418834862454e-01  4.345819156784566e-01 
  1.714058134944632e-01  4.773069960346848e-01 
  1.603290235539370e-01  5.143376307556473e-01 
  1.486242060417003e-01  5.462200026282511e-01 
  1.372768318104779e-01  5.731848461396045e-01 
  1.272304014788378e-01  5.930919098207462e-01 
  1.182349297340297e-01  6.107236666204765e-01 
  1.097981815782972e-01  6.256717552074114e-01 
  1.011910255951163e-01  6.388653734833727e-01 
  9.279089157009414e-02  6.484740476166044e-01 
  8.379796992378284e-02  6.582783168163147e-01 
  7.306163682086020e-02  6.629476721753498e-01 
  6.120477385578113e-02  6.662353157291707e-01 
  5.078183588520952e-02  6.678441098483346e-01 
  4.081799306986064e-02  6.696278379986793e-01 
  3.339163216157371e-02  6.682026597580111e-01 
  2.903172875728993e-02  6.654760038025764e-01 
  2.620514382322939e-02  6.662509633606886e-01 
  2.384976189536618e-02  6.639119717896582e-01 
  2.058712718765731e-02  6.654513339863241e-01 
  1.493282747716534e-02  6.635368549974368e-01 
  5.846409045505795e-03  6.623081511149165e-01 
  6.158122837259447e-03  6.543316837249875e-01 
  2.258562159598746e-02  6.439574174458723e-01 
  4.095621815396314e-02  6.239761641822581e-01 
  6.266676811575238e-02  6.007679421084398e-01 
  8.525291698834830e-02  5.667064426721629e-01 
  1.072738697889141e-01  5.251854068613502e-01 
  1.236752359547444e-01  4.757100756769332e-01 
  1.353787025636153e-01  4.213254564916586e-01 
  1.403798091393653e-01  3.637350480961344e-01 
  1.372677918887633e-01  3.084216810825332e-01 
  1.297851781569078e-01  2.570067323953564e-01 
  1.181790236298318e-01  2.105346099248867e-01 
  1.056931879959176e-01  1.705910333764849e-01 
  9.166055817878577e-02  1.371936940549776e-01 
  7.863373373811455e-02  1.099886318788837e-01 
  6.662931487654779e-02  8.835531916159083e-02 
  5.554916659628909e-02  7.081402826724850e-02 
  4.680207385593744e-02  5.694206988327381e-02 
  3.825073613908880e-02  4.609552864159384e-02 
  7.849364514036165e-02  5.461117238390195e-02 
  9.326079163697747e-02  7.100644175315823e-02 
  1.090230926859523e-01  9.208311452454972e-02 
  1.286643254928105e-01  1.187486141736298e-01 
  1.491852710241046e-01  1.517629640234067e-01 
  1.723214330437738e-01  1.930652225570940e-01 
  1.946824699851532e-01  2.422839525483052e-01 
  2.140398054774139e-01  2.984490837986417e-01 
  2.289265944097566e-01  3.600964583633914e-01 
  2.368605577523641e-01  4.256576568399045e-01 
  2.361469265489676e-01  4.895913092144149e-01 
  2.287680380440476e-01  5.488904820107977e-01 
  2.149512116953909e-01  6.038088859133579e-01 
  1.982584459377982e-01  6.491369789534478e-01 
  1.814931956662413e-01  6.865454606604383e-01 
  1.659951303076306e-01  7.163361195829512e-01 
  1.518608049672741e-01  7.398629844636402e-01 
  1.399095460907556e-01  7.599567031160928e-01 
  1.293021503993738e-01  7.768301090759331e-01 
  1.191793870854025e-01  7.889957248427512e-01 
  1.090143821212467e-01  8.011869191071094e-01 
  9.740042403841977e-02  8.076461924781209e-01 
  8.537826942200577e-02  8.148107497737902e-01 
  7.157817111795330e-02  8.165369645740302e-01 
  5.796847796956568e-02  8.173081883528959e-01 
  4.767540023207962e-02  8.169021705436802e-01 
  4.089060136289745e-02  8.164370409370729e-01 
  3.736092736085915e-02  8.181779103840002e-01 
  3.538084880169550e-02  8.178002707487306e-01 
  3.339907565989081e-02  8.212504111638896e-01 
  2.910584402025664e-02  8.229773827549371e-01 
  2.190164814337317e-02  8.224240465287097e-01 
  1.083609983484494e-02  8.201718324002683e-01 
  5.617193021213861e-03  8.145653835470615e-01 
  2.589178831114332e-02  8.004189277879687e-01 
  5.188242269066511e-02  7.827526561453746e-01 
  8.002827348535657e-02  7.526085537970741e-01 
  1.117367274586973e-01  7.147487425813501e-01 
  1.416941099742161e-01  6.625693624366233e-01 
  1.669821496313884e-01  6.007418671053671e-01 
  1.825379830992204e-01  5.307021535893772e-01 
  1.886773194670868e-01  4.568986238605912e-01 
  1.854336930131188e-01  3.846711359861509e-01 
  1.737711789550494e-01  3.166325073255126e-01 
  1.563298271179525e-01  2.564503818152102e-01 
  1.374621548511547e-01  2.044338229032142e-01 
  1.179219894754791e-01  1.623344522683983e-01 
  9.992497484631176e-02  1.282202738189505e-01 
  8.362507063510743e-02  1.016629365002194e-01 
  6.970196916386437e-02  8.033299337800662e-02 
  5.737869909850124e-02  6.364795435631082e-02 
  4.666185476602566e-02  5.095089298245108e-02 
  9.292642885345964e-02  6.050467047567677e-02 
  1.116869799416350e-01  7.963501202941416e-02 
  1.333615386856574e-01  1.047697481653384e-01 
  1.588651355348526e-01  1.372448004215309e-01 
  1.875090129140120e-01  1.781789314022396e-01 
  2.183447970777220e-01  2.299075587747348e-01 
  2.484823224813524e-01  2.913962442954814e-01 
  2.749201027858512e-01  3.626355276746427e-01 
  2.950864703224458e-01  4.417703354881365e-01 
  3.038365720450069e-01  5.241389085465709e-01 
  3.003542956682328e-01  6.042232047231584e-01 
  2.866363385689781e-01  6.760578345313588e-01 
  2.649013658824981e-01  7.404894067549526e-01 
  2.403168914167742e-01  7.947845204091718e-01 
  2.161617748667401e-01  8.374421192564928e-01 
  1.948461359563968e-01  8.691403247993067e-01 
  1.756883635467039e-01  8.954471323977277e-01 
  1.606665978894755e-01  9.139530784329730e-01 
  1.472141472464484e-01  9.294894184192007e-01 
  1.355129805817409e-01  9.439283936611038e-01 
  1.232999207932695e-01  9.518538042986224e-01 
  1.097259494903828e-01  9.611944400533206e-01 
  9.479084562547600e-02  9.662209504357258e-01 
  7.831579260275368e-02  9.662797983452888e-01 
  6.403022790246411e-02  9.677774533947030e-01 
  5.335755830423912e-02  9.668289586418514e-01 
  4.780057794694954e-02  9.669390507935456e-01 
  4.584044211620740e-02  9.661421955146076e-01 
  4.515832736943513e-02  9.686381057959553e-01 
  4.302862791184605e-02  9.736992825374586e-01 
  3.770470069146761e-02  9.769934452455407e-01 
  2.766630737060505e-02  9.754873682170777e-01 
  1.280706305060015e-02  9.747641538859609e-01 
  6.854684141082337e-03  9.675593186070512e-01 
  3.366372323438432e-02  9.547781023730907e-01 
  6.565350971266407e-02  9.347728714336410e-01 
  1.041131167057064e-01  9.036973317751307e-01 
  1.476316581417771e-01  8.604189167366880e-01 
  1.865921408666039e-01  8.020149244272683e-01 
  2.211532609985734e-01  7.320683818320571e-01 
  2.445135593199057e-01  6.490523848347700e-01 
  2.522941889550512e-01  5.569584534467819e-01 
  2.467222674080677e-01  4.665893803958234e-01 
  2.285650366674220e-01  3.811203599734319e-01 
  2.056553669089730e-01  3.056349040931493e-01 
  1.772524911621856e-01  2.404186200119729e-01 
  1.500847090359309e-01  1.876842157612693e-01 
  1.246085228004563e-01  1.464491987767685e-01 
  1.030019146382537e-01  1.141161470576432e-01 
  8.470019254808603e-02  8.904517668844580e-02 
  6.898107333008972e-02  7.017128830466987e-02 
  5.617597872034514e-02  5.554070012496656e-02 
  1.085273622419880e-01  6.548017780114448e-02 
  1.315737938869683e-01  8.705032562479209e-02 
  1.586610768664289e-01  1.154189050632536e-01 
  1.947679968320815e-01  1.531334440014346e-01 
  2.333748208702133e-01  2.015960878557741e-01 
  2.722415430231944e-01  2.643864539738465e-01 
  3.144067038637309e-01  3.380190680288980e-01 
  3.492339432076411e-01  4.252560001438267e-01 
  3.731248274269868e-01  5.175365185340616e-01 
  3.802790914251705e-01  6.160987816973998e-01 
  3.723629374122391e-01  7.066616937425785e-01 
  3.497090710948502e-01  7.881984019306170e-01 
  3.190356003940990e-01  8.605466137635431e-01 
  2.835370376508766e-01  9.184890856974858e-01 
  2.519658294685818e-01  9.629909372958430e-01 
  2.230814956768130e-01  9.945236151799556e-01 
  1.988646533965196e-01  1.018628563217018e+00 
  1.800984800598466e-01  1.040565325706208e+00 
  1.629039434933207e-01  1.051851789151555e+00 
  1.485419249448249e-01  1.062509813622701e+00 
  1.338893390362509e-01  1.070491073017501e+00 
  1.180759089887291e-01  1.078137991479869e+00 
  1.012495140794681e-01  1.081074814928886e+00 
  8.256255943711809e-02  1.080300059473355e+00 
  6.752257526189720e-02  1.080398692669300e+00 
  5.729092016262795e-02  1.081907795403583e+00 
  5.334461039792823e-02  1.082003461127716e+00 
  5.316914145231750e-02  1.082326146187911e+00 
  5.316980868077925e-02  1.087582347603847e+00 
  5.050254306033915e-02  1.092058491145321e+00 
  4.404162123649346e-02  1.094419821151712e+00 
  3.127251774390839e-02  1.092119093665010e+00 
  1.280433999843023e-02  1.089488624304932e+00 
  1.064609157657957e-02  1.083502331051929e+00 
  4.351311731430244e-02  1.071886497078114e+00 
  8.447061334165447e-02  1.053784484727796e+00 
  1.307203486780613e-01  1.023187556904171e+00 
  1.846202554778643e-01  9.779710523694422e-01 
  2.394691361836052e-01  9.206458503642821e-01 
  2.841490429400009e-01  8.442079740319426e-01 
  3.151910286738127e-01  7.529571297820039e-01 
  3.278789590426381e-01  6.534850401780825e-01 
  3.208740882182312e-01  5.470050049117543e-01 
  2.974945045157825e-01  4.471702989520317e-01 
  2.632177955640069e-01  3.561973220153745e-01 
  2.259139492378157e-01  2.778171808523290e-01 
  1.880478392721176e-01  2.147027217753831e-01 
  1.547747273405008e-01  1.650323941153742e-01 
  1.265510193272702e-01  1.275956004538776e-01 
  1.031193335634620e-01  9.811557424319037e-02 
  8.261923085896207e-02  7.629290468149871e-02 
  6.678798602319456e-02  5.965901106195917e-02 
  1.265947069005253e-01  6.912126060079246e-02 
  1.558423353415117e-01  9.325327652141711e-02 
  1.918518085699226e-01  1.253377949643986e-01 
  2.353729484235555e-01  1.685209117003391e-01 
  2.851332390588688e-01  2.246117129975066e-01 
  3.394007890220853e-01  2.960771897829831e-01 
  3.915044453285738e-01  3.823960961936885e-01 
  4.344233873385676e-01  4.810096065136037e-01 
  4.616056305644889e-01  5.861227114198865e-01 
  4.651212671648199e-01  6.885985438728481e-01 
  4.481256960809064e-01  7.863678510576664e-01 
  4.141795935751713e-01  8.730270496806209e-01 
  3.702606401083655e-01  9.448062336359466e-01 
  3.233119058185439e-01  1.000975505153573e+00 
  2.813913205605474e-01  1.042886870715150e+00 
  2.449317286438960e-01  1.071996333594414e+00 
  2.155524173107835e-01  1.094986840810169e+00 
  1.915936881500125e-01  1.113851387041689e+00 
  1.721727426230811e-01  1.123388567927249e+00 
  1.551896121028543e-01  1.129610316373786e+00 
  1.386133461549211e-01  1.134489419726848e+00 
  1.208631190350058e-01  1.137370998223164e+00 
  1.015435278297974e-01  1.139531408536428e+00 
  8.245305426293549e-02  1.141699602898639e+00 
  6.677355485829925e-02  1.142601000479997e+00 
  5.811287980703617e-02  1.141037453586114e+00 
  5.618158632145852e-02  1.145025477250218e+00 
  5.740593535604407e-02  1.145589831261757e+00 
  5.738977837443868e-02  1.148107753846570e+00 
  5.369749764230627e-02  1.153047902223534e+00 
  4.457403991254615e-02  1.153736945414110e+00 
  2.986559679958745e-02  1.150609485550556e+00 
  8.417232969540943e-03  1.147161993503858e+00 
  1.999581903211837e-02  1.141603259227082e+00 
  5.785374774093118e-02  1.129626312783881e+00 
  1.060225993537029e-01  1.110542286552518e+00 
  1.644164994860373e-01  1.085976806481713e+00 
  2.295518502298730e-01  1.044213851907389e+00 
  2.957847286300087e-01  9.891384860350632e-01 
  3.527244359185803e-01  9.167576654668289e-01 
  3.951006076485259e-01  8.270023621103921e-01 
  4.130589603532209e-01  7.249520795750015e-01 
  4.060460570700911e-01  6.120218115037328e-01 
  3.768088094121442e-01  5.011724623089138e-01 
  3.322584215954991e-01  3.976550480548351e-01 
  2.821333317986386e-01  3.101682216322215e-01 
  2.330382968498392e-01  2.375769212351037e-01 
  1.885324440701245e-01  1.801992171847622e-01 
  1.519004455095569e-01  1.375651734230829e-01 
  1.213627329234618e-01  1.052985037313576e-01 
  9.739045562418212e-02  8.124014689380170e-02 
  7.786306541807320e-02  6.335354190649667e-02 
  1.462078354537229e-01  7.121519208078204e-02 
  1.813873715665756e-01  9.641987186464955e-02 
  2.259455527532241e-01  1.306711610662318e-01 
  2.793110050905004e-01  1.772734309026039e-01 
  3.437545439282930e-01  2.381118449169025e-01 
  4.105629428019388e-01  3.155211309909591e-01 
  4.738410124759034e-01  4.083310918676190e-01 
  5.234774734187241e-01  5.086302668617454e-01 
  5.501728406839466e-01  6.188083282048885e-01 
  5.491444486135078e-01  7.238512854863997e-01 
  5.202999062094644e-01  8.176994393854320e-01 
  4.737297374999589e-01  8.972528572640047e-01 
  4.150292901974356e-01  9.647770189564857e-01 
  3.574280218773624e-01  1.016362540202985e+00 
  3.040998441773912e-01  1.055024755006138e+00 
  2.613555925125658e-01  1.079163753480826e+00 
  2.254059872419979e-01  1.098459122644380e+00 
  1.981050048865813e-01  1.109376469474861e+00 
  1.753437529172538e-01  1.120029986067674e+00 
  1.555784346791073e-01  1.120634658475241e+00 
  1.368924819509713e-01  1.123496826444914e+00 
  1.179720829751925e-01  1.126222890143025e+00 
  9.806710336389787e-02  1.125457630518732e+00 
  7.867867683001077e-02  1.124024040567285e+00 
  6.409106637273485e-02  1.126085846591299e+00 
  5.661654948492134e-02  1.128798828439755e+00 
  5.559513608257587e-02  1.131436539297125e+00 
  5.681147926054823e-02  1.135839453832556e+00 
  5.591569117737169e-02  1.138244341505043e+00 
  5.077279219390272e-02  1.138295712391513e+00 
  3.997839435197966e-02  1.137426258218515e+00 
  2.287543954219132e-02  1.133575497594314e+00 
  1.202453241984876e-03  1.130394016496791e+00 
  3.302969760288338e-02  1.123210358587547e+00 
  7.549157697229920e-02  1.113681742569587e+00 
  1.285921026337085e-01  1.098884506044290e+00 
  1.955255641397134e-01  1.077025286936520e+00 
  2.719639546184757e-01  1.045528076961722e+00 
  3.494436054358940e-01  9.998353787174216e-01 
  4.213526189036743e-01  9.376908971177432e-01 
  4.741201330565992e-01  8.582882162904987e-01 
  5.028077900226308e-01  7.607872926237937e-01 
  4.977281428795060e-01  6.529973968806490e-01 
  4.647213206033936e-01  5.385869174873454e-01 
  4.098566609669958e-01  4.310929792281281e-01 
  3.468112266507016e-01  3.357960243406892e-01 
  2.837349910581697e-01  2.570417385585438e-01 
  2.280096078279814e-01  1.937023100286377e-01 
  1.810690602517495e-01  1.470789598992144e-01 
  1.435291449444526e-01  1.115800495669405e-01 
  1.133913687247325e-01  8.571338566427680e-02 
  9.017439715665641e-02  6.601818798705404e-02 
  1.654346769089431e-01  7.111831362723681e-02 
  2.090433216481498e-01  9.682150966834994e-02 
  2.633661757863530e-01  1.326130458419634e-01 
  3.297336329591607e-01  1.807520576801378e-01 
  4.075612613053787e-01  2.429286853964453e-01 
  4.886044832853205e-01  3.230662941678395e-01 
  5.621174243180398e-01  4.156093410464426e-01 
  6.152683818409813e-01  5.153565498257971e-01 
  6.373434803778441e-01  6.190678494030994e-01 
  6.252045033876086e-01  7.145523469430570e-01 
  5.830029437049181e-01  8.001009756642191e-01 
  5.186707387693710e-01  8.702004429066872e-01 
  4.481265731521801e-01  9.249932211369470e-01 
  3.786168584290612e-01  9.693250807231072e-01 
  3.179219383274448e-01  9.994759538637472e-01 
  2.665130918456741e-01  1.018198610417362e+00 
  2.273979250863017e-01  1.031059195849302e+00 
  1.956226769513804e-01  1.040627982736481e+00 
  1.704130296832396e-01  1.045919596313075e+00 
  1.483590342511318e-01  1.044376281168045e+00 
  1.282250855842221e-01  1.043841598290879e+00 
  1.087125286682123e-01  1.042307229338769e+00 
  8.911569482879601e-02  1.041766049635717e+00 
  7.142672663557553e-02  1.044426902703482e+00 
  5.869380266936853e-02  1.043918273844756e+00 
  5.235756584992378e-02  1.048630535596875e+00 
  5.145153045291583e-02  1.051285561996737e+00 
  5.196762239801873e-02  1.056133090397416e+00 
  4.952914689290534e-02  1.054835895059788e+00 
  4.275377797866874e-02  1.055321290817586e+00 
  2.988516428673225e-02  1.048185385052635e+00 
  1.089948925573229e-02  1.047585913511291e+00 
  1.547546999690796e-02  1.041378482942369e+00 
  4.987953516962221e-02  1.037523757283417e+00 
  9.622895012927868e-02  1.029258233972789e+00 
  1.549680961619147e-01  1.015897753615600e+00 
  2.276894707509625e-01  1.003538642053767e+00 
  3.121361343912302e-01  9.835247653164363e-01 
  4.021016429644136e-01  9.514656195008634e-01 
  4.856900960075253e-01  9.033059065232161e-01 
  5.526911972623723e-01  8.384868385131928e-01 
  5.880382109403345e-01  7.542742818060393e-01 
  5.882275317310165e-01  6.548941334036775e-01 
  5.517359055076361e-01  5.483842209088079e-01 
  4.886038645063425e-01  4.430806661696902e-01 
  4.120772585336027e-01  3.472512757927831e-01 
  3.354620507694712e-01  2.656131975094824e-01 
  2.664006300394093e-01  2.012511172305565e-01 
  2.101080042771270e-01  1.515601407774839e-01 
  1.640091008241859e-01  1.147419034224346e-01 
  1.291622487537648e-01  8.744803396996123e-02 
  1.021451257942558e-01  6.751641904586969e-02 
  1.864033433369798e-01  6.793743563920641e-02 
  2.367062622099482e-01  9.271093265044800e-02 
  2.990902788214801e-01  1.270113844646648e-01 
  3.785586268322723e-01  1.725061370208880e-01 
  4.694463833906994e-01  2.334442332148792e-01 
  5.627796014890927e-01  3.077966934146093e-01 
  6.453797695135660e-01  3.944357312168900e-01 
  6.988955055221943e-01  4.856813197699295e-01 
  7.142755719429017e-01  5.782245808788028e-01 
  6.925325610727008e-01  6.622801675730374e-01 
  6.347008027682483e-01  7.324945538040240e-01 
  5.582496990394544e-01  7.917025613680940e-01 
  4.723197409463098e-01  8.335709096372588e-01 
  3.922654406360888e-01  8.635335193042687e-01 
  3.242382879802027e-01  8.861174723420215e-01 
  2.676356100196940e-01  8.994049014599480e-01 
  2.236553532617170e-01  9.089718840316140e-01 
  1.893840054576061e-01  9.166181447661613e-01 
  1.614752804913737e-01  9.160250495215801e-01 
  1.378798485216434e-01  9.184715322012252e-01 
  1.162396109193346e-01  9.168016790496843e-01 
  9.670966916476167e-02  9.133618127668772e-01 
  7.835254321111589e-02  9.112524311684966e-01 
  6.271741467007319e-02  9.118748756207634e-01 
  5.187979455598455e-02  9.144099644938641e-01 
  4.593538890435366e-02  9.174980502124204e-01 
  4.395076589795592e-02  9.200798083945543e-01 
  4.240840098285099e-02  9.231546253294514e-01 
  3.809789211226546e-02  9.209718373711757e-01 
  2.930512968424650e-02  9.203770906666672e-01 
  1.524271563545524e-02  9.162643724261988e-01 
  5.096454456899922e-03  9.087084153972756e-01 
  3.251475961781130e-02  9.038409211417769e-01 
  6.901403942400174e-02  9.007050547334794e-01 
  1.165748318278845e-01  8.938247991857226e-01 
  1.778500729293752e-01  8.884127854484930e-01 
  2.532338732323893e-01  8.816479458751382e-01 
  3.443317720504754e-01  8.719436113734456e-01 
  4.434740352476305e-01  8.536833280889278e-01 
  5.404319267062963e-01  8.254054839873448e-01 
  6.190116142941784e-01  7.777048368312734e-01 
  6.684892805700287e-01  7.088706577616086e-01 
  6.748792067766584e-01  6.261201058629617e-01 
  6.399060962332139e-01  5.355293159863225e-01 
  5.713593616166375e-01  4.375238177957952e-01 
  4.816422733649708e-01  3.467559724467041e-01 
  3.924083567892437e-01  2.667975886166032e-01 
  3.096722913676827e-01  2.027087053860168e-01 
  2.421490656391286e-01  1.531805589800734e-01 
  1.888723776805578e-01  1.162286115991519e-01 
  1.472349108130233e-01  8.844065492968151e-02 
  1.152912632023932e-01  6.793092057020647e-02 
  2.068359844005916e-01  6.243895845795541e-02 
  2.643965583316942e-01  8.528729688498644e-02 
  3.384575431618053e-01  1.170908746168505e-01 
  4.301105522762746e-01  1.587605701861903e-01 
  5.321734422752977e-01  2.118703334014843e-01 
  6.359460843242127e-01  2.788883674242863e-01 
  7.217478479481960e-01  3.536867171391836e-01 
  7.721209700167165e-01  4.326637399430824e-01 
  7.799884964537240e-01  5.095055862506321e-01 
  7.418552895224462e-01  5.769544800547968e-01 
  6.677662996494611e-01  6.348926509058557e-01 
  5.770536569401084e-01  6.765817047821158e-01 
  4.811035345936832e-01  7.068273568936106e-01 
  3.929019168502136e-01  7.303978733125531e-01 
  3.206260078482221e-01  7.428166846353362e-01 
  2.612410962980922e-01  7.539321267935998e-01 
  2.146367321697524e-01  7.586618574753045e-01 
  1.785026416561750e-01  7.620191753392027e-01 
  1.486936929162803e-01  7.641453065860867e-01 
  1.241608558672991e-01  7.652324884405941e-01 
  1.021808350673820e-01  7.634690745411816e-01 
  8.314943405655903e-02  7.628840763887321e-01 
  6.628719587754288e-02  7.623103214059529e-01 
  5.310811629693840e-02  7.631752893183636e-01 
  4.351832263406624e-02  7.674365869291475e-01 
  3.795478604523366e-02  7.699891402038285e-01 
  3.458192364885915e-02  7.719025933049231e-01 
  3.095656735765281e-02  7.705009881010432e-01 
  2.472981102124769e-02  7.666058869811361e-01 
  1.414858954039424e-02  7.667314012180078e-01 
  1.420654095316249e-03  7.591277195866124e-01 
  2.276957097015743e-02  7.579810532562591e-01 
  5.100073648040644e-02  7.501219950217495e-01 
  8.815659300319161e-02  7.474265142953596e-01 
  1.370600221317587e-01  7.439687609171513e-01 
  1.987678763033011e-01  7.413864596393921e-01 
  2.777891299949631e-01  7.405779036119465e-01 
  3.719122622255648e-01  7.403081831963017e-01 
  4.770320928006548e-01  7.313401222063759e-01 
  5.854808539645409e-01  7.182789680028354e-01 
  6.756868199745141e-01  6.849659767601060e-01 
  7.362642232066144e-01  6.386626225388968e-01 
  7.512234695694242e-01  5.736050946541784e-01 
  7.159444843289613e-01  4.947046584804772e-01 
  6.435194053589151e-01  4.092928896253238e-01 
  5.442887997652982e-01  3.297743705032254e-01 
  4.416359287043167e-01  2.557112587115733e-01 
  3.475758132667625e-01  1.966281304762468e-01 
  2.700246722477435e-01  1.492446596745698e-01 
  2.094135830532323e-01  1.132265044759923e-01 
  1.626335708330377e-01  8.633262577128935e-02 
  1.271721892333126e-01  6.655569915846583e-02 
  2.258473232259799e-01  5.444457976275362e-02 
  2.895489188191577e-01  7.368648665282851e-02 
  3.691360813970644e-01  9.962126450848995e-02 
  4.701332824953459e-01  1.337849467132020e-01 
  5.831896362414496e-01  1.785162478373965e-01 
  6.938666237067933e-01  2.329759546560691e-01 
  7.843527031365153e-01  2.925104931322074e-01 
  8.328554799314754e-01  3.564549089379436e-01 
  8.307947579443444e-01  4.179408291746064e-01 
  7.803258562902974e-01  4.718193522105935e-01 
  6.936774034934915e-01  5.142239499290905e-01 
  5.890099043355956e-01  5.478050733012862e-01 
  4.850451290101678e-01  5.706172546974839e-01 
  3.926591730454878e-01  5.841958936973589e-01 
  3.162427643431632e-01  5.950621129223018e-01 
  2.542459816330798e-01  6.013743493070755e-01 
  2.063670697670630e-01  6.066979814477681e-01 
  1.683102626096871e-01  6.114133962274217e-01 
  1.380484858681640e-01  6.125294159778554e-01 
  1.123867073375551e-01  6.125153826476455e-01 
  9.031532469497972e-02  6.129208567867792e-01 
  7.195495362340565e-02  6.154541436583414e-01 
  5.662398726375738e-02  6.165266440885127e-01 
  4.486630430457771e-02  6.186414285041554e-01 
  3.592456330551076e-02  6.189717810964489e-01 
  2.971157318016874e-02  6.213557190482301e-01 
  2.493559281964076e-02  6.207674691894665e-01 
  1.929830640785726e-02  6.216826540216326e-01 
  1.136759644692583e-02  6.187864570083357e-01 
  8.175431755459699e-04  6.151438692128466e-01 
  1.649452819467029e-02  6.106402820910108e-01 
  3.793898847606453e-02  6.072629709883202e-01 
  6.719611235896612e-02  6.024690621068400e-01 
  1.037840101632889e-01  6.000408947748171e-01 
  1.521728756290448e-01  5.993463295298915e-01 
  2.145468030945169e-01  6.012843495275068e-01 
  2.928785377670590e-01  6.028041034330025e-01 
  3.882968322949532e-01  6.067316494487625e-01 
  4.993745986449595e-01  6.052222698353990e-01 
  6.148749462585207e-01  6.006065995801727e-01 
  7.187782013174923e-01  5.847362254675913e-01 
  7.901299017874596e-01  5.517931438841037e-01 
  8.124646004618296e-01  5.054625104278057e-01 
  7.835452778362680e-01  4.434397288229130e-01 
  7.092567009062769e-01  3.749730022454835e-01 
  6.030669072505166e-01  3.062624482977375e-01 
  4.918963473006994e-01  2.417784282505206e-01 
  3.867502451060279e-01  1.863651271699582e-01 
  2.998670502671393e-01  1.428267486829768e-01 
  2.311103512434402e-01  1.092178567871838e-01 
  1.793599390251609e-01  8.374642947901034e-02 
  1.390791243281422e-01  6.495755953013956e-02 
  2.422548874403081e-01  4.490893954575022e-02 
  3.119695077116433e-01  6.021613130039152e-02 
  4.008683768773358e-01  8.070487143371474e-02 
  5.106234994211803e-01  1.070168220233302e-01 
  6.316854848671390e-01  1.408412594425059e-01 
  7.488301079530475e-01  1.814822479232217e-01 
  8.341474905622693e-01  2.282414669769515e-01 
  8.760961011322738e-01  2.762689963780348e-01 
  8.660635236120861e-01  3.242297041370164e-01 
  8.006980993561413e-01  3.654277719625625e-01 
  7.033321139125460e-01  3.992883601055790e-01 
  5.900394474115667e-01  4.243819949325466e-01 
  4.800638432146372e-01  4.436782609827255e-01 
  3.849720924568594e-01  4.559319741503275e-01 
  3.075397079506518e-01  4.650757017033709e-01 
  2.450010511206259e-01  4.710800907004789e-01 
  1.959618575801396e-01  4.744857237745881e-01 
  1.575500326854370e-01  4.776082829890872e-01 
  1.270085031210787e-01  4.798644200528215e-01 
  1.014987158426528e-01  4.817181391175462e-01 
  8.021709819859002e-02  4.838128511382160e-01 
  6.260275524496890e-02  4.863662716339767e-01 
  4.808754410136712e-02  4.877557524050460e-01 
  3.693157231720917e-02  4.909012636077667e-01 
  2.840682184705462e-02  4.919446025497121e-01 
  2.156092295110870e-02  4.944697180442718e-01 
  1.526493810190374e-02  4.940698472517615e-01 
  8.231053937708179e-03  4.934387478832769e-01 
  1.626990239674238e-03  4.918922725461309e-01 
  1.403635512871450e-02  4.886426267742863e-01 
  3.081841844472115e-02  4.847490872453693e-01 
  5.309576685134723e-02  4.817465353978217e-01 
  8.172577499094986e-02  4.789051970440241e-01 
  1.184225606542911e-01  4.768947045011198e-01 
  1.666374064462289e-01  4.780192102073484e-01 
  2.294484866504158e-01  4.779569157839685e-01 
  3.079107117443290e-01  4.825202009316379e-01 
  4.054677784775418e-01  4.895086832172340e-01 
  5.187901211433262e-01  4.934955035730911e-01 
  6.408188785669142e-01  4.953078373945805e-01 
  7.526534342734646e-01  4.875890006957110e-01 
  8.324673278706239e-01  4.662144177355239e-01 
  8.618833630712407e-01  4.312437858337100e-01 
  8.360827199996026e-01  3.852881482524887e-01 
  7.608225875702812e-01  3.301166277508353e-01 
  6.501701813049134e-01  2.722371878845506e-01 
  5.284286399413353e-01  2.184520879388588e-01 
  4.165526460918492e-01  1.711887023927122e-01 
  3.228320899125084e-01  1.328643294386925e-01 
  2.484312345878389e-01  1.024264922733629e-01 
  1.927309879417790e-01  7.907250547857730e-02 
  1.494208998837711e-01  6.139066672469476e-02 
  2.567999871168144e-01  3.445348438672810e-02 
  3.309255867866317e-01  4.495156847738098e-02 
  4.232982252352925e-01  5.935391904333404e-02 
  5.378841507797801e-01  7.706975883440344e-02 
  6.619436153347429e-01  1.002274312787459e-01 
  7.804932430573474e-01  1.281509116354295e-01 
  8.679514791450909e-01  1.618198893974627e-01 
  9.076890526921684e-01  1.965190020217527e-01 
  8.908912584730054e-01  2.331413194465209e-01 
  8.183991084833174e-01  2.664495554551804e-01 
  7.122558871865692e-01  2.933270739462336e-01 
  5.930025318523627e-01  3.158540863974481e-01 
  4.781786125979083e-01  3.321257131889336e-01 
  3.809028284662763e-01  3.440197690793730e-01 
  3.015044300026355e-01  3.536132664496759e-01 
  2.391962945531371e-01  3.596994717336749e-01 
  1.901551524697310e-01  3.649641446935754e-01 
  1.509287230315927e-01  3.685846544797585e-01 
  1.203759971299226e-01  3.719629213951378e-01 
  9.478327216765185e-02  3.738763119480036e-01 
  7.348033838450294e-02  3.766766072088483e-01 
  5.656529385436510e-02  3.796803751623069e-01 
  4.267547341542435e-02  3.823046232327367e-01 
  3.152238707606481e-02  3.855821316882579e-01 
  2.265209360606891e-02  3.872660269329234e-01 
  1.500913789324391e-02  3.878146402983830e-01 
  7.546033825352070e-03  3.878093271263321e-01 
  1.701298024083931e-03  3.879241346359100e-01 
  1.157360210939757e-02  3.860424827224166e-01 
  2.510770096999065e-02  3.843224461982230e-01 
  4.207325355387281e-02  3.801452777913961e-01 
  6.437049482274848e-02  3.777140154061981e-01 
  9.245190143428728e-02  3.766739184956284e-01 
  1.294388803453041e-01  3.758284907988171e-01 
  1.773619674139096e-01  3.762921860427156e-01 
  2.375913075430507e-01  3.801665048176326e-01 
  3.158962697680071e-01  3.842979785206195e-01 
  4.127368521769091e-01  3.915257228083882e-01 
  5.277806912625218e-01  3.977637945286037e-01 
  6.533442113774367e-01  4.033068050697954e-01 
  7.734996964623182e-01  4.012354990774686e-01 
  8.619652300501868e-01  3.900845503246325e-01 
  8.979878231507151e-01  3.661366469611371e-01 
  8.765874479612200e-01  3.310913235884991e-01 
  8.035743165855872e-01  2.887087856324468e-01 
  6.892768580172606e-01  2.422064754875956e-01 
  5.631161041717951e-01  1.970729193141068e-01 
  4.446517927116236e-01  1.559707103140246e-01 
  3.456866019789713e-01  1.229205514686465e-01 
  2.665105144480331e-01  9.547212739295813e-02 
  2.057887350355234e-01  7.431893028826136e-02 
  1.595669880995409e-01  5.833748470106190e-02 
  2.690017142482616e-01  2.368632042203579e-02 
  3.471744831359738e-01  3.057671673986116e-02 
  4.448976355022923e-01  3.922106660509423e-02 
  5.635928795851589e-01  4.986087550579114e-02 
  6.923123797295312e-01  6.377143651318501e-02 
  8.118084127906835e-01  8.187490328719611e-02 
  8.972348782952768e-01  1.036096961320612e-01 
  9.307643649154286e-01  1.297259620158373e-01 
  9.048657448535525e-01  1.579365329229634e-01 
  8.268954412079020e-01  1.847296468547420e-01 
  7.132813152400773e-01  2.093017694951085e-01 
  5.883112423227275e-01  2.304505240193854e-01 
  4.730954787278430e-01  2.457304635990374e-01 
  3.743960840234409e-01  2.591151164984773e-01 
  2.942954499553256e-01  2.681961566748172e-01 
  2.325547677118942e-01  2.754424356234874e-01 
  1.825834452037512e-01  2.805068039944196e-01 
  1.444952922103646e-01  2.846566604694671e-01 
  1.139614319508898e-01  2.884504029625721e-01 
  8.882270553143086e-02  2.914709993445220e-01 
  6.838445618277601e-02  2.948584987308962e-01 
  5.161846642708143e-02  2.980894117497435e-01 
  3.803788819810999e-02  3.006138252897590e-01 
  2.681483615154296e-02  3.032453499533515e-01 
  1.749772342367459e-02  3.048215379881265e-01 
  8.968619468045438e-03  3.057360145554309e-01 
  1.432585323528290e-03  3.060044907569143e-01 
  9.127297315525950e-03  3.053891477574158e-01 
  2.023614336772768e-02  3.033918778200584e-01 
  3.438650188631130e-02  3.022364921143504e-01 
  5.183004639693654e-02  3.005089423608834e-01 
  7.415153532193469e-02  2.989572569239919e-01 
  1.030128250670209e-01  2.978460192002364e-01 
  1.392065587387958e-01  2.990793995090314e-01 
  1.866091340717085e-01  2.998304937917536e-01 
  2.468878385872798e-01  3.041161963293807e-01 
  3.252515295708307e-01  3.087795642532014e-01 
  4.239235541385551e-01  3.173050251037284e-01 
  5.392218071949055e-01  3.238994421290213e-01 
  6.678193485676022e-01  3.321169187066356e-01 
  7.904962200874786e-01  3.331576960021816e-01 
  8.825128700643345e-01  3.277619615003717e-01 
  9.243900190506109e-01  3.110619928338174e-01 
  9.056381264941024e-01  2.853625649789235e-01 
  8.298237255380202e-01  2.511891347771806e-01 
  7.181288057682366e-01  2.129470117155337e-01 
  5.875864167111382e-01  1.749257118806584e-01 
  4.661758244999678e-01  1.404610303974506e-01 
  3.613756181904059e-01  1.110884225875652e-01 
  2.788910629915640e-01  8.721387840214857e-02 
  2.155713530473793e-01  6.833940605816154e-02 
  1.674275983599701e-01  5.395382015944022e-02 
  2.783809724579413e-01  1.329394262251156e-02 
  3.570728234435234e-01  1.630218247457476e-02 
  4.575312345093338e-01  1.983057239593619e-02 
  5.779290133836944e-01  2.411056013519741e-02 
  7.079622447426426e-01  3.048455431448035e-02 
  8.278185378724917e-01  3.994308918298980e-02 
  9.155870630588629e-01  5.384702327473086e-02 
  9.488194911305978e-01  7.230914893498550e-02 
  9.189113115545914e-01  9.399215348967219e-02 
  8.352901259737316e-01  1.169586777976546e-01 
  7.180863107216483e-01  1.397135410443531e-01 
  5.909757324858532e-01  1.592501866409184e-01 
  4.728808724588587e-01  1.764125997065651e-01 
  3.723314722590337e-01  1.889755204115369e-01 
  2.928122202242366e-01  1.992947462009592e-01 
  2.304210745597789e-01  2.065903588403577e-01 
  1.799220942783834e-01  2.125598329050204e-01 
  1.413643327453467e-01  2.175102111552470e-01 
  1.106426063345551e-01  2.220550733182989e-01 
  8.576443829770916e-02  2.251173148748010e-01 
  6.562035077837026e-02  2.283412635822830e-01 
  4.907773345580776e-02  2.316071966784269e-01 
  3.540696874500522e-02  2.347894346032511e-01 
  2.402656566605918e-02  2.370280807574878e-01 
  1.394884658033029e-02  2.388127171872467e-01 
  4.920600966788184e-03  2.398578850696732e-01 
  4.724981882739922e-03  2.401185432963343e-01 
  1.477058674816336e-02  2.401072921796872e-01 
  2.669303756302387e-02  2.391154289938862e-01 
  4.085988571796629e-02  2.376344222097113e-01 
  5.862759075171177e-02  2.369324798546981e-01 
  8.099436364547752e-02  2.360867153919567e-01 
  1.093012547608086e-01  2.358044246683301e-01 
  1.454207893254153e-01  2.367618364878719e-01 
  1.915893207081664e-01  2.386317356354276e-01 
  2.516764605407626e-01  2.426710951124251e-01 
  3.296096344674088e-01  2.484760302603961e-01 
  4.269445239522879e-01  2.568059312027938e-01 
  5.447829381441425e-01  2.654979059260609e-01 
  6.765602804509800e-01  2.742477984999275e-01 
  8.039528842355931e-01  2.789219225220702e-01 
  9.002192543389637e-01  2.771776446641738e-01 
  9.473886939866656e-01  2.673003946734561e-01 
  9.298763401098608e-01  2.476236095991716e-01 
  8.585250027638540e-01  2.201539844845890e-01 
  7.418011420363286e-01  1.890801986908028e-01 
  6.095582977963692e-01  1.561742755324814e-01 
  4.854507178290136e-01  1.264411246256364e-01 
  3.775994017998968e-01  1.009625009556142e-01 
  2.920071244668793e-01  7.936843191161913e-02 
  2.251580079271350e-01  6.272310511354323e-02 
  1.750220222996532e-01  4.963728854727813e-02 
  2.861256205674054e-01  3.492187069931486e-03 
  3.677147472090181e-01  3.444855425075762e-03 
  4.703739345564910e-01  2.860859963469618e-03 
  5.929369944122446e-01  2.250985772380491e-03 
  7.272467642477418e-01  2.674963127794761e-03 
  8.477580992654390e-01  5.819349621303339e-03 
  9.332609572649044e-01  1.346623998921598e-02 
  9.620983007667709e-01  2.597115116177595e-02 
  9.292275932309531e-01  4.349023956767915e-02 
  8.405161210711792e-01  6.367749933765499e-02 
  7.188453994060923e-01  8.461799877415178e-02 
  5.876484535559486e-01  1.044847962117515e-01 
  4.688727548723679e-01  1.211572758737357e-01 
  3.683102434343519e-01  1.346302183024778e-01 
  2.882609394057392e-01  1.452184008560818e-01 
  2.248344972872597e-01  1.528330041954172e-01 
  1.761007873088330e-01  1.595156691376608e-01 
  1.377076279788954e-01  1.641233224213295e-01 
  1.070381384837054e-01  1.687945616153530e-01 
  8.274736015615493e-02  1.719007810674104e-01 
  6.282275062851934e-02  1.753147876495932e-01 
  4.634802660709991e-02  1.782117972323068e-01 
  3.284866677613079e-02  1.810959550320569e-01 
  2.106607362098912e-02  1.832394797224602e-01 
  1.084934320116401e-02  1.848968021667803e-01 
  1.578053226775097e-03  1.858779396803505e-01 
  8.845341354266029e-03  1.862741755991805e-01 
  1.933763896251203e-02  1.863508808785859e-01 
  3.162553256264688e-02  1.856766534517892e-01 
  4.621993683289694e-02  1.852177695551289e-01 
  6.432654821155392e-02  1.849266702834811e-01 
  8.655720964967484e-02  1.849835671695726e-01 
  1.149692763010601e-01  1.852900506362283e-01 
  1.509388711385958e-01  1.868002056444182e-01 
  1.970517052885092e-01  1.894748186210003e-01 
  2.581100991288509e-01  1.944416509984147e-01 
  3.369273743932184e-01  2.001332969966382e-01 
  4.349091527834626e-01  2.089149888195866e-01 
  5.543418254247660e-01  2.186726409324544e-01 
  6.860731095560704e-01  2.282459341565625e-01 
  8.158018721169010e-01  2.348944199560979e-01 
  9.157212609124729e-01  2.367476898975766e-01 
  9.666840381742625e-01  2.294292048735592e-01 
  9.509818923409662e-01  2.152935901797659e-01 
  8.773099352070306e-01  1.929338807655932e-01 
  7.592882821594807e-01  1.668867280317421e-01 
  6.240127273148005e-01  1.388862973635444e-01 
  4.955403778070366e-01  1.127477801582520e-01 
  3.861370262263646e-01  9.030090440628130e-02 
  2.988010350928854e-01  7.175458384411519e-02 
  2.316102618714822e-01  5.677398125009799e-02 
  1.797676112697389e-01  4.545615528541234e-02 
  2.915386226135863e-01  5.876772787532215e-03 
  3.731891404711154e-01  8.493887411186058e-03 
  4.768222882968407e-01  1.218579730722443e-02 
  5.997701501081393e-01  1.662380362596708e-02 
  7.323630886806167e-01  2.048196407219697e-02 
  8.542873934431743e-01  2.183104375101381e-02 
  9.407984595153638e-01  1.891768762590305e-02 
  9.697678844688663e-01  1.037573449397511e-02 
  9.363216115785464e-01  3.871104988422682e-03 
  8.484868142006907e-01  2.157266006227217e-02 
  7.252909318499299e-01  4.111728687476013e-02 
  5.930028049401836e-01  6.044261563090007e-02 
  4.718352657030533e-01  7.699842645640960e-02 
  3.703514911616015e-01  9.083581141624178e-02 
  2.889048266972433e-01  1.016774509650892e-01 
  2.249919592562978e-01  1.099500927367362e-01 
  1.748068703938593e-01  1.163409216643372e-01 
  1.369284990409891e-01  1.216187120795586e-01 
  1.063182691216854e-01  1.258810625225201e-01 
  8.161013525177879e-02  1.294468390783477e-01 
  6.142754342463882e-02  1.326270317386857e-01 
  4.514059171305532e-02  1.353379675062784e-01 
  3.135386958698376e-02  1.378803731238566e-01 
  1.941332153337311e-02  1.396397459434719e-01 
  8.648347816406688e-03  1.413638127191151e-01 
  2.028255197768831e-03  1.425562458803278e-01 
  1.199508963406865e-02  1.433332340384018e-01 
  2.301232493266185e-02  1.439672470077817e-01 
  3.577349711462773e-02  1.437697276386282e-01 
  5.040710407382488e-02  1.435975234747104e-01 
  6.878156411719739e-02  1.437040142657449e-01 
  9.092988620982669e-02  1.441724404663510e-01 
  1.194472615642716e-01  1.449427510235092e-01 
  1.547269617081748e-01  1.472248260968940e-01 
  2.017267759677099e-01  1.503809762945802e-01 
  2.608086238561665e-01  1.551666557345849e-01 
  3.378258262335068e-01  1.620524681622405e-01 
  4.365951406022098e-01  1.710433524024594e-01 
  5.541267267073036e-01  1.816983359826321e-01 
  6.875967220220315e-01  1.929628478233215e-01 
  8.178499804015916e-01  2.015700251515985e-01 
  9.232365673857993e-01  2.057486763823369e-01 
  9.744563670456489e-01  2.019860842808460e-01 
  9.623806838674687e-01  1.911332964129303e-01 
  8.917335316193347e-01  1.724518270962068e-01 
  7.745001346677662e-01  1.499680691725763e-01 
  6.398748601049651e-01  1.253373043437638e-01 
  5.086111744390356e-01  1.020926789466405e-01 
  3.979127431181938e-01  8.196277428021698e-02 
  3.078879539866500e-01  6.498345531089257e-02 
  2.389742721884237e-01  5.145435635969602e-02 
  1.858438943933207e-01  4.100371440952047e-02 
  2.952705939185096e-01  1.404292253001250e-02 
  3.793265993501269e-01  1.881632475315025e-02 
  4.845416318585778e-01  2.508430368766907e-02 
  6.076311050766111e-01  3.267769387643733e-02 
  7.415295247930144e-01  3.980156510123846e-02 
  8.637657861602774e-01  4.455182510544412e-02 
  9.473319781642066e-01  4.495233959484048e-02 
  9.772367655415116e-01  3.925793033435002e-02 
  9.412198931033081e-01  2.742247504888884e-02 
  8.509231666262603e-01  1.128276778885454e-02 
  7.266122202585875e-01  7.675857436530893e-03 
  5.916869593242501e-01  2.603423375775727e-02 
  4.705047883362749e-01  4.218068225568219e-02 
  3.681936528614634e-01  5.608815444708456e-02 
  2.858579320440073e-01  6.673752552961808e-02 
  2.226883757464230e-01  7.499185561303917e-02 
  1.731016061685384e-01  8.170786261567736e-02 
  1.346867574803136e-01  8.679682717558665e-02 
  1.042203308734281e-01  9.122498486845586e-02 
  7.965021411568922e-02  9.471741785648836e-02 
  5.991059014648541e-02  9.773313951854301e-02 
  4.348528268187972e-02  1.004056148587235e-01 
  2.960210178652289e-02  1.025770369879319e-01 
  1.747409319475737e-02  1.043574359512916e-01 
  6.408973083168727e-03  1.057365290555890e-01 
  4.503438617330362e-03  1.069803957162326e-01 
  1.503988091711551e-02  1.078145190766861e-01 
  2.642953654373383e-02  1.082809356921410e-01 
  3.951661607730839e-02  1.084717258258752e-01 
  5.455299486686306e-02  1.091232143135325e-01 
  7.291313095166749e-02  1.094957215931500e-01 
  9.528823827226993e-02  1.105351360190432e-01 
  1.237181301683682e-01  1.118776795215925e-01 
  1.599930426428855e-01  1.145977920020695e-01 
  2.059924237396288e-01  1.182196447608801e-01 
  2.651238193996399e-01  1.236103824121899e-01 
  3.425761289520182e-01  1.306989353770004e-01 
  4.405101276484290e-01  1.409008295453136e-01 
  5.602068921784776e-01  1.519772388832216e-01 
  6.952621668524700e-01  1.641268747941804e-01 
  8.251669928258683e-01  1.741710018680782e-01 
  9.297917697395830e-01  1.802672775756969e-01 
  9.808317090857642e-01  1.786573961273443e-01 
  9.693905854345315e-01  1.702300199329721e-01 
  8.973610139976740e-01  1.545940767606975e-01 
  7.819349004262580e-01  1.346243439773747e-01 
  6.467171048052049e-01  1.126105293572846e-01 
  5.151192118617200e-01  9.141577595717641e-02 
  4.026838828468650e-01  7.317361314042321e-02 
  3.122648836908569e-01  5.797959134351845e-02 
  2.428689513323277e-01  4.586911912723586e-02 
  1.892133816719794e-01  3.661215986353736e-02 
  2.977720615097286e-01  2.135784350560712e-02 
  3.792508803737017e-01  2.785596127352101e-02 
  4.837838848150818e-01  3.606120211393558e-02 
  6.067608451820697e-01  4.587790206727644e-02 
  7.404385089875106e-01  5.558425638815195e-02 
  8.634818187533253e-01  6.303065931961378e-02 
  9.488876573927489e-01  6.604587526673207e-02 
  9.763479025237733e-01  6.296238200868876e-02 
  9.449709278910844e-01  5.320487166855132e-02 
  8.559882389129635e-01  3.856032183619577e-02 
  7.297713300998585e-01  2.108968776439117e-02 
  5.969151444609946e-01  3.462300831136928e-03 
  4.734514463389695e-01  1.318876560791759e-02 
  3.704657367611066e-01  2.652398661019245e-02 
  2.887105789452475e-01  3.743019158157330e-02 
  2.244387274429416e-01  4.569789547833373e-02 
  1.739682911875575e-01  5.210186268900275e-02 
  1.352649410577891e-01  5.723803290767401e-02 
  1.045940422720500e-01  6.132589569356194e-02 
  7.979302828278224e-02  6.479850706612131e-02 
  5.964754831258142e-02  6.770956910314095e-02 
  4.305790027907694e-02  7.005627637286024e-02 
  2.899492218895510e-02  7.218549684122975e-02 
  1.658669839090299e-02  7.382934237166139e-02 
  5.321374787449954e-03  7.535495242776909e-02 
  5.666227370536221e-03  7.664762458193461e-02 
  1.662665929778815e-02  7.750082935128849e-02 
  2.845536741689389e-02  7.820695916093566e-02 
  4.158201661487229e-02  7.882474963392629e-02 
  5.681774556151481e-02  7.946874417091204e-02 
  7.505754367039483e-02  8.035161312364687e-02 
  9.746048036498017e-02  8.168820442332783e-02 
  1.257397514687461e-01  8.371634325124053e-02 
  1.613056938511727e-01  8.650630258757905e-02 
  2.070415439442730e-01  9.064466536246404e-02 
  2.667620201506198e-01  9.626508530213791e-02 
  3.438785981319288e-01  1.042478363463915e-01 
  4.404457235415593e-01  1.141688298854509e-01 
  5.585232385934096e-01  1.263473681854577e-01 
  6.921473295064844e-01  1.393084146763695e-01 
  8.233408199929739e-01  1.513606903981519e-01 
  9.309701314153122e-01  1.587658160548716e-01 
  9.855483781966979e-01  1.594047652264546e-01 
  9.778509175501295e-01  1.529687261124638e-01 
  9.067854597176233e-01  1.396873408475838e-01 
  7.903395177089657e-01  1.216513268110824e-01 
  6.575659213514462e-01  1.017607736267478e-01 
  5.255618680406955e-01  8.268143394605754e-02 
  4.118653415274411e-01  6.567789877450360e-02 
  3.193575939334739e-01  5.192254244201332e-02 
  2.479829360417907e-01  4.101010677220768e-02 
  1.930476403778022e-01  3.252657985875532e-02 
  2.974604616450829e-01  2.823653487545192e-02 
  3.808684930689127e-01  3.612648017059765e-02 
  4.856217141611415e-01  4.610273603475637e-02 
  6.110042028791217e-01  5.783358975771830e-02 
  7.453680065917522e-01  6.940416762094104e-02 
  8.701674777015037e-01  7.912106966399106e-02 
  9.551519081024170e-01  8.404998688325616e-02 
  9.829995015381479e-01  8.250411308278680e-02 
  9.493546842571566e-01  7.416896181699746e-02 
  8.553154118440360e-01  6.075322684688002e-02 
  7.309423877829653e-01  4.416616087159880e-02 
  5.953705488217166e-01  2.692243579976688e-02 
  4.718101152677214e-01  1.114812680560187e-02 
  3.688169292517827e-01  2.562239369744298e-03 
  2.864529819718069e-01  1.269811775053076e-02 
  2.222762686155175e-01  2.094257358121246e-02 
  1.720153080841826e-01  2.712154338728883e-02 
  1.335004247925796e-01  3.212562976630039e-02 
  1.029010242431114e-01  3.614135242367953e-02 
  7.832490875294042e-02  3.926439408926468e-02 
  5.824911047399716e-02  4.194736644648940e-02 
  4.163842058259219e-02  4.429336242843818e-02 
  2.754276886625891e-02  4.625122608013438e-02 
  1.498055652442943e-02  4.787555262013825e-02 
  3.453204495421466e-03  4.911390320791073e-02 
  7.710738904550980e-03  5.048165680624683e-02 
  1.886452383884734e-02  5.116863715956362e-02 
  3.074151365965054e-02  5.234933269119700e-02 
  4.411425483081773e-02  5.294037338173534e-02 
  5.952646568829160e-02  5.402344809864834e-02 
  7.802273098608396e-02  5.503931877861548e-02 
  1.004627813528962e-01  5.673241877300217e-02 
  1.286569488163899e-01  5.879711945998505e-02 
  1.640292305331369e-01  6.212374094038591e-02 
  2.104207661782622e-01  6.650924226857928e-02 
  2.692051089362689e-01  7.281600533806637e-02 
  3.460129057475853e-01  8.089461268649602e-02 
  4.438169633595606e-01  9.173165943293507e-02 
  5.620209408046564e-01  1.044713483682344e-01 
  6.969477937146651e-01  1.183359768003311e-01 
  8.312161976821081e-01  1.308701047417703e-01 
  9.390459578840601e-01  1.395894351886786e-01 
  9.902292430842127e-01  1.416247153537506e-01 
  9.836177281554027e-01  1.370472419914662e-01 
  9.109542106759365e-01  1.257752386375631e-01 
  7.944390759900953e-01  1.093171498222296e-01 
  6.591115128235966e-01  9.106893336947949e-02 
  5.274707087527402e-01  7.376251228874586e-02 
  4.140740819091067e-01  5.830717496862003e-02 
  3.213109658504847e-01  4.564212436504257e-02 
  2.502760243749337e-01  3.594836561011324e-02 
  1.953191598844051e-01  2.843807203689024e-02 
  2.970278335543315e-01  3.453948438409458e-02 
  3.790370799176833e-01  4.367540591855482e-02 
  4.823525153541297e-01  5.482063351487631e-02 
  6.068844328961072e-01  6.795471572065140e-02 
  7.407429002345113e-01  8.139857462485287e-02 
  8.641466438998555e-01  9.272980574451276e-02 
  9.518387858648093e-01  9.940154850262520e-02 
  9.815885811990910e-01  9.966152996362614e-02 
  9.493929395019223e-01  9.306087893257356e-02 
  8.604753777036775e-01  8.131680377620912e-02 
  7.347955163321197e-01  6.576523858507377e-02 
  6.014289062659790e-01  4.931620508973647e-02 
  4.776328050509814e-01  3.401583607900671e-02 
  3.725749892630805e-01  2.110959251170820e-02 
  2.897806602525627e-01  1.083756586737774e-02 
  2.240226589461147e-01  3.061969074040960e-03 
  1.726718720904490e-01  3.551033341374446e-03 
  1.335084941837565e-01  8.140695304938262e-03 
  1.030862039892711e-01  1.195013881066183e-02 
  7.811453423881262e-02  1.503256360203667e-02 
  5.784177977501936e-02  1.748831833421980e-02 
  4.118363228868978e-02  1.971781329370636e-02 
  2.683968395651156e-02  2.148554873880558e-02 
  1.416579972909892e-02  2.298848229542237e-02 
  2.477932647123842e-03  2.423737877851680e-02 
  8.881496471719666e-03  2.537017716516453e-02 
  2.022428131642384e-02  2.633216392307992e-02 
  3.210631391328198e-02  2.741334615132888e-02 
  4.564405790042390e-02  2.827035421234074e-02 
  6.109622086806105e-02  2.950069516702131e-02 
  7.935733003267695e-02  3.082057238729272e-02 
  1.019043909312051e-01  3.269406712880629e-02 
  1.291419374481687e-01  3.510929832637508e-02 
  1.652875900719754e-01  3.885832712318082e-02 
  2.099416217046068e-01  4.345433418765170e-02 
  2.688132970474207e-01  5.015722491927720e-02 
  3.454632843719825e-01  5.880232525793420e-02 
  4.413933111584215e-01  6.989425819966832e-02 
  5.578007548048521e-01  8.316931987239562e-02 
  6.944823257275959e-01  9.784250204001449e-02 
  8.285350733760919e-01  1.110751478514443e-01 
  9.376313023282242e-01  1.211924039098293e-01 
  9.943351625988258e-01  1.248846036939149e-01 
  9.883062631500551e-01  1.219668057473179e-01 
  9.215904115743188e-01  1.120418058468977e-01 
  8.060972649396414e-01  9.789122201232538e-02 
  6.681192695164111e-01  8.157332220312651e-02 
  5.349554268937746e-01  6.506617096736889e-02 
  4.206907350834950e-01  5.123491263608803e-02 
  3.258462652493433e-01  3.987993575417911e-02 
  2.540280050569037e-01  3.089366977315541e-02 
  1.967540350206015e-01  2.434537396196351e-02 
  2.966656390696870e-01  4.056294699470908e-02 
  3.795225606965260e-01  5.087090337706996e-02 
  4.831477346712767e-01  6.346157554192836e-02 
  6.067403777415945e-01  7.802363867349157e-02 
  7.418387203136553e-01  9.281241002926545e-02 
  8.656107625964344e-01  1.056016247126556e-01 
  9.517911178053228e-01  1.138564530010091e-01 
  9.830671807238454e-01  1.159217022769902e-01 
  9.518591687981822e-01  1.106658438618100e-01 
  8.596866795738930e-01  9.920123981697367e-02 
  7.336336575229604e-01  8.474112006766239e-02 
  5.990117585117055e-01  6.924653551178679e-02 
  4.749693634642759e-01  5.477693777556990e-02 
  3.694488742956963e-01  4.214170474459229e-02 
  2.861173523880832e-01  3.231145388827640e-02 
  2.217646388780032e-01  2.448185379433479e-02 
  1.710945191717896e-01  1.866674307577137e-02 
  1.320562308900630e-01  1.403710827991328e-02 
  1.013098442317371e-01  1.050505547097695e-02 
  7.648198439984150e-02  7.580115968994315e-03 
  5.645171594955950e-02  5.144735478429888e-03 
  3.959178182758141e-02  3.291115697768506e-03 
  2.513438409932936e-02  1.630404442415025e-03 
  1.246067008608091e-02  1.779252767445143e-04 
  7.846017954374213e-04  1.022338579815269e-03 
  1.079479868832324e-02  2.155282983167128e-03 
  2.224348583184362e-02  3.035587459375929e-03 
  3.422120103809527e-02  4.122627538948999e-03 
  4.787973605374009e-02  5.092668414213773e-03 
  6.308075717056391e-02  6.509715370833133e-03 
  8.200848663601551e-02  8.009948061136972e-03 
  1.040251851885921e-01  1.010014014734270e-02 
  1.318977379991035e-01  1.270038832277323e-02 
  1.669158381716084e-01  1.650013699395228e-02 
  2.127628247513007e-01  2.166258850072443e-02 
  2.715831352192182e-01  2.852772569869759e-02 
  3.476915592240825e-01  3.756552389840998e-02 
  4.439575515878234e-01  4.917834394392469e-02 
  5.629769937365654e-01  6.301037292767209e-02 
  6.948738968947014e-01  7.822478893271438e-02 
  8.289674874262439e-01  9.254676660674284e-02 
  9.376021566071197e-01  1.034709651283516e-01 
  9.935763548553876e-01  1.087112150954473e-01 
  9.893014545425949e-01  1.070020134861169e-01 
  9.178178455142777e-01  9.880161646190408e-02 
  8.054550292903748e-01  8.600600003927647e-02 
  6.677859041935059e-01  7.089124442094137e-02 
  5.364152271413056e-01  5.614476262292799e-02 
  4.192086618323193e-01  4.361471109065763e-02 
  3.269046872119183e-01  3.348237452543495e-02 
  2.539972400702708e-01  2.563243708096537e-02 
  1.973751838764383e-01  1.999516765745327e-02 
  2.939411896989512e-01  4.630719233972938e-02 
  3.746252947140550e-01  5.760875637155653e-02 
  4.771834223611128e-01  7.139061939917297e-02 
  6.000882837736151e-01  8.728353963319195e-02 
  7.331804862539703e-01  1.035955737422213e-01 
  8.545012406497312e-01  1.178623510769659e-01 
  9.426827229537689e-01  1.276782289900808e-01 
  9.778204090500477e-01  1.312578994913435e-01 
  9.456379603931275e-01  1.275270019742238e-01 
  8.621582684337189e-01  1.181444296353371e-01 
  7.352370732791644e-01  1.044043394482059e-01 
  6.029954673500731e-01  8.949632454920800e-02 
  4.784288909911287e-01  7.513860018577985e-02 
  3.730716497286940e-01  6.348769357360520e-02 
  2.891199749636084e-01  5.362002350188177e-02 
  2.222055477232896e-01  4.626382643669093e-02 
  1.718367292090867e-01  4.052827786377230e-02 
  1.323869715915842e-01  3.612863886753787e-02 
  1.018138704881687e-01  3.278310615506130e-02 
  7.643032346825428e-02  2.993279352867240e-02 
  5.614231901104359e-02  2.767469224321354e-02 
  3.918785095515628e-02  2.596133073991231e-02 
  2.474521591488555e-02  2.436593324248041e-02 
  1.175780890809785e-02  2.314017025651279e-02 
  2.077783282133204e-04  2.207188628606257e-02 
  1.179544140670629e-02  2.103580566408148e-02 
  2.340395193961710e-02  2.020383671787216e-02 
  3.558839872014360e-02  1.904612805739327e-02 
  4.916570801170562e-02  1.793066100872451e-02 
  6.460940589989357e-02  1.670663367600086e-02 
  8.293477057788838e-02  1.509864937751480e-02 
  1.052816293738321e-01  1.292872357383565e-02 
  1.329696414249214e-01  1.012810161590406e-02 
  1.677522282513454e-01  6.196611947031902e-03 
  2.121159847808061e-01  2.010054347694688e-03 
  2.709706777625459e-01  6.544107878611645e-03 
  3.446320374745721e-01  1.573047547635341e-02 
  4.405251904399421e-01  2.769884117211084e-02 
  5.555352198957871e-01  4.162552269318122e-02 
  6.888510862915088e-01  5.788330228851236e-02 
  8.242334728110907e-01  7.292129959531392e-02 
  9.335084373774674e-01  8.522748050151462e-02 
  9.917988436562626e-01  9.187616308977603e-02 
  9.878102939190995e-01  9.166161397066419e-02 
  9.204242400434770e-01  8.510986467769868e-02 
  8.116382346939410e-01  7.402100886660103e-02 
  6.753149242650949e-01  6.055926562082643e-02 
  5.400436919484061e-01  4.760226853902522e-02 
  4.263017815558736e-01  3.607103052534277e-02 
  3.298403993492450e-01  2.709966049125898e-02 
  2.567263507852324e-01  2.033808930504268e-02 
  1.999973759659483e-01  1.558478265518640e-02 
  2.919334082653824e-01  5.210847339872852e-02 
  3.728994970535522e-01  6.472020735073354e-02 
  4.752545655347301e-01  7.980731502688294e-02 
  5.973578120250024e-01  9.716364531872415e-02 
  7.283045071377120e-01  1.149952495411787e-01 
  8.532144413132470e-01  1.313986641380965e-01 
  9.391843510073444e-01  1.430760856549275e-01 
  9.715352163909584e-01  1.481835517516431e-01 
  9.426538543202487e-01  1.459624182572203e-01 
  8.551582652479639e-01  1.378225242972984e-01 
  7.331546570889387e-01  1.252960846405606e-01 
  5.977950954730785e-01  1.110474269293690e-01 
  4.742689007823995e-01  9.779840006591664e-02 
  3.701753516419747e-01  8.631562111420898e-02 
  2.864429564952850e-01  7.720493292595978e-02 
  2.207724603689581e-01  6.998364365365266e-02 
  1.696648187953245e-01  6.468564306563017e-02 
  1.306944356008860e-01  6.037507037686439e-02 
  9.952973496705617e-02  5.719035600493094e-02 
  7.464979984497161e-02  5.485931114843797e-02 
  5.434694643381239e-02  5.278375713987277e-02 
  3.723053676310563e-02  5.090536432515313e-02 
  2.273859610708361e-02  4.965191462933068e-02 
  9.731846441841293e-03  4.852144209989850e-02 
  2.283692352783928e-03  4.761132304347868e-02 
  1.396454524913593e-02  4.659344797640150e-02 
  2.562752982451559e-02  4.570239925719178e-02 
  3.779676649320575e-02  4.458686117796877e-02 
  5.159587686266870e-02  4.373163352284894e-02 
  6.707964377196558e-02  4.234539126145503e-02 
  8.543291946909493e-02  4.084512692925606e-02 
  1.079170083967467e-01  3.838123544214080e-02 
  1.352794714022385e-01  3.553347242747742e-02 
  1.707365680985667e-01  3.146245808645984e-02 
  2.156345007345990e-01  2.610339829218312e-02 
  2.720972469192015e-01  1.871962308165102e-02 
  3.477639400388592e-01  9.716061385755972e-03 
  4.419789619900126e-01  3.599210938164091e-03 
  5.591290379555873e-01  1.763408581808570e-02 
  6.892156773099107e-01  3.424552274987898e-02 
  8.217712582987388e-01  5.030781439880180e-02 
  9.318745425580123e-01  6.312619317662287e-02 
  9.907238034310646e-01  7.148050301247549e-02 
  9.845778190867536e-01  7.291925115261760e-02 
  9.178698354874666e-01  6.834065706012797e-02 
  8.069964934003148e-01  5.919803620841063e-02 
  6.722425494937015e-01  4.765495897396980e-02 
  5.372072282974349e-01  3.666323225456843e-02 
  4.215835413107774e-01  2.704312652078418e-02 
  3.284112664765980e-01  1.980261755100251e-02 
  2.547559274550423e-01  1.426875069539898e-02 
  1.996577844762264e-01  1.067963106602672e-02 
  2.855785259561049e-01  5.799160117689721e-02 
  3.652577988566392e-01  7.160165323548076e-02 
  4.658287594538909e-01  8.835087398616223e-02 
  5.860899813695730e-01  1.071122519245740e-01 
  7.150356538924664e-01  1.268204967600441e-01 
  8.406217983640130e-01  1.455124824961184e-01 
  9.317202780291296e-01  1.593872031846734e-01 
  9.647540215889151e-01  1.667916480810474e-01 
  9.410982105056993e-01  1.665935182293454e-01 
  8.559656714235192e-01  1.597051238813168e-01 
  7.353813264212992e-01  1.486434066354138e-01 
  6.002908831520705e-01  1.355968653880459e-01 
  4.756576080673152e-01  1.230449091652493e-01 
  3.706166256388618e-01  1.121430464866182e-01 
  2.876737254487262e-01  1.032438639855322e-01 
  2.210178488342016e-01  9.646781681083549e-02 
  1.698880563098124e-01  9.138819506308413e-02 
  1.296517692521496e-01  8.762655743540317e-02 
  9.853004873687002e-02  8.443973272962751e-02 
  7.358137474019719e-02  8.216859291122527e-02 
  5.299050368767812e-02  8.018664628780842e-02 
  3.593391180978675e-02  7.876134065927884e-02 
  2.111602889474413e-02  7.751482127092160e-02 
  8.083521497188061e-03  7.639877587456032e-02 
  4.048644997200152e-03  7.550811002971371e-02 
  1.585260716031867e-02  7.470724997048084e-02 
  2.749697998912040e-02  7.413136551685999e-02 
  3.990620669026181e-02  7.287970398540795e-02 
  5.364387571068569e-02  7.213958672619686e-02 
  6.897230620679262e-02  7.054992395998809e-02 
  8.742441755597927e-02  6.914451743552368e-02 
  1.094571403308143e-01  6.686548514599355e-02 
  1.371223657982562e-01  6.399057313966657e-02 
  1.709101469588385e-01  5.973896582280467e-02 
  2.159287633999374e-01  5.488808767053266e-02 
  2.724398281144426e-01  4.690450963780986e-02 
  3.453367500861087e-01  3.787268973497195e-02 
  4.397465061487080e-01  2.529696092967867e-02 
  5.537743647973993e-01  1.055169671764931e-02 
  6.844359260801072e-01  6.859207641617232e-03 
  8.169694140904633e-01  2.328236535222523e-02 
  9.241793228851229e-01  3.839637282678826e-02 
  9.849893790491230e-01  4.777002295768656e-02 
  9.850786297526473e-01  5.173175951439712e-02 
  9.200353146019814e-01  4.943016384399225e-02 
  8.076803137719272e-01  4.300183119299053e-02 
  6.727210969018522e-01  3.405079844623463e-02 
  5.418973754409643e-01  2.536617007601358e-02 
  4.226938193588322e-01  1.761617435289815e-02 
  3.280372387792266e-01  1.206232984218996e-02 
  2.552433862173794e-01  8.129872787360116e-03 
  1.977642094767282e-01  5.714442274931482e-03 
  2.815286498893121e-01  6.424250988274975e-02 
  3.596158273774231e-01  7.925604562626384e-02 
  4.585255575324718e-01  9.786739982819842e-02 
  5.791290463369079e-01  1.191386706693584e-01 
  7.086025283695644e-01  1.411416369364203e-01 
  8.291879794694058e-01  1.617075324059165e-01 
  9.185720941882176e-01  1.782698914341521e-01 
  9.552087621788213e-01  1.880201522419357e-01 
  9.294011330703317e-01  1.905847075220850e-01 
  8.460702951932119e-01  1.854301288114922e-01 
  7.264455999533691e-01  1.758880969460384e-01 
  5.948033387097149e-01  1.640171646441865e-01 
  4.720401042536884e-01  1.522924943836686e-01 
  3.680810826030534e-01  1.419486445965641e-01 
  2.839911769708713e-01  1.334554917828540e-01 
  2.183539977333565e-01  1.272871023428413e-01 
  1.671029618144849e-01  1.224843776896984e-01 
  1.273817753946080e-01  1.184926330135606e-01 
  9.623114375020726e-02  1.157999308360608e-01 
  7.128168341460195e-02  1.137080992746315e-01 
  5.053769122227672e-02  1.117821992870051e-01 
  3.355647224141457e-02  1.106654743770193e-01 
  1.870161867928243e-02  1.095845301730837e-01 
  5.472775051339831e-03  1.084060823783855e-01 
  6.713738130999346e-03  1.078168402588490e-01 
  1.854192831041064e-02  1.067093931240868e-01 
  3.055747376764116e-02  1.066396104624561e-01 
  4.277000958740252e-02  1.052516468806062e-01 
  5.579888443657763e-02  1.051995180036741e-01 
  7.218929451645618e-02  1.034716441450799e-01 
  9.059008092322705e-02  1.027867300294718e-01 
  1.125135292623097e-01  9.984927136044849e-02 
  1.397019594718273e-01  9.769327076489218e-02 
  1.741749512329738e-01  9.314690947554040e-02 
  2.179903143287406e-01  8.793784123027377e-02 
  2.742853725579401e-01  8.072788974061140e-02 
  3.482422800419850e-01  7.163557480078261e-02 
  4.409231461544551e-01  5.886489178978800e-02 
  5.549022651125760e-01  4.406410464946355e-02 
  6.831613650014627e-01  2.614183685505675e-02 
  8.154531179193957e-01  8.885553784192953e-03 
  9.202024762484550e-01  7.585234295897608e-03 
  9.787339373016912e-01  1.856680601711311e-02 
  9.747889503103071e-01  2.561726140798844e-02 
  9.100573207744709e-01  2.607763786070518e-02 
  8.010169343139909e-01  2.295077207531347e-02 
  6.638763500584968e-01  1.720505835613790e-02 
  5.320495713182953e-01  1.149631619134874e-02 
  4.172371282690640e-01  6.566211992920751e-03 
  3.244149410623051e-01  3.479324618478666e-03 
  2.513137193510959e-01  2.095820577029692e-03 
  1.953812562202286e-01  1.936419734559716e-03 
  2.740652340871185e-01  7.082933266314290e-02 
  3.492265049837921e-01  8.760279243475468e-02 
  4.463983674096979e-01  1.078636345269428e-01 
  5.629651326942476e-01  1.311031268889684e-01 
  6.934332267631701e-01  1.566425159368883e-01 
  8.143304932706975e-01  1.804725064612550e-01 
  9.038023112752848e-01  2.004865765401073e-01 
  9.417341025801543e-01  2.145106950175177e-01 
  9.200587238783726e-01  2.200636946217183e-01 
  8.407137445451600e-01  2.179293632869381e-01 
  7.257596976406975e-01  2.106630414375519e-01 
  5.963379494134170e-01  2.000789962624170e-01 
  4.711453374500537e-01  1.892627298977725e-01 
  3.672019658817750e-01  1.793010777316471e-01 
  2.828662269565680e-01  1.711843665055267e-01 
  2.168757268258962e-01  1.649630774703164e-01 
  1.653803846158540e-01  1.601740474735989e-01 
  1.254703032401023e-01  1.570930240593885e-01 
  9.394314550617928e-02  1.539982019015002e-01 
  6.862983386993640e-02  1.522354516415853e-01 
  4.809098225608307e-02  1.506211988534751e-01 
  3.085296436853514e-02  1.491832451396686e-01 
  1.625000682090356e-02  1.481768301609185e-01 
  2.756216622670307e-03  1.479381897018910e-01 
  9.423115137012371e-03  1.472480153649524e-01 
  2.144318525438301e-02  1.464054015218178e-01 
  3.341070944792691e-02  1.459366087591140e-01 
  4.595007214627441e-02  1.453999643365373e-01 
  5.971041609693389e-02  1.450287487269780e-01 
  7.513120382953915e-02  1.436675051131834e-01 
  9.355098134979814e-02  1.425889431190486e-01 
  1.153352729118068e-01  1.408177821530008e-01 
  1.422744605510185e-01  1.381581629795997e-01 
  1.761598361206739e-01  1.347764149609839e-01 
  2.198237678840709e-01  1.297691320793694e-01 
  2.754549604273461e-01  1.223822687545207e-01 
  3.471700864704715e-01  1.138703616597719e-01 
  4.384715277540180e-01  1.010381300562279e-01 
  5.477434559342444e-01  8.685137531338824e-02 
  6.781695682253128e-01  6.836734268707996e-02 
  8.072596543176378e-01  5.076953667121735e-02 
  9.124487858164488e-01  3.244878575590692e-02 
  9.688289275525046e-01  1.847553401275186e-02 
  9.671268655621958e-01  7.864140247249494e-03 
  9.025984795590780e-01  3.516448408065446e-03 
  7.950214524784311e-01  2.022956760112258e-03 
  6.626163496229345e-01  3.570945318999909e-03 
  5.290028936172735e-01  5.159100641683805e-03 
  4.150236997395856e-01  6.806563492066258e-03 
  3.208889392437303e-01  7.371845081619458e-03 
  2.488231865733312e-01  7.250108400438418e-03 
  1.931117713959908e-01  6.565136345553446e-03 
  2.665021073956493e-01  7.709852154102992e-02 
  3.410006427631970e-01  9.586304062219461e-02 
  4.364937178705213e-01  1.191861661251171e-01 
  5.518156935813854e-01  1.462782984969035e-01 
  6.806862809584923e-01  1.751441556457522e-01 
  8.004051007556278e-01  2.040730474940529e-01 
  8.908574117926067e-01  2.278157522817602e-01 
  9.312398401297260e-01  2.466234393365165e-01 
  9.079532710942775e-01  2.554057674106578e-01 
  8.306866818518223e-01  2.569427393705766e-01 
  7.155375796515996e-01  2.514817941023676e-01 
  5.865905302959494e-01  2.426344704474943e-01 
  4.663804075588975e-01  2.328993894364524e-01 
  3.605900573335535e-01  2.237721064158943e-01 
  2.768709543020186e-01  2.161025044362280e-01 
  2.116784016704343e-01  2.093895000709288e-01 
  1.602911141521820e-01  2.052563728112614e-01 
  1.211494781081694e-01  2.017757638194284e-01 
  8.947315415847913e-02  1.993733012347885e-01 
  6.435540794346771e-02  1.979843672806413e-01 
  4.386464789668255e-02  1.963585651855172e-01 
  2.669562220689470e-02  1.950247814986640e-01 
  1.180062331605704e-02  1.946721834644375e-01 
  1.750169646838311e-03  1.935327420870733e-01 
  1.401390430673996e-02  1.933543067773422e-01 
  2.594481615371283e-02  1.932645055626859e-01 
  3.805578611993985e-02  1.928183445999155e-01 
  5.049245040918968e-02  1.924117324758591e-01 
  6.457837277533718e-02  1.926558939557680e-01 
  8.004108140786639e-02  1.917505860661815e-01 
  9.840141591371043e-02  1.916970369211841e-01 
  1.201558161245567e-01  1.892218786627312e-01 
  1.473045791367105e-01  1.879843088561895e-01 
  1.806367028935801e-01  1.840875000730814e-01 
  2.238634268775086e-01  1.799739299045324e-01 
  2.799501455385349e-01  1.730555571925383e-01 
  3.522180412931282e-01  1.654252310893545e-01 
  4.422263308716274e-01  1.524032049297133e-01 
  5.514414375008344e-01  1.390589833608268e-01 
  6.769044943136445e-01  1.203731706308583e-01 
  8.023579269410114e-01  1.014017032670584e-01 
  9.069907284994866e-01  8.114528688157659e-02 
  9.605437435829226e-01  6.475118935765921e-02 
  9.560160811553827e-01  4.870644137550025e-02 
  8.916305649537765e-01  3.927568335151592e-02 
  7.798059554453547e-01  3.105680677278246e-02 
  6.473689981057503e-01  2.728336920305346e-02 
  5.171665147281871e-01  2.347276495649340e-02 
  4.043284934616647e-01  2.107162602914404e-02 
  3.126021406037941e-01  1.802983490470263e-02 
  2.424417150667743e-01  1.549886159391067e-02 
  1.879996746195202e-01  1.265255984082264e-02 
  2.560911955423903e-01  8.393314566446186e-02 
  3.276863097723609e-01  1.053941850361338e-01 
  4.196640790878932e-01  1.309623622151380e-01 
  5.304630617116769e-01  1.620435690271984e-01 
  6.540317739875330e-01  1.957994871779875e-01 
  7.728130508654991e-01  2.299688428750331e-01 
  8.647634940457137e-01  2.610572146523894e-01 
  9.079974891999327e-01  2.858141000451983e-01 
  8.923132617456497e-01  3.009707912286364e-01 
  8.176928450314110e-01  3.070798360040813e-01 
  7.094795756737601e-01  3.045389177244446e-01 
  5.816715164710414e-01  2.992848960900351e-01 
  4.624957514552342e-01  2.895888258178553e-01 
  3.587919972001770e-01  2.812017052605522e-01 
  2.747149204091247e-01  2.728166363148541e-01 
  2.089303335537342e-01  2.678533608573098e-01 
  1.574140880137478e-01  2.623888342273359e-01 
  1.177581156726837e-01  2.598415211550915e-01 
  8.608571632459699e-02  2.572211052425612e-01 
  6.033046151791167e-02  2.553950055261152e-01 
  3.981925658547791e-02  2.538278668454573e-01 
  2.249987977935577e-02  2.533213244497635e-01 
  7.438521928081742e-03  2.516910369360530e-01 
  5.957065805409400e-03  2.523063320489631e-01 
  1.860898764774004e-02  2.518124798614400e-01 
  3.077318499321928e-02  2.517856356420252e-01 
  4.320725714725444e-02  2.523635046746703e-01 
  5.577360256222201e-02  2.515722303021557e-01 
  6.980937464685165e-02  2.527432990366542e-01 
  8.553430828746962e-02  2.525382694007246e-01 
  1.036581962910037e-01  2.524745751113331e-01 
  1.255202650407823e-01  2.511733742978995e-01 
  1.521941283268445e-01  2.500867023678511e-01 
  1.855389513223452e-01  2.469441259073297e-01 
  2.287136040948932e-01  2.430641731502068e-01 
  2.839068672969959e-01  2.367260491581581e-01 
  3.534703155591167e-01  2.295933209805671e-01 
  4.425763447402697e-01  2.178213774053275e-01 
  5.510045658500278e-01  2.047696320942110e-01 
  6.718341839101963e-01  1.865174846567410e-01 
  7.947273287480205e-01  1.670802244460778e-01 
  8.951616077134616e-01  1.435060299556689e-01 
  9.466595001893322e-01  1.220952307540078e-01 
  9.404415261914981e-01  1.001559835128669e-01 
  8.741522859529470e-01  8.236573912335897e-02 
  7.670143648514018e-01  6.686228278251866e-02 
  6.341039340549365e-01  5.495416963452458e-02 
  5.075364032061933e-01  4.526537264191130e-02 
  3.948433223971357e-01  3.706741070313386e-02 
  3.039033571164528e-01  3.013437580200728e-02 
  2.360965536337037e-01  2.428690365533853e-02 
  1.826316520223945e-01  1.904462387895539e-02 
  2.451645922247495e-01  9.060987890601849e-02 
  3.146679042172009e-01  1.146357693544789e-01 
  4.045546036461663e-01  1.444222145099420e-01 
  5.125359674435166e-01  1.804437316892047e-01 
  6.339748762714315e-01  2.206833662714181e-01 
  7.506850166278689e-01  2.624527936930386e-01 
  8.427420176133874e-01  3.019560600342099e-01 
  8.828800382388978e-01  3.347879746136128e-01 
  8.689932391491915e-01  3.575102106853699e-01 
  8.021230520306453e-01  3.700650320879804e-01 
  6.930736658159716e-01  3.717555406726671e-01 
  5.704630211561772e-01  3.678752328513327e-01 
  4.525434647986882e-01  3.604381483855301e-01 
  3.505643083388452e-01  3.511332853869789e-01 
  2.671870454748925e-01  3.439411190864029e-01 
  2.016563014579852e-01  3.379592206989948e-01 
  1.503431853917970e-01  3.342803128902511e-01 
  1.106487590566083e-01  3.310716551313141e-01 
  7.930702296780183e-02  3.294920572997995e-01 
  5.401091660106742e-02  3.279060653625302e-01 
  3.351641796319649e-02  3.267971798041705e-01 
  1.633817703465324e-02  3.255011670320695e-01 
  1.295607631931099e-03  3.250856880259135e-01 
  1.242359392258070e-02  3.237534462222400e-01 
  2.531588403405664e-02  3.251314268820478e-01 
  3.761786535135216e-02  3.252188801177726e-01 
  5.011737866426103e-02  3.257625080705026e-01 
  6.300287204253623e-02  3.263013345304299e-01 
  7.735178633741341e-02  3.275484510277421e-01 
  9.296122705347930e-02  3.276513034579627e-01 
  1.113922682896486e-01  3.299840511620385e-01 
  1.332610397941247e-01  3.290625432904329e-01 
  1.596061962636085e-01  3.284127806778811e-01 
  1.931492817962974e-01  3.268267911673260e-01 
  2.362326640436196e-01  3.235875471514772e-01 
  2.903896595800549e-01  3.178893658633660e-01 
  3.608013448068050e-01  3.116959791834784e-01 
  4.491187097284280e-01  3.004550444915793e-01 
  5.544150967301716e-01  2.871780882024953e-01 
  6.739796715281264e-01  2.693830092086056e-01 
  7.905219761221585e-01  2.470040077851687e-01 
  8.846955598273288e-01  2.201069216888527e-01 
  9.294196444726118e-01  1.923499598540896e-01 
  9.166510655349324e-01  1.610206591030680e-01 
  8.499162789300300e-01  1.336821895027340e-01 
  7.387574909182384e-01  1.077728828278655e-01 
  6.095877030844604e-01  8.630713494642997e-02 
  4.857905335721970e-01  6.825345652126825e-02 
  3.768362710398872e-01  5.374759054472278e-02 
  2.916291940358720e-01  4.210133818083989e-02 
  2.246336157228793e-01  3.292783296377393e-02 
  1.746736106651036e-01  2.543325818409201e-02 
  2.315467009561092e-01  9.702011833558413e-02 
  2.960264708241160e-01  1.232386124704073e-01 
  3.808181137786811e-01  1.566970786992357e-01 
  4.840022132657114e-01  1.979323131025165e-01 
  6.000037263661883e-01  2.455554909595616e-01 
  7.105366721537935e-01  2.974163229465990e-01 
  8.018118078996318e-01  3.475915418808728e-01 
  8.451259703885684e-01  3.916745922689157e-01 
  8.376718044934447e-01  4.245731735395352e-01 
  7.766390932662181e-01  4.451970213835371e-01 
  6.765415087681261e-01  4.539026309022557e-01 
  5.598935927732794e-01  4.537832905284432e-01 
  4.452447400821249e-01  4.482258505429001e-01 
  3.438475605911275e-01  4.412830030530090e-01 
  2.606021819438044e-01  4.341067112065012e-01 
  1.946896424845268e-01  4.288871653825470e-01 
  1.433852234982282e-01  4.248047360995037e-01 
  1.037992337652060e-01  4.223056579137529e-01 
  7.246918840545231e-02  4.195172759341887e-01 
  4.751206950652553e-02  4.182643501358386e-01 
  2.676777034617695e-02  4.165700093242162e-01 
  9.638168122542307e-03  4.164981723457920e-01 
  5.625715267878556e-03  4.151514890753877e-01 
  1.966219946862974e-02  4.155276711810388e-01 
  3.279402682732661e-02  4.163488313745797e-01 
  4.556867466635821e-02  4.166270369476233e-01 
  5.853120937313992e-02  4.181942431140097e-01 
  7.178096583607897e-02  4.198524095861230e-01 
  8.640914295136276e-02  4.212149722945441e-01 
  1.022410374365736e-01  4.220782760270325e-01 
  1.208798597958943e-01  4.249938543955859e-01 
  1.421886882242784e-01  4.251735604954253e-01 
  1.687627321188853e-01  4.266846309632334e-01 
  2.012647404796565e-01  4.261312166268205e-01 
  2.436188269043069e-01  4.236670121655151e-01 
  2.975758601492388e-01  4.191007133058613e-01 
  3.662966506805040e-01  4.136996943216414e-01 
  4.532347993754003e-01  4.028629234988895e-01 
  5.578795573108551e-01  3.903096150458658e-01 
  6.705531354999074e-01  3.704406179516560e-01 
  7.799510509634948e-01  3.441065583915977e-01 
  8.626751690035311e-01  3.110234253397303e-01 
  9.026483603726190e-01  2.728579110940539e-01 
  8.859239603667615e-01  2.312301441903168e-01 
  8.156511401719659e-01  1.911321301496889e-01 
  7.059987751856395e-01  1.531718472594007e-01 
  5.824395365241715e-01  1.204663494761652e-01 
  4.633568071586633e-01  9.259899005312414e-02 
  3.595233465278733e-01  7.137286002792222e-02 
  2.762956183003930e-01  5.462064823267021e-02 
  2.136776740523159e-01  4.158301261549272e-02 
  1.656789553719593e-01  3.161865923047569e-02 
  2.160252903924957e-01  1.026251606558985e-01 
  2.782015194278586e-01  1.316513751981512e-01 
  3.576457327353678e-01  1.693549129679632e-01 
  4.543031494958098e-01  2.169517212093743e-01 
  5.670133021948554e-01  2.721610050147787e-01 
  6.739616697802230e-01  3.345098418684138e-01 
  7.631810841497629e-01  3.969296123345167e-01 
  8.064042307545464e-01  4.545902324251824e-01 
  8.026872185309676e-01  5.014285986171677e-01 
  7.466016538179500e-01  5.339325531305062e-01 
  6.547080752687233e-01  5.511122950063801e-01 
  5.415733030826735e-01  5.572623473622765e-01 
  4.318882090929610e-01  5.565671889635355e-01 
  3.321992499931611e-01  5.517789774260152e-01 
  2.502814991123193e-01  5.447815612951240e-01 
  1.839793785733552e-01  5.402639630708580e-01 
  1.331428802183858e-01  5.372110040125526e-01 
  9.383523535259285e-02  5.341882118045657e-01 
  6.337719262010029e-02  5.324334106422003e-01 
  3.876790634297142e-02  5.306446622215198e-01 
  1.860285913948516e-02  5.293515023664324e-01 
  1.408723137179845e-03  5.279436249095443e-01 
  1.414553890858864e-02  5.269142574014359e-01 
  2.832897411698526e-02  5.275747477969605e-01 
  4.194324696606082e-02  5.283333797633819e-01 
  5.531924543378832e-02  5.279648381685724e-01 
  6.884033064520070e-02  5.315431184636235e-01 
  8.266146493187908e-02  5.331555077070597e-01 
  9.777106538687255e-02  5.374403879597912e-01 
  1.140603362650909e-01  5.395415559029034e-01 
  1.327832510351211e-01  5.450535216344385e-01 
  1.544389881673731e-01  5.463864869767816e-01 
  1.802654917448998e-01  5.497114714833564e-01 
  2.124753227515320e-01  5.484906769627682e-01 
  2.539896078890647e-01  5.474399659805725e-01 
  3.069474625998844e-01  5.420191115541902e-01 
  3.760008680944742e-01  5.380963547548447e-01 
  4.613369048837065e-01  5.256789055579566e-01 
  5.605505688228053e-01  5.116908487805871e-01 
  6.690627443881632e-01  4.857120746142227e-01 
  7.690724383730375e-01  4.534267627015522e-01 
  8.420009812336715e-01  4.109068677833752e-01 
  8.676343700374719e-01  3.603236764119753e-01 
  8.437792626070977e-01  3.041811867901060e-01 
  7.682493431508165e-01  2.493224580986090e-01 
  6.624397698466402e-01  1.975371801917284e-01 
  5.416854840239612e-01  1.526834624434139e-01 
  4.292293865233852e-01  1.159034997906504e-01 
  3.321383681762583e-01  8.732209568410323e-02 
  2.577534266359447e-01  6.542764671718186e-02 
  1.991281906510055e-01  4.917560933863943e-02 
  1.546445957399774e-01  3.697740244754366e-02 
  1.997809608795775e-01  1.063528298115924e-01 
  2.548920543618954e-01  1.368650782350231e-01 
  3.270713455483119e-01  1.776197686269104e-01 
  4.166114939727662e-01  2.305370067176264e-01 
  5.168685383810151e-01  2.941524703304840e-01 
  6.192769957701577e-01  3.661661974340900e-01 
  7.045322010996968e-01  4.424056859148275e-01 
  7.531411854643039e-01  5.163697589444182e-01 
  7.573653772906350e-01  5.775518110163109e-01 
  7.110539406341274e-01  6.256721153731293e-01 
  6.283875871348574e-01  6.560401964683306e-01 
  5.239857153428732e-01  6.737663233760214e-01 
  4.184969503858726e-01  6.783051274499327e-01 
  3.220151447900090e-01  6.792819897371118e-01 
  2.395395600694934e-01  6.764193145590454e-01 
  1.738328088119619e-01  6.733879645738741e-01 
  1.238217100587750e-01  6.719346698746778e-01 
  8.515671457565097e-02  6.705790017851172e-01 
  5.506465817650041e-02  6.674354193554251e-01 
  3.091327359643654e-02  6.644665148835244e-01 
  1.114562039831477e-02  6.636237189591787e-01 
  6.123182414510456e-03  6.609661217363754e-01 
  2.179272545335695e-02  6.594442715696077e-01 
  3.644710581175548e-02  6.580319790834899e-01 
  5.081858257598943e-02  6.569239566911775e-01 
  6.503484321766340e-02  6.586500058236304e-01 
  7.937796259328195e-02  6.614821815164471e-01 
  9.426033905994780e-02  6.647037822919022e-01 
  1.104310489997529e-01  6.694833798880451e-01 
  1.271870216736896e-01  6.747695093522316e-01 
  1.462604810924582e-01  6.799993538022724e-01 
  1.674101353827083e-01  6.853274857738502e-01 
  1.927142359937337e-01  6.878609418159651e-01 
  2.238240230779131e-01  6.903661676083731e-01 
  2.636226659382325e-01  6.895141768906103e-01 
  3.150076476759083e-01  6.832643318044731e-01 
  3.810838969160404e-01  6.763265710166835e-01 
  4.634632444996828e-01  6.629272938013063e-01 
  5.571009481598715e-01  6.413233463491934e-01 
  6.562360698747159e-01  6.079034386364188e-01 
  7.443500941014904e-01  5.664378295409807e-01 
  8.041847767060594e-01  5.100026115757940e-01 
  8.209665222281383e-01  4.449351843334732e-01 
  7.930590904749473e-01  3.728675593332383e-01 
  7.158881894785512e-01  3.040465290950081e-01 
  6.138371907183071e-01  2.375235086789709e-01 
  4.988589262596934e-01  1.821704788888079e-01 
  3.956403684231067e-01  1.359042067500423e-01 
  3.072063565266132e-01  1.013001993465089e-01 
  2.380237798725018e-01  7.508116452460052e-02 
  1.840879441311409e-01  5.585157183422977e-02 
  1.438270250852303e-01  4.142877100181158e-02 
  1.816473421196491e-01  1.085713405066085e-01 
  2.317049157072358e-01  1.410163599309829e-01 
  2.959612463892350e-01  1.841414039410350e-01 
  3.759222207535347e-01  2.401432312547454e-01 
  4.670201270054696e-01  3.098068029046138e-01 
  5.600866841568880e-01  3.921961715889273e-01 
  6.423774655784360e-01  4.803263919706138e-01 
  6.884113112898638e-01  5.679613724923851e-01 
  6.979862183357026e-01  6.467317019177596e-01 
  6.610166481291583e-01  7.114154620533613e-01 
  5.876704420140647e-01  7.583793516837622e-01 
  4.950663951057134e-01  7.885862494027825e-01 
  3.954083148199555e-01  8.053821501123926e-01 
  3.028409135513906e-01  8.151085525334111e-01 
  2.239692509890866e-01  8.176998159500266e-01 
  1.609417048970986e-01  8.163347799245112e-01 
  1.113779827029323e-01  8.154460812508865e-01 
  7.461656420011294e-02  8.142766851588705e-01 
  4.611753091948534e-02  8.118529068184570e-01 
  2.337756093094667e-02  8.080544941120754e-01 
  4.234464025521512e-03  8.059165047724963e-01 
  1.289932834488669e-02  8.015148073312085e-01 
  2.866396386107761e-02  7.982098817520058e-01 
  4.440129098786027e-02  7.930357212840274e-01 
  5.981290525075793e-02  7.923697731949499e-01 
  7.541567067635875e-02  7.945038389338741e-01 
  9.141577545390048e-02  7.960323180844309e-01 
  1.075180916920054e-01  8.001773426674951e-01 
  1.243541970449122e-01  8.082394603332285e-01 
  1.421328281245507e-01  8.147653476984796e-01 
  1.614827168740764e-01  8.235932906344124e-01 
  1.823888762827812e-01  8.279467391024581e-01 
  2.074105282580408e-01  8.349143970863809e-01 
  2.363487978136836e-01  8.361695534488729e-01 
  2.750390109509949e-01  8.381802049178125e-01 
  3.235644857224842e-01  8.301431717247681e-01 
  3.865087655241370e-01  8.165443911838814e-01 
  4.633206933756379e-01  7.951412789520582e-01 
  5.488621059073877e-01  7.663260695195617e-01 
  6.359097702257167e-01  7.227267010979702e-01 
  7.075265600450720e-01  6.646805950604797e-01 
  7.542958140417235e-01  5.946056751969129e-01 
  7.570547655330568e-01  5.120541025103647e-01 
  7.217855737425941e-01  4.260398763821694e-01 
  6.420732808321327e-01  3.430201243213414e-01 
  5.479712176140531e-01  2.661261492957105e-01 
  4.437323048390044e-01  2.007920667808206e-01 
  3.527031981025444e-01  1.491124479518864e-01 
  2.740401191087444e-01  1.099688288718217e-01 
  2.136362015479427e-01  8.122969078131131e-02 
  1.662519307383404e-01  6.041655391120569e-02 
  1.301628345399659e-01  4.475435474699765e-02 
  1.626924868340969e-01  1.083873754061608e-01 
  2.058369782197724e-01  1.402964073678876e-01 
  2.623785318419128e-01  1.837960823180014e-01 
  3.301382140933413e-01  2.404490413954583e-01 
  4.097565906362381e-01  3.122026607350324e-01 
  4.912933634785568e-01  3.979797730285179e-01 
  5.667415421749692e-01  4.952858834786107e-01 
  6.139644816980595e-01  5.937106645131107e-01 
  6.275978506944312e-01  6.902372609075136e-01 
  6.014538339247710e-01  7.706514502088976e-01 
  5.425163080404002e-01  8.363496894868511e-01 
  4.596872387712969e-01  8.850055617561701e-01 
  3.703875649126538e-01  9.146946733208697e-01 
  2.845459428072020e-01  9.340317732238644e-01 
  2.087359474989255e-01  9.454519240567829e-01 
  1.484553480821962e-01  9.505505117651611e-01 
  1.023750195277760e-01  9.537988621512510e-01 
  6.797611619530923e-02  9.530109704803909e-01 
  4.142881370072542e-02  9.472187800249643e-01 
  2.059027502813852e-02  9.407164750041646e-01 
  2.687023703766560e-03  9.344786854649423e-01 
  1.427488760980528e-02  9.261508934006150e-01 
  3.113871579003584e-02  9.196482526171091e-01 
  4.798960746611302e-02  9.135667822038047e-01 
  6.503987495385913e-02  9.087140648366551e-01 
  8.236998703180015e-02  9.084188763569127e-01 
  1.002509386492076e-01  9.107049560294362e-01 
  1.179769726101947e-01  9.147814513245281e-01 
  1.371957308707960e-01  9.242737096605542e-01 
  1.561875806080836e-01  9.315666876693772e-01 
  1.766807147947120e-01  9.418102224849388e-01 
  1.971234527944083e-01  9.533721255811066e-01 
  2.192786746521883e-01  9.611082385329229e-01 
  2.459808781525594e-01  9.641053658754274e-01 
  2.802446933281045e-01  9.609813294411012e-01 
  3.246779144281521e-01  9.515156812959414e-01 
  3.811152680493008e-01  9.352144317167317e-01 
  4.501697388007552e-01  9.045802470459796e-01 
  5.251089827766927e-01  8.647904798728276e-01 
  6.010417600734357e-01  8.091317629572110e-01 
  6.573543597091164e-01  7.343753653291043e-01 
  6.918121699694029e-01  6.508326022726160e-01 
  6.849554058813005e-01  5.546794803329835e-01 
  6.411758372976128e-01  4.585463068806107e-01 
  5.692442436520929e-01  3.636880656472148e-01 
  4.827514618958583e-01  2.815658306688129e-01 
  3.903650229854210e-01  2.112440571745803e-01 
  3.123005489441767e-01  1.563453431421911e-01 
  2.438141729485638e-01  1.154741967676892e-01 
  1.908513549664736e-01  8.551605343947953e-02 
  1.496901065809662e-01  6.309070784615931e-02 
  1.179135181868230e-01  4.674992301083032e-02 
  1.439676440119430e-01  1.055222517278765e-01 
  1.810615974136968e-01  1.371506594098111e-01 
  2.288831635978093e-01  1.790542154473095e-01 
  2.862198485679411e-01  2.347181373028721e-01 
  3.551275356141967e-01  3.068795156208777e-01 
  4.255980188002326e-01  3.933667521304572e-01 
  4.913658816201879e-01  4.929569568844194e-01 
  5.341533391103869e-01  5.997237528720735e-01 
  5.527847426385796e-01  7.061154271053520e-01 
  5.321683569948591e-01  8.011526065422317e-01 
  4.857523916948360e-01  8.815085926238770e-01 
  4.151880046019081e-01  9.417003893920046e-01 
  3.364747643258950e-01  9.890805234360958e-01 
  2.585337809491578e-01  1.020071937143544e+00 
  1.900243683577106e-01  1.037344240462298e+00 
  1.353833005261864e-01  1.047341108315038e+00 
  9.351333541657558e-02  1.050788835950095e+00 
  6.318798372394765e-02  1.050683107777518e+00 
  4.079426827451134e-02  1.042229712186254e+00 
  2.300583218942783e-02  1.032078782721929e+00 
  6.651494673086276e-03  1.020671997710347e+00 
  1.024521195517800e-02  1.008450881655548e+00 
  2.826683264217401e-02  9.941093304707270e-01 
  4.700847338955423e-02  9.849206658062908e-01 
  6.627160636149962e-02  9.768119185407655e-01 
  8.600296966632723e-02  9.770213408145095e-01 
  1.065590518664942e-01  9.753623783855535e-01 
  1.270197482400768e-01  9.799187101935782e-01 
  1.485909288842010e-01  9.866246233071271e-01 
  1.699079099413760e-01  9.985029447161495e-01 
  1.914853256044460e-01  1.013761397673827e+00 
  2.112773045746678e-01  1.027270223931493e+00 
  2.307194446132899e-01  1.035707687994702e+00 
  2.531341548918392e-01  1.040781825940852e+00 
  2.829270671187908e-01  1.035731536320096e+00 
  3.209437314347415e-01  1.026613568673898e+00 
  3.697585691964574e-01  9.990847960925670e-01 
  4.283933273133829e-01  9.634454942333204e-01 
  4.904513085690476e-01  9.123829271497023e-01 
  5.504632724091669e-01  8.447319098129240e-01 
  5.913867604348975e-01  7.603892177836442e-01 
  6.117548168687085e-01  6.670093932954639e-01 
  5.933109964028954e-01  5.602786841351483e-01 
  5.522624275956091e-01  4.585582908426655e-01 
  4.833997790973847e-01  3.612898826414155e-01 
  4.093159775999928e-01  2.784129615226149e-01 
  3.305677239891964e-01  2.081225315956662e-01 
  2.659246507944420e-01  1.550851269900029e-01 
  2.100259934280668e-01  1.149985858975534e-01 
  1.665510011495284e-01  8.538510169328244e-02 
  1.314841483225824e-01  6.334667876912634e-02 
  1.041925213450604e-01  4.721581059518214e-02 
  1.252421595678209e-01  1.011366932728052e-01 
  1.555605599000583e-01  1.297942041960474e-01 
  1.945324012422308e-01  1.689790055740840e-01 
  2.405968281409071e-01  2.194650407468745e-01 
  2.944930145096529e-01  2.861862078451445e-01 
  3.516204679810360e-01  3.677695767893796e-01 
  4.076955279003978e-01  4.635665599974833e-01 
  4.476546474592358e-01  5.675300345554022e-01 
  4.655473379075679e-01  6.774904847658255e-01 
  4.550223694344316e-01  7.775446723876704e-01 
  4.210428993379897e-01  8.675397840470500e-01 
  3.635923588234035e-01  9.430980567666021e-01 
  2.985645548290049e-01  9.998261699356756e-01 
  2.327092238155506e-01  1.038699446033740e+00 
  1.728190237980241e-01  1.067078943191196e+00 
  1.257704595007984e-01  1.081965716999698e+00 
  9.055147888749955e-02  1.085756405014605e+00 
  6.606291724501065e-02  1.083107467265296e+00 
  4.888656779682841e-02  1.075333560304418e+00 
  3.517768839636812e-02  1.059467770966956e+00 
  2.101199300774890e-02  1.040295572180027e+00 
  4.407497733176130e-03  1.023145385795401e+00 
  1.602246190242256e-02  1.002015985423202e+00 
  3.762734259093082e-02  9.888309472785888e-01 
  6.020464468290620e-02  9.764802189687947e-01 
  8.355259590998770e-02  9.707878897116070e-01 
  1.069900271210566e-01  9.714007847864830e-01 
  1.315766568887602e-01  9.734070783732162e-01 
  1.566434528523958e-01  9.813776204241903e-01 
  1.810238293313114e-01  9.953420454119555e-01 
  2.040018930960746e-01  1.010898029514831e+00 
  2.224780644913037e-01  1.030145571780111e+00 
  2.386934202865447e-01  1.041246968485453e+00 
  2.560922864374870e-01  1.048549409484230e+00 
  2.774385446313817e-01  1.042862617505970e+00 
  3.067571170908389e-01  1.028635361437843e+00 
  3.462668750604020e-01  9.998399831401006e-01 
  3.928360157040587e-01  9.619588622026956e-01 
  4.418018678087861e-01  9.003604301844541e-01 
  4.854035493157715e-01  8.298186666615996e-01 
  5.133019895817004e-01  7.402052311513083e-01 
  5.199855769603883e-01  6.421465446720309e-01 
  5.017810981318840e-01  5.356889648089538e-01 
  4.612576665353892e-01  4.361448011012699e-01 
  4.017660614352567e-01  3.420985630662482e-01 
  3.404195925817918e-01  2.638623038159920e-01 
  2.783103757151462e-01  1.987545364747317e-01 
  2.250000670903885e-01  1.492944798423067e-01 
  1.800875739884904e-01  1.111611932433268e-01 
  1.442558378769675e-01  8.301923936727526e-02 
  1.150098925253056e-01  6.221473419600436e-02 
  9.217600843169753e-02  4.646647204145263e-02 
  1.077172599657532e-01  9.505187758050976e-02 
  1.329515018579091e-01  1.209724287450804e-01 
  1.639033754585327e-01  1.563996223295121e-01 
  2.008083407317017e-01  2.021109065197891e-01 
  2.443725370261094e-01  2.610426382279163e-01 
  2.886420814235761e-01  3.339110182880414e-01 
  3.341363680077053e-01  4.209286631007673e-01 
  3.664135686241637e-01  5.190690088642965e-01 
  3.837297737650318e-01  6.217766376039038e-01 
  3.791506000188446e-01  7.239851362134706e-01 
  3.529218504037370e-01  8.149382455728648e-01 
  3.098128647887949e-01  8.928625347674093e-01 
  2.575623314171740e-01  9.567726451153155e-01 
  2.037350018642249e-01  1.001235408616162e+00 
  1.555353989873887e-01  1.031762644581569e+00 
  1.176835329066814e-01  1.051080671872006e+00 
  9.056138329718431e-02  1.056655213080304e+00 
  7.349302908515899e-02  1.052502776070799e+00 
  6.321645637248124e-02  1.041426681095390e+00 
  5.448228925381515e-02  1.023103687581282e+00 
  4.293225474117082e-02  9.977560043850896e-01 
  2.541441091734843e-02  9.730904267617980e-01 
  3.305769722163707e-03  9.482048011507034e-01 
  2.333938443801004e-02  9.305741836534753e-01 
  4.975535137635070e-02  9.151958665972072e-01 
  7.713536654337022e-02  9.075712920661866e-01 
  1.048690895586896e-01  9.028341956335648e-01 
  1.331402130616431e-01  9.062626882110876e-01 
  1.631806833956425e-01  9.145015586246951e-01 
  1.915241076762263e-01  9.309132246924651e-01 
  2.158387402738784e-01  9.456154296547443e-01 
  2.331352520886353e-01  9.678717188796842e-01 
  2.437390968745625e-01  9.785789060393485e-01 
  2.544065260173081e-01  9.878491943683838e-01 
  2.676699683723762e-01  9.847893652540369e-01 
  2.884864686898284e-01  9.695315584080823e-01 
  3.160111072602182e-01  9.372907908936498e-01 
  3.509693146315966e-01  8.981782828493385e-01 
  3.837249141582910e-01  8.340428238128014e-01 
  4.157995333692752e-01  7.620379499402157e-01 
  4.304290233200863e-01  6.726112082039770e-01 
  4.306728036839023e-01  5.811703507138443e-01 
  4.082136733911703e-01  4.815301669090536e-01 
  3.739314964995758e-01  3.904279046639578e-01 
  3.235930218121140e-01  3.058177931380517e-01 
  2.766165736745665e-01  2.380222739951497e-01 
  2.278832988029475e-01  1.804840799918295e-01 
  1.871201028927596e-01  1.369408912337122e-01 
  1.507559103673930e-01  1.030524686778486e-01 
  1.227131339460320e-01  7.818314744756952e-02 
  9.902649270901710e-02  5.877458211621441e-02 
  8.047143531383855e-02  4.459598903439633e-02 
  9.137990402970983e-02  8.729418205525477e-02 
  1.107506152710275e-01  1.105015703826316e-01 
  1.353308151062686e-01  1.407385265804163e-01 
  1.629558843936416e-01  1.794021527130089e-01 
  1.958179039835753e-01  2.295065581417550e-01 
  2.285617210616594e-01  2.912962877106812e-01 
  2.629300642907220e-01  3.658500342272398e-01 
  2.881026796011522e-01  4.483445036295785e-01 
  3.042020228202919e-01  5.422564168657363e-01 
  3.032370043324648e-01  6.318364117412090e-01 
  2.869717840153205e-01  7.186089965385756e-01 
  2.561713149825250e-01  7.922527402388709e-01 
  2.179141078736792e-01  8.589049388186749e-01 
  1.779434873324293e-01  9.031294409622506e-01 
  1.417952548817637e-01  9.379380401734067e-01 
  1.137316913096634e-01  9.567446667839390e-01 
  9.615461816675361e-02  9.642460089925653e-01 
  8.745624922120210e-02  9.603991123765508e-01 
  8.439872728561744e-02  9.493474758102391e-01 
  8.138563336124716e-02  9.283720352301379e-01 
  7.264711091190786e-02  9.009601867147168e-01 
  5.448092813715594e-02  8.723982786688154e-01 
  2.819347430330150e-02  8.468176474093565e-01 
  3.486014567369791e-03  8.240103183204492e-01 
  3.377758904964179e-02  8.061577807549072e-01 
  6.530004004567205e-02  7.958038758770309e-01 
  9.739950452442596e-02  7.902025011917204e-01 
  1.302379038141503e-01  7.925922108180762e-01 
  1.653315158483652e-01  8.005161536669079e-01 
  1.977126456698438e-01  8.148784823650362e-01 
  2.241086903196249e-01  8.304579557984381e-01 
  2.400053361054469e-01  8.526035763180674e-01 
  2.455516448334054e-01  8.641424701478866e-01 
  2.483140810431123e-01  8.753898364268272e-01 
  2.519510935113300e-01  8.682956993965044e-01 
  2.623285130816033e-01  8.564248297239426e-01 
  2.796961237449057e-01  8.268179567081961e-01 
  3.018844183171913e-01  7.866736436294118e-01 
  3.226488322408604e-01  7.287134744087940e-01 
  3.420043639126665e-01  6.632685423955198e-01 
  3.478300487346786e-01  5.835536636776834e-01 
  3.449885232429670e-01  5.003386472114492e-01 
  3.236363150451415e-01  4.158559311561087e-01 
  2.959793060529984e-01  3.376663240660135e-01 
  2.577547916877144e-01  2.682399441520347e-01 
  2.220508027760150e-01  2.097921820096958e-01 
  1.853531399814769e-01  1.617370434676902e-01 
  1.543161563803995e-01  1.236814590768728e-01 
  1.265160568188690e-01  9.439532802830455e-02 
  1.037917531291886e-01  7.204167470161020e-02 
  8.493632137684397e-02  5.493702026780332e-02 
  6.930656067643164e-02  4.184330692390321e-02 
  7.685343753864696e-02  7.924614595652309e-02 
  9.265900826442261e-02  9.958510829923924e-02 
  1.114363163596566e-01  1.251861836513721e-01 
  1.330192814798828e-01  1.584128472949521e-01 
  1.567540417870043e-01  1.998586962383581e-01 
  1.818640245732109e-01  2.493433557111373e-01 
  2.062536997517036e-01  3.102417917945723e-01 
  2.258052565003861e-01  3.802700746884782e-01 
  2.381383266539892e-01  4.546884265554727e-01 
  2.388021032969395e-01  5.321421990690647e-01 
  2.286859575578566e-01  6.063794154063014e-01 
  2.085229919129247e-01  6.724235265552483e-01 
  1.813082631622865e-01  7.293930989816202e-01 
  1.537467689281873e-01  7.737354584614388e-01 
  1.289328692863563e-01  8.044134990823120e-01 
  1.118241607937176e-01  8.229517062380997e-01 
  1.030970046514663e-01  8.324645530593269e-01 
  1.027983745425997e-01  8.288461032217105e-01 
  1.069801118464605e-01  8.188896838047435e-01 
  1.099083271076313e-01  7.989046519063854e-01 
  1.031154870903506e-01  7.761338946779304e-01 
  8.387762938727288e-02  7.481782864548301e-01 
  5.362315930091158e-02  7.220704129272875e-01 
  1.863754038887365e-02  6.997935737328154e-01 
  1.800302761312295e-02  6.816197254112628e-01 
  5.430850498426722e-02  6.714729160006579e-01 
  9.097135167390451e-02  6.642092967467021e-01 
  1.293250924696062e-01  6.656950076625707e-01 
  1.679030161072769e-01  6.684023990392702e-01 
  2.046843073387352e-01  6.819604677958749e-01 
  2.316524232581500e-01  6.933986631251040e-01 
  2.449899943090741e-01  7.125739638853683e-01 
  2.449257505696909e-01  7.209513344049444e-01 
  2.399185884509470e-01  7.288083672332056e-01 
  2.354428453468305e-01  7.238579524338201e-01 
  2.369739718077104e-01  7.141516599651420e-01 
  2.435099422040767e-01  6.842648794684492e-01 
  2.559833672829268e-01  6.515491761816257e-01 
  2.662959108488887e-01  6.006400678494642e-01 
  2.761125822719246e-01  5.439118866622824e-01 
  2.762670228522206e-01  4.766789236183113e-01 
  2.703503571291014e-01  4.114895873834599e-01 
  2.530720001921849e-01  3.430045254737902e-01 
  2.312240200869580e-01  2.805411351903857e-01 
  2.035013982581921e-01  2.245399388311967e-01 
  1.759209038190374e-01  1.779354782703990e-01 
  1.495268373449887e-01  1.392587203112474e-01 
  1.255970380606337e-01  1.087319558225421e-01 
  1.048175483830997e-01  8.382375273208162e-02 
  8.706045801672986e-02  6.489068370176249e-02 
  7.200588584332292e-02  4.991311220076959e-02 
  5.964574227216825e-02  3.837284947025682e-02 
  6.430441588176952e-02  7.127255864403871e-02 
  7.620283829231145e-02  8.762655743540317e-02 
  9.096815732349535e-02  1.090843253474169e-01 
  1.065255530497074e-01  1.353417694113541e-01 
  1.248274353010350e-01  1.686015255830925e-01 
  1.422422939609071e-01  2.073776028456349e-01 
  1.606690950613460e-01  2.556867070582081e-01 
  1.743279999680244e-01  3.074564440828963e-01 
  1.846604321624625e-01  3.673959377012128e-01 
  1.860297265169674e-01  4.254733864924015e-01 
  1.807703702803431e-01  4.861705525520443e-01 
  1.682589008676761e-01  5.383424169583805e-01 
  1.513366958050852e-01  5.876529220730269e-01 
  1.338093304528750e-01  6.222194748926149e-01 
  1.194035935959259e-01  6.522059402284905e-01 
  1.112976251700067e-01  6.678451093982123e-01 
  1.105563895860157e-01  6.774341718466961e-01 
  1.177370629062660e-01  6.768557925986262e-01 
  1.280445498296789e-01  6.692457162369332e-01 
  1.359898352414735e-01  6.557109708387354e-01 
  1.318253847673712e-01  6.376432255275284e-01 
  1.120150681935782e-01  6.178363412499968e-01 
  7.905939700551161e-02  5.948580594340346e-01 
  4.022190145254873e-02  5.763044194151750e-01 
  3.070522948818312e-03  5.591623224050023e-01 
  4.154727050688611e-02  5.496044621086525e-01 
  8.247089308594457e-02  5.426999105533683e-01 
  1.246590025543301e-01  5.405725018681135e-01 
  1.676289395537927e-01  5.416530587767191e-01 
  2.072987329495511e-01  5.489633487819513e-01 
  2.358809116535832e-01  5.568252234285599e-01 
  2.470333271116049e-01  5.672492103636614e-01 
  2.433455157042035e-01  5.744756828042047e-01 
  2.309222591437068e-01  5.793697285001955e-01 
  2.190086396455950e-01  5.736111702492394e-01 
  2.125891265637440e-01  5.646916942797146e-01 
  2.108797837738113e-01  5.414998616478911e-01 
  2.142568164400554e-01  5.144855718675846e-01 
  2.174958114060675e-01  4.740873857392520e-01 
  2.206906062020056e-01  4.305756838339924e-01 
  2.177788737998174e-01  3.786942840500492e-01 
  2.105831644654195e-01  3.281391131443333e-01 
  1.974338196215364e-01  2.755687396955582e-01 
  1.806693980585438e-01  2.283032269157033e-01 
  1.607878017215187e-01  1.861017898433773e-01 
  1.403517227014158e-01  1.494896069463778e-01 
  1.208857885015563e-01  1.191505221820435e-01 
  1.032237536056250e-01  9.402748067573288e-02 
  8.695151385340014e-02  7.382159085416640e-02 
  7.312746145697115e-02  5.783621986106381e-02 
  6.117509431827876e-02  4.485290744179411e-02 
  5.104033281666379e-02  3.476420081855131e-02 
  5.325964871199952e-02  6.331711232947661e-02 
  6.276253804047373e-02  7.735163537069982e-02 
  7.369556411944703e-02  9.484495831640155e-02 
  8.557708667885049e-02  1.163849970725795e-01 
  9.857739733274805e-02  1.428495905823635e-01 
  1.112150720679263e-01  1.728094149948222e-01 
  1.237684344598156e-01  2.095277020570429e-01 
  1.341323543583250e-01  2.489290318318851e-01 
  1.413367978392308e-01  2.931019447368817e-01 
  1.432570644612728e-01  3.381554567928343e-01 
  1.412583885558857e-01  3.835760212505340e-01 
  1.343778374265822e-01  4.239714866768023e-01 
  1.253372747937606e-01  4.606853481821970e-01 
  1.166220436526967e-01  4.915830502177478e-01 
  1.107084314529454e-01  5.143212875902797e-01 
  1.103528992363103e-01  5.303782426602153e-01 
  1.169123789284231e-01  5.374940363587432e-01 
  1.300083503380909e-01  5.418520240709755e-01 
  1.460084019289566e-01  5.375998018842213e-01 
  1.576210250868832e-01  5.298375697148410e-01 
  1.551522748485472e-01  5.186651882362077e-01 
  1.344267495890425e-01  5.021272028392082e-01 
  9.940961632123896e-02  4.860986332695320e-01 
  5.678980109886804e-02  4.700105431262872e-01 
  1.246023684813944e-02  4.556583151807719e-01 
  3.234533083890796e-02  4.468300269640246e-01 
  7.683487651066115e-02  4.387731562836480e-01 
  1.219963950477194e-01  4.364765340186596e-01 
  1.681808517423019e-01  4.343927817258098e-01 
  2.087234514336733e-01  4.372839627246493e-01 
  2.367522404876389e-01  4.408284854639095e-01 
  2.467864425366921e-01  4.468673248463766e-01 
  2.378220386353134e-01  4.477334586855037e-01 
  2.215255112947947e-01  4.506344608921743e-01 
  2.033612710314172e-01  4.450530175628657e-01 
  1.902032999979268e-01  4.367602440591636e-01 
  1.820966254209364e-01  4.177718756706056e-01 
  1.785228648637381e-01  3.965362087315685e-01 
  1.764509486570418e-01  3.648899903698600e-01 
  1.745037835262708e-01  3.338483237611096e-01 
  1.698723510902945e-01  2.951383534089779e-01 
  1.630114076185458e-01  2.573713792909667e-01 
  1.525402302553843e-01  2.190719378934607e-01 
  1.398797178442296e-01  1.839608044284385e-01 
  1.252583387717054e-01  1.509425039065469e-01 
  1.108999620692978e-01  1.235292771249281e-01 
  9.664390007004875e-02  9.970621957148650e-02 
  8.343593701893660e-02  7.995720418496866e-02 
  7.116050928600581e-02  6.351576745565592e-02 
  6.070404031151619e-02  5.040300736519879e-02 
  5.125301847035156e-02  3.942587584946126e-02 
  4.337780754769962e-02  3.086205209406993e-02 
  4.395262802436477e-02  5.575640961771901e-02 
  5.113229638431980e-02  6.723624484056442e-02 
  5.959998461178362e-02  8.149362752873578e-02 
  6.820133842609950e-02  9.835024587721863e-02 
  7.791330868791772e-02  1.190100807859591e-01 
  8.684370583803161e-02  1.421531540092991e-01 
  9.591114984122155e-02  1.701013263506026e-01 
  1.031233345226057e-01  1.990395128158323e-01 
  1.086042692099627e-01  2.325992981793875e-01 
  1.113053520466308e-01  2.652799029573820e-01 
  1.112610483175734e-01  2.988328591174146e-01 
  1.085410697653112e-01  3.299521784052314e-01 
  1.052731207788185e-01  3.587368992611942e-01 
  1.025371040706644e-01  3.808214918247317e-01 
  1.033374873826311e-01  4.011527280685184e-01 
  1.085752273968248e-01  4.148390681131559e-01 
  1.203043269077965e-01  4.237774564807263e-01 
  1.378512465331188e-01  4.296262908270169e-01 
  1.573514493840989e-01  4.320113430882423e-01 
  1.710860886421480e-01  4.284913902555415e-01 
  1.711696834880868e-01  4.217268480228838e-01 
  1.515961764238924e-01  4.123641958804772e-01 
  1.158461479914107e-01  4.002171546336529e-01 
  7.184588480243739e-02  3.871422323760391e-01 
  2.457142521725688e-02  3.750802959431329e-01 
  2.274859336089577e-02  3.671607091491001e-01 
  6.966596345266321e-02  3.597121854215024e-01 
  1.174868061054117e-01  3.545742965835270e-01 
  1.652815768792515e-01  3.517336347616259e-01 
  2.065419855029627e-01  3.508534488889387e-01 
  2.347120829537302e-01  3.506382579675508e-01 
  2.432522956908260e-01  3.523092533412030e-01 
  2.320142703660047e-01  3.519470262369369e-01 
  2.117065025797381e-01  3.523728588896856e-01 
  1.895426497368363e-01  3.447475591445420e-01 
  1.713922371615511e-01  3.381844620680702e-01 
  1.584397132055504e-01  3.230902854347688e-01 
  1.507073028851322e-01  3.057767426954703e-01 
  1.446235432988043e-01  2.824089460346693e-01 
  1.403349026179941e-01  2.587443349766538e-01 
  1.346414554408261e-01  2.293990420532225e-01 
  1.277995273398768e-01  2.027385565048216e-01 
  1.195012223515672e-01  1.738977448506440e-01 
  1.100718707312579e-01  1.476095648682560e-01 
  9.925157280647252e-02  1.231795746217936e-01 
  8.879427132209865e-02  1.024370940868586e-01 
  7.816778353402858e-02  8.357698497628607e-02 
  6.819231711011961e-02  6.783067673999538e-02 
  5.889353155603436e-02  5.450953785625355e-02 
  5.067193601240622e-02  4.362807489456053e-02 
  4.331100861794822e-02  3.446950525728754e-02 
  3.677731314289873e-02  2.704821749884722e-02 
  3.619063035954082e-02  4.876248727647118e-02 
  4.184036818961207e-02  5.838616496457174e-02 
  4.837647251932314e-02  6.986613198935113e-02 
  5.498648363605969e-02  8.333886855709510e-02 
  6.198159495270190e-02  9.961829399839833e-02 
  6.891559301876787e-02  1.177146321990257e-01 
  7.532891248354101e-02  1.383317273456915e-01 
  8.066765785603502e-02  1.605375940533429e-01 
  8.522124952813732e-02  1.850840098792803e-01 
  8.784088397834819e-02  2.098346718215702e-01 
  8.906933249063211e-02  2.345089920354754e-01 
  8.939624922719204e-02  2.574745750293215e-01 
  8.987779260212998e-02  2.785835703247509e-01 
  9.143227956352167e-02  2.973165604767626e-01 
  9.625798087779316e-02  3.138271768687322e-01 
  1.059798614973186e-01  3.263358602731262e-01 
  1.210387549184423e-01  3.361896197829505e-01 
  1.416612265057643e-01  3.444132492512090e-01 
  1.637031165874962e-01  3.495994574716698e-01 
  1.796502176132719e-01  3.510616583293142e-01 
  1.807689758845356e-01  3.489939915508946e-01 
  1.624980477023298e-01  3.429333326538663e-01 
  1.262914203479304e-01  3.345248233208361e-01 
  8.069688070216292e-02  3.249163381247301e-01 
  3.186376185850623e-02  3.140577030296048e-01 
  1.726663854124554e-02  3.062681956937515e-01 
  6.651258050773391e-02  2.993407896657041e-01 
  1.154422140954301e-01  2.941542313445978e-01 
  1.639331928864612e-01  2.890342108253766e-01 
  2.054815568840777e-01  2.874412547498146e-01 
  2.324957120828418e-01  2.836783877457795e-01 
  2.380059134608365e-01  2.826118057545330e-01 
  2.241300291482403e-01  2.795324622532889e-01 
  2.015754080465255e-01  2.761865340604438e-01 
  1.761907270212409e-01  2.688088110649572e-01 
  1.554341160142576e-01  2.612042867027811e-01 
  1.396449701738864e-01  2.488867633754135e-01 
  1.289582994719250e-01  2.355394735307423e-01 
  1.206233255323699e-01  2.175463494578089e-01 
  1.141907164013607e-01  1.993532177592688e-01 
  1.079413256961619e-01  1.781475278367780e-01 
  1.020389774003279e-01  1.586330593546177e-01 
  9.477543744034744e-02  1.371506594098111e-01 
  8.741126344948214e-02  1.179119984126807e-01 
  7.920416094675940e-02  9.980744773498031e-02 
  7.142421857134151e-02  8.363990868518745e-02 
  6.315131489943367e-02  6.895137799744584e-02 
  5.578261219597785e-02  5.663383875840448e-02 
  4.854328893806006e-02  4.599671327540419e-02 
  4.231174606689778e-02  3.726431565617250e-02 
  3.630278533542321e-02  2.961191881255113e-02 
  3.136990096354879e-02  2.336246425990323e-02 
