  0  1
  5.618129263794940e-02  1.039976797406501e-03 
  6.637859831373867e-02  8.085623222128288e-03 
  7.827276531517272e-02  1.823390551377365e-02 
  9.124272083984251e-02  3.082431257461823e-02 
  1.024712838289424e-01  4.690613509042537e-02 
  1.151476495534882e-01  6.560452569589101e-02 
  1.231885738314004e-01  8.514807813282724e-02 
  1.256948191306642e-01  1.057823230055078e-01 
  1.245800432679160e-01  1.261052013779025e-01 
  1.187660813709053e-01  1.448273219263006e-01 
  1.096971835667446e-01  1.593635516222364e-01 
  1.010366474825030e-01  1.726233140464433e-01 
  9.215476105136776e-02  1.814269083789924e-01 
  8.505033476556054e-02  1.902384286231279e-01 
  7.863661804782775e-02  1.959317646723932e-01 
  7.373333493943325e-02  2.012038562028298e-01 
  6.960820383030540e-02  2.057341800256877e-01 
  6.630036623084551e-02  2.085395105976532e-01 
  6.357517691245353e-02  2.117401907568901e-01 
  6.109716057945766e-02  2.128307620269681e-01 
  5.897503772594279e-02  2.166441418394560e-01 
  5.677694587069523e-02  2.185955416090082e-01 
  5.560296200918056e-02  2.199893213740432e-01 
  5.448197936332355e-02  2.192132243319095e-01 
  5.368614590763160e-02  2.205304176725298e-01 
  5.328289060859907e-02  2.226575110236821e-01 
  5.338802773032638e-02  2.209568144370413e-01 
  5.326890596770894e-02  2.233746576999820e-01 
  5.407466995154032e-02  2.241355008806635e-01 
  5.380737771632851e-02  2.237690149113509e-01 
  5.418733312518555e-02  2.255213434496068e-01 
  5.423080827649381e-02  2.261251927175385e-01 
  5.437585857556761e-02  2.258151887360707e-01 
  5.406208330105313e-02  2.253396160503994e-01 
  5.390936016904692e-02  2.266485265289871e-01 
  5.419845759672683e-02  2.246470396871420e-01 
  5.440904803635852e-02  2.268256426454473e-01 
  5.489651530341433e-02  2.271791393911320e-01 
  5.548110182884319e-02  2.269084399803142e-01 
  5.624577786942067e-02  2.289790240517174e-01 
  5.702782751454981e-02  2.286129090545127e-01 
  5.793621609923971e-02  2.298153325134418e-01 
  5.849990723010648e-02  2.293065445823150e-01 
  5.922154419406064e-02  2.316519711444150e-01 
  5.943637681393066e-02  2.299059176972673e-01 
  5.975884257694464e-02  2.319755697194809e-01 
  5.988737499829053e-02  2.312142517880533e-01 
  6.027414067377462e-02  2.330001764953731e-01 
  6.069392551638893e-02  2.327063048262997e-01 
  6.123622038415578e-02  2.317725505483716e-01 
  6.215433545076025e-02  2.340750635686267e-01 
  6.306655775839608e-02  2.331141038693950e-01 
  6.385736256760674e-02  2.328118865064055e-01 
  6.483236693852995e-02  2.332663264427960e-01 
  6.562704918981828e-02  2.356208400335152e-01 
  6.616016465257728e-02  2.366780868128385e-01 
  6.656086042140971e-02  2.368730761241353e-01 
  6.693839229078512e-02  2.390578448818496e-01 
  6.718992825810717e-02  2.388173087845188e-01 
  6.735012829924304e-02  2.407346196821944e-01 
  6.777963524719299e-02  2.394279516085707e-01 
  6.808756100078249e-02  2.408541312779711e-01 
  6.911970523059313e-02  2.403236437057818e-01 
  6.987754320014350e-02  2.435024582831455e-01 
  7.062308379978130e-02  2.422939945859210e-01 
  7.158275802273120e-02  2.441630267446410e-01 
  7.268459541666514e-02  2.445090003009998e-01 
  7.295262566643555e-02  2.455579505158759e-01 
  7.364545121488515e-02  2.476018298937359e-01 
  7.360181556334157e-02  2.469142756937846e-01 
  7.403398512832995e-02  2.479906460513368e-01 
  7.424007079854826e-02  2.490850143765480e-01 
  7.443035276909958e-02  2.501239335772052e-01 
  7.451732003074350e-02  2.503998417101885e-01 
  7.531942178916233e-02  2.503383295740302e-01 
  7.630895871617760e-02  2.489860411376141e-01 
  7.692825431462366e-02  2.517144804219951e-01 
  7.791565525937418e-02  2.515697684317156e-01 
  7.823203499187266e-02  2.527000337946697e-01 
  7.911370569143507e-02  2.525522837191587e-01 
  7.941817032875147e-02  2.547594484651003e-01 
  7.973674947639411e-02  2.543277797824793e-01 
  7.960671030815747e-02  2.561228937714580e-01 
  7.960432742790383e-02  2.569664353456471e-01 
  7.993220202640712e-02  2.571120315997522e-01 
  8.018006008659162e-02  2.586897374229943e-01 
  8.034791794454597e-02  2.576001134760910e-01 
  8.101309560213485e-02  2.581890978267867e-01 
  8.167406612373568e-02  2.597105548069538e-01 
  8.240919605176847e-02  2.600232007947129e-01 
  8.319714578761507e-02  2.617265015061118e-01 
  8.375552734074138e-02  2.612658217833291e-01 
  8.378451834760990e-02  2.637304343289977e-01 
  8.383770424441613e-02  2.644912139988713e-01 
  8.395967085754140e-02  2.643359002675301e-01 
  8.373392081182678e-02  2.653221146373206e-01 
  8.339933301220778e-02  2.671496133759090e-01 
  8.340565117212656e-02  2.668031790249409e-01 
  8.353801035836389e-02  2.674663801094438e-01 
  8.391967192734584e-02  2.668688597358787e-01 
  8.428136823210150e-02  2.686023141352445e-01 
  8.469024268648866e-02  2.685176576100213e-01 
  8.503326940245885e-02  2.690495066331084e-01 
  8.536617597044303e-02  2.699912564824114e-01 
  8.542465379240843e-02  2.710515530435624e-01 
  8.530590159464725e-02  2.716489620707897e-01 
  8.469516674351116e-02  2.728608640192577e-01 
  8.429265386866723e-02  2.726318245309461e-01 
  8.350598965948187e-02  2.730673967123879e-01 
  8.280811093247879e-02  2.738043225115945e-01 
  8.195388148542372e-02  2.733807621930192e-01 
  8.136975856229420e-02  2.735883183649382e-01 
  8.099606633162093e-02  2.728458484123742e-01 
  8.059380818766769e-02  2.736660035074455e-01 
  7.977177899275248e-02  2.728827606425189e-01 
  7.909013691732542e-02  2.732527239777508e-01 
  7.811220137745069e-02  2.729187352368274e-01 
  7.633035414830250e-02  2.725215497628471e-01 
  7.414126255425577e-02  2.719981498853822e-01 
  7.154288962583012e-02  2.715835119206070e-01 
  6.828033251123704e-02  2.707762690976448e-01 
  6.468291407422987e-02  2.696982944383742e-01 
  6.061796147647961e-02  2.677849714427483e-01 
  5.605779710755195e-02  2.649539814375129e-01 
  5.061203239831723e-02  2.623666922351684e-01 
  4.403939837065181e-02  2.598120561955727e-01 
  3.561914802652471e-02  2.533417113920700e-01 
  2.540477350736380e-02  2.474276327126697e-01 
  1.289501427878401e-02  2.401976753750667e-01 
  2.235773876308872e-03  2.274133731535466e-01 
  1.834228247439307e-02  2.130466452746113e-01 
  3.457978409668043e-02  1.938169700764055e-01 
  4.693026184823045e-02  1.718651810891998e-01 
  5.454165065860439e-02  1.485632357864483e-01 
  5.458024456920318e-02  1.244477646070160e-01 
  4.983874266417352e-02  1.028218586294558e-01 
  4.119958840853264e-02  8.260059011169282e-02 
  3.122046932643317e-02  6.629424057939431e-02 
  2.041475759028362e-02  5.317950003352191e-02 
  1.100948559032638e-02  4.245245399361169e-02 
  7.051635855696312e-02  4.645081625306493e-03 
  8.580490748150339e-02  1.436148999478887e-02 
  1.028232264667410e-01  2.784833598563603e-02 
  1.224955402326224e-01  4.566578209585134e-02 
  1.423075616559203e-01  6.810830151802137e-02 
  1.596083387561757e-01  9.486598054734363e-02 
  1.725882906295859e-01  1.231118620488209e-01 
  1.766531668349685e-01  1.543385266280620e-01 
  1.710705601281992e-01  1.851767254347424e-01 
  1.597186303796285e-01  2.084551360416773e-01 
  1.435136061586134e-01  2.310826024941059e-01 
  1.291718344690732e-01  2.463902113053323e-01 
  1.161477570216009e-01  2.606520230190236e-01 
  1.056730706571481e-01  2.678948408530205e-01 
  9.687208056482667e-02  2.750117185580796e-01 
  9.042565793734436e-02  2.808105046565881e-01 
  8.560357011006203e-02  2.857709641058240e-01 
  8.179665187677618e-02  2.890667568724352e-01 
  7.821800366234129e-02  2.945652760413599e-01 
  7.477609430052154e-02  2.955361082214186e-01 
  7.186744038134275e-02  3.003551272325283e-01 
  6.943104108998910e-02  3.009182655895918e-01 
  6.727159538839901e-02  3.050563713387598e-01 
  6.559326172174115e-02  3.019907217076727e-01 
  6.480878466592332e-02  3.046949806553279e-01 
  6.445245693692087e-02  3.063013422906539e-01 
  6.448861166342923e-02  3.054790982994577e-01 
  6.491556290651321e-02  3.055011504225991e-01 
  6.548958334274595e-02  3.066899890441820e-01 
  6.578512850391954e-02  3.102113973453255e-01 
  6.572106271131889e-02  3.084280016350670e-01 
  6.590836336345170e-02  3.110540425969612e-01 
  6.562723807992160e-02  3.128162820846665e-01 
  6.522788207521805e-02  3.105668520442186e-01 
  6.439679857643485e-02  3.115460504772526e-01 
  6.444942949978728e-02  3.111924487075000e-01 
  6.450041031410818e-02  3.131772094264512e-01 
  6.522837020347845e-02  3.095422250059724e-01 
  6.572946197082360e-02  3.125488102109700e-01 
  6.696688953401875e-02  3.103417108652876e-01 
  6.781358862077216e-02  3.122269595944883e-01 
  6.874436067625403e-02  3.116566154669267e-01 
  6.947736313582337e-02  3.123098631291147e-01 
  7.004438514558042e-02  3.154989730843216e-01 
  7.043089826814575e-02  3.157700602668412e-01 
  7.016501580501010e-02  3.153318581692993e-01 
  7.009944465180322e-02  3.171205602029175e-01 
  7.010581256300610e-02  3.181026228439255e-01 
  7.033634188148313e-02  3.158404501747324e-01 
  7.112713691594010e-02  3.159780757585207e-01 
  7.214839551029198e-02  3.165211974036222e-01 
  7.325594538106843e-02  3.172590723190151e-01 
  7.447642599496745e-02  3.177475788258572e-01 
  7.564614961802066e-02  3.178162507381862e-01 
  7.660053932009639e-02  3.176980506015558e-01 
  7.726578608471568e-02  3.210952640148073e-01 
  7.732583659542014e-02  3.224625247424709e-01 
  7.754427276381171e-02  3.216081160503937e-01 
  7.713664175714201e-02  3.210483187747298e-01 
  7.733130290270523e-02  3.227853013015951e-01 
  7.739068262486674e-02  3.231510340808854e-01 
  7.806314199169717e-02  3.239363989258804e-01 
  7.891661113855504e-02  3.242593068493915e-01 
  8.000144426460734e-02  3.271683622518489e-01 
  8.117979071878054e-02  3.239204372491046e-01 
  8.243624995078846e-02  3.282113156311594e-01 
  8.341871149998158e-02  3.264991086658718e-01 
  8.401802673163200e-02  3.302213891302155e-01 
  8.450751426048696e-02  3.294721424598013e-01 
  8.460815551086891e-02  3.334147816643890e-01 
  8.456316463985639e-02  3.321568398794819e-01 
  8.451911236655429e-02  3.331706990067841e-01 
  8.437330813080490e-02  3.339431581213983e-01 
  8.452568079190158e-02  3.341300225437812e-01 
  8.536125221219493e-02  3.349117619237869e-01 
  8.620663187393547e-02  3.339827220439512e-01 
  8.745444285449092e-02  3.357885243949221e-01 
  8.850899865089494e-02  3.346912819596040e-01 
  8.962423823206864e-02  3.368822662682735e-01 
  9.045737430339992e-02  3.370673603531486e-01 
  9.087557616584224e-02  3.392794457618728e-01 
  9.087545061668079e-02  3.406874612697253e-01 
  9.062614932843070e-02  3.403256635840610e-01 
  8.990889857097470e-02  3.423268784980585e-01 
  9.008828665705230e-02  3.417963731117820e-01 
  8.979992570798603e-02  3.431719638250478e-01 
  9.055826167816142e-02  3.436854131438600e-01 
  9.108804423489521e-02  3.426554549355077e-01 
  9.213486999407443e-02  3.444361688933027e-01 
  9.333396747520106e-02  3.455033399368203e-01 
  9.437781692837237e-02  3.473808312035904e-01 
  9.492115790758800e-02  3.459765789379207e-01 
  9.530647945942881e-02  3.490271813283606e-01 
  9.506735859013461e-02  3.500016163664373e-01 
  9.470886398728903e-02  3.494841627444041e-01 
  9.418642814921190e-02  3.511882686616552e-01 
  9.373961756539496e-02  3.500304690800787e-01 
  9.337031573105845e-02  3.513163402907347e-01 
  9.351964021851250e-02  3.509186500491896e-01 
  9.392065817934346e-02  3.519212568427532e-01 
  9.462833035729032e-02  3.512897273120114e-01 
  9.537828901195303e-02  3.529973133495594e-01 
  9.616447774855780e-02  3.549069466944450e-01 
  9.664016824800309e-02  3.542595772204445e-01 
  9.683870595367731e-02  3.553014664712140e-01 
  9.657678134107188e-02  3.562867322712557e-01 
  9.577294175260566e-02  3.593552549119569e-01 
  9.446692468224674e-02  3.584279348654790e-01 
  9.322691806630508e-02  3.590988381617137e-01 
  9.216660224724577e-02  3.589122653301864e-01 
  9.134030918962761e-02  3.598520242199670e-01 
  9.089848132733561e-02  3.590940010888466e-01 
  9.060967598031675e-02  3.578633721693287e-01 
  9.038394172330186e-02  3.587478855251632e-01 
  9.011705224246420e-02  3.593751969151440e-01 
  8.937681564512301e-02  3.592934086420795e-01 
  8.824561362658899e-02  3.587717590931981e-01 
  8.630192389362214e-02  3.596027464676626e-01 
  8.347553811702767e-02  3.595753815826468e-01 
  8.027145357776881e-02  3.593870716211124e-01 
  7.616632076271264e-02  3.586868458058868e-01 
  7.158762877875575e-02  3.555276236302464e-01 
  6.661924820231406e-02  3.534728405900999e-01 
  6.105083769213308e-02  3.515187943318824e-01 
  5.447413306881046e-02  3.483568461416637e-01 
  4.648138148733590e-02  3.434839511395140e-01 
  3.606759441857489e-02  3.386578914137444e-01 
  2.243491236173558e-02  3.310582766740854e-01 
  5.153252556372969e-03  3.217182146840569e-01 
  1.651740917348528e-02  3.064669879601634e-01 
  4.145636099039118e-02  2.868230832429192e-01 
  6.617439468347729e-02  2.605793821453585e-01 
  8.641416292214098e-02  2.306041135306493e-01 
  9.710667355577558e-02  1.962857401790934e-01 
  9.678303286784153e-02  1.611805004941818e-01 
  8.754761660884906e-02  1.292341676388348e-01 
  7.237575003331562e-02  1.018956748578027e-01 
  5.527284604881518e-02  7.933265702386205e-02 
  3.914509734309385e-02  6.146906398662415e-02 
  2.506279070318651e-02  4.829449175851536e-02 
  8.622956145402677e-02  7.867376786247071e-03 
  1.057340889012637e-01  1.983531035081115e-02 
  1.298444309420404e-01  3.661728160552045e-02 
  1.592273170451411e-01  5.893232836078035e-02 
  1.888220365260665e-01  8.882385135011250e-02 
  2.155880713666889e-01  1.235644385008122e-01 
  2.360725696619860e-01  1.658838284748955e-01 
  2.385763430689885e-01  2.090295569271684e-01 
  2.298810263034906e-01  2.504282392422644e-01 
  2.079623792113431e-01  2.845745121461919e-01 
  1.821964150321093e-01  3.134214388266197e-01 
  1.586873937278411e-01  3.321504919392205e-01 
  1.406012809581139e-01  3.475650109891890e-01 
  1.257984173556873e-01  3.589472248538231e-01 
  1.150836897024561e-01  3.665422994435032e-01 
  1.065359609067266e-01  3.739758001002116e-01 
  1.011550169920450e-01  3.774281166800811e-01 
  9.648410605486514e-02  3.833430553707285e-01 
  9.215202378711124e-02  3.880846809794479e-01 
  8.869523268074800e-02  3.908125935651646e-01 
  8.449910857447819e-02  3.925842298869338e-01 
  8.110449553844329e-02  3.932754620748152e-01 
  7.816293836548004e-02  3.942017518757995e-01 
  7.593268857635758e-02  3.956198737307636e-01 
  7.500564108187285e-02  3.972038048608749e-01 
  7.487996407559888e-02  3.968703004892216e-01 
  7.532544002899745e-02  3.982572127889187e-01 
  7.590165181687221e-02  3.989044214046612e-01 
  7.678397255767565e-02  3.989777253467842e-01 
  7.733359993539803e-02  4.012887180300040e-01 
  7.763346624991292e-02  4.001806635488029e-01 
  7.751017677523869e-02  4.042966567150595e-01 
  7.647104541869891e-02  4.026176410792144e-01 
  7.555455941063843e-02  4.055939796376936e-01 
  7.432624239790506e-02  4.054139141794966e-01 
  7.378098134264381e-02  4.038543824356061e-01 
  7.373685790210996e-02  4.040075209929087e-01 
  7.452522182242163e-02  4.043707653317896e-01 
  7.584410440171387e-02  4.043980008682611e-01 
  7.711308490006155e-02  4.049393207174128e-01 
  7.879227267035453e-02  4.049676202660751e-01 
  8.013603074233414e-02  4.055212808981346e-01 
  8.108286343602344e-02  4.073763381065925e-01 
  8.122032582341840e-02  4.068649232944609e-01 
  8.111784926282890e-02  4.090347918710880e-01 
  8.056705284432841e-02  4.105559494865652e-01 
  7.976253117492074e-02  4.094579898287206e-01 
  7.965204443936173e-02  4.097756992008333e-01 
  7.967860599946808e-02  4.098059880638577e-01 
  8.050399401101696e-02  4.074072469947259e-01 
  8.162221523135642e-02  4.084086671451364e-01 
  8.306824351578093e-02  4.088231216075847e-01 
  8.452882408564261e-02  4.105950884284128e-01 
  8.633746190185212e-02  4.115957199245683e-01 
  8.724150066169181e-02  4.109045497272441e-01 
  8.822080724434810e-02  4.117384260371236e-01 
  8.820525856037312e-02  4.144750093343842e-01 
  8.772095020630941e-02  4.140399524144051e-01 
  8.730433876337691e-02  4.137864833480400e-01 
  8.683417398135519e-02  4.150702436877531e-01 
  8.663277530638086e-02  4.157070597691862e-01 
  8.733675011601576e-02  4.140659800211213e-01 
  8.817182446486610e-02  4.158369243486695e-01 
  8.965988497518888e-02  4.164730467146338e-01 
  9.147864589467795e-02  4.165284306041935e-01 
  9.299465281472197e-02  4.176441475372301e-01 
  9.448029211717485e-02  4.190909185175125e-01 
  9.532140331471856e-02  4.185241277927361e-01 
  9.561276494539628e-02  4.206759169144295e-01 
  9.548611579467475e-02  4.210487186188138e-01 
  9.438732484902285e-02  4.237326703777391e-01 
  9.358403735517067e-02  4.228074197148848e-01 
  9.321367430543626e-02  4.229566425885385e-01 
  9.379984643527976e-02  4.236516966316078e-01 
  9.444054341713021e-02  4.240424157496260e-01 
  9.601630243394105e-02  4.252527688352855e-01 
  9.761820719609812e-02  4.255045907209739e-01 
  9.892313639424319e-02  4.265542760925139e-01 
  1.002412277812294e-01  4.272948416515538e-01 
  1.013451400956801e-01  4.278800619393154e-01 
  1.018414273187713e-01  4.307679664187005e-01 
  1.013180394426164e-01  4.329026058007589e-01 
  1.008301184492893e-01  4.345053217650796e-01 
  9.988885325668317e-02  4.343007706482462e-01 
  9.920994922698245e-02  4.353618300470875e-01 
  9.912602186333777e-02  4.341773863913384e-01 
  9.973103528453128e-02  4.364212611788329e-01 
  1.009882688091184e-01  4.352101846198768e-01 
  1.022988914068599e-01  4.363645886629329e-01 
  1.039307897390742e-01  4.383114339862607e-01 
  1.052470489483303e-01  4.395390346363740e-01 
  1.061012443642246e-01  4.395899450087933e-01 
  1.065597584514262e-01  4.431492309931593e-01 
  1.061197522443868e-01  4.433816854912193e-01 
  1.051788643711611e-01  4.443380962734993e-01 
  1.040407148162146e-01  4.464280249084456e-01 
  1.029971665348404e-01  4.465736047337787e-01 
  1.026408352209938e-01  4.463536083629994e-01 
  1.028412691027578e-01  4.465237876506482e-01 
  1.033897124299075e-01  4.452109630165665e-01 
  1.045616739578217e-01  4.462027062688945e-01 
  1.058205166026446e-01  4.472545320634451e-01 
  1.071301412123489e-01  4.475734847024979e-01 
  1.080844277087438e-01  4.498446916559722e-01 
  1.084814739504850e-01  4.515997574526056e-01 
  1.079997443297680e-01  4.530977963660564e-01 
  1.066900275742280e-01  4.548846165994327e-01 
  1.047156342098698e-01  4.563271408918691e-01 
  1.031223680485632e-01  4.544473758639313e-01 
  1.012141022548347e-01  4.548104136157046e-01 
  1.004009396484553e-01  4.556014525202923e-01 
  9.988454080131691e-02  4.556020295042697e-01 
  9.994064025819657e-02  4.540767861993380e-01 
  1.000856300323780e-01  4.544147292395225e-01 
  1.002133377951680e-01  4.550244150131509e-01 
  9.999174036351803e-02  4.562431951215679e-01 
  9.884375313564266e-02  4.556732139513662e-01 
  9.675446756433305e-02  4.559944953467004e-01 
  9.364803678754237e-02  4.563882450525537e-01 
  8.910878608302156e-02  4.574310070450898e-01 
  8.364218652640475e-02  4.567924845515904e-01 
  7.777975617347822e-02  4.533082259003038e-01 
  7.168875321742309e-02  4.515097156913421e-01 
  6.531855632610545e-02  4.494936387895918e-01 
  5.794923103011153e-02  4.452327989515328e-01 
  4.851713277419557e-02  4.395818475373388e-01 
  3.607860420450557e-02  4.345181781936539e-01 
  1.922643780365420e-02  4.286768689785299e-01 
  3.983526195132128e-03  4.168677036885706e-01 
  3.379524719027138e-02  4.000807908301534e-01 
  7.062976761966729e-02  3.754828883874473e-01 
  1.092406378692799e-01  3.444779278018981e-01 
  1.410320852807471e-01  3.001045638343459e-01 
  1.572937720615138e-01  2.533699758327244e-01 
  1.543237888895089e-01  2.071092996112314e-01 
  1.371998944852676e-01  1.619320634525926e-01 
  1.120700272087366e-01  1.242060641362116e-01 
  8.624923016379349e-02  9.403208154664303e-02 
  6.201437589517718e-02  7.165778835863199e-02 
  4.169866272388530e-02  5.440583749629978e-02 
  1.043884688232722e-01  1.098206854380131e-02 
  1.325738221645514e-01  2.494685196845366e-02 
  1.676658354811741e-01  4.566493039406606e-02 
  2.091103011019169e-01  7.366152402900078e-02 
  2.546538388023538e-01  1.115415049960052e-01 
  2.972983695010844e-01  1.600890214543458e-01 
  3.266322987634486e-01  2.155456437296690e-01 
  3.308170064181834e-01  2.711706299419017e-01 
  3.067004600142089e-01  3.277123060148461e-01 
  2.697799236179103e-01  3.691229941658187e-01 
  2.282758809033019e-01  4.044100595805156e-01 
  1.926841215454460e-01  4.271931202867556e-01 
  1.668878337261097e-01  4.467438164651957e-01 
  1.474034598439262e-01  4.550642305875501e-01 
  1.340802859116584e-01  4.655018378919770e-01 
  1.248748062413164e-01  4.711872714486326e-01 
  1.184115121918748e-01  4.782069680299759e-01 
  1.126155928276814e-01  4.829719960743141e-01 
  1.079965239898937e-01  4.868010989771017e-01 
  1.023382950493628e-01  4.938461814077181e-01 
  9.669412268774269e-02  4.959441250735586e-01 
  9.167993091716506e-02  4.959196878696829e-01 
  8.701880748367082e-02  4.985340774556895e-01 
  8.451139633521539e-02  4.989813342909238e-01 
  8.320764440418793e-02  4.967746774009499e-01 
  8.384658471332174e-02  4.963625991121053e-01 
  8.461889063486731e-02  5.006627148486245e-01 
  8.625087852793550e-02  4.978989380660389e-01 
  8.779795034740290e-02  4.997326788001546e-01 
  8.895205328390515e-02  5.016161377986258e-01 
  8.941285809184031e-02  5.025670368414256e-01 
  8.868975953062998e-02  5.038183717379420e-01 
  8.698970886761924e-02  5.095216004088547e-01 
  8.453545166073979e-02  5.056750196365188e-01 
  8.229707074903859e-02  5.079106858787477e-01 
  8.127398928742412e-02  5.055471308913564e-01 
  8.101558594335334e-02  5.064388920508314e-01 
  8.216274255300730e-02  5.027594587288914e-01 
  8.398891624817087e-02  5.042957986340457e-01 
  8.623567703868729e-02  5.040881055992117e-01 
  8.843973393707287e-02  5.037445377592167e-01 
  9.054161303817414e-02  5.066908946608411e-01 
  9.192090200714367e-02  5.090131474484922e-01 
  9.240066086392817e-02  5.099682637434648e-01 
  9.161556776367193e-02  5.134031748606390e-01 
  8.951089042582935e-02  5.113932601585756e-01 
  8.771403249447471e-02  5.112653379068199e-01 
  8.643625207680436e-02  5.120371834490313e-01 
  8.648073606377366e-02  5.120666595270545e-01 
  8.775631479888800e-02  5.094666381644328e-01 
  8.929634382453704e-02  5.091368719470714e-01 
  9.150854022048766e-02  5.080342593840652e-01 
  9.419294538625771e-02  5.088930854888931e-01 
  9.657014363791354e-02  5.111897063489589e-01 
  9.790595936897657e-02  5.114205795030105e-01 
  9.888754095172231e-02  5.142825042582656e-01 
  9.854062837756976e-02  5.141572925499583e-01 
  9.699740762629247e-02  5.148201656476818e-01 
  9.514642554316717e-02  5.171059083935647e-01 
  9.374247753468241e-02  5.181343678579596e-01 
  9.325843590828047e-02  5.153939307291659e-01 
  9.384009253735012e-02  5.152215264841477e-01 
  9.547128705826059e-02  5.153497266201885e-01 
  9.789083372803695e-02  5.151451910701416e-01 
  1.005298020436481e-01  5.166110009496317e-01 
  1.026476065640572e-01  5.164799301845817e-01 
  1.045475782840216e-01  5.186629788400616e-01 
  1.060447145404847e-01  5.205673791699998e-01 
  1.057097820411717e-01  5.225883213325634e-01 
  1.046708925191636e-01  5.240558821618769e-01 
  1.025757680223598e-01  5.240523827921002e-01 
  1.008055926797212e-01  5.236701269007352e-01 
  1.000149051391322e-01  5.240523827921002e-01 
  1.002708109542240e-01  5.228265094745472e-01 
  1.016068943891864e-01  5.225892238114015e-01 
  1.037290086642564e-01  5.214673840256202e-01 
  1.061978629431170e-01  5.224684258368364e-01 
  1.085460633236716e-01  5.225618493133374e-01 
  1.107949529438794e-01  5.251377027707239e-01 
  1.120512297864643e-01  5.266444963620029e-01 
  1.123399761589207e-01  5.294242743177262e-01 
  1.113923913444650e-01  5.299981455278786e-01 
  1.091894371698507e-01  5.328600976105424e-01 
  1.070674051467227e-01  5.327265602160667e-01 
  1.058670782284831e-01  5.319700718846370e-01 
  1.056597010009920e-01  5.321133439729526e-01 
  1.063703228452109e-01  5.310782921809440e-01 
  1.084880685494944e-01  5.313644557004146e-01 
  1.105922839950306e-01  5.322157835830520e-01 
  1.131543039223093e-01  5.324092595172463e-01 
  1.152441999724005e-01  5.349635596512943e-01 
  1.164248876130537e-01  5.377075073001135e-01 
  1.169580119030397e-01  5.388840134581377e-01 
  1.161640318914429e-01  5.413307529235195e-01 
  1.141636452510414e-01  5.431377639463167e-01 
  1.117364778334294e-01  5.428011386237127e-01 
  1.098350311092963e-01  5.430037764443889e-01 
  1.087218108653419e-01  5.423761075725925e-01 
  1.091082091103640e-01  5.420120601450944e-01 
  1.102240532891506e-01  5.422543566936056e-01 
  1.122725734382614e-01  5.422203961961803e-01 
  1.143983280904313e-01  5.432363843581892e-01 
  1.164375684029527e-01  5.430065896545787e-01 
  1.184194875484916e-01  5.461220980544493e-01 
  1.190280112544140e-01  5.468594231321042e-01 
  1.184655506279353e-01  5.510437107455659e-01 
  1.158326327166666e-01  5.523043324749022e-01 
  1.129463699340997e-01  5.522153822843059e-01 
  1.093978727960792e-01  5.527412801125974e-01 
  1.070106562418504e-01  5.525030120719829e-01 
  1.059499307952833e-01  5.510274065850864e-01 
  1.057565628076712e-01  5.507388330201173e-01 
  1.065444611720174e-01  5.496695132256028e-01 
  1.074255107939391e-01  5.495235386356987e-01 
  1.084764658202038e-01  5.488806871286208e-01 
  1.086276482639717e-01  5.500473161941677e-01 
  1.077330927079469e-01  5.509456392985604e-01 
  1.054321656628081e-01  5.521334387133552e-01 
  1.008447113851441e-01  5.540664456308729e-01 
  9.453846084044436e-02  5.531528444706124e-01 
  8.712330208398833e-02  5.529445730809900e-01 
  7.970229508030517e-02  5.504967381539719e-01 
  7.240856278212704e-02  5.454795832190585e-01 
  6.521359280054159e-02  5.416761325099472e-01 
  5.688675715162400e-02  5.382713317834894e-01 
  4.654275934221839e-02  5.330923495799372e-01 
  3.233671711248479e-02  5.271135131657585e-01 
  1.162002807564647e-02  5.192180717737520e-01 
  1.741888200909583e-02  5.084845948658921e-01 
  5.800337674949861e-02  4.928170219602609e-01 
  1.095827708002440e-01  4.657572244008098e-01 
  1.672783274041249e-01  4.274377253085400e-01 
  2.156345155129163e-01  3.757576230983158e-01 
  2.396129452342258e-01  3.159007449137817e-01 
  2.350998907841044e-01  2.527213890812107e-01 
  2.050048460664515e-01  1.954258231869506e-01 
  1.653340587864954e-01  1.461477891650108e-01 
  1.242356616766938e-01  1.080695019551448e-01 
  8.911851217243895e-02  7.941994829720246e-02 
  6.132706453676443e-02  5.994397659214181e-02 
  1.239607306435484e-01  1.261377703493041e-02 
  1.597682680775460e-01  2.777019951818463e-02 
  2.061093897204485e-01  5.058495290517122e-02 
  2.627779845529762e-01  8.364442499587908e-02 
  3.289560872915600e-01  1.292069574832953e-01 
  3.893580223731983e-01  1.863082343363959e-01 
  4.251589025717216e-01  2.505732465763040e-01 
  4.235190769007328e-01  3.198794569081573e-01 
  3.832595429679398e-01  3.802579915424212e-01 
  3.248547918930166e-01  4.279622380324649e-01 
  2.659054430491757e-01  4.624289873447104e-01 
  2.181465893741882e-01  4.870944710769270e-01 
  1.845888131236365e-01  5.012842389203575e-01 
  1.616648774473427e-01  5.124025708021219e-01 
  1.468059228270370e-01  5.194926412008136e-01 
  1.369144945222787e-01  5.275281628203120e-01 
  1.300350345424776e-01  5.362745041589362e-01 
  1.246989731886107e-01  5.424301237660070e-01 
  1.189823048018981e-01  5.476429484665969e-01 
  1.122607210524129e-01  5.533947694746087e-01 
  1.039800034178750e-01  5.573501854892789e-01 
  9.585020087482367e-02  5.591058031850752e-01 
  8.959572278985568e-02  5.593241225506229e-01 
  8.597561228320623e-02  5.578512364394502e-01 
  8.491912828345420e-02  5.577158023635344e-01 
  8.600672829509810e-02  5.554376310757929e-01 
  8.811027919087674e-02  5.562741771649088e-01 
  9.107422355109160e-02  5.561772238597744e-01 
  9.372827567850894e-02  5.588015473147556e-01 
  9.619898224722719e-02  5.623396419024901e-01 
  9.661395868633246e-02  5.643637363053503e-01 
  9.543979050660406e-02  5.672916614882489e-01 
  9.226614537672746e-02  5.694027365033594e-01 
  8.784657371989901e-02  5.688662912899773e-01 
  8.378463410027963e-02  5.699636381988289e-01 
  8.167432000713791e-02  5.687731676506952e-01 
  8.176023430461858e-02  5.662947690479484e-01 
  8.336534990892366e-02  5.644452855408911e-01 
  8.646691759768822e-02  5.625957538034316e-01 
  8.986028204318494e-02  5.629854876809663e-01 
  9.330157550501252e-02  5.648519078866706e-01 
  9.640691313912896e-02  5.661720814078200e-01 
  9.828799533732624e-02  5.686263095210490e-01 
  9.864201322546580e-02  5.696688860760899e-01 
  9.666842157187139e-02  5.719632167650884e-01 
  9.308113651860844e-02  5.725363961522800e-01 
  8.943131720302680e-02  5.716737489131908e-01 
  8.722089270761652e-02  5.719759258981608e-01 
  8.690068050941806e-02  5.681925041272489e-01 
  8.841099481974068e-02  5.671189379022243e-01 
  9.139050505095896e-02  5.653615253001464e-01 
  9.492679702740184e-02  5.645791037969149e-01 
  9.868983602219052e-02  5.657529146056888e-01 
  1.018713302734355e-01  5.683497849447207e-01 
  1.044631042702211e-01  5.702496140310582e-01 
  1.053068997761743e-01  5.722897268823053e-01 
  1.044309737116241e-01  5.743141280523966e-01 
  1.014451707260993e-01  5.750403238314610e-01 
  9.791817880615296e-02  5.766864536971716e-01 
  9.514015998307969e-02  5.762068275673100e-01 
  9.412859523513900e-02  5.745241647054733e-01 
  9.495565358019224e-02  5.736485497825035e-01 
  9.735570977758130e-02  5.706812449612234e-01 
  1.004163259699004e-01  5.709619276601292e-01 
  1.040353966624431e-01  5.718745899376191e-01 
  1.078042487241821e-01  5.723713011602070e-01 
  1.108302664596894e-01  5.745700046995417e-01 
  1.123279356061178e-01  5.787031548983634e-01 
  1.122855000400597e-01  5.807000989016764e-01 
  1.095059399615583e-01  5.821920892416379e-01 
  1.057263105848884e-01  5.828065177395966e-01 
  1.023463425616639e-01  5.824093653888113e-01 
  1.002816514535778e-01  5.819880937622766e-01 
  1.005477663742094e-01  5.785130364926424e-01 
  1.027911979324682e-01  5.776882044866126e-01 
  1.056541784520508e-01  5.771632895297829e-01 
  1.094468023093107e-01  5.785571298717711e-01 
  1.129289856843309e-01  5.777479324876186e-01 
  1.160965000689839e-01  5.810704631028417e-01 
  1.183015888260355e-01  5.842017451759534e-01 
  1.185651560874376e-01  5.865398178859444e-01 
  1.165337245910646e-01  5.894072179938465e-01 
  1.127188702663945e-01  5.909047757443002e-01 
  1.087404754052764e-01  5.909208991753251e-01 
  1.058989556870730e-01  5.899738331539347e-01 
  1.055972060086141e-01  5.893155489466170e-01 
  1.070897186004235e-01  5.876931787973743e-01 
  1.096521439062893e-01  5.867733758252764e-01 
  1.132934565963584e-01  5.850640322751218e-01 
  1.170132730336921e-01  5.864679726093215e-01 
  1.202892943974380e-01  5.887421100018233e-01 
  1.226472535256205e-01  5.912696675071215e-01 
  1.233303821986796e-01  5.937013685144727e-01 
  1.218284103270133e-01  5.960963327356925e-01 
  1.182073353146870e-01  5.987944274186222e-01 
  1.137419258574593e-01  5.995695935320771e-01 
  1.099789647735496e-01  5.979361351685405e-01 
  1.081389821196711e-01  5.965864016424837e-01 
  1.084593450065382e-01  5.957443058050417e-01 
  1.105774390046279e-01  5.928845729392330e-01 
  1.134085055095745e-01  5.925575690952256e-01 
  1.171995049889565e-01  5.930887688465056e-01 
  1.206269028815326e-01  5.951894163664587e-01 
  1.236190572908389e-01  5.974499099411380e-01 
  1.250689135916787e-01  6.002141781014132e-01 
  1.239573198004153e-01  6.034177762113099e-01 
  1.205565683803077e-01  6.061345643225142e-01 
  1.147605649033921e-01  6.056722135864971e-01 
  1.092527374143793e-01  6.052512569056941e-01 
  1.053971038683668e-01  6.035394322622697e-01 
  1.039225099606456e-01  6.006769957485333e-01 
  1.042074880829783e-01  6.002559172880444e-01 
  1.059494306810645e-01  5.985742775111393e-01 
  1.084253861094996e-01  5.976968265930371e-01 
  1.104979770901799e-01  5.967667945325541e-01 
  1.122697685621784e-01  5.982641097261895e-01 
  1.121826325876044e-01  6.006079825295678e-01 
  1.095903533883883e-01  6.041379951171749e-01 
  1.034738902624413e-01  6.044410481388834e-01 
  9.470709759449253e-02  6.049839456347633e-01 
  8.398733045180426e-02  6.029481958556391e-01 
  7.376620265502541e-02  6.005346214603883e-01 
  6.514673088825541e-02  5.941748291903556e-01 
  5.712616597849681e-02  5.883808780086953e-01 
  4.910319229440701e-02  5.827510973607140e-01 
  3.817107380049879e-02  5.773469156062595e-01 
  2.276904038375350e-02  5.724348290862116e-01 
  1.058691624650246e-03  5.658956427590131e-01 
  3.440682728307572e-02  5.564535276791572e-01 
  8.475192619118985e-02  5.437264999393481e-01 
  1.522378974752599e-01  5.209759796658675e-01 
  2.307928378807325e-01  4.832333509270703e-01 
  3.007621476811941e-01  4.310483628964584e-01 
  3.387961195032622e-01  3.669443034717668e-01 
  3.315041177859063e-01  2.931050492572990e-01 
  2.882204735361347e-01  2.246065411812289e-01 
  2.286247414650820e-01  1.647171805910347e-01 
  1.710073895092016e-01  1.201606170889627e-01 
  1.226690289408245e-01  8.786078921014479e-02 
  8.401918749158563e-02  6.495372316502440e-02 
  1.460888691778333e-01  1.271652940966324e-02 
  1.916802765842370e-01  2.870672837516497e-02 
  2.537557706884102e-01  5.284162929628922e-02 
  3.313778892851850e-01  8.700324479936394e-02 
  4.176176328537174e-01  1.337527438340759e-01 
  4.977622734877334e-01  1.957420579513103e-01 
  5.387219578396527e-01  2.624241807060577e-01 
  5.213936977059661e-01  3.291461276082577e-01 
  4.556516815791541e-01  3.850205854059843e-01 
  3.685954563281094e-01  4.269947152874879e-01 
  2.908352730088125e-01  4.558762320010442e-01 
  2.319750234905911e-01  4.743911189180576e-01 
  1.922306911306430e-01  4.862423705137047e-01 
  1.670572689829087e-01  4.930080379211068e-01 
  1.519112290246685e-01  5.006465180106416e-01 
  1.425351829073468e-01  5.093624783961128e-01 
  1.367740721773842e-01  5.146705877258163e-01 
  1.320572129703377e-01  5.212140329954997e-01 
  1.256135031061200e-01  5.321266992157125e-01 
  1.165970271297028e-01  5.377042882047937e-01 
  1.039760769579959e-01  5.437258739514418e-01 
  9.088692861939925e-02  5.454886265887510e-01 
  8.184759588482732e-02  5.448576463256605e-01 
  7.726907750919282e-02  5.428180118044004e-01 
  7.686570722252198e-02  5.410751643094006e-01 
  7.929504088504827e-02  5.378746171904994e-01 
  8.329663886459171e-02  5.383468174826117e-01 
  8.840350361986382e-02  5.370644425836876e-01 
  9.326779884537423e-02  5.408538182118527e-01 
  9.720194996334333e-02  5.444117625614907e-01 
  9.867949706438485e-02  5.498772474114978e-01 
  9.667584514223716e-02  5.543496146886009e-01 
  9.077784681409386e-02  5.594426855172138e-01 
  8.255524628761068e-02  5.585867117081187e-01 
  7.567356207358523e-02  5.602214070960879e-01 
  7.199257000532713e-02  5.549842392980322e-01 
  7.211632335888839e-02  5.551858643925582e-01 
  7.526897074452123e-02  5.515827808026831e-01 
  8.033477420714243e-02  5.501915929651801e-01 
  8.555189374655428e-02  5.489622743534027e-01 
  9.123548338415960e-02  5.517676064066533e-01 
  9.614865809841502e-02  5.526868734191043e-01 
  9.930548284260154e-02  5.566156334089665e-01 
  9.942199590133427e-02  5.606696530504011e-01 
  9.555308813445493e-02  5.648608822330835e-01 
  8.857154642807692e-02  5.650135329889008e-01 
  8.131149149140515e-02  5.647392854598428e-01 
  7.692618187647590e-02  5.598925644945220e-01 
  7.682348904702634e-02  5.577570905389370e-01 
  7.920047338080437e-02  5.554167207610097e-01 
  8.383715407239448e-02  5.508844327864602e-01 
  8.928242494791619e-02  5.496231287135011e-01 
  9.517396822944008e-02  5.494446513030475e-01 
  1.005587178565458e-01  5.534010769913610e-01 
  1.046802683695283e-01  5.550672450081846e-01 
  1.060961751120965e-01  5.593619878390428e-01 
  1.038913590173735e-01  5.631098835171204e-01 
  9.826344306709878e-02  5.654415912397898e-01 
  9.097548454720239e-02  5.660859812522679e-01 
  8.569800804999657e-02  5.646342911301345e-01 
  8.369951228416607e-02  5.604864915526926e-01 
  8.533531135045740e-02  5.573936284521246e-01 
  8.940178239545599e-02  5.530178507071724e-01 
  9.449298694899570e-02  5.539052098541127e-01 
  1.003799736570262e-01  5.526647304738143e-01 
  1.059997100668865e-01  5.562317179903818e-01 
  1.108084620964254e-01  5.606479002978807e-01 
  1.132483615266900e-01  5.626154446018723e-01 
  1.121358365681808e-01  5.676118452673902e-01 
  1.071677412721198e-01  5.704795094576455e-01 
  9.989546604986529e-02  5.721205533318319e-01 
  9.355445591218406e-02  5.698060419784982e-01 
  9.060378219118879e-02  5.696432427015572e-01 
  9.111844033762018e-02  5.660475956231436e-01 
  9.449985178876225e-02  5.622872035350861e-01 
  9.952973032945304e-02  5.591892965750520e-01 
  1.047917220896298e-01  5.622107558628646e-01 
  1.107509543782711e-01  5.629135464073483e-01 
  1.155688062633288e-01  5.633497423149296e-01 
  1.189400803012345e-01  5.672993030280554e-01 
  1.196623775123267e-01  5.714615305114259e-01 
  1.156372559439453e-01  5.761789661706400e-01 
  1.089279743266245e-01  5.778582260260375e-01 
  1.009068217278932e-01  5.772776585206338e-01 
  9.597443793051778e-02  5.751883749501974e-01 
  9.555498031759004e-02  5.715116003711807e-01 
  9.789482342428628e-02  5.696740017722911e-01 
  1.022531574534228e-01  5.664791112319227e-01 
  1.081010164065312e-01  5.670707544675191e-01 
  1.138448075754167e-01  5.664978291983847e-01 
  1.191345633454157e-01  5.685804200410873e-01 
  1.231017501469873e-01  5.720210357228857e-01 
  1.244858896479817e-01  5.783154568405073e-01 
  1.218349045446157e-01  5.830324807682781e-01 
  1.148851584004292e-01  5.849067051767992e-01 
  1.067413711806609e-01  5.839323016740349e-01 
  1.001085629994654e-01  5.814166975498583e-01 
  9.713927938068499e-02  5.806365227354979e-01 
  9.808131442819856e-02  5.775946341663483e-01 
  1.017148299515677e-01  5.733213964242324e-01 
  1.070384415772037e-01  5.714736363566219e-01 
  1.126697361722125e-01  5.732588920880395e-01 
  1.183394992859897e-01  5.747410935921062e-01 
  1.230670179737845e-01  5.774288783418501e-01 
  1.254594783292121e-01  5.797924423690639e-01 
  1.241610502058123e-01  5.849003079238480e-01 
  1.177498675729149e-01  5.891429702830365e-01 
  1.080931137461068e-01  5.894359226325862e-01 
  9.864012805095775e-02  5.877096882346046e-01 
  9.306974572297198e-02  5.836472586316284e-01 
  9.196071247965121e-02  5.798042574291447e-01 
  9.350953069613566e-02  5.765110687937314e-01 
  9.726303728109123e-02  5.739109354669821e-01 
  1.016376879957733e-01  5.707457023674765e-01 
  1.061584643055917e-01  5.726060732745513e-01 
  1.096373872450715e-01  5.739808459513335e-01 
  1.109603779561589e-01  5.771849521079651e-01 
  1.083754159606554e-01  5.805048466157721e-01 
  9.991432929111292e-02  5.816593986986980e-01 
  8.610588352849044e-02  5.825070018024278e-01 
  7.049320840780576e-02  5.792565455757754e-01 
  5.667623304303051e-02  5.734103134882593e-01 
  4.630616632646055e-02  5.666894141160261e-01 
  3.848102019457118e-02  5.595787966398890e-01 
  3.091356043815261e-02  5.508040184010700e-01 
  2.118448093731461e-02  5.429033856398766e-01 
  6.243972438448197e-03  5.392066628062249e-01 
  1.756668555139304e-02  5.333948276449512e-01 
  5.564252471470896e-02  5.305229183894539e-01 
  1.138050613850832e-01  5.229041637288703e-01 
  1.955468738350264e-01  5.105124643356139e-01 
  2.977775328493387e-01  4.830179829418275e-01 
  3.933246160332413e-01  4.408259478584654e-01 
  4.479531835046160e-01  3.808689775061985e-01 
  4.403382654795491e-01  3.098154703076465e-01 
  3.806999128303236e-01  2.384454007669932e-01 
  2.984074609248995e-01  1.747820182729010e-01 
  2.189457540032008e-01  1.256066260273489e-01 
  1.554258593896650e-01  9.154852468740235e-02 
  1.072850795036078e-01  6.743688477694923e-02 
  1.677179816469966e-01  1.063768803790325e-02 
  2.216871792087905e-01  2.584229025053258e-02 
  2.957100450065845e-01  4.811540547459825e-02 
  3.910238319318288e-01  8.076677649855854e-02 
  5.013477582685821e-01  1.247565912701743e-01 
  5.977250780127448e-01  1.809776939271647e-01 
  6.359988456158102e-01  2.386317631089231e-01 
  5.992356978347013e-01  2.937851569921247e-01 
  5.042867732648350e-01  3.404819158440267e-01 
  3.925833958712476e-01  3.685870308405055e-01 
  2.992759219554660e-01  3.871262761448664e-01 
  2.324914988597319e-01  3.959136725403639e-01 
  1.895752674577423e-01  4.064778174507921e-01 
  1.645826411354795e-01  4.106527164385652e-01 
  1.501104328874168e-01  4.126401664701678e-01 
  1.425519877065405e-01  4.238140499475970e-01 
  1.388118931821045e-01  4.311670356571558e-01 
  1.353496158131232e-01  4.422101432087804e-01 
  1.289873372152305e-01  4.496951461784228e-01 
  1.173281782289819e-01  4.606946830282661e-01 
  9.918673108433740e-02  4.659404341405817e-01 
  8.010195713888210e-02  4.718870400475183e-01 
  6.667553012516071e-02  4.681233453831031e-01 
  6.080100072207502e-02  4.620933301902066e-01 
  6.120782924383427e-02  4.569320276043412e-01 
  6.654110021443829e-02  4.535078407196971e-01 
  7.303765607582291e-02  4.579320075779443e-01 
  8.094113264510581e-02  4.534116763765014e-01 
  8.858874053572330e-02  4.563921858424537e-01 
  9.468516217734846e-02  4.651070258922630e-01 
  9.746266385598332e-02  4.705070660244368e-01 
  9.449950363908353e-02  4.760365510388407e-01 
  8.490411263691462e-02  4.835049225706874e-01 
  7.125244594996505e-02  4.821128976125670e-01 
  6.055116834888814e-02  4.862367724737600e-01 
  5.542446726066015e-02  4.769367083176970e-01 
  5.622377183374141e-02  4.730538702750248e-01 
  6.174343361479162e-02  4.689350556326664e-01 
  6.849025408742875e-02  4.697311919959227e-01 
  7.691899962760397e-02  4.672254059098138e-01 
  8.512015923165916e-02  4.690021137010318e-01 
  9.257389298303934e-02  4.727748875446157e-01 
  9.721264894549222e-02  4.792730402136142e-01 
  9.721410391895632e-02  4.839863351887578e-01 
  9.066839487449621e-02  4.901443491012522e-01 
  7.875810850863195e-02  4.931052200154270e-01 
  6.729178170049110e-02  4.922950284769539e-01 
  6.079680788228771e-02  4.909666582438512e-01 
  6.013394241559340e-02  4.817954008842893e-01 
  6.474788361149411e-02  4.793528347464572e-01 
  7.122752886161246e-02  4.772090266767126e-01 
  7.936646321079278e-02  4.774142743901372e-01 
  8.763076991420797e-02  4.750781974552050e-01 
  9.565505535642040e-02  4.786527407363708e-01 
  1.017290004651630e-01  4.810450499169564e-01 
  1.037167566461080e-01  4.870767504910797e-01 
  1.000578063772340e-01  4.919898577662758e-01 
  9.057001243560518e-02  4.963015139510140e-01 
  7.803409129163028e-02  4.947187265602175e-01 
  6.989688593528630e-02  4.925507673517409e-01 
  6.728966673374906e-02  4.876217850806394e-01 
  6.990174659881845e-02  4.832814213491777e-01 
  7.585752648141868e-02  4.778742176235158e-01 
  8.393630120430259e-02  4.743887704231456e-01 
  9.234857053414530e-02  4.762988138847013e-01 
  1.005546195934770e-01  4.755975404489094e-01 
  1.075746959772927e-01  4.828178858080425e-01 
  1.113524629377209e-01  4.841310642247180e-01 
  1.095396571711081e-01  4.921803831250293e-01 
  1.011729649186420e-01  4.959615401709450e-01 
  8.889304383611707e-02  4.966557295831238e-01 
  7.855839959945805e-02  4.949708237170861e-01 
  7.374961837815400e-02  4.893391914034922e-01 
  7.491511100586563e-02  4.881312365859609e-01 
  7.989992605232486e-02  4.822103192533178e-01 
  8.730190638666686e-02  4.809541760519350e-01 
  9.539750740272868e-02  4.797840984622416e-01 
  1.038509867481127e-01  4.792592458251590e-01 
  1.112097533080630e-01  4.846030576128497e-01 
  1.165334160133336e-01  4.894240426673374e-01 
  1.171072485720368e-01  4.943080691512033e-01 
  1.110687354619845e-01  5.008086252878293e-01 
  9.950239342649414e-02  5.033781380410838e-01 
  8.688257368892709e-02  5.011813481279396e-01 
  7.985721815532518e-02  4.984956811062110e-01 
  7.853614455785066e-02  4.939434718501302e-01 
  8.240944273257991e-02  4.883942587329428e-01 
  8.961096978826509e-02  4.863902380786024e-01 
  9.769532396227994e-02  4.806005904189541e-01 
  1.063762992250563e-01  4.826585457162735e-01 
  1.140061099999810e-01  4.848240442599801e-01 
  1.201011393438797e-01  4.892257976467083e-01 
  1.223622142655993e-01  4.953179878457279e-01 
  1.183364066015975e-01  5.000294689655500e-01 
  1.075713644653426e-01  5.032328694570104e-01 
  9.421756530860678e-02  5.038373394793743e-01 
  8.365755687998115e-02  5.038455764579696e-01 
  7.965843638133312e-02  4.973108677650367e-01 
  8.165346658602678e-02  4.915666943642891e-01 
  8.696922046731688e-02  4.859779335351816e-01 
  9.481832462696894e-02  4.826846078675204e-01 
  1.032383315837741e-01  4.827692501024088e-01 
  1.115875204501218e-01  4.843675053103724e-01 
  1.192950098515363e-01  4.878821174226959e-01 
  1.230263749327575e-01  4.931891344509728e-01 
  1.211768133308473e-01  4.995355491844459e-01 
  1.109374751295200e-01  5.037068419431410e-01 
  9.568413329058645e-02  5.043436416836833e-01 
  8.153026940185477e-02  5.009820897552758e-01 
  7.330312294813060e-02  4.961223018261782e-01 
  7.258167349311594e-02  4.891730247164809e-01 
  7.608061724174227e-02  4.841873625229157e-01 
  8.172462328967764e-02  4.780907047133185e-01 
  8.949076639427567e-02  4.781760277771145e-01 
  9.669905443227407e-02  4.765407017251338e-01 
  1.027185848181763e-01  4.782546485666740e-01 
  1.057929134410952e-01  4.837405009326315e-01 
  1.030722193504514e-01  4.882688853463304e-01 
  9.179624732022956e-02  4.926740070838174e-01 
  7.188499177330082e-02  4.923903126747898e-01 
  4.874669514314293e-02  4.876400307701036e-01 
  3.016840692342032e-02  4.813807841111875e-01 
  1.848140470820143e-02  4.692553686588579e-01 
  1.166901041251694e-02  4.581307047977993e-01 
  6.243728748344005e-03  4.459060347578760e-01 
  2.128567992698772e-03  4.402593621055350e-01 
  1.467497693647031e-02  4.339261768622914e-01 
  3.706023999272649e-02  4.294293760751473e-01 
  7.462380290760283e-02  4.307321610425336e-01 
  1.354372657053650e-01  4.336301292611029e-01 
  2.282103186461525e-01  4.292943769761496e-01 
  3.491019119680458e-01  4.236024858135600e-01 
  4.707656617953492e-01  3.983009570986540e-01 
  5.473564339115605e-01  3.560559109757072e-01 
  5.461032704113644e-01  2.971966433281062e-01 
  4.799134011373737e-01  2.330523840594130e-01 
  3.753403264385343e-01  1.754886770560354e-01 
  2.761219154230767e-01  1.271790861441908e-01 
  1.952837820165931e-01  9.233123614460662e-02 
  1.342131988104426e-01  6.826867124591225e-02 
  1.887708699942806e-01  6.866679858665574e-03 
  2.526454186580092e-01  2.017544395370709e-02 
  3.402704045092674e-01  3.954434168375814e-02 
  4.516568771215378e-01  6.624205546906603e-02 
  5.774465319297646e-01  1.010970539307744e-01 
  6.804127253626020e-01  1.430848326833796e-01 
  7.114327890024194e-01  1.856240953044296e-01 
  6.516045787331326e-01  2.236527795804145e-01 
  5.274996518958651e-01  2.483279480816635e-01 
  3.951811105590835e-01  2.634046272630870e-01 
  2.902831167154493e-01  2.686025615272322e-01 
  2.217817864413394e-01  2.681811198884601e-01 
  1.800222881205824e-01  2.692064741306748e-01 
  1.572187276883381e-01  2.728400057426479e-01 
  1.463413062916349e-01  2.780508006692532e-01 
  1.421279943083125e-01  2.874233851406913e-01 
  1.411919470967097e-01  2.957701216781696e-01 
  1.398048144283870e-01  3.105205165931709e-01 
  1.338802847454718e-01  3.231156920828387e-01 
  1.182915649500521e-01  3.326136361464174e-01 
  9.260010462491194e-02  3.428914056952259e-01 
  6.485667461062429e-02  3.474219071578795e-01 
  4.625991467293455e-02  3.437538730259618e-01 
  3.835461055565699e-02  3.369329232920544e-01 
  4.032078951507202e-02  3.323374628295112e-01 
  4.837717203322158e-02  3.266668013269549e-01 
  5.881652709183761e-02  3.279914705587560e-01 
  6.999369607094762e-02  3.255312980907979e-01 
  8.129780637664845e-02  3.324785256220845e-01 
  9.050191677085286e-02  3.372950362430441e-01 
  9.485587343231791e-02  3.452229028068664e-01 
  9.056556010586793e-02  3.533274670262662e-01 
  7.581048540353930e-02  3.573799633837017e-01 
  5.491068068745125e-02  3.581167627757771e-01 
  3.793782923582413e-02  3.590994169611224e-01 
  3.095798798642691e-02  3.541536727435796e-01 
  3.258996750024404e-02  3.472022252936448e-01 
  4.084885873207295e-02  3.417456930884143e-01 
  5.114782579907408e-02  3.371881860590334e-01 
  6.340276200119142e-02  3.394783244660444e-01 
  7.506836852636695e-02  3.386045580726827e-01 
  8.569606440152312e-02  3.456202261224808e-01 
  9.295253265243646e-02  3.518211954835853e-01 
  9.323884335371301e-02  3.581246377381121e-01 
  8.308477103455908e-02  3.633800664504138e-01 
  6.472922054529860e-02  3.694434319699159e-01 
  4.644965336452651e-02  3.688344258839400e-01 
  3.684405546111610e-02  3.613685474151338e-01 
  3.662211966427643e-02  3.576193010186740e-01 
  4.286614487080988e-02  3.522458620428869e-01 
  5.312737123597473e-02  3.484884991151196e-01 
  6.465721249790005e-02  3.467536569925490e-01 
  7.662668318687509e-02  3.500063712589113e-01 
  8.770351053948576e-02  3.515099314924173e-01 
  9.640210728104741e-02  3.575772664243522e-01 
  9.979751501513590e-02  3.633878898060789e-01 
  9.433842631229461e-02  3.715246639276152e-01 
  7.880131727116953e-02  3.754882488297792e-01 
  6.017933403402834e-02  3.752475798907794e-01 
  4.647796208972699e-02  3.739288724896834e-01 
  4.315221345453576e-02  3.661213878789004e-01 
  4.689822192098764e-02  3.578771334153724e-01 
  5.622753924650807e-02  3.533525257648363e-01 
  6.746267806431677e-02  3.501847263652436e-01 
  7.941367192561574e-02  3.493773931081268e-01 
  9.115774584409711e-02  3.539259854830142e-01 
  1.013402630766274e-01  3.568951120474080e-01 
  1.067914977111390e-01  3.608529416591888e-01 
  1.042349775921704e-01  3.708262761780341e-01 
  9.131491672057078e-02  3.721759451979191e-01 
  7.214164273044486e-02  3.769299527110090e-01 
  5.667569798797388e-02  3.725396909933349e-01 
  4.958823804891681e-02  3.693342639738494e-01 
  5.166495760726854e-02  3.608994747570608e-01 
  5.940319817894005e-02  3.574385173567662e-01 
  6.995649263047525e-02  3.523466932273385e-01 
  8.159153945000498e-02  3.524527471723038e-01 
  9.343424430443047e-02  3.533476033723590e-01 
  1.040304141344073e-01  3.562948131110018e-01 
  1.117069328165884e-01  3.630591612522670e-01 
  1.127615734713591e-01  3.712858087653721e-01 
  1.042516836202158e-01  3.736857612429905e-01 
  8.611849417732315e-02  3.798194932408765e-01 
  6.718719767278869e-02  3.777601133080142e-01 
  5.531707111645973e-02  3.726183170570199e-01 
  5.421213702578090e-02  3.683873427005502e-01 
  6.026120023708349e-02  3.604357415689943e-01 
  7.027047308598945e-02  3.568784713627300e-01 
  8.200558430236250e-02  3.544813981690140e-01 
  9.436863590264197e-02  3.556284934739705e-01 
  1.056888268817959e-01  3.579194917091357e-01 
  1.148011470452006e-01  3.632169021203992e-01 
  1.184140751538899e-01  3.695362097196465e-01 
  1.125746297758105e-01  3.775858406280811e-01 
  9.647577530712591e-02  3.817625298793544e-01 
  7.537825465673947e-02  3.839551525048306e-01 
  6.025580284935202e-02  3.781597480978658e-01 
  5.462424877855387e-02  3.727987950761412e-01 
  5.825365472490374e-02  3.663441408397466e-01 
  6.637773475995998e-02  3.597153742671130e-01 
  7.776833078316876e-02  3.563983214930381e-01 
  9.020832676863844e-02  3.549588837732308e-01 
  1.020374689550151e-01  3.571692402674337e-01 
  1.127951243525678e-01  3.597797784332999e-01 
  1.190559698942051e-01  3.671296413235943e-01 
  1.164605340670851e-01  3.733481898276773e-01 
  1.021293522373749e-01  3.795465079353600e-01 
  7.910378737236241e-02  3.793019277932234e-01 
  5.793767688124472e-02  3.756493571787044e-01 
  4.706571681018046e-02  3.699021452359542e-01 
  4.632621062324698e-02  3.614537210264911e-01 
  5.290864963660781e-02  3.532039485395813e-01 
  6.257372761818469e-02  3.473951492418875e-01 
  7.334517132568302e-02  3.454987655497718e-01 
  8.438271164810618e-02  3.449171985006000e-01 
  9.395750534881059e-02  3.468135843269965e-01 
  9.974233417293042e-02  3.517701224969723e-01 
  9.757547573189303e-02  3.587542874506679e-01 
  8.253366433518490e-02  3.629641651677955e-01 
  5.453101449455652e-02  3.637578715291728e-01 
  2.192707122814642e-02  3.590093008612255e-01 
  2.587901410973065e-03  3.497348414862045e-01 
  1.566778586690349e-02  3.376927214076072e-01 
  2.053072696290875e-02  3.233120192664855e-01 
  2.335297032035089e-02  3.122659279856069e-01 
  2.726623524612304e-02  3.031420617233275e-01 
  3.633981628165116e-02  2.977181077360097e-01 
  5.426124164414101e-02  2.973864660146582e-01 
  8.751880465551254e-02  3.008204800699256e-01 
  1.459037913741344e-01  3.085681878462355e-01 
  2.408497929887892e-01  3.193477054136732e-01 
  3.766598051242051e-01  3.274742453496440e-01 
  5.246828602343223e-01  3.211703906776343e-01 
  6.283153609032158e-01  2.992416908243708e-01 
  6.389311727107636e-01  2.587592001358205e-01 
  5.626654226485314e-01  2.097410558788547e-01 
  4.427420558659419e-01  1.615625131044607e-01 
  3.224672228347409e-01  1.195703911631801e-01 
  2.272304232289129e-01  8.839836857098768e-02 
  1.568848213013188e-01  6.583121187271489e-02 
  2.076915260381216e-01  2.349075092390123e-03 
  2.787034067495036e-01  1.250972319258091e-02 
  3.759698571445731e-01  2.686008607119182e-02 
  5.007323238400254e-01  4.690373743254996e-02 
  6.409836877151424e-01  7.190842060112022e-02 
  7.468033842875811e-01  1.016488102973654e-01 
  7.687943400949218e-01  1.314845880396719e-01 
  6.836057820102320e-01  1.582102803094898e-01 
  5.324628070712560e-01  1.716913438818091e-01 
  3.832070385459071e-01  1.772079085660614e-01 
  2.723014333326126e-01  1.748295742644283e-01 
  2.046908725840625e-01  1.704700152480551e-01 
  1.678743628552155e-01  1.691198754020964e-01 
  1.496086752481221e-01  1.672893138987967e-01 
  1.429333351131895e-01  1.736361309098589e-01 
  1.427410961062468e-01  1.780185461914240e-01 
  1.453669161729642e-01  1.886823166962044e-01 
  1.472262761236135e-01  2.024751129930330e-01 
  1.417105153376849e-01  2.158048496052647e-01 
  1.222068718052843e-01  2.289415664518187e-01 
  8.739823805698213e-02  2.385620730251140e-01 
  5.057101581762151e-02  2.421465579254996e-01 
  2.553392199940850e-02  2.426864897375186e-01 
  1.859930119394517e-02  2.362347051497712e-01 
  2.263364643368875e-02  2.299246054979835e-01 
  3.352521929771542e-02  2.262862940816857e-01 
  4.774275510738150e-02  2.254906040453974e-01 
  6.293108613810755e-02  2.254072081749389e-01 
  7.788494676107181e-02  2.290574122404087e-01 
  9.033729399711950e-02  2.366517116651251e-01 
  9.593845656786508e-02  2.435451301600978e-01 
  9.016268314572250e-02  2.523642600907780e-01 
  6.956268351018738e-02  2.595355775236665e-01 
  4.079787822934795e-02  2.607749375075089e-01 
  1.891423485825927e-02  2.588842323369492e-01 
  1.027727736192323e-02  2.561163182018259e-01 
  1.303255082761441e-02  2.472282814653031e-01 
  2.311710669063948e-02  2.427498666451180e-01 
  3.714264071637157e-02  2.403574290526679e-01 
  5.297159834525383e-02  2.374557825308514e-01 
  6.857643075999936e-02  2.410001705973390e-01 
  8.270712555004266e-02  2.434632975760783e-01 
  9.225970834655720e-02  2.502968015756102e-01 
  9.227612047396479e-02  2.573959445415579e-01 
  7.818501563934638e-02  2.662879718948029e-01 
  5.249020602354029e-02  2.684133423252611e-01 
  2.743958112171479e-02  2.677314561119142e-01 
  1.510750780787654e-02  2.631179337509680e-01 
  1.557273084290963e-02  2.562648256716801e-01 
  2.499740504650879e-02  2.535710097170992e-01 
  3.802672091733452e-02  2.488230160622805e-01 
  5.353335073220353e-02  2.473887521608721e-01 
  6.879722602266256e-02  2.461804153029792e-01 
  8.335070496697254e-02  2.493814524316056e-01 
  9.483369611197175e-02  2.561554792419742e-01 
  9.921177675861592e-02  2.622603581752061e-01 
  9.130970241237443e-02  2.712969741609724e-01 
  6.956511018858437e-02  2.740289205839457e-01 
  4.389445158811407e-02  2.761541664587407e-01 
  2.591643598636796e-02  2.727508420261164e-01 
  2.161051055634604e-02  2.669469418897385e-01 
  2.767957243895801e-02  2.615454986696337e-01 
  3.984388953523072e-02  2.558902272590090e-01 
  5.464131938167745e-02  2.546094976354414e-01 
  7.035092747845516e-02  2.522192035765268e-01 
  8.553605717507114e-02  2.557690556612628e-01 
  9.853864303847766e-02  2.599402905276722e-01 
  1.058673098082948e-01  2.655785527996528e-01 
  1.018402196583869e-01  2.739725172327528e-01 
  8.384251116407143e-02  2.789299827688643e-01 
  5.769141318321541e-02  2.813614218459543e-01 
  3.610182672006405e-02  2.785739164832619e-01 
  2.730951122483084e-02  2.719976801616238e-01 
  3.094370252557041e-02  2.678653878528547e-01 
  4.144827658790252e-02  2.600791277743607e-01 
  5.557245429964675e-02  2.584146613227220e-01 
  7.081062495604162e-02  2.547347535785855e-01 
  8.619338314357020e-02  2.564908341749415e-01 
  1.003086250223514e-01  2.590150801907117e-01 
  1.104431989577494e-01  2.663391135747489e-01 
  1.116071523746228e-01  2.723412334016808e-01 
  9.930367645036797e-02  2.788493586776670e-01 
  7.408198786227486e-02  2.803008082149612e-01 
  4.787378635783931e-02  2.804336341132383e-01 
  3.302888229944639e-02  2.772527101002302e-01 
  3.251928044428626e-02  2.689978135416677e-01 
  4.149069669361740e-02  2.629498031335273e-01 
  5.474008625150609e-02  2.582357704806436e-01 
  7.037918403263722e-02  2.554637306025829e-01 
  8.632910279375570e-02  2.553178331668505e-01 
  1.013952189534159e-01  2.572157748364503e-01 
  1.132065427058903e-01  2.625253523239380e-01 
  1.177416662035784e-01  2.703681939655757e-01 
  1.098378257396326e-01  2.763093619574227e-01 
  8.680305841799914e-02  2.819180936421997e-01 
  5.822665310441509e-02  2.814979911830181e-01 
  3.741765164022018e-02  2.784282514508541e-01 
  3.144302546094636e-02  2.716221609386408e-01 
  3.666307838833675e-02  2.652546158193040e-01 
  4.881469468988104e-02  2.584001431999360e-01 
  6.385315744755191e-02  2.554366441863177e-01 
  8.004275483858103e-02  2.527122532200451e-01 
  9.594487411515906e-02  2.541195338465459e-01 
  1.101098009060670e-01  2.588061546235502e-01 
  1.184815500799367e-01  2.648896259107567e-01 
  1.149810121651238e-01  2.719420392935967e-01 
  9.461332983481090e-02  2.768025584942266e-01 
  6.302054104599021e-02  2.771295585735146e-01 
  3.486116347357941e-02  2.755544316303761e-01 
  2.143516729381712e-02  2.683809896424439e-01 
  2.261541321788608e-02  2.594627100991457e-01 
  3.184650498583660e-02  2.507681927126714e-01 
  4.540494222222788e-02  2.464656783392711e-01 
  6.072709794817413e-02  2.422091803526453e-01 
  7.542536619383204e-02  2.414375136264682e-01 
  8.899630533668426e-02  2.439374052853912e-01 
  9.759408066459888e-02  2.488141643559418e-01 
  9.496054038754431e-02  2.533457073083924e-01 
  7.526692567642611e-02  2.584416767220692e-01 
  3.767393007552515e-02  2.595992897959660e-01 
  5.057471305189916e-03  2.551024619903008e-01 
  3.519312056903740e-02  2.457786191991604e-01 
  4.867375787200709e-02  2.313995446456408e-01 
  5.116472301467948e-02  2.192016152259600e-01 
  5.076136913583892e-02  2.060788869387225e-01 
  4.994831332459561e-02  1.976109700185507e-01 
  5.401339521768384e-02  1.917618452087705e-01 
  6.671121145425674e-02  1.926370859544970e-01 
  9.444250055389630e-02  1.969442701191381e-01 
  1.493109048504934e-01  2.094324146736178e-01 
  2.466767837788555e-01  2.231740526930863e-01 
  3.950514201635834e-01  2.381657188116751e-01 
  5.670132757747844e-01  2.437808853726147e-01 
  6.939078129216200e-01  2.369370353010787e-01 
  7.142996336325586e-01  2.132862949188030e-01 
  6.311765095164078e-01  1.794397683841233e-01 
  4.971097456159483e-01  1.433151986528758e-01 
  3.640940463043097e-01  1.095206089825086e-01 
  2.556787753014495e-01  8.236504688871865e-02 
  1.758199601858184e-01  6.286594525373539e-02 
  2.256316022304936e-01  3.928875347039731e-03 
  3.049656165094020e-01  3.621047734947391e-03 
  4.123142810005033e-01  1.330641916440750e-02 
  5.467309723123277e-01  2.573969224589228e-02 
  6.905171627005605e-01  4.121164024330841e-02 
  7.917016997873284e-01  5.883371196915948e-02 
  7.974174357048258e-01  7.863308235461164e-02 
  6.888933260735535e-01  9.296570134167016e-02 
  5.175027683566774e-01  1.034432841001337e-01 
  3.599330506852020e-01  1.061128795501066e-01 
  2.499532151013462e-01  1.035686582684758e-01 
  1.880288878833936e-01  9.882065997405506e-02 
  1.568902400046586e-01  9.667419179075426e-02 
  1.453322433483734e-01  9.617014038260537e-02 
  1.440513316502660e-01  1.000706452267963e-01 
  1.482257400632276e-01  1.049284119410317e-01 
  1.550156970025522e-01  1.139547545439095e-01 
  1.585152782499097e-01  1.255862810520951e-01 
  1.522476252908390e-01  1.369274278146484e-01 
  1.279955519176673e-01  1.489098067443276e-01 
  8.535274195446735e-02  1.572576567194507e-01 
  3.879522074715558e-02  1.631217417420988e-01 
  1.090914658532956e-02  1.624051511381662e-01 
  7.605143750188188e-03  1.603563269728647e-01 
  1.005691031862491e-02  1.555912966170342e-01 
  2.249823907114613e-02  1.520835004609256e-01 
  4.051569353022801e-02  1.517374739955293e-01 
  5.936921100810576e-02  1.528824908916854e-01 
  7.773734025436642e-02  1.546507569385779e-01 
  9.284349429504334e-02  1.614439779644846e-01 
  9.963336018705707e-02  1.672116375253901e-01 
  9.139223062944886e-02  1.745728089699508e-01 
  6.475002305263125e-02  1.808581774331224e-01 
  2.886886285649251e-02  1.833067046227808e-01 
  6.401137075358902e-03  1.832586993910709e-01 
  1.307235632702221e-02  1.796444895038357e-01 
  8.983144328591354e-03  1.749029763518343e-01 
  9.741366370652690e-03  1.701126852404154e-01 
  2.614360826059082e-02  1.666821524180267e-01 
  4.551281286351270e-02  1.666191060308494e-01 
  6.484499742941570e-02  1.669573719694632e-01 
  8.203591517877723e-02  1.692751861272238e-01 
  9.329595774368200e-02  1.755195513011557e-01 
  9.257718635227910e-02  1.810734807278971e-01 
  7.422208965918940e-02  1.878244172248996e-01 
  4.170887513962746e-02  1.899690058621823e-01 
  1.141527628893218e-02  1.903339891771258e-01 
  7.716177818776548e-03  1.875188798181227e-01 
  6.908785789609673e-03  1.830135309031407e-01 
  9.345117738009593e-03  1.780782995580260e-01 
  2.530985618176387e-02  1.747567663302565e-01 
  4.401047211129888e-02  1.722346195222620e-01 
  6.312971480665469e-02  1.736411886048961e-01 
  8.111377754466184e-02  1.746074420124795e-01 
  9.517380386996160e-02  1.797594787145231e-01 
  9.986655699487181e-02  1.844397181990826e-01 
  8.907590170811143e-02  1.899735113395601e-01 
  6.172934622370242e-02  1.952396183336987e-01 
  2.873315246760929e-02  1.964586249434210e-01 
  7.569405603853641e-03  1.947537595058559e-01 
  4.786660518612599e-03  1.899250721241846e-01 
  1.081318858750808e-02  1.856116151979646e-01 
  2.568123928310896e-02  1.813402457730980e-01 
  4.419729370414022e-02  1.786668991161711e-01 
  6.355202266621168e-02  1.781058974177818e-01 
  8.220725131747973e-02  1.799539566780255e-01 
  9.795792506620488e-02  1.836207259266129e-01 
  1.062981184728919e-01  1.872749544018456e-01 
  1.008205767167663e-01  1.947488491814762e-01 
  7.752954359921881e-02  1.985168841280827e-01 
  4.414642372164191e-02  2.024654159287703e-01 
  1.808260424159097e-02  1.992745329845074e-01 
  8.608590062231993e-03  1.970990586122575e-01 
  1.297268663106534e-02  1.921807792421003e-01 
  2.620809035600665e-02  1.877660628858564e-01 
  4.352433329983400e-02  1.840816718547589e-01 
  6.232583094872931e-02  1.830772161600669e-01 
  8.098208933761900e-02  1.835317687279749e-01 
  9.838376251475449e-02  1.857392553161859e-01 
  1.105140582991221e-01  1.903805381021990e-01 
  1.116794656621213e-01  1.956765127591077e-01 
  9.541480726533927e-02  2.008700094498159e-01 
  6.353360189334127e-02  2.038524333900891e-01 
  3.096278573108692e-02  2.046014230477625e-01 
  1.353308399615826e-02  2.014745989732146e-01 
  1.325783706539259e-02  1.966960551560630e-01 
  2.423930857105519e-02  1.906244703475743e-01 
  4.128654844450013e-02  1.872366662895308e-01 
  6.047871810536972e-02  1.839825780067628e-01 
  8.003523553742169e-02  1.841016793092419e-01 
  9.884063511753316e-02  1.852549836448248e-01 
  1.133423798735917e-01  1.895446147618799e-01 
  1.186145532253039e-01  1.944927871680340e-01 
  1.076343834336859e-01  2.000329086449397e-01 
  7.855696155779138e-02  2.044296570181431e-01 
  4.275595165888669e-02  2.050858041756446e-01 
  1.773496465883473e-02  2.034457163496058e-01 
  1.082205850340438e-02  1.981602310705977e-01 
  1.825447837301825e-02  1.927852042929885e-01 
  3.353787003070192e-02  1.877738669174691e-01 
  5.248018742331290e-02  1.839809893803409e-01 
  7.242266924986000e-02  1.825356514027731e-01 
  9.223874331262381e-02  1.832247551492465e-01 
  1.091615836119775e-01  1.860016941933392e-01 
  1.189769214744665e-01  1.906633634297606e-01 
  1.140474363687253e-01  1.960530712108277e-01 
  8.853088942394717e-02  2.004824218465344e-01 
  4.851500465342184e-02  2.021601261890217e-01 
  1.397211744037533e-02  2.001185281341220e-01 
  1.725753756380122e-03  1.945724735465138e-01 
  1.173738032953049e-03  1.878031187086902e-01 
  1.388083933193804e-02  1.810154523840453e-01 
  3.153637908082815e-02  1.757380689643246e-01 
  5.043949472180140e-02  1.724966439616771e-01 
  6.946702135758853e-02  1.711105550245151e-01 
  8.613145374110336e-02  1.732504813873377e-01 
  9.707215641098055e-02  1.763485934092927e-01 
  9.405892857111599e-02  1.804762672578321e-01 
  6.894571461494153e-02  1.841734612257767e-01 
  2.220555219202023e-02  1.856617971599301e-01 
  2.955555556789354e-02  1.823062047416374e-01 
  6.493001861364778e-02  1.751842668639672e-01 
  7.862542887217822e-02  1.642661014149212e-01 
  7.854801734882455e-02  1.524482874434702e-01 
  7.322410588690463e-02  1.422511381935575e-01 
  6.801670315517838e-02  1.339674528123976e-01 
  6.671893071493802e-02  1.297351624581218e-01 
  7.329855741066965e-02  1.295612113941856e-01 
  9.469075457198575e-02  1.345190835820781e-01 
  1.445823659821365e-01  1.444165779917080e-01 
  2.419588865923021e-01  1.587916092404160e-01 
  4.000940818364453e-01  1.745868382429314e-01 
  5.915267340867363e-01  1.847950356007050e-01 
  7.354981376200251e-01  1.837259704400697e-01 
  7.658377630588735e-01  1.712383758439683e-01 
  6.809035169574483e-01  1.488036040405602e-01 
  5.390104404097170e-01  1.217664374599480e-01 
  3.936768049795368e-01  9.574745740338006e-02 
  2.773790633939253e-01  7.494772420673390e-02 
  1.928123187103917e-01  5.792046635661214e-02 
  2.390870081101055e-01  9.181441046834819e-03 
  3.219093027308153e-01  4.746754272828014e-03 
  4.341835621427407e-01  1.178234811435839e-03 
  5.743785029661684e-01  8.135073853645557e-03 
  7.240675381810550e-01  1.748504079841899e-02 
  8.247655784077536e-01  2.833939992474696e-02 
  8.193956940141601e-01  4.166623413900952e-02 
  6.962391292626772e-01  5.439729447549887e-02 
  5.117252859728373e-01  6.279627027590456e-02 
  3.429089554697333e-01  6.702849990340984e-02 
  2.331911839273233e-01  6.702183279778311e-02 
  1.747692921951467e-01  6.516480499880155e-02 
  1.500493185358447e-01  6.402593803877979e-02 
  1.436075349013460e-01  6.433256241127534e-02 
  1.469627017393461e-01  6.661284000824583e-02 
  1.551818151147784e-01  7.192946001488605e-02 
  1.645855591959754e-01  7.880834367877627e-02 
  1.704074498890437e-01  8.847594296747195e-02 
  1.642043573261969e-01  9.826247527370099e-02 
  1.359091284217384e-01  1.080034055941070e-01 
  8.594170736649497e-02  1.158846197333352e-01 
  3.234796595593791e-02  1.209330761295608e-01 
  8.130902949851783e-03  1.225270422622837e-01 
  1.399047073507963e-02  1.213464009538640e-01 
  8.332671815777407e-03  1.182582233233608e-01 
  1.642157194591674e-02  1.158820448119328e-01 
  3.672584757154415e-02  1.155218273375615e-01 
  5.853392912547786e-02  1.154037974908940e-01 
  7.954009903220539e-02  1.184264061288055e-01 
  9.685748263598365e-02  1.213895775423827e-01 
  1.043782178305131e-01  1.262973825171486e-01 
  9.468704807469104e-02  1.318006341979254e-01 
  6.341539141589900e-02  1.371385173964068e-01 
  2.165784430810270e-02  1.400676363609194e-01 
  1.360060968855091e-02  1.407106113706158e-01 
  2.504243627882150e-02  1.393603408916982e-01 
  1.929620157919065e-02  1.356688832040236e-01 
  6.588444280202436e-03  1.329162408433429e-01 
  1.994849918690850e-02  1.300129163021744e-01 
  4.184349743982908e-02  1.292867594274551e-01 
  6.407012589657037e-02  1.289359130408576e-01 
  8.366395239539376e-02  1.312814455134244e-01 
  9.656395108336788e-02  1.349119283884544e-01 
  9.492442549627479e-02  1.391684691387014e-01 
  7.353380301757557e-02  1.437308023661106e-01 
  3.574531490138137e-02  1.474000225623537e-01 
  5.501125177342134e-03  1.477234187724544e-01 
  1.936001891896215e-02  1.472107583649114e-01 
  1.734674631966299e-02  1.438024714237205e-01 
  6.038434049265703e-03  1.404359188096262e-01 
  1.766094456593244e-02  1.381880218546562e-01 
  3.899273312797049e-02  1.358656121922732e-01 
  6.056781788908300e-02  1.363531263372313e-01 
  8.114478751899380e-02  1.373771018102050e-01 
  9.665534545443409e-02  1.403201046769340e-01 
  1.018014883238261e-01  1.435627768354221e-01 
  8.941237427347103e-02  1.476726607427409e-01 
  5.711752459486300e-02  1.517381378350282e-01 
  1.939077099502277e-02  1.532378500016179e-01 
  8.227231681913673e-03  1.530502347291589e-01 
  1.274429093818728e-02  1.499468856401877e-01 
  5.042336528461160e-03  1.472916916209982e-01 
  1.700391508006682e-02  1.438390148742648e-01 
  3.797908761990085e-02  1.417937864396194e-01 
  6.051173111491558e-02  1.410358109322182e-01 
  8.150638421002276e-02  1.418764783825422e-01 
  9.963500051273279e-02  1.440049928699656e-01 
  1.091303950573247e-01  1.477936245237107e-01 
  1.023271968831850e-01  1.513463320194090e-01 
  7.471782604444330e-02  1.550971259033282e-01 
  3.610169787262552e-02  1.577312517940380e-01 
  6.645329616821758e-03  1.579877084987898e-01 
  7.222381540102462e-03  1.555331257126099e-01 
  4.118869453969967e-03  1.534167399824876e-01 
  1.618911385446716e-02  1.495891346984947e-01 
  3.634443127955540e-02  1.474511452305834e-01 
  5.791720261256507e-02  1.452941237086768e-01 
  7.973925566466120e-02  1.456656496233077e-01 
  9.914072200208419e-02  1.473760797599009e-01 
  1.129473061850399e-01  1.506193433879233e-01 
  1.139450274532494e-01  1.541382592491684e-01 
  9.438264139926544e-02  1.577803081804379e-01 
  5.750021616547379e-02  1.611893893463102e-01 
  2.016826445548158e-02  1.623952417209772e-01 
  3.351593020629547e-03  1.610100926823500e-01 
  3.330260278447586e-03  1.576679423910189e-01 
  1.340230284905560e-02  1.541615435273096e-01 
  3.272268844132768e-02  1.508257695948484e-01 
  5.509926141974518e-02  1.486921872710390e-01 
  7.771144372589189e-02  1.481912120072095e-01 
  9.864060501941663e-02  1.490090685619604e-01 
  1.150474845167951e-01  1.514431380306199e-01 
  1.204229265593210e-01  1.547360833919528e-01 
  1.077153451468611e-01  1.586235992442575e-01 
  7.383926709537676e-02  1.624099003939432e-01 
  3.335583964749207e-02  1.637332377939739e-01 
  4.912948677694167e-03  1.626581393168529e-01 
  3.957210268705735e-03  1.601868274014717e-01 
  6.017466447234076e-03  1.561888222143081e-01 
  2.342346431594076e-02  1.521944796050630e-01 
  4.534191697520066e-02  1.493803594034733e-01 
  6.829657540069188e-02  1.476592302132605e-01 
  9.085132747182903e-02  1.479487158607061e-01 
  1.102878009619477e-01  1.493152961578034e-01 
  1.212333978276205e-01  1.521838791418613e-01 
  1.152053180869997e-01  1.555506928956186e-01 
  8.523017445217967e-02  1.591305998961506e-01 
  3.914893277172295e-02  1.606817858782934e-01 
  6.134582725909580e-04  1.604238741100673e-01 
  1.705605459044943e-02  1.569966913852959e-01 
  1.366976905392627e-02  1.522424800322089e-01 
  1.607303451751042e-03  1.469539621678858e-01 
  2.222967316012906e-02  1.427386878130738e-01 
  4.440362000077275e-02  1.398685910217549e-01 
  6.631185505932817e-02  1.385043616461648e-01 
  8.572286498429695e-02  1.387525265655435e-01 
  9.810804630215304e-02  1.399254460463068e-01 
  9.464424854464050e-02  1.424841152493278e-01 
  6.602656856848668e-02  1.454021572655012e-01 
  1.210373000367966e-02  1.461441379933500e-01 
  4.678336189300099e-02  1.443491397358506e-01 
  8.624997490272748e-02  1.393880363677872e-01 
  1.007135089333277e-01  1.316262474153242e-01 
  9.851785043310018e-02  1.228987738525102e-01 
  8.973745062245446e-02  1.142486823561324e-01 
  8.047406275820126e-02  1.077490376521418e-01 
  7.450491565069282e-02  1.037666031197615e-01 
  7.565180202523872e-02  1.031202364110755e-01 
  9.190132593983295e-02  1.061353606531823e-01 
  1.372874148901116e-01  1.132074609446740e-01 
  2.328147423644144e-01  1.239167458527223e-01 
  3.976186325295109e-01  1.363353413983028e-01 
  6.011479595959438e-01  1.457944023698141e-01 
  7.577565121430007e-01  1.479133931685709e-01 
  7.993095969385795e-01  1.402684991065010e-01 
  7.171496278329400e-01  1.247627388427153e-01 
  5.705515340137853e-01  1.054060405759108e-01 
  4.228614331646401e-01  8.495572491272022e-02 
  2.997100301545664e-01  6.731730174742043e-02 
  2.085979218046586e-01  5.329325542714249e-02 
  2.520339392143880e-01  1.466489135995341e-02 
  3.390430742912273e-01  1.225973689693319e-02 
  4.552999759555452e-01  1.001950116255430e-02 
  5.988409316872506e-01  6.744523154860460e-03 
  7.480676554788449e-01  2.516371454836668e-03 
  8.408568710683049e-01  5.197227167813269e-03 
  8.255266109756817e-01  1.520544728783015e-02 
  6.923511650913482e-01  2.612843513134007e-02 
  5.005822861341103e-01  3.734075974726553e-02 
  3.330870723719610e-01  4.428504598707631e-02 
  2.229482805990104e-01  4.880434067247175e-02 
  1.694315474583886e-01  5.053719112344073e-02 
  1.488175421020386e-01  5.123149743891860e-02 
  1.462680519604449e-01  5.233096580191864e-02 
  1.535467319181942e-01  5.495655490217536e-02 
  1.642022967240719e-01  5.864207782935633e-02 
  1.757058929315104e-01  6.344321020214004e-02 
  1.819129754250143e-01  6.986268135485021e-02 
  1.743293365572394e-01  7.678574459491262e-02 
  1.423550988918848e-01  8.437378850603205e-02 
  8.788742237749367e-02  9.080077388898947e-02 
  3.069908825478124e-02  9.560868611029263e-02 
  1.052535923394505e-02  9.835663225120261e-02 
  1.824961165955899e-02  9.919966373635147e-02 
  1.046628309234751e-02  9.824759995527078e-02 
  1.460952605766374e-02  9.763272253759064e-02 
  3.633016140952445e-02  9.647664669785767e-02 
  6.003087552073311e-02  9.714605073925099e-02 
  8.271627670761152e-02  9.815656459300010e-02 
  1.007899030312794e-01  9.947124415629978e-02 
  1.081286491462341e-01  1.028326434344105e-01 
  9.664873573286467e-02  1.061478617178563e-01 
  6.312520875973032e-02  1.096698627606221e-01 
  1.798433266716433e-02  1.130640661393062e-01 
  1.944005670413566e-02  1.141840518516327e-01 
  3.183787529811789e-02  1.144625323664894e-01 
  2.566678527529159e-02  1.127847029377785e-01 
  9.413426313324732e-03  1.115343780855661e-01 
  1.686012256346153e-02  1.100381296623825e-01 
  4.041285916408101e-02  1.091820514201506e-01 
  6.463685653606878e-02  1.090271099193416e-01 
  8.562276087110762e-02  1.095001716583436e-01 
  9.849561071950853e-02  1.112394031472030e-01 
  9.647152134940323e-02  1.139403764506084e-01 
  7.242995700048264e-02  1.164382715507959e-01 
  3.203370172155931e-02  1.192656556481412e-01 
  8.585313874718300e-03  1.210031984290057e-01 
  2.606363453830526e-02  1.210966418997633e-01 
  2.426737645838826e-02  1.205081585014937e-01 
  1.012296831194202e-02  1.186834876302436e-01 
  1.356620506047802e-02  1.170752651398288e-01 
  3.635111841771446e-02  1.159154164912237e-01 
  5.985091266981418e-02  1.151630478002424e-01 
  8.162697030488948e-02  1.151827252967735e-01 
  9.822814154621066e-02  1.165831807385402e-01 
  1.027149306757151e-01  1.182235374392885e-01 
  8.860880454667734e-02  1.210149707034230e-01 
  5.414753333981611e-02  1.239318264001080e-01 
  1.423181623457182e-02  1.256190197133844e-01 
  1.397266437489856e-02  1.265489657094820e-01 
  1.957722703739590e-02  1.260690992912071e-01 
  9.591614760960984e-03  1.242611733011929e-01 
  1.215179900056020e-02  1.230809954327845e-01 
  3.467513634091600e-02  1.215042866393571e-01 
  5.860417781056433e-02  1.206245205078891e-01 
  8.147277847838200e-02  1.204577786148429e-01 
  1.003820076518259e-01  1.207497666092942e-01 
  1.099604168062902e-01  1.227225017580598e-01 
  1.018090482170254e-01  1.249885845898913e-01 
  7.237891647771898e-02  1.270874600369916e-01 
  3.146564056537327e-02  1.296681456026707e-01 
  4.344039617726454e-03  1.310550015790043e-01 
  1.403672939054203e-02  1.309134294721868e-01 
  8.291467969607547e-03  1.296760132119399e-01 
  1.062618022252315e-02  1.285061758997966e-01 
  3.217322731172696e-02  1.267792125622524e-01 
  5.579348988191885e-02  1.252829872028479e-01 
  7.898096348546618e-02  1.248320348856610e-01 
  1.001777163680879e-01  1.249223369276145e-01 
  1.142440465130680e-01  1.264344722185402e-01 
  1.146618850610357e-01  1.286701774802487e-01 
  9.321410357125848e-02  1.309079283203438e-01 
  5.341745309949515e-02  1.337052929859085e-01 
  1.353642487597285e-02  1.351356391318048e-01 
  8.718044417540033e-03  1.356350400616879e-01 
  8.657876317218248e-03  1.342671745681472e-01 
  7.241406497811720e-03  1.330130647067217e-01 
  2.795876780788326e-02  1.306908702885851e-01 
  5.220743150559735e-02  1.292563535853675e-01 
  7.654544062708654e-02  1.283255103135046e-01 
  9.907932230275941e-02  1.286182807383524e-01 
  1.164257052544673e-01  1.292313853643400e-01 
  1.214228514228766e-01  1.306272096770290e-01 
  1.070697965319955e-01  1.330900229649369e-01 
  7.086538115818818e-02  1.353330438862951e-01 
  2.706543910314834e-02  1.377938866078605e-01 
  4.307697293628962e-03  1.383897580367593e-01 
  1.168651517592595e-02  1.373116860876133e-01 
  2.828992703767728e-03  1.354125916206922e-01 
  1.778000289604589e-02  1.329953173183046e-01 
  4.145714374353118e-02  1.310257336142161e-01 
  6.620938858415625e-02  1.295446255462016e-01 
  9.066212150211644e-02  1.288423388847851e-01 
  1.114435472850003e-01  1.289911307963983e-01 
  1.224639116907859e-01  1.302340510805952e-01 
  1.145103065695066e-01  1.323313064129402e-01 
  8.188775736253812e-02  1.342870396699990e-01 
  3.286296372065080e-02  1.360591802408771e-01 
  8.667905689663710e-03  1.366926458874317e-01 
  2.673883167937524e-02  1.356230009984350e-01 
  2.266821522206700e-02  1.332076295396414e-01 
  5.828822460269320e-03  1.300920477872659e-01 
  1.655473096705550e-02  1.269586220086373e-01 
  4.088027205886833e-02  1.245504783981484e-01 
  6.474642257036486e-02  1.228057212198407e-01 
  8.581863991078274e-02  1.218433132127209e-01 
  9.845244984101514e-02  1.220356728507840e-01 
  9.357631252925282e-02  1.226482907009321e-01 
  6.153359338428065e-02  1.239716981041219e-01 
  3.743042233489589e-03  1.248723399718523e-01 
  5.924633329145417e-02  1.243939475349083e-01 
  1.013220638338149e-01  1.221690649742922e-01 
  1.156084896301633e-01  1.174143829255014e-01 
  1.120125869291292e-01  1.113354451779573e-01 
  1.009463399938884e-01  1.058763229533692e-01 
  8.865893852458746e-02  1.007308271106804e-01 
  7.941440335593275e-02  9.683920155488449e-02 
  7.700069185956832e-02  9.530805351458649e-02 
  8.956975316071678e-02  9.613507069329774e-02 
  1.330998687980113e-01  1.000176623872792e-01 
  2.302574164077307e-01  1.066416239650391e-01 
  3.993298981361539e-01  1.153339988212608e-01 
  6.104212267980200e-01  1.225568245909765e-01 
  7.742502020674291e-01  1.246257686755745e-01 
  8.197545339532527e-01  1.194730772790602e-01 
  7.391612264137636e-01  1.072040147929073e-01 
  5.905691101777094e-01  9.154691209485318e-02 
  4.393428140059638e-01  7.512572911955773e-02 
  3.126675980663269e-01  6.093303354918431e-02 
  2.199658328460085e-01  4.880307645718879e-02 
  2.614637148942323e-01  1.930630887331895e-02 
  3.497213751104252e-01  1.864833232577098e-02 
  4.662857865490836e-01  1.826648775184116e-02 
  6.138260669301975e-01  1.761625142227360e-02 
  7.625684399472714e-01  1.576725168099342e-02 
  8.572739507117499e-01  1.019214749732061e-02 
  8.365250053090385e-01  1.487177821105808e-03 
  6.985794845109562e-01  1.107795763606002e-02 
  5.017188606619098e-01  2.378563499028429e-02 
  3.296152354180927e-01  3.476249985014108e-02 
  2.206101690274308e-01  4.197867726706949e-02 
  1.674914442268458e-01  4.663661277334669e-02 
  1.496019062374966e-01  4.945165719504330e-02 
  1.496490028512453e-01  5.192867005225930e-02 
  1.588366531177022e-01  5.433904481318504e-02 
  1.709136021395575e-01  5.722282573424680e-02 
  1.833456782370114e-01  6.023114233305095e-02 
  1.899215199812279e-01  6.400508077515248e-02 
  1.814821757861717e-01  6.874318500935918e-02 
  1.478696440247236e-01  7.399242313279156e-02 
  9.022290935404535e-02  7.973587235241984e-02 
  3.027008060146855e-02  8.429926731861391e-02 
  1.214207405635451e-02  8.793764887033996e-02 
  2.016649287990846e-02  8.956708703340627e-02 
  1.175008416322222e-02  9.017445994338674e-02 
  1.415602032023003e-02  9.016525182937263e-02 
  3.678529789272644e-02  9.010894396711891e-02 
  6.148580697975014e-02  8.961280055715933e-02 
  8.524894780604154e-02  8.969909265699089e-02 
  1.034258925244767e-01  9.037652737551720e-02 
  1.102994704460582e-01  9.161500296650046e-02 
  9.802376455676198e-02  9.340056427345902e-02 
  6.277149575246090e-02  9.625319405540930e-02 
  1.699223976180558e-02  9.903551173430040e-02 
  2.173661320702839e-02  1.013169249191125e-01 
  3.489751699080041e-02  1.024743683466714e-01 
  2.833671990321483e-02  1.024660394400281e-01 
  1.141047903528665e-02  1.021586276051185e-01 
  1.572995489751968e-02  1.011539741364941e-01 
  4.049107689648417e-02  1.005344369566159e-01 
  6.537392002032560e-02  9.976711183973387e-02 
  8.662415822760786e-02  9.951906795856426e-02 
  9.971059949018841e-02  9.954542382696174e-02 
  9.700305841394226e-02  1.005618837348543e-01 
  7.215416037594792e-02  1.026113024110415e-01 
  3.039466263986102e-02  1.048788097540737e-01 
  1.109864288015966e-02  1.070430068560333e-01 
  2.949496107590205e-02  1.085362469165690e-01 
  2.757254647193300e-02  1.089769879175836e-01 
  1.265653508509838e-02  1.083994802830682e-01 
  1.193556486592974e-02  1.077022435006570e-01 
  3.543615375359460e-02  1.066957572314814e-01 
  5.972194282228519e-02  1.059367755585522e-01 
  8.209536297284348e-02  1.056077645984944e-01 
  9.872048432949669e-02  1.054165745590380e-01 
  1.032916410555344e-01  1.054788533559625e-01 
  8.809957784612728e-02  1.070051425736313e-01 
  5.293690878499392e-02  1.091126491113111e-01 
  1.204769397348615e-02  1.113504560289342e-01 
  1.709039606052599e-02  1.130295633864395e-01 
  2.284324919001899e-02  1.136396009470831e-01 
  1.233644075396116e-02  1.136855978510369e-01 
  1.004444921664652e-02  1.130632200386640e-01 
  3.338009569348999e-02  1.125241911986552e-01 
  5.781546558881163e-02  1.112084019397810e-01 
  8.149065852997338e-02  1.105841031216956e-01 
  1.005417470399039e-01  1.104400259466823e-01 
  1.099837257119828e-01  1.102850895079323e-01 
  1.012226090863367e-01  1.112576288724337e-01 
  7.137921663104224e-02  1.134224567642767e-01 
  2.921643199370264e-02  1.153897281005676e-01 
  5.861946863236852e-03  1.171458478631045e-01 
  1.712752962477034e-02  1.185822263910239e-01 
  1.116191028152672e-02  1.188193986326280e-01 
  8.274636553574920e-03  1.182143912093343e-01 
  3.023653195782163e-02  1.176709473762004e-01 
  5.490848705773736e-02  1.165159954764875e-01 
  7.873818096770945e-02  1.158400136424955e-01 
  1.003929179636932e-01  1.150016707893743e-01 
  1.146738325317544e-01  1.147743124960796e-01 
  1.143318622466068e-01  1.158753075939961e-01 
  9.233125259415700e-02  1.169864466770960e-01 
  5.132717684594331e-02  1.189050363457311e-01 
  1.076419923085484e-02  1.210357595750145e-01 
  1.212761572219008e-02  1.226541084463008e-01 
  1.186731656198475e-02  1.232071183148192e-01 
  4.664990647231723e-03  1.229112682702413e-01 
  2.579336936653136e-02  1.221853536003328e-01 
  5.062638032241230e-02  1.212406064337839e-01 
  7.640572083974635e-02  1.200618276085707e-01 
  9.972459411311903e-02  1.191603581866583e-01 
  1.168901530759250e-01  1.189895987435406e-01 
  1.221395111291193e-01  1.191452958488504e-01 
  1.063066364782738e-01  1.199094745827693e-01 
  6.909938425216115e-02  1.217101086173078e-01 
  2.398484285458164e-02  1.238865759999514e-01 
  7.674118964642765e-03  1.254035988161417e-01 
  1.544917979216642e-02  1.262404401269185e-01 
  5.868873888003114e-03  1.259851913687156e-01 
  1.502291041209141e-02  1.251006165240962e-01 
  3.938552395558102e-02  1.238439798357228e-01 
  6.546046369902128e-02  1.226948262657618e-01 
  9.055302802500705e-02  1.215166952480160e-01 
  1.118780214638656e-01  1.204365759814585e-01 
  1.224459647512584e-01  1.202432344717019e-01 
  1.141415136155759e-01  1.206331032332990e-01 
  8.063009609146075e-02  1.220264564801279e-01 
  2.975435411539943e-02  1.237705440655890e-01 
  1.240802835815791e-02  1.252226960706102e-01 
  3.111005130850789e-02  1.260498258519919e-01 
  2.708118271666989e-02  1.253570461252636e-01 
  9.632333868927288e-03  1.238167071606112e-01 
  1.362285322160613e-02  1.218765494369361e-01 
  3.874277526648597e-02  1.202694846390783e-01 
  6.373841761482464e-02  1.181625623328961e-01 
  8.500639081416667e-02  1.162213190121275e-01 
  9.772418954133393e-02  1.150811915700982e-01 
  9.198955699361686e-02  1.145409286843345e-01 
  5.895814045400451e-02  1.153343838931059e-01 
  2.360361256254218e-03  1.162059993793516e-01 
  6.560060994065210e-02  1.165657198489977e-01 
  1.089497849550064e-01  1.161548237064041e-01 
  1.237658495842620e-01  1.143629501353887e-01 
  1.200291076504265e-01  1.111160641944396e-01 
  1.079536367281550e-01  1.072163578217342e-01 
  9.432974868236862e-02  1.034415572590589e-01 
  8.297549986247717e-02  1.002629780379125e-01 
  7.939022401140711e-02  9.751700398824820e-02 
  9.060774611334382e-02  9.628090193892611e-02 
  1.334785798675099e-01  9.707916897659742e-02 
  2.313430608674164e-01  1.005126561924344e-01 
  4.025172782195055e-01  1.053459150903550e-01 
  6.135159775586357e-01  1.098843389843426e-01 
  7.813791659499686e-01  1.108211876240253e-01 
  8.336717350908257e-01  1.062039329840275e-01 
  7.558561087932226e-01  9.593261876806224e-02 
  6.080890420624254e-01  8.251721274311627e-02 
  4.563512845933385e-01  6.832809300495726e-02 
  3.271936205031064e-01  5.578082715710492e-02 
  2.317168027181683e-01  4.505851245627582e-02 
  2.690076170425186e-01  2.345208448281610e-02 
  3.592560804674512e-01  2.407640277270554e-02 
  4.793233957200255e-01  2.505083462825743e-02 
  6.267527921209958e-01  2.604648061577411e-02 
  7.716757049802320e-01  2.570272383859000e-02 
  8.628059420375106e-01  2.108125201285174e-02 
  8.389379246730877e-01  1.207334330631057e-02 
  7.002405029178820e-01  1.478359137668539e-03 
  5.063361410375797e-01  1.590112494081150e-02 
  3.350037568328434e-01  3.000897419008518e-02 
  2.281450378804228e-01  4.112014145680816e-02 
  1.744785435646444e-01  4.908127658124938e-02 
  1.565481996156546e-01  5.434140963783100e-02 
  1.562918843673299e-01  5.785600606686442e-02 
  1.652854510872660e-01  6.017348988200924e-02 
  1.772913828104861e-01  6.207056520185315e-02 
  1.891482063682378e-01  6.363645816818102e-02 
  1.943795298588711e-01  6.516175910556425e-02 
  1.845435528239844e-01  6.755843802921536e-02 
  1.494277397593267e-01  7.064070095221722e-02 
  9.207459714825772e-02  7.479968173676294e-02 
  3.297491064490819e-02  7.912399375510136e-02 
  9.985800317489095e-03  8.308343620575349e-02 
  1.767382609574755e-02  8.605460193192066e-02 
  1.007027956573697e-02  8.781833524280071e-02 
  1.626277027859672e-02  8.849246647693648e-02 
  3.896046461913952e-02  8.841889844419742e-02 
  6.325660469068325e-02  8.786667653943919e-02 
  8.598505578778723e-02  8.733500511113709e-02 
  1.037440689264336e-01  8.646471214925103e-02 
  1.097420901128525e-01  8.591255797792233e-02 
  9.680985672248849e-02  8.651181031450103e-02 
  6.179551804517531e-02  8.800072497371070e-02 
  1.714162450178525e-02  9.081919539778829e-02 
  2.090570064796877e-02  9.341640498791254e-02 
  3.340653849123786e-02  9.569287439707762e-02 
  2.725360312928305e-02  9.709093870495325e-02 
  1.054821024225745e-02  9.786570973267247e-02 
  1.624490131308488e-02  9.764488538908359e-02 
  4.065923258525948e-02  9.679100516790136e-02 
  6.482155235669365e-02  9.561007304730529e-02 
  8.581975638471862e-02  9.423763967207435e-02 
  9.803481358891641e-02  9.326460387945301e-02 
  9.480104559887022e-02  9.284080554259122e-02 
  6.989489026403445e-02  9.367792232732475e-02 
  2.957464412198295e-02  9.544230075600026e-02 
  1.063176888732281e-02  9.797898812939776e-02 
  2.853674124823152e-02  1.004736778621105e-01 
  2.673737562552798e-02  1.021128975773801e-01 
  1.225275296051790e-02  1.030878661234927e-01 
  1.196911741550090e-02  1.030084138867981e-01 
  3.546958256524339e-02  1.025262091802189e-01 
  5.938448265909631e-02  1.013722299373783e-01 
  8.096592416247990e-02  1.002510661611795e-01 
  9.685869811675653e-02  9.893654724772311e-02 
  1.006468940992559e-01  9.827906136355669e-02 
  8.529963589605991e-02  9.823989734844690e-02 
  5.124476163754713e-02  9.957983446561548e-02 
  1.193331562268166e-02  1.017473835289578e-01 
  1.641616382049187e-02  1.044522140365363e-01 
  2.193388071982676e-02  1.063825386855319e-01 
  1.161333963764150e-02  1.078291048743599e-01 
  1.016958258249254e-02  1.079977854134242e-01 
  3.313973470140130e-02  1.076828769434449e-01 
  5.733801809713353e-02  1.068309769606469e-01 
  8.017171563304917e-02  1.055856626800157e-01 
  9.857363624517586e-02  1.043800618838824e-01 
  1.068988854955853e-01  1.033320035026520e-01 
  9.841004431478620e-02  1.032096725069498e-01 
  6.923565853839696e-02  1.039604378619304e-01 
  2.895296713542905e-02  1.058722639402821e-01 
  5.247394640341551e-03  1.082153827869205e-01 
  1.584677083017426e-02  1.105147002288826e-01 
  1.019231007219508e-02  1.123246567195150e-01 
  8.345438813809452e-03  1.130104228704507e-01 
  3.020997232163589e-02  1.130989309906199e-01 
  5.414091327353896e-02  1.122402822139362e-01 
  7.755294196187991e-02  1.110865681215868e-01 
  9.840018781712466e-02  1.096814794886194e-01 
  1.118441639290928e-01  1.085880789452825e-01 
  1.110864855980686e-01  1.079686198814607e-01 
  8.980132142963192e-02  1.082670740500675e-01 
  4.997651029075405e-02  1.100056521456301e-01 
  1.127573543496233e-02  1.123008646282637e-01 
  1.096481168701368e-02  1.146387917204467e-01 
  1.102534599715103e-02  1.168159378399047e-01 
  4.824097506793306e-03  1.179153107886053e-01 
  2.565949337658352e-02  1.178696245022646e-01 
  5.018806217850422e-02  1.175195040505495e-01 
  7.521970526305971e-02  1.164108338249923e-01 
  9.790779669615707e-02  1.149184606713773e-01 
  1.147707256105646e-01  1.133766315913545e-01 
  1.193544394286587e-01  1.125830603682607e-01 
  1.037468160775912e-01  1.125068719289348e-01 
  6.752134386274666e-02  1.135297809746763e-01 
  2.360440064093130e-02  1.157865596524871e-01 
  7.134013508801973e-03  1.181449737117949e-01 
  1.492858954178690e-02  1.200751671862878e-01 
  5.398598471192525e-03  1.213516260410953e-01 
  1.492816330595992e-02  1.219057806735938e-01 
  3.917572815257108e-02  1.214278624498787e-01 
  6.493889245407296e-02  1.200776693861332e-01 
  8.954881173624520e-02  1.184430821053435e-01 
  1.101619151265860e-01  1.167328395625630e-01 
  1.202796837025254e-01  1.154134836488389e-01 
  1.113637578653872e-01  1.147852408959571e-01 
  7.779568826139409e-02  1.152580187710914e-01 
  2.820831712126443e-02  1.168951250804194e-01 
  1.356147030593339e-02  1.191124341880800e-01 
  3.149753936458922e-02  1.213375579364927e-01 
  2.749516798330510e-02  1.224078020979811e-01 
  1.021674437479801e-02  1.225115966763700e-01 
  1.286110184561812e-02  1.219912552280524e-01 
  3.805443930093026e-02  1.204724659490889e-01 
  6.243602234518453e-02  1.184207207438881e-01 
  8.336019605469083e-02  1.160113818903418e-01 
  9.495652815810951e-02  1.136476866786286e-01 
  8.863359757607885e-02  1.124195648740221e-01 
  5.447061483371313e-02  1.120217879379028e-01 
  5.755771273976296e-03  1.129549714143167e-01 
  6.922525709985140e-02  1.145634675046592e-01 
  1.120916926651366e-01  1.157803478432561e-01 
  1.268803381370283e-01  1.162670758571322e-01 
  1.231865740998066e-01  1.159612665094092e-01 
  1.111196276283666e-01  1.138656815538298e-01 
  9.740203427724629e-02  1.113479049388515e-01 
  8.602382065632340e-02  1.080288741485844e-01 
  8.251736994654606e-02  1.050600371410899e-01 
  9.478909511294098e-02  1.016029692556316e-01 
  1.392775528134703e-01  9.965926961959967e-02 
  2.398706032681722e-01  9.964955187169454e-02 
  4.120330256253847e-01  1.011932979369558e-01 
  6.267045927097930e-01  1.031225515074743e-01 
  7.958902370504692e-01  1.027617874910065e-01 
  8.461221755278366e-01  9.766341360491342e-02 
  7.681596263472289e-01  8.778552282286453e-02 
  6.187603513249139e-01  7.573609345327474e-02 
  4.648363981898747e-01  6.288639510822318e-02 
  3.363728441753217e-01  5.142639129804326e-02 
  2.385558534799400e-01  4.196994015975614e-02 
  2.751473455550532e-01  2.666621645231113e-02 
  3.652557633538773e-01  2.820584727354343e-02 
  4.851554644959065e-01  3.030763511677846e-02 
  6.338512883089802e-01  3.213953211163480e-02 
  7.824974435669915e-01  3.247978157731542e-02 
  8.752731926833647e-01  2.873319035293670e-02 
  8.542956153686401e-01  1.938110346424118e-02 
  7.131746166953620e-01  4.984102899636144e-03 
  5.162683809966438e-01  1.170840266798641e-02 
  3.430237002087220e-01  2.888096165990582e-02 
  2.346104094044983e-01  4.292538509289805e-02 
  1.812505058753440e-01  5.326949749603636e-02 
  1.622012801045755e-01  6.041434203501868e-02 
  1.614567392748757e-01  6.521851411886351e-02 
  1.695182566476228e-01  6.743509132643484e-02 
  1.808920486849184e-01  6.878419357783364e-02 
  1.917778640780868e-01  6.871447773733672e-02 
  1.960879369771513e-01  6.860565262455623e-02 
  1.855121793244718e-01  6.894223365835024e-02 
  1.509417314168325e-01  7.044931099501399e-02 
  9.317041445159921e-02  7.317989803027421e-02 
  3.537373983544538e-02  7.732520855160448e-02 
  8.796260397204216e-03  8.175847835319013e-02 
  1.512367295750813e-02  8.543146424923248e-02 
  8.663350340902050e-03  8.788843880369326e-02 
  1.810459972251019e-02  8.923372033863824e-02 
  4.009118354344867e-02  8.932442927004328e-02 
  6.361936461568418e-02  8.868777307040526e-02 
  8.592082281611797e-02  8.729874492630973e-02 
  1.028183138301106e-01  8.548100115766014e-02 
  1.083566394302055e-01  8.395685274459533e-02 
  9.519391261949767e-02  8.314967383798072e-02 
  6.132525000502684e-02  8.391329987940666e-02 
  1.744422289911931e-02  8.631710180742445e-02 
  1.924929274617540e-02  8.935573881050116e-02 
  3.172745065786971e-02  9.221794710197889e-02 
  2.553022412283016e-02  9.474818514018793e-02 
  9.522882535952426e-03  9.618636222558263e-02 
  1.693760409744110e-02  9.646037589836497e-02 
  4.068713663512485e-02  9.556100312784602e-02 
  6.392147345824400e-02  9.421422933944404e-02 
  8.397645308264082e-02  9.217513874653951e-02 
  9.557434434501104e-02  9.033392901564558e-02 
  9.191767431440814e-02  8.905650554287527e-02 
  6.788123379666998e-02  8.909986581767881e-02 
  2.907404293014495e-02  9.046957497268396e-02 
  9.447640894889380e-03  9.296511267457919e-02 
  2.635936703490172e-02  9.595297621934075e-02 
  2.458244506876098e-02  9.873277646875309e-02 
  1.079890268138697e-02  1.003106512489617e-01 
  1.242413115530161e-02  1.009130540650119e-01 
  3.498447631981667e-02  1.006320222178343e-01 
  5.826032827348585e-02  9.958920144522262e-02 
  7.900059775456089e-02  9.802761806199832e-02 
  9.410177759244440e-02  9.588159501011129e-02 
  9.788676530694329e-02  9.405090957313737e-02 
  8.326211286429827e-02  9.341461968143350e-02 
  5.010609152629861e-02  9.410675537203622e-02 
  1.225195596901114e-02  9.627621320449108e-02 
  1.469187340010017e-02  9.944320203880791e-02 
  2.019597048686813e-02  1.022520326433893e-01 
  1.030808823527703e-02  1.045685293134734e-01 
  1.102589309620726e-02  1.055941722219573e-01 
  3.311420075528843e-02  1.056831379754465e-01 
  5.657335404521394e-02  1.050439997537876e-01 
  7.860307339598824e-02  1.035200087420751e-01 
  9.626341786199184e-02  1.011766743116404e-01 
  1.041812412299601e-01  9.949645331264610e-02 
  9.554998591527404e-02  9.853922675282635e-02 
  6.744086429146416e-02  9.866665386703773e-02 
  2.902463235405702e-02  1.004076493730897e-01 
  4.133395643242909e-03  1.033167770578282e-01 
  1.377059568839872e-02  1.061150419274603e-01 
  8.490868743545148e-03  1.085757530036119e-01 
  9.330223075350488e-03  1.104594687061765e-01 
  3.022498036291811e-02  1.108327221439535e-01 
  5.364845598340347e-02  1.105101580416295e-01 
  7.614680353264447e-02  1.091253877816362e-01 
  9.584340345595589e-02  1.075783923738744e-01 
  1.087847147704030e-01  1.053446658729033e-01 
  1.078047948281687e-01  1.038900367748251e-01 
  8.726361041460305e-02  1.033636174353310e-01 
  4.972680169390260e-02  1.045972098982172e-01 
  1.290096887266617e-02  1.072049404707777e-01 
  8.542346378061413e-03  1.105715887993875e-01 
  8.484673354436629e-03  1.132355646381926e-01 
  6.313438835315815e-03  1.153247840371748e-01 
  2.640573602469544e-02  1.162669018426192e-01 
  5.000885111878536e-02  1.159923106560748e-01 
  7.391214011167391e-02  1.149412458108253e-01 
  9.524616042618089e-02  1.133253319870105e-01 
  1.111407766679298e-01  1.108157397671033e-01 
  1.154515790933445e-01  1.089647934608206e-01 
  1.006883391793822e-01  1.082607546277813e-01 
  6.639743116495336e-02  1.089888449478037e-01 
  2.487306629313946e-02  1.108996945557342e-01 
  4.672220465178223e-03  1.137458734539402e-01 
  1.238250258654565e-02  1.171258889306253e-01 
  3.632917431413504e-03  1.193839516250387e-01 
  1.587921494150005e-02  1.204271892188036e-01 
  3.953527621598570e-02  1.207716361690838e-01 
  6.393313890464485e-02  1.198164092005010e-01 
  8.754907811836578e-02  1.183082417238573e-01 
  1.069608824703446e-01  1.159226898836565e-01 
  1.165039975503709e-01  1.134247158627973e-01 
  1.075038276220736e-01  1.117245592352830e-01 
  7.551402639151958e-02  1.117141280196687e-01 
  2.881720309994628e-02  1.133923745625628e-01 
  1.162464308188702e-02  1.161948955805061e-01 
  2.893893386995382e-02  1.193250431261764e-01 
  2.549100906255821e-02  1.219025105807060e-01 
  9.125535887685986e-03  1.230668260251911e-01 
  1.300762557878608e-02  1.233185472803651e-01 
  3.718244783956905e-02  1.227317283093308e-01 
  6.040973454979671e-02  1.207795480024982e-01 
  7.981747361666919e-02  1.178457025934240e-01 
  9.060257218634279e-02  1.148340018985274e-01 
  8.423218710403650e-02  1.128575323209436e-01 
  5.135207859537366e-02  1.115848027355151e-01 
  7.051057842486044e-03  1.127278956818838e-01 
  6.924787126362991e-02  1.151343729414055e-01 
  1.100836136292744e-01  1.181602768884200e-01 
  1.257942173331742e-01  1.206310616558835e-01 
  1.228370073756128e-01  1.222007017798043e-01 
  1.119073798225288e-01  1.218526560389716e-01 
  9.934940657693508e-02  1.207185332360109e-01 
  8.970506750963138e-02  1.179658360525994e-01 
  8.786989903259990e-02  1.143324078852818e-01 
  1.018510187611976e-01  1.098876409193856e-01 
  1.479871741730480e-01  1.052968671474121e-01 
  2.487902619525010e-01  1.022879912643601e-01 
  4.228908391549049e-01  1.009772990578046e-01 
  6.364976101802272e-01  1.005151441918727e-01 
  8.063111721504176e-01  9.796908457231525e-02 
  8.563094314029038e-01  9.240479332191008e-02 
  7.793414538825054e-01  8.299809988889412e-02 
  6.325975088916590e-01  7.102658761020843e-02 
  4.769093393892285e-01  5.886189640056843e-02 
  3.448526974245824e-01  4.801800361796943e-02 
  2.452956956072519e-01  3.978138049923405e-02 
  2.792853963832101e-01  2.955811265288487e-02 
  3.714922237822590e-01  3.169507253475343e-02 
  4.930196480996737e-01  3.441127386572244e-02 
  6.404386411274376e-01  3.707556687570140e-02 
  7.863361238469633e-01  3.770231781251154e-02 
  8.765789298056818e-01  3.437803900538790e-02 
  8.579379471425995e-01  2.454805852420091e-02 
  7.224942205227145e-01  9.107612615663065e-03 
  5.310478774864251e-01  9.585085694548166e-03 
  3.623125914829461e-01  2.930008633238827e-02 
  2.516057879248496e-01  4.594083135342286e-02 
  1.950526600278872e-01  5.871465995292144e-02 
  1.732218718742949e-01  6.732637008137160e-02 
  1.688144535817628e-01  7.268879175446991e-02 
  1.739398845062549e-01  7.538345703062513e-02 
  1.828102225577058e-01  7.599435792420942e-02 
  1.909269686765112e-01  7.485868606163076e-02 
  1.934879740903687e-01  7.291883139687400e-02 
  1.815624888388082e-01  7.120242745664650e-02 
  1.477283772870398e-01  7.094832552726990e-02 
  9.375025925128130e-02  7.266865130957625e-02 
  3.931064569613747e-02  7.632409264010316e-02 
  9.009338972584839e-03  8.079926310570230e-02 
  1.007745174788366e-02  8.498389854440713e-02 
  8.386214710739904e-03  8.830264244958119e-02 
  2.117699467314427e-02  9.033487542769367e-02 
  4.175172538650512e-02  9.063771535097838e-02 
  6.346570772675462e-02  8.984556621623981e-02 
  8.364401618230863e-02  8.763224746659450e-02 
  9.886049425021626e-02  8.492032547068772e-02 
  1.033705500852562e-01  8.232010202387785e-02 
  9.073087044157674e-02  8.078643617097717e-02 
  5.866860034273867e-02  8.085042366525498e-02 
  1.835140320572319e-02  8.233754238273575e-02 
  1.546230826574148e-02  8.572089563121278e-02 
  2.676278636765143e-02  8.952148958799268e-02 
  2.111099862074255e-02  9.257979184782186e-02 
  7.364656193897479e-03  9.450927900048131e-02 
  1.827999730511708e-02  9.535385378128314e-02 
  4.011768161558535e-02  9.496678813294718e-02 
  6.168709623059940e-02  9.337599658627402e-02 
  7.976216385573599e-02  9.057032997264583e-02 
  9.033049234886366e-02  8.788794299709962e-02 
  8.667513512234046e-02  8.547700565727698e-02 
  6.441495791316940e-02  8.458040298101829e-02 
  2.873637135761098e-02  8.583937562190913e-02 
  7.283281190467254e-03  8.871921694888578e-02 
  2.196646270321668e-02  9.189583959603694e-02 
  2.022021771314183e-02  9.537454959103475e-02 
  8.005585079809597e-03  9.770538491558181e-02 
  1.395376412498607e-02  9.906494437129855e-02 
  3.492911864559733e-02  9.913464369307370e-02 
  5.645556750224855e-02  9.785270824040049e-02 
  7.548705411997528e-02  9.576942942752983e-02 
  8.882650558018937e-02  9.308972557029241e-02 
  9.196471459194591e-02  9.074833174289484e-02 
  7.857578480199758e-02  8.913859818817095e-02 
  4.855974834258810e-02  8.939935799471206e-02 
  1.402797804084943e-02  9.145301968332248e-02 
  1.088599116155174e-02  9.487110303311572e-02 
  1.546583161171427e-02  9.850171681316253e-02 
  6.916016605815308e-03  1.013569772065541e-01 
  1.286571798166651e-02  1.030864775266298e-01 
  3.335985677304161e-02  1.036285806795834e-01 
  5.508571329084862e-02  1.029808684585245e-01 
  7.548042335501974e-02  1.012495962343832e-01 
  9.135733608607523e-02  9.871983026933519e-02 
  9.861647558008171e-02  9.601346652698914e-02 
  9.032463751750401e-02  9.410801217553852e-02 
  6.496193870345610e-02  9.382423887561457e-02 
  3.004971292330542e-02  9.568774058981785e-02 
  3.811778247635620e-03  9.845832655003656e-02 
  9.629479819996300e-03  1.019823464112711e-01 
  4.950993171819256e-03  1.055921177126045e-01 
  1.186033012108268e-02  1.077614806521467e-01 
  3.147791638150253e-02  1.088104233454759e-01 
  5.273786903285380e-02  1.087389537377511e-01 
  7.365554161370989e-02  1.075384691891107e-01 
  9.157910131154719e-02  1.053224007538997e-01 
  1.032819971832616e-01  1.026146338898216e-01 
  1.021543412059486e-01  9.999938981681196e-02 
  8.339587647074181e-02  9.901959598235686e-02 
  4.923507200191695e-02  1.001975840476376e-01 
  1.551955725189294e-02  1.027378327352812e-01 
  4.110970188047396e-03  1.063123210666585e-01 
  4.245462678354604e-03  1.098450902464434e-01 
  9.407045126298945e-03  1.127588920719026e-01 
  2.818138462848948e-02  1.141424657203490e-01 
  4.974436339874126e-02  1.147121976414545e-01 
  7.170211683517654e-02  1.137640907219853e-01 
  9.126057008172836e-02  1.115133210470397e-01 
  1.052608511325532e-01  1.088296794522805e-01 
  1.087776638162575e-01  1.060256759703486e-01 
  9.535490270880746e-02  1.047034639816382e-01 
  6.431554103691800e-02  1.047786624091162e-01 
  2.675410193156731e-02  1.066369585902338e-01 
  1.476881251720504e-03  1.100584013019739e-01 
  6.977764812987371e-03  1.140805746095107e-01 
  1.893005071067528e-03  1.170551026093407e-01 
  1.877347969940693e-02  1.192198853921744e-01 
  4.015141243513843e-02  1.199242193236907e-01 
  6.255976049204398e-02  1.193203723644791e-01 
  8.388455932534890e-02  1.176582135388929e-01 
  1.014689876282374e-01  1.146291837762396e-01 
  1.096537976849778e-01  1.115355337698370e-01 
  1.013172345835582e-01  1.093574059877302e-01 
  7.201121314494731e-02  1.089680928550959e-01 
  2.896276212581217e-02  1.104531866293684e-01 
  7.657043729662926e-03  1.134677126021464e-01 
  2.385654938046419e-02  1.174425169006361e-01 
  2.077175193243901e-02  1.211317384099872e-01 
  5.955537003300788e-03  1.236564572982540e-01 
  1.430547317672105e-02  1.244810806855045e-01 
  3.615486775793560e-02  1.241236962909631e-01 
  5.751024627507776e-02  1.222817372229704e-01 
  7.481147670482381e-02  1.195739841562157e-01 
  8.400822862207888e-02  1.159658458330501e-01 
  7.683631483254699e-02  1.129935751329667e-01 
  4.549367045559594e-02  1.115177118818551e-01 
  9.278812040480726e-03  1.123742742671222e-01 
  6.709141127040970e-02  1.154591617143465e-01 
  1.065781254480554e-01  1.198313218466272e-01 
  1.212658813061519e-01  1.241377158361787e-01 
  1.198114094989756e-01  1.271122189202700e-01 
  1.109417794271735e-01  1.287172936757819e-01 
  1.008199150972597e-01  1.288002185674005e-01 
  9.398948660381155e-02  1.267447706903357e-01 
  9.537883805509950e-02  1.224740417005948e-01 
  1.136582925170516e-01  1.171760624466450e-01 
  1.635887475315445e-01  1.111958041663983e-01 
  2.681901834640221e-01  1.060050731352749e-01 
  4.416612806162867e-01  1.021242899529892e-01 
  6.536336126279558e-01  9.906902754325278e-02 
  8.203097573172603e-01  9.508234847657611e-02 
  8.683514371068158e-01  8.817920925862630e-02 
  7.876639651385978e-01  7.865706732452443e-02 
  6.382394979948754e-01  6.695006453861196e-02 
  4.803117680684424e-01  5.565628317333289e-02 
  3.502039799398401e-01  4.558670472726792e-02 
  2.507299288165706e-01  3.756998312543672e-02 
  2.829109958133307e-01  3.199591983473869e-02 
  3.748136316090995e-01  3.462509311549093e-02 
  4.968992913426589e-01  3.785870897980238e-02 
  6.449636333420485e-01  4.123328159788614e-02 
  7.939138481733264e-01  4.241205344440270e-02 
  8.897152352427524e-01  3.911770345052590e-02 
  8.749409177922755e-01  2.929207584698564e-02 
  7.413721668203834e-01  1.301172422142418e-02 
  5.511401846238310e-01  7.242826801599920e-03 
  3.802453198631962e-01  2.787637512031113e-02 
  2.668080491481402e-01  4.646243323101637e-02 
  2.074852495020297e-01  6.104833166508204e-02 
  1.813431383301085e-01  7.058985665727820e-02 
  1.739040624520474e-01  7.660545563117330e-02 
  1.763290133301544e-01  7.906743495900684e-02 
  1.822263294596541e-01  7.909461200852186e-02 
  1.884848626160139e-01  7.732511062533659e-02 
  1.888809582456704e-01  7.415413956424786e-02 
  1.771125057374168e-01  7.124927507854567e-02 
  1.440386118831636e-01  6.986587459348283e-02 
  9.360695701335321e-02  7.054671570067451e-02 
  4.187983648651676e-02  7.378423859438395e-02 
  1.165904228421666e-02  7.806029712028663e-02 
  8.131631272000884e-03  8.307543040686345e-02 
  9.938333754646752e-03  8.665781809562466e-02 
  2.340043212352997e-02  8.897684455271748e-02 
  4.210220847355713e-02  8.942035712274404e-02 
  6.191877096345409e-02  8.839758492711312e-02 
  8.000616939405315e-02  8.641008851317014e-02 
  9.361366048466624e-02  8.296281889354593e-02 
  9.762160134595671e-02  7.985438145059122e-02 
  8.580715984441488e-02  7.733623050037429e-02 
  5.609966622782928e-02  7.647840114210366e-02 
  1.931929959456741e-02  7.815276541088945e-02 
  1.258318197673905e-02  8.150883765724939e-02 
  2.270766493729123e-02  8.566687011320380e-02 
  1.763371743714144e-02  8.924041885448106e-02 
  6.214314481475689e-03  9.181723284180691e-02 
  1.896668263755339e-02  9.272259978295416e-02 
  3.919025392194560e-02  9.211595310126230e-02 
  5.908006675776629e-02  9.045286974083155e-02 
  7.590815353977121e-02  8.747484870353031e-02 
  8.489116181969306e-02  8.424161807693030e-02 
  8.140404344027084e-02  8.147252946622832e-02 
  6.066911745541024e-02  7.999713803151100e-02 
  2.771748858688236e-02  8.071635653459361e-02 
  5.797585703576680e-03  8.370079827773969e-02 
  1.830047353012526e-02  8.734428619761438e-02 
  1.650270465878587e-02  9.107872660433172e-02 
  6.003914201655175e-03  9.389012126961810e-02 
  1.516038140344374e-02  9.579949064713991e-02 
  3.442085290363051e-02  9.589751424731308e-02 
  5.395189797876199e-02  9.456215262823753e-02 
  7.148685274202714e-02  9.231089251559729e-02 
  8.368760271114559e-02  8.942269409536954e-02 
  8.619489151052158e-02  8.640210037416764e-02 
  7.360540003509868e-02  8.443560120022200e-02 
  4.651578209399899e-02  8.452304803312656e-02 
  1.501773813943577e-02  8.638087520994119e-02 
  7.647381874614227e-03  8.964639918504011e-02 
  1.160027479950483e-02  9.368845993273432e-02 
  4.492450260355282e-03  9.707866602854376e-02 
  1.452134445843795e-02  9.936817188301134e-02 
  3.343151651024056e-02  9.993989757197143e-02 
  5.324643396246142e-02  9.948548007329275e-02 
  7.154112699811829e-02  9.765939960938660e-02 
  8.611121705239784e-02  9.482319839022188e-02 
  9.240410764643894e-02  9.156251222095563e-02 
  8.511599440984481e-02  8.925860601124247e-02 
  6.189117493572642e-02  8.831875737445408e-02 
  3.041393247397388e-02  8.994746953957558e-02 
  5.891602358770992e-03  9.287084562811976e-02 
  5.613194323852133e-03  9.683374983507512e-02 
  3.152192107965594e-03  1.004936452812844e-01 
  1.416963546026795e-02  1.032562622337464e-01 
  3.205234637924317e-02  1.046610771271131e-01 
  5.142599193455238e-02  1.049000753141218e-01 
  7.057646102460070e-02  1.036023484322448e-01 
  8.709460971844314e-02  1.010341402065073e-01 
  9.783654944932375e-02  9.780155276466540e-02 
  9.655580242012597e-02  9.514382345130673e-02 
  7.928017084697969e-02  9.395792130075195e-02 
  4.817862235269230e-02  9.442116400006181e-02 
  1.775757376356800e-02  9.694643646263373e-02 
  2.434445897684064e-03  1.011906533513777e-01 
  2.463069845672554e-03  1.050939583525490e-01 
  1.255516652605935e-02  1.085508678670125e-01 
  2.969758796336031e-02  1.105146747819354e-01 
  4.924370005827834e-02  1.111295357342697e-01 
  6.928822364258076e-02  1.099579159508786e-01 
  8.717539570074270e-02  1.075863936528166e-01 
  9.973243609345937e-02  1.049341985785900e-01 
  1.026255333948170e-01  1.016981259496078e-01 
  9.041430064391934e-02  9.983554659060949e-02 
  6.247042022675209e-02  9.951244571146853e-02 
  2.850184522452760e-02  1.013040247569312e-01 
  4.865362207630167e-03  1.049363127742001e-01 
  2.298128863739153e-03  1.091599303765581e-01 
  5.369610417394591e-03  1.130561520914449e-01 
  2.095030391230954e-02  1.157428574537884e-01 
  4.029873163784554e-02  1.166455297983985e-01 
  6.059370069483813e-02  1.164593870511406e-01 
  7.975716848275870e-02  1.145190798899754e-01 
  9.536438829256204e-02  1.115172625194737e-01 
  1.027152972666650e-01  1.079668672167971e-01 
  9.478701075326527e-02  1.051130408213922e-01 
  6.829363472675354e-02  1.040114258543371e-01 
  3.026200003056556e-02  1.055433318245336e-01 
  3.051123433142091e-03  1.087574334030486e-01 
  1.826984561111196e-02  1.131634423735411e-01 
  1.583570772005643e-02  1.175896370814753e-01 
  3.166838217461445e-03  1.205875440006157e-01 
  1.500570752410523e-02  1.222223134837351e-01 
  3.446407108388123e-02  1.217626103660738e-01 
  5.319299912408296e-02  1.201569788014442e-01 
  6.834032304398736e-02  1.174250895352910e-01 
  7.553833837485341e-02  1.137278685973452e-01 
  6.853377862081340e-02  1.105363958831774e-01 
  3.952841744900736e-02  1.086558466031400e-01 
  1.025521636047008e-02  1.092865962512008e-01 
  6.283536285950091e-02  1.122099322110902e-01 
  9.969238301809709e-02  1.172499996255077e-01 
  1.151174146189999e-01  1.224032502343730e-01 
  1.157185351446812e-01  1.271690860285583e-01 
  1.093842081878784e-01  1.298631401193522e-01 
  1.029061729866564e-01  1.306306837352941e-01 
  9.978535974434420e-02  1.291434101010222e-01 
  1.055823994217410e-01  1.251893977006500e-01 
  1.276435215382529e-01  1.198501411920561e-01 
  1.812162033863028e-01  1.133071458433579e-01 
  2.877104772163052e-01  1.067938762028449e-01 
  4.586080538977190e-01  1.014015048041099e-01 
  6.644691577534511e-01  9.705060565602483e-02 
  8.258506736408531e-01  9.199461368401389e-02 
  8.738756282725699e-01  8.503984305397376e-02 
  7.974829879366231e-01  7.519521406226803e-02 
  6.486360426456288e-01  6.403771102090912e-02 
  4.920813181508725e-01  5.297221706535828e-02 
  3.598772369173637e-01  4.365082939438957e-02 
  2.565434479518541e-01  3.583649279229396e-02 
  2.865431477215299e-01  3.412351809033272e-02 
  3.801554117961684e-01  3.721941133371603e-02 
  5.029136546810746e-01  4.111686083473415e-02 
  6.514943105025640e-01  4.494648667840888e-02 
  7.993190754583464e-01  4.662306815194781e-02 
  8.940805090639579e-01  4.407727630100293e-02 
  8.810452769047610e-01  3.475014331277007e-02 
  7.540027457305640e-01  1.979426134559759e-02 
  5.703449852511715e-01  1.021953416757457e-03 
  4.003066708250133e-01  2.076787924887926e-02 
  2.872768151281498e-01  3.947058834519895e-02 
  2.225281346078228e-01  5.379795904835186e-02 
  1.914837294082883e-01  6.336544658162047e-02 
  1.790574632197310e-01  6.961577302838497e-02 
  1.768688603135261e-01  7.227827015693118e-02 
  1.789683472145286e-01  7.180091024851827e-02 
  1.819655931185321e-01  7.003117288645598e-02 
  1.802291055511561e-01  6.628965366177693e-02 
  1.678326211849891e-01  6.361781516574759e-02 
  1.372860397925942e-01  6.161014770810500e-02 
  9.136620310775281e-02  6.205818932493746e-02 
  4.536191467745552e-02  6.475051843307997e-02 
  1.678342056329240e-02  6.916942254125261e-02 
  9.553394838848229e-03  7.415819489777078e-02 
  1.344137901602323e-02  7.777754844001318e-02 
  2.546578847332126e-02  7.999975371736158e-02 
  4.170461606141475e-02  8.068266782346507e-02 
  5.892950965124620e-02  7.967884865793456e-02 
  7.479220331729594e-02  7.751618668915769e-02 
  8.597829476656421e-02  7.463262207539247e-02 
  8.900276060011517e-02  7.056048381841443e-02 
  7.830217531498603e-02  6.844429429593599e-02 
  5.182430986380952e-02  6.713592082440346e-02 
  1.957783785695658e-02  6.878069343665173e-02 
  9.072116683322511e-03  7.190923192445815e-02 
  1.726226690860952e-02  7.595335286424626e-02 
  1.316144512494330e-02  7.960947318707925e-02 
  6.011512816715163e-03  8.215962531221049e-02 
  1.913576272900779e-02  8.380707821243039e-02 
  3.702760118222703e-02  8.303681828559036e-02 
  5.460079012141848e-02  8.144874558410402e-02 
  6.865311975751445e-02  7.852197237388439e-02 
  7.685220408456915e-02  7.531345130792509e-02 
  7.337567802806537e-02  7.232824877404871e-02 
  5.531184910016144e-02  7.093895718851474e-02 
  2.680641750559946e-02  7.106394287632520e-02 
  4.791401090414767e-03  7.369725296307610e-02 
  1.338850630273323e-02  7.736502139931836e-02 
  1.215885634509097e-02  8.101823915073363e-02 
  4.560398323795212e-03  8.363537336059165e-02 
  1.580665692888705e-02  8.578841618303740e-02 
  3.282886192710045e-02  8.576044976829385e-02 
  4.999505233909462e-02  8.530481589229638e-02 
  6.558127826333610e-02  8.321501580445517e-02 
  7.626714291883468e-02  7.983626296924295e-02 
  7.805951118618956e-02  7.709078180002452e-02 
  6.717831823622739e-02  7.488803755057528e-02 
  4.334298597931587e-02  7.441375156143878e-02 
  1.635538897884335e-02  7.641138999853006e-02 
  4.323314976727844e-03  7.961363437803555e-02 
  6.868494065936332e-03  8.346430857452898e-02 
  4.070068114172265e-03  8.711519237398554e-02 
  1.612006643720472e-02  8.907670626153352e-02 
  3.289810083201906e-02  8.998464341416484e-02 
  5.022047630576826e-02  8.975179643564667e-02 
  6.646931870395040e-02  8.797698004053531e-02 
  7.898722882436524e-02  8.488696376021027e-02 
  8.395159995652464e-02  8.191784144169093e-02 
  7.743103731282697e-02  7.952178134381967e-02 
  5.755705008592080e-02  7.897322981951341e-02 
  3.061247739033290e-02  7.956960460816195e-02 
  9.347608770213177e-03  8.264090224204920e-02 
  2.919487212588178e-03  8.643560974538037e-02 
  5.273040140559698e-03  9.024947828261337e-02 
  1.650458951095100e-02  9.287262054218545e-02 
  3.231507940198168e-02  9.442018564768939e-02 
  4.942341237228250e-02  9.478256339083103e-02 
  6.611597052324884e-02  9.344182241819524e-02 
  8.072938190526384e-02  9.103361726997922e-02 
  8.953604925210326e-02  8.804065197268131e-02 
  8.856779394675579e-02  8.528479306069528e-02 
  7.347212947474972e-02  8.361829347492084e-02 
  4.685447514668234e-02  8.438868121571363e-02 
  2.055720786894446e-02  8.651153143382383e-02 
  6.284935533776840e-03  9.002696305083380e-02 
  5.866137350259406e-03  9.433001424009760e-02 
  1.539211421665692e-02  9.789276603415153e-02 
  3.058768276815962e-02  9.935303767277551e-02 
  4.801410383931471e-02  1.003386376294050e-01 
  6.555235180426239e-02  9.927158362593801e-02 
  8.108223799279034e-02  9.794400304798997e-02 
  9.230025000775137e-02  9.479050783875317e-02 
  9.461121666255404e-02  9.211026886746138e-02 
  8.356136532247335e-02  8.988752033280639e-02 
  5.908109384514557e-02  8.947139320122860e-02 
  2.968907230314157e-02  9.125197020408049e-02 
  8.889673845544057e-03  9.471774499942487e-02 
  2.990470877169435e-03  9.857478760727212e-02 
  9.290114728840315e-03  1.026660492468471e-01 
  2.296820085494588e-02  1.052984188708240e-01 
  3.986077858696819e-02  1.066035948334037e-01 
  5.786566219058805e-02  1.061394664123420e-01 
  7.474126213273261e-02  1.043008025141193e-01 
  8.833976250868064e-02  1.015260523998883e-01 
  9.405735838874288e-02  9.815733304307231e-02 
  8.676726882537930e-02  9.555856074457007e-02 
  6.337419814450602e-02  9.443536212097554e-02 
  2.938641634570420e-02  9.536437130263434e-02 
  1.359768816722618e-03  9.838774344522272e-02 
  1.302883629768288e-02  1.027252128956016e-01 
  1.149373890549471e-02  1.070771368471797e-01 
  1.775041566103262e-03  1.100072099355148e-01 
  1.534471326006907e-02  1.115921255806349e-01 
  3.218416731859053e-02  1.118246763798287e-01 
  4.824900674454838e-02  1.105580703397075e-01 
  6.095031821617016e-02  1.078799781949853e-01 
  6.685662934927285e-02  1.042414754933388e-01 
  5.893838445921808e-02  1.007810085094316e-01 
  3.179338560269424e-02  9.898124223622173e-02 
  1.302391722582596e-02  9.912336799631150e-02 
  6.098873526067609e-02  1.022837518697450e-01 
  9.451711944613617e-02  1.070463096804541e-01 
  1.099312528159018e-01  1.123471086616680e-01 
  1.124511179434916e-01  1.168831480307701e-01 
  1.091449201246748e-01  1.196863988416252e-01 
  1.055011460523289e-01  1.209115949490461e-01 
  1.066718255086552e-01  1.198498790254518e-01 
  1.166093239136972e-01  1.169047614404026e-01 
  1.434658637456349e-01  1.123598627422976e-01 
  2.026467893588006e-01  1.063936847149650e-01 
  3.112989654450790e-01  1.007244489268443e-01 
  4.812906529062191e-01  9.638856173931526e-02 
  6.832341686696877e-01  9.241839031876983e-02 
  8.412312111007761e-01  8.765286179002493e-02 
  8.834420712506027e-01  8.103287542915064e-02 
  8.001513224833883e-01  7.151711718944888e-02 
  6.516800519656770e-01  6.121721245839905e-02 
  4.951662401921774e-01  5.035126082343978e-02 
  3.610957503704522e-01  4.159818193218832e-02 
  2.607611438095235e-01  3.428441551832302e-02 
  2.885475076248885e-01  3.604306790073585e-02 
  3.818196519085842e-01  3.942699247691196e-02 
  5.045720936918577e-01  4.387108244284496e-02 
  6.548216463232940e-01  4.847938479702859e-02 
  8.067175914720510e-01  5.140991667917415e-02 
  9.055032791188459e-01  4.999102022539480e-02 
  8.969849934717340e-01  4.259287443643736e-02 
  7.725297755108252e-01  2.881090828844419e-02 
  5.874264903154285e-01  1.155804816666503e-02 
  4.202471504999534e-01  7.258270510368714e-03 
  3.004853322250406e-01  2.398242527725061e-02 
  2.318189462459042e-01  3.662971165834560e-02 
  1.966806013045219e-01  4.453290743626455e-02 
  1.803943899485961e-01  4.964869069121294e-02 
  1.752131822309130e-01  5.266578356123662e-02 
  1.753086023633043e-01  5.285433950140088e-02 
  1.762186530661442e-01  5.130939572931870e-02 
  1.730314022683110e-01  4.876844969708972e-02 
  1.601405174118545e-01  4.628628232302048e-02 
  1.316796996778481e-01  4.594144489702571e-02 
  8.907609655792578e-02  4.620171002184392e-02 
  4.698950578985075e-02  4.901539422872397e-02 
  1.990705092203898e-02  5.286809357308245e-02 
  1.175166296171013e-02  5.645793637952604e-02 
  1.498419193569597e-02  6.073123320900169e-02 
  2.548396954340738e-02  6.208335095924140e-02 
  3.975431067675815e-02  6.284985064856483e-02 
  5.505568587424201e-02  6.246907136754627e-02 
  6.923292452231095e-02  6.048340744946448e-02 
  7.946267435782851e-02  5.820153649703713e-02 
  8.169058899646538e-02  5.566706191181853e-02 
  7.179292988938335e-02  5.383628704041179e-02 
  4.836301611098710e-02  5.296549067944073e-02 
  1.948879903992891e-02  5.396052296024293e-02 
  7.472107774967892e-03  5.734129541464197e-02 
  1.450189403332228e-02  6.036451977669426e-02 
  1.107633614797936e-02  6.310172040380815e-02 
  5.994371122001469e-03  6.587199246877538e-02 
  1.817023638879427e-02  6.675398549095032e-02 
  3.427651641665217e-02  6.690558155249098e-02 
  4.986888147206828e-02  6.517785293579109e-02 
  6.263376627787738e-02  6.279593048149766e-02 
  6.954415384695460e-02  6.017807621340628e-02 
  6.617846314560399e-02  5.831190101470559e-02 
  5.013593600813600e-02  5.655976547616872e-02 
  2.511208526991480e-02  5.720334168517070e-02 
  4.801732114299041e-03  5.958153667942317e-02 
  1.079750409364292e-02  6.255889225997376e-02 
  9.795757545431879e-03  6.628541810457603e-02 
  4.405240541336590e-03  6.823358660903002e-02 
  1.526758959927298e-02  6.966969351061042e-02 
  3.076502181481567e-02  7.050196960608666e-02 
  4.624223084120799e-02  6.907076243884458e-02 
  6.002211952964887e-02  6.774802669772127e-02 
  6.947030048640082e-02  6.482689189659460e-02 
  7.128941113594683e-02  6.273515856173077e-02 
  6.177139757951079e-02  6.074639363036292e-02 
  4.034618981260778e-02  6.048154824767199e-02 
  1.641926368148408e-02  6.227220586729989e-02 
  3.454423483480732e-03  6.484303739620938e-02 
  4.827501055123020e-03  6.857152372304774e-02 
  4.784655541570241e-03  7.104513600771066e-02 
  1.622758256122952e-02  7.299210696059072e-02 
  3.139482939532644e-02  7.342666445359596e-02 
  4.691840366050995e-02  7.348615085795329e-02 
  6.143865892064169e-02  7.134233179956334e-02 
  7.267032916669273e-02  7.002186116014893e-02 
  7.734601221484548e-02  6.714948713136688e-02 
  7.149354423060789e-02  6.517469387986906e-02 
  5.372467257612262e-02  6.470404028969420e-02 
  2.972851578871279e-02  6.577513528394323e-02 
  1.093521754670388e-02  6.843087607258155e-02 
  4.099483826715528e-03  7.155773739032821e-02 
  7.096640042103033e-03  7.441472822861986e-02 
  1.733464600989975e-02  7.702966338064354e-02 
  3.138104324559083e-02  7.833504549695691e-02 
  4.661957686218289e-02  7.800579188461408e-02 
  6.173943167278972e-02  7.742535405508531e-02 
  7.455876013662691e-02  7.574530174164786e-02 
  8.241434803896502e-02  7.297074832083482e-02 
  8.126542807073001e-02  7.089996160560266e-02 
  6.810731781939984e-02  6.972132789805453e-02 
  4.506278485487857e-02  6.988552788682614e-02 
  2.188909355082398e-02  7.189846193904716e-02 
  8.907662983328141e-03  7.487513182224245e-02 
  8.529158347969195e-03  7.843881969209590e-02 
  1.685161495742965e-02  8.073255553461081e-02 
  3.028332290512655e-02  8.226668548774418e-02 
  4.572151130438855e-02  8.247800546117347e-02 
  6.140855488982190e-02  8.212241266990555e-02 
  7.549571931324968e-02  8.004804874469910e-02 
  8.525795812887692e-02  7.813661626262743e-02 
  8.719440678759539e-02  7.571056723565192e-02 
  7.725874112843786e-02  7.403918848967554e-02 
  5.596048597678542e-02  7.411370081591151e-02 
  3.012635416674508e-02  7.529798422215510e-02 
  1.162823171583446e-02  7.806259783229021e-02 
  6.052048188574033e-03  8.138335696338436e-02 
  1.119047257884761e-02  8.416998504264947e-02 
  2.318158236372633e-02  8.601559542517122e-02 
  3.837417284509881e-02  8.693534861421885e-02 
  5.430870878656062e-02  8.646283074694401e-02 
  6.942151343930300e-02  8.522331042860620e-02 
  8.143157361983085e-02  8.321380867238481e-02 
  8.643819261013586e-02  8.034552631376868e-02 
  7.972071357226602e-02  7.869415927986002e-02 
  5.888582003793695e-02  7.765980576551426e-02 
  2.910089710573615e-02  7.867772615607890e-02 
  3.420875174663403e-03  8.093590924436407e-02 
  9.967568464004640e-03  8.422948590858004e-02 
  9.238758766322420e-03  8.731714958691403e-02 
  2.157374431812013e-03  8.956539591548821e-02 
  1.393535469932931e-02  9.066498624523554e-02 
  2.861568044682029e-02  9.048652289527093e-02 
  4.238809288884283e-02  8.934554451958981e-02 
  5.359521005338904e-02  8.724993257153005e-02 
  5.800471234198160e-02  8.444071460516883e-02 
  4.998988956955982e-02  8.200231252925955e-02 
  2.539554733611493e-02  8.028888929696081e-02 
  1.561588411228796e-02  8.045003733849908e-02 
  5.916872723569815e-02  8.280583673902654e-02 
  9.132214996362643e-02  8.597622056152848e-02 
  1.070745671353637e-01  8.955133200110771e-02 
  1.115150869566056e-01  9.178122501969660e-02 
  1.108929475850859e-01  9.411691862608364e-02 
  1.102672712542491e-01  9.415903522984947e-02 
  1.142422182840592e-01  9.277461269907275e-02 
  1.279796821945719e-01  9.152622494699275e-02 
  1.581675098938391e-01  8.847215379360907e-02 
  2.195604829393073e-01  8.549622710355874e-02 
  3.290840832597856e-01  8.347114098373030e-02 
  4.979499319693577e-01  8.235139303846065e-02 
  6.958640131304582e-01  8.236546412533961e-02 
  8.483650670752340e-01  8.023110062962438e-02 
  8.873007066091689e-01  7.566678819607299e-02 
  8.071611071644200e-01  6.798398219441130e-02 
  6.595758979287508e-01  5.836362387763491e-02 
  5.025660848956376e-01  4.869620869680323e-02 
  3.672888778716361e-01  4.004681209344214e-02 
  2.641386338953676e-01  3.303678294572927e-02 
  2.905127031397189e-01  3.753309257535391e-02 
  3.850732295789607e-01  4.144644160296054e-02 
  5.084617377208964e-01  4.664671340455238e-02 
  6.578763547710751e-01  5.164509730270139e-02 
  8.068138175702080e-01  5.570270684394066e-02 
  9.055324695662679e-01  5.673448278385091e-02 
  8.962058560290381e-01  5.223853032143608e-02 
  7.749739018387013e-01  4.277484061750516e-02 
  5.976085844830935e-01  3.153546941629495e-02 
  4.310487870753208e-01  1.795095879368837e-02 
  3.092584161735109e-01  7.155905554470405e-03 
  2.378619787272100e-01  1.534239818829253e-03 
  1.997624369199285e-01  7.482217008674484e-03 
  1.808556693796508e-01  1.114458369282168e-02 
  1.729365247582507e-01  1.454303502291178e-02 
  1.709760688441119e-01  1.590713072039635e-02 
  1.699909603352757e-01  1.521649753549571e-02 
  1.658652384406737e-01  1.657019235675321e-02 
  1.529319152159422e-01  1.635016538541629e-02 
  1.261515024764095e-01  1.823721424131748e-02 
  8.738182832238352e-02  2.030623463153475e-02 
  4.821527269437498e-02  2.198582161806254e-02 
  2.250948596343061e-02  2.582195381423245e-02 
  1.368271173364373e-02  2.759226802389495e-02 
  1.599609325602091e-02  3.054112988724566e-02 
  2.490229521645965e-02  3.111619611222088e-02 
  3.741200014641539e-02  3.166687443415064e-02 
  5.093402268280951e-02  3.197100217187619e-02 
  6.359608444952297e-02  3.141809148727746e-02 
  7.244175737349727e-02  3.009054127562070e-02 
  7.437255942610688e-02  2.968601482511746e-02 
  6.528147783570208e-02  2.921008360422729e-02 
  4.452875240717006e-02  3.020776889123850e-02 
  1.883596511210558e-02  3.115481667002502e-02 
  6.433775126729532e-03  3.375976773140962e-02 
  1.242741574408448e-02  3.504148882728606e-02 
  9.978084497834380e-03  3.760961606658084e-02 
  5.733407726644389e-03  3.808319706118853e-02 
  1.623091776495030e-02  3.912833337178089e-02 
  3.036385629697413e-02  3.913072099702890e-02 
  4.474924654413236e-02  3.730314084341263e-02 
  5.622201767785036e-02  3.687242492165285e-02 
  6.255842805139344e-02  3.568059188274543e-02 
  5.958630803245690e-02  3.502727080330695e-02 
  4.524230022551251e-02  3.465062719637113e-02 
  2.338475517065612e-02  3.572423190992786e-02 
  4.891922040871742e-03  3.726731892620893e-02 
  9.122622994116180e-03  3.902350283219931e-02 
  8.451970593660568e-03  4.151244851676229e-02 
  4.246497545274031e-03  4.225915900944729e-02 
  1.400985780490747e-02  4.349150635684148e-02 
  2.776033338128842e-02  4.346458626743901e-02 
  4.182143470007419e-02  4.307152512278925e-02 
  5.433003406950906e-02  4.240924100563008e-02 
  6.291607585538006e-02  4.055686246474544e-02 
  6.429740972697401e-02  3.995607319169802e-02 
  5.574511007668287e-02  3.961832405964186e-02 
  3.714555720236588e-02  3.967751824324430e-02 
  1.608190259586646e-02  4.151422645341422e-02 
  3.561141884600192e-03  4.281191948582375e-02 
  3.663183525578054e-03  4.490159310388139e-02 
  5.066708597719479e-03  4.619215778293108e-02 
  1.544188725974284e-02  4.727595929000800e-02 
  2.895978460500885e-02  4.711143142915020e-02 
  4.314552693403119e-02  4.756694942114625e-02 
  5.620736517062692e-02  4.599227580405690e-02 
  6.636406459558400e-02  4.488144179746437e-02 
  7.045600714430664e-02  4.472443367476284e-02 
  6.523820864404631e-02  4.360053818167604e-02 
  4.996216822942114e-02  4.420274602110818e-02 
  2.873213030562504e-02  4.515857717287793e-02 
  1.183085352165754e-02  4.664074190051076e-02 
  5.142373622166319e-03  4.871704077223479e-02 
  7.838029205339653e-03  5.051530738387677e-02 
  1.694010419954737e-02  5.183904593266021e-02 
  2.963534772456487e-02  5.185268504239937e-02 
  4.345663330242741e-02  5.243733963426588e-02 
  5.696441967626854e-02  5.141172194041294e-02 
  6.882749719123780e-02  5.078401110003560e-02 
  7.584919525580897e-02  4.968481190241714e-02 
  7.481589529894681e-02  4.899728320589878e-02 
  6.306631089148243e-02  4.859252871760922e-02 
  4.240244283934003e-02  4.933388305560443e-02 
  2.188124996291431e-02  5.091352306863564e-02 
  1.012576461214845e-02  5.276311168669281e-02 
  9.620242673251770e-03  5.461899439942990e-02 
  1.701491278661183e-02  5.597110745176044e-02 
  2.898707721452296e-02  5.656746280995950e-02 
  4.298004119104058e-02  5.655904268390283e-02 
  5.709728099303425e-02  5.579845834682307e-02 
  6.967418981802403e-02  5.517657006721464e-02 
  7.842827760035803e-02  5.429091985487747e-02 
  8.019974314457534e-02  5.313300761289735e-02 
  7.139655837128572e-02  5.278101042785375e-02 
  5.210319764561298e-02  5.303102849507113e-02 
  2.923483704168157e-02  5.427165931396399e-02 
  1.246369828792158e-02  5.589316466253683e-02 
  7.138999924621922e-03  5.733480634946780e-02 
  1.150115158212520e-02  5.876726779696293e-02 
  2.228242622926547e-02  5.910093477616055e-02 
  3.585543761056371e-02  5.966732939226713e-02 
  5.044545311873466e-02  5.880605557345262e-02 
  6.415892481629916e-02  5.808083481570032e-02 
  7.502989304647974e-02  5.686170134927438e-02 
  7.938699760849620e-02  5.572439987055339e-02 
  7.321699954219360e-02  5.513474877191043e-02 
  5.418113236400463e-02  5.511290458359487e-02 
  2.681158430707270e-02  5.570865202249316e-02 
  3.306133432946449e-03  5.706168605291848e-02 
  9.440228953941730e-03  5.824490617364123e-02 
  9.365537936450624e-03  5.894427766655977e-02 
  2.637128105861544e-03  5.965396979781998e-02 
  1.124753950888314e-02  5.953713060901647e-02 
  2.449431380139716e-02  5.899810330621208e-02 
  3.710860917585700e-02  5.787190120233783e-02 
  4.665088396250917e-02  5.648827984464022e-02 
  5.032147093397236e-02  5.499548039035076e-02 
  4.242741063460116e-02  5.419586471405924e-02 
  1.885139864292037e-02  5.381937499619278e-02 
  2.040643909670995e-02  5.394815542009062e-02 
  6.147566387439904e-02  5.490055059619450e-02 
  9.260559519291089e-02  5.538822528800348e-02 
  1.085617979696480e-01  5.573700777107989e-02 
  1.144618016160344e-01  5.563470633644042e-02 
  1.153139708489321e-01  5.496394546028624e-02 
  1.167321346358815e-01  5.380428320706182e-02 
  1.225310139610009e-01  5.283153753882099e-02 
  1.375862321094744e-01  5.164591189215907e-02 
  1.701842744168440e-01  5.152744400278159e-02 
  2.328729942815249e-01  5.299810606816464e-02 
  3.441230214176192e-01  5.665392457125371e-02 
  5.119562241920323e-01  6.227059278384718e-02 
  7.079292836274695e-01  6.768374802591677e-02 
  8.583148517888416e-01  7.067094521701495e-02 
  8.970096751533833e-01  6.928534757856722e-02 
  8.133257594291632e-01  6.356401185773972e-02 
  6.613384563906297e-01  5.528709869062443e-02 
  5.029576606626741e-01  4.652517335418228e-02 
  3.682045300603190e-01  3.840919454987045e-02 
  2.661454692808458e-01  3.190141523582515e-02 
  2.912494925624337e-01  3.885546851471011e-02 
  3.835793575029676e-01  4.323254975847358e-02 
  5.078117871808384e-01  4.857651452793577e-02 
  6.566579059140348e-01  5.474192307023987e-02 
  8.083052086663339e-01  5.991557754862590e-02 
  9.086192371072391e-01  6.241003124407760e-02 
  9.063045855766123e-01  6.093731295604048e-02 
  7.861062105239034e-01  5.574725018047053e-02 
  6.031217318508065e-01  4.849882311189830e-02 
  4.319950568411612e-01  4.178550449832059e-02 
  3.116379776547695e-01  3.545980148858529e-02 
  2.377595813516195e-01  3.227194197446026e-02 
  1.989728759956388e-01  2.795470412443642e-02 
  1.794234806662530e-01  2.586269927652459e-02 
  1.714912150305271e-01  2.321038797505709e-02 
  1.689435545235230e-01  2.094025663951287e-02 
  1.677991966846104e-01  1.823502655091136e-02 
  1.637136636294376e-01  1.423782661846868e-02 
  1.511877407847782e-01  1.144844626358339e-02 
  1.248780122962430e-01  7.673892304307272e-03 
  8.657089897582308e-02  4.528465881323509e-03 
  4.845028403168988e-02  2.432606988118026e-03 
  2.257128722880157e-02  2.855738259496655e-03 
  1.336601756054775e-02  4.478016092956838e-03 
  1.498929915766602e-02  4.157366383285866e-03 
  2.336196545295916e-02  5.306639067786772e-03 
  3.513167264550728e-02  4.789462751244550e-03 
  4.803969897471420e-02  5.157446718749603e-03 
  5.992906160402581e-02  5.445244687676784e-03 
  6.862323340268592e-02  5.691876914529749e-03 
  7.060927907963185e-02  6.704968625468049e-03 
  6.242375327171174e-02  7.551344783852524e-03 
  4.239240224460590e-02  9.411126260726059e-03 
  1.776948648217247e-02  1.127348522538580e-02 
  6.571490393649959e-03  1.219985446774578e-02 
  1.290279292413091e-02  1.306752079846362e-02 
  1.064021803347541e-02  1.384123683986742e-02 
  5.381218509842572e-03  1.350961274231164e-02 
  1.412690996792009e-02  1.387962875518815e-02 
  2.769153481534959e-02  1.322146409672608e-02 
  4.114142947700443e-02  1.337604434825400e-02 
  5.227877798108501e-02  1.321156147710076e-02 
  5.836163865927258e-02  1.397021210788537e-02 
  5.594907713763090e-02  1.423232491964989e-02 
  4.252076578016691e-02  1.596605606617408e-02 
  2.126469350042947e-02  1.665745888545180e-02 
  4.355220295655474e-03  1.849255631823699e-02 
  9.736991197059768e-03  1.882205984808123e-02 
  9.179627902553557e-03  1.995724091653581e-02 
  4.037674242588292e-03  1.952001962675074e-02 
  1.220388699062819e-02  1.934639719959496e-02 
  2.522605146206704e-02  1.955390270856794e-02 
  3.868673488940485e-02  1.908852627110044e-02 
  5.066205795325970e-02  1.926575574876606e-02 
  5.894050836908733e-02  1.896747848011625e-02 
  6.047409493657715e-02  1.971411565220151e-02 
  5.243181327276310e-02  2.044044752268025e-02 
  3.482228193154049e-02  2.141849740330969e-02 
  1.470584815550436e-02  2.258695049523644e-02 
  3.056714853778909e-03  2.379272856191725e-02 
  3.953138473233392e-03  2.444900559914107e-02 
  4.107202137754586e-03  2.432484323078369e-02 
  1.384686402124528e-02  2.445023006597154e-02 
  2.663867242501700e-02  2.450341976878399e-02 
  4.012935019585597e-02  2.401670369417740e-02 
  5.274323059135668e-02  2.456156864878910e-02 
  6.254735188665617e-02  2.389196390713320e-02 
  6.681166231080332e-02  2.483847911318514e-02 
  6.186309264739631e-02  2.471180395847474e-02 
  4.723024271091694e-02  2.629014915213103e-02 
  2.688597728475620e-02  2.698105330780393e-02 
  1.083500278717804e-02  2.842459922291963e-02 
  4.318149532512246e-03  2.889444120623469e-02 
  6.807049008196691e-03  2.903962808585606e-02 
  1.544000289297759e-02  2.950058308626370e-02 
  2.748150275905817e-02  2.915462434879340e-02 
  4.069394346286696e-02  2.868674348520446e-02 
  5.384871292315248e-02  2.869529540698694e-02 
  6.518863350361094e-02  2.858268676893133e-02 
  7.192712101115216e-02  2.864453324955219e-02 
  7.116542992688370e-02  2.887988104095613e-02 
  6.019562491144823e-02  2.999064112568674e-02 
  4.030079165644043e-02  3.109863305726302e-02 
  2.063233484315116e-02  3.232073660547018e-02 
  9.369183121861484e-03  3.276608473262967e-02 
  8.597467194907334e-03  3.326308686948141e-02 
  1.557607491731885e-02  3.315116919767187e-02 
  2.711516037007216e-02  3.287476825313217e-02 
  4.047989966486761e-02  3.256493757538585e-02 
  5.399492314837901e-02  3.227043353919654e-02 
  6.606619233675416e-02  3.209916609464952e-02 
  7.460557422004836e-02  3.202614753618539e-02 
  7.647317602955918e-02  3.241143054996769e-02 
  6.845349511892802e-02  3.337187821263737e-02 
  4.991203502398604e-02  3.444138836844442e-02 
  2.767027194119916e-02  3.532439236190795e-02 
  1.147410916280565e-02  3.598376070444050e-02 
  6.064686799442145e-03  3.622618494616010e-02 
  1.007921309982549e-02  3.597825536629114e-02 
  2.024933090032543e-02  3.567512471343054e-02 
  3.322834242970930e-02  3.502869436247768e-02 
  4.690783376188643e-02  3.450705531237972e-02 
  5.999933368016055e-02  3.385670582239996e-02 
  7.032570221569796e-02  3.366268087810381e-02 
  7.483281412225093e-02  3.371840711403411e-02 
  6.902804560740795e-02  3.441300122959566e-02 
  5.074513677031541e-02  3.521132355258044e-02 
  2.463379241495607e-02  3.610830481656528e-02 
  2.446417796568185e-03  3.650397429940362e-02 
  1.126990427884611e-02  3.605534454197992e-02 
  1.159310387988067e-02  3.522983831336349e-02 
  4.724669426299544e-03  3.393534353429795e-02 
  7.883915799886940e-03  3.292475485067933e-02 
  2.019932362721449e-02  3.160564443774028e-02 
  3.219541869463202e-02  3.057052168421676e-02 
  4.149221574159354e-02  2.964103061938857e-02 
  4.463729589382449e-02  2.953462085106118e-02 
  3.735122306717305e-02  2.981645450958378e-02 
  1.448347344388341e-02  3.038273040323992e-02 
  2.417494681872456e-02  3.104775838166517e-02 
  6.542843423990903e-02  3.058812103553576e-02 
  9.652444815448480e-02  2.916591461255736e-02 
  1.134358494027552e-01  2.668793369663431e-02 
  1.199790385414794e-01  2.392593122373830e-02 
  1.217139557453246e-01  2.075039412745127e-02 
  1.236023925432206e-01  1.869527896747245e-02 
  1.298929192519311e-01  1.694672374836017e-02 
  1.448441893108479e-01  1.680249790796686e-02 
  1.765809412146470e-01  1.852629179304944e-02 
  2.387778994614122e-01  2.360351596371239e-02 
  3.472400638232691e-01  3.184946195261717e-02 
  5.137656654820337e-01  4.311844596279531e-02 
  7.046747780624131e-01  5.382383643396221e-02 
  8.558075772508449e-01  6.141072859350353e-02 
  8.943304697478497e-01  6.341019664432949e-02 
  8.142395197439624e-01  6.012054377284495e-02 
  6.640564163653143e-01  5.310108561221281e-02 
  5.072391631508022e-01  4.484004605655074e-02 
  3.735890834812477e-01  3.710864955983487e-02 
  2.699522660306614e-01  3.084268298374569e-02 
  2.919688218302723e-01  4.013657871482124e-02 
  3.858354054783099e-01  4.468152630072576e-02 
  5.087954013530692e-01  5.039616045470365e-02 
  6.562571941887733e-01  5.696772155023738e-02 
  8.041104893408004e-01  6.298922283061296e-02 
  9.037277695106940e-01  6.648514955246600e-02 
  8.976913230392128e-01  6.691123563905278e-02 
  7.800539266855275e-01  6.431548515101197e-02 
  5.998127281957512e-01  6.059033448533721e-02 
  4.288151567467713e-01  5.729973322603311e-02 
  3.092767887397614e-01  5.563183048393120e-02 
  2.376424534146774e-01  5.482499490630288e-02 
  1.995317113189282e-01  5.380216474788670e-02 
  1.807196918447092e-01  5.237028652590529e-02 
  1.727612061164759e-01  5.002532859356838e-02 
  1.705648070800722e-01  4.693674839683482e-02 
  1.697159179160378e-01  4.332482827573964e-02 
  1.658949543868905e-01  3.815790742249210e-02 
  1.532508095530213e-01  3.324494738857434e-02 
  1.270375990999964e-01  2.748174465021748e-02 
  8.803000517215985e-02  2.274119331518376e-02 
  4.900959090580874e-02  1.915033607782953e-02 
  2.249222282832446e-02  1.740373853306904e-02 
  1.304604215112631e-02  1.722524667659124e-02 
  1.457743546224841e-02  1.704150122049890e-02 
  2.252570422945787e-02  1.767644596540630e-02 
  3.402874460949475e-02  1.732841538427108e-02 
  4.689549532479718e-02  1.690917231925464e-02 
  5.874140465320175e-02  1.637343311257907e-02 
  6.772742708193391e-02  1.463296049088992e-02 
  6.985391917783867e-02  1.299003885171768e-02 
  6.166636900652436e-02  1.030764255926265e-02 
  4.199986334860302e-02  8.104455649769271e-03 
  1.698063306400155e-02  6.427879105078774e-03 
  7.028571665178770e-03  5.740093279943645e-03 
  1.408886725949854e-02  5.636763322980635e-03 
  1.197950925468099e-02  6.400880215624039e-03 
  5.490003576484500e-03  6.773905754469586e-03 
  1.251572111722982e-02  7.330289046627947e-03 
  2.587809348174026e-02  7.849774843909037e-03 
  3.918917107017218e-02  7.354283204380439e-03 
  5.030379235911084e-02  7.203123318103686e-03 
  5.650582594373905e-02  5.963615708088956e-03 
  5.426793890177641e-02  4.997466597214746e-03 
  4.126218552001090e-02  4.228804909605292e-03 
  2.016935348283496e-02  4.380925824521807e-03 
  4.110787974306269e-03  4.726225074895221e-03 
  1.094475961455024e-02  4.991881876114899e-03 
  1.045868727529014e-02  4.856397199521086e-03 
  4.401896504307450e-03  4.708124622991166e-03 
  1.041900334291820e-02  4.671925943612170e-03 
  2.320037621226419e-02  4.699769949062649e-03 
  3.645114940530067e-02  4.658790165245445e-03 
  4.845715667063191e-02  4.711361731316544e-03 
  5.689332650885393e-02  4.839683376449071e-03 
  5.877830084227512e-02  5.370456460366144e-03 
  5.093954686665367e-02  6.433462887469247e-03 
  3.336112806745704e-02  7.722264983141846e-03 
  1.326221540272801e-02  8.651709925753289e-03 
  2.998856450216199e-03  9.189299364713591e-03 
  5.017361319522017e-03  9.022466952494966e-03 
  3.178627799994156e-03  8.520617111900945e-03 
  1.210579254964705e-02  8.279571291447655e-03 
  2.467889313360379e-02  7.849388956957856e-03 
  3.817435671329963e-02  7.701618464109275e-03 
  5.065361292936395e-02  7.718602930245642e-03 
  6.038827545519112e-02  8.269402861083318e-03 
  6.480744163016619e-02  9.126948500553317e-03 
  6.028016430180767e-02  1.060565022598004e-02 
  4.543119677185915e-02  1.218521930892707e-02 
  2.545790299844925e-02  1.333526652102711e-02 
  8.826285623989015e-03  1.385740946865318e-02 
  2.928784904014550e-03  1.405505340060651e-02 
  5.154588225512049e-03  1.369288150847139e-02 
  1.374999459259391e-02  1.318498985597255e-02 
  2.568719469066480e-02  1.260469525042871e-02 
  3.860736641065068e-02  1.238444218365294e-02 
  5.177057366345246e-02  1.209895468112690e-02 
  6.299528243059482e-02  1.262367485530791e-02 
  7.003878884360404e-02  1.310815897980393e-02 
  6.956603122729940e-02  1.464968039498065e-02 
  5.850353753508017e-02  1.625939568198639e-02 
  3.870680525093631e-02  1.764062427125054e-02 
  1.873312268530547e-02  1.855159693730363e-02 
  7.275803767314023e-03  1.852948931328370e-02 
  6.669638222702308e-03  1.803718459785969e-02 
  1.357490119861489e-02  1.720387189452770e-02 
  2.512545744027877e-02  1.671414825294427e-02 
  3.840627412528366e-02  1.597468304340397e-02 
  5.180157654211115e-02  1.590648242646667e-02 
  6.403482505749410e-02  1.578716688908850e-02 
  7.281923755148523e-02  1.659415147090107e-02 
  7.488780086053834e-02  1.762298412475032e-02 
  6.700140770718052e-02  1.917140756697212e-02 
  4.822573189081292e-02  2.067225721181393e-02 
  2.555538495575269e-02  2.174673939118064e-02 
  9.012374443627786e-03  2.180508580494092e-02 
  3.640758124847642e-03  2.144329893468164e-02 
  7.756229078251051e-03  2.013759257791051e-02 
  1.791856503825839e-02  1.924589003312710e-02 
  3.086244488552211e-02  1.813808571883767e-02 
  4.496863731863324e-02  1.761536920090039e-02 
  5.804196104393040e-02  1.718762026401664e-02 
  6.851377977368656e-02  1.757015529284511e-02 
  7.317136846580879e-02  1.837740346016862e-02 
  6.745363020016916e-02  1.976977151158485e-02 
  4.877062569877551e-02  2.135965580108186e-02 
  2.154425979135746e-02  2.225713961194131e-02 
  3.614200797310285e-03  2.209750292206195e-02 
  1.503092913837136e-02  2.100468388960421e-02 
  1.518784398890280e-02  1.927665612122986e-02 
  7.850366406087031e-03  1.730946918761806e-02 
  5.197983270082418e-03  1.552979596935690e-02 
  1.723558693722336e-02  1.413789331052566e-02 
  2.931427970336508e-02  1.313264788394036e-02 
  3.885776588641564e-02  1.279678431088552e-02 
  4.238098316556358e-02  1.314020679439921e-02 
  3.481807667801225e-02  1.421753807566742e-02 
  1.158173509843399e-02  1.552975484693314e-02 
  2.887657143137074e-02  1.636869475460348e-02 
  7.189844163787128e-02  1.569073363830986e-02 
  1.041363921719275e-01  1.331951618778193e-02 
  1.212387436720905e-01  1.001965112357762e-02 
  1.270392518198299e-01  6.738939384630463e-03 
  1.286032302674967e-01  5.021613116206916e-03 
  1.298970766625054e-01  5.572103183031437e-03 
  1.350756535084585e-01  6.470742237296281e-03 
  1.491392921076962e-01  6.143967362434809e-03 
  1.793353593566705e-01  4.711206603019059e-03 
  2.386344430938451e-01  8.007443813570511e-03 
  3.460990262222718e-01  1.840509019210991e-02 
  5.115412111168262e-01  3.234291430015912e-02 
  7.037984845741955e-01  4.578277892890857e-02 
  8.572166094918742e-01  5.598466708458379e-02 
  8.968062522739123e-01  5.964835210617801e-02 
  8.129081493966794e-01  5.742490031929862e-02 
  6.633746589687606e-01  5.097311800277604e-02 
  5.062465509288894e-01  4.329906317552652e-02 
  3.722080634475415e-01  3.593985329463620e-02 
  2.707233885923289e-01  3.019991704417631e-02 
  2.918411159866132e-01  4.089910458626653e-02 
  3.852437284442843e-01  4.572014509719995e-02 
  5.072717503187903e-01  5.170930492056097e-02 
  6.552175588840413e-01  5.860925486937301e-02 
  8.045614639982033e-01  6.488674670114129e-02 
  9.070141813038020e-01  6.890657280216694e-02 
  8.993190175618654e-01  6.970200967128873e-02 
  7.792144136370337e-01  6.727132007641547e-02 
  5.973555834476719e-01  6.422679489656699e-02 
  4.249986762738889e-01  6.156270584798872e-02 
  3.046444547695770e-01  6.056393016420174e-02 
  2.340978512412488e-01  6.072029180610258e-02 
  1.983036816977228e-01  6.065111649801249e-02 
  1.813535775807473e-01  5.979762013568412e-02 
  1.750794515060890e-01  5.779788545803279e-02 
  1.740119313958693e-01  5.495323959800386e-02 
  1.739828246261317e-01  5.103696024992512e-02 
  1.708450213381027e-01  4.622874994542841e-02 
  1.588616530659950e-01  4.093469416524759e-02 
  1.316210428275369e-01  3.512971285915570e-02 
  9.056944936542211e-02  2.987360608045173e-02 
  4.845393221051975e-02  2.633007523186515e-02 
  2.099321615003261e-02  2.463328888304692e-02 
  1.148194275706998e-02  2.432052804143304e-02 
  1.329290580712936e-02  2.461977048763966e-02 
  2.161067974114246e-02  2.515935482113277e-02 
  3.382721762077742e-02  2.520711251988164e-02 
  4.718837014655810e-02  2.484001764477838e-02 
  5.965808071378950e-02  2.399040059846846e-02 
  6.889889827150129e-02  2.246225741993206e-02 
  7.171471508901539e-02  2.028020076474391e-02 
  6.345764157675264e-02  1.757473155025238e-02 
  4.288206367595878e-02  1.495662138587914e-02 
  1.661774832727541e-02  1.284223166429047e-02 
  8.197087620328468e-03  1.191378614076720e-02 
  1.583856668236183e-02  1.203390004862490e-02 
  1.345340843921991e-02  1.265980161099388e-02 
  5.976443627141241e-03  1.346990088239194e-02 
  1.154575871677891e-02  1.411513057388013e-02 
  2.522117568666301e-02  1.429948346868731e-02 
  3.905770558217540e-02  1.418079569116885e-02 
  5.064444047586691e-02  1.349948187146344e-02 
  5.724587888177375e-02  1.219831095378924e-02 
  5.528201027950321e-02  1.047775043589424e-02 
  4.153123324099992e-02  8.526277239251239e-03 
  1.927894557773011e-02  7.029972076860785e-03 
  4.439089766822099e-03  6.256538192169148e-03 
  1.268923461842779e-02  6.182713183292585e-03 
  1.229936605936169e-02  6.609228242250485e-03 
  5.325549520186720e-03  7.220606866156669e-03 
  9.196705453193293e-03  7.854126647984214e-03 
  2.223982816531808e-02  8.246949781434844e-03 
  3.581716250716086e-02  8.365450813013882e-03 
  4.788016378863638e-02  8.049229311095881e-03 
  5.673251379071044e-02  7.319578958296810e-03 
  5.894246270520493e-02  6.212326889301999e-03 
  5.100481508245687e-02  5.055311834484546e-03 
  3.281665243197176e-02  4.594399965373782e-03 
  1.193744620183466e-02  4.611228570844761e-03 
  3.945299045112214e-03  4.791619239037416e-03 
  6.790215026855860e-03  4.755534645631687e-03 
  2.792893513433138e-03  4.745211781439576e-03 
  1.083476078927633e-02  4.817154215925464e-03 
  2.375147184311850e-02  4.973782042380770e-03 
  3.740031649500744e-02  4.942740385495723e-03 
  5.011472797994244e-02  4.949209638092677e-03 
  6.038622451516237e-02  4.798474044531399e-03 
  6.507296977851808e-02  4.845921225064177e-03 
  6.034021139924723e-02  5.413821095165198e-03 
  4.516597370711716e-02  6.586316552472794e-03 
  2.413962823278484e-02  7.659720099679274e-03 
  7.192967985965915e-03  8.225188317428871e-03 
  1.876352271685907e-03  8.284110820030471e-03 
  3.489003678842311e-03  7.777529194600927e-03 
  1.226472535256205e-02  7.288118074350534e-03 
  2.445627039239248e-02  6.818809381564117e-03 
  3.771695532612539e-02  6.528855399560142e-03 
  5.115925098039677e-02  6.536519332605498e-03 
  6.270810507349457e-02  6.832172925232324e-03 
  7.015911907924721e-02  7.513876454832924e-03 
  6.983125181099609e-02  8.747720532918115e-03 
  5.819128899738785e-02  1.027290329833633e-02 
  3.753432649103743e-02  1.176717060312801e-02 
  1.682766963971884e-02  1.269238099183242e-02 
  5.146566957466787e-03  1.281111264930849e-02 
  4.568481045470155e-03  1.222870307427233e-02 
  1.201755109719642e-02  1.144443877180175e-02 
  2.378373883830379e-02  1.069561348183333e-02 
  3.743430093879795e-02  1.023124065309758e-02 
  5.118660521921514e-02  9.945903701988059e-03 
  6.360447575126940e-02  1.010822964662814e-02 
  7.287599164387987e-02  1.078388629434612e-02 
  7.518700359667418e-02  1.193885973852842e-02 
  6.685766847312531e-02  1.354446171659984e-02 
  4.758170251026154e-02  1.510219070221060e-02 
  2.391154440650335e-02  1.621279718867510e-02 
  6.598046582723107e-03  1.643246818072162e-02 
  1.125665167117772e-03  1.579960938535963e-02 
  5.504650846215912e-03  1.483430315352904e-02 
  1.584239281045362e-02  1.355293482985458e-02 
  2.940586962346272e-02  1.256652356578824e-02 
  4.362478778984871e-02  1.195934790577901e-02 
  5.731534717216338e-02  1.174044071904747e-02 
  6.838549224703427e-02  1.207068175926473e-02 
  7.332206325993121e-02  1.295984925549352e-02 
  6.762064008020462e-02  1.442688765930385e-02 
  4.817862235269230e-02  1.607315933733270e-02 
  1.964219767477090e-02  1.712872946201706e-02 
  6.081768394830906e-03  1.710993461880093e-02 
  1.863333866238403e-02  1.607388474611658e-02 
  1.852935608461674e-02  1.429864223981833e-02 
  1.085445012314911e-02  1.256956939515222e-02 
  3.564911701456926e-03  1.070139266822633e-02 
  1.527469782139863e-02  9.429648407537449e-03 
  2.779078263264618e-02  8.610312224649891e-03 
  3.811515387233531e-02  8.289271225257879e-03 
  4.222824935525860e-02  8.829982645226135e-03 
  3.495737210138761e-02  9.749140965081870e-03 
  1.074608514646717e-02  1.123562924886204e-02 
  3.170168361531018e-02  1.216164718007247e-02 
  7.690322051879868e-02  1.182162693952497e-02 
  1.106914119875968e-01  9.858015575561811e-03 
  1.278385327301302e-01  7.167074188447942e-03 
  1.335602973821400e-01  5.025734593611517e-03 
  1.339947174837089e-01  5.636111808450117e-03 
  1.342324686699920e-01  7.461189149833343e-03 
  1.381558971414917e-01  8.547381726386373e-03 
  1.496541199452429e-01  7.993887830747577e-03 
  1.768862306178297e-01  5.573836176611965e-03 
  2.332384933638240e-01  6.597752197316300e-03 
  3.369855102150710e-01  1.584877865259184e-02 
  5.005362981776078e-01  2.969051289690910e-02 
  6.935841778261479e-01  4.344413454292266e-02 
  8.480631201176981e-01  5.340210175969455e-02 
  8.921391075089196e-01  5.769898853139110e-02 
  8.133931812872255e-01  5.581780446898079e-02 
  6.682400907439924e-01  4.964140901990025e-02 
  5.103034769119366e-01  4.222150404501825e-02 
  3.770494636751468e-01  3.537306971365282e-02 
  2.726587738635857e-01  2.970704814025923e-02 
  2.931378696755502e-01  4.169554453462664e-02 
  3.867189263874710e-01  4.644363464861734e-02 
  5.109694408174377e-01  5.249632479110566e-02 
  6.535583646090273e-01  5.941843378262637e-02 
  8.041723329152357e-01  6.575648651013839e-02 
  8.974226518670940e-01  6.936237417461745e-02 
  8.908458832175858e-01  6.942869464509263e-02 
  7.688021290776815e-01  6.620940727897649e-02 
  5.870128082362126e-01  6.159782108078393e-02 
  4.177631963969996e-01  5.777964244597032e-02 
  3.003914915893843e-01  5.537432559725655e-02 
  2.332739951681497e-01  5.432731605341927e-02 
  1.996115547712951e-01  5.425612837300167e-02 
  1.845222864413748e-01  5.296194793112281e-02 
  1.796379032820992e-01  5.183211732630094e-02 
  1.797329395813399e-01  4.923879317622990e-02 
  1.805619462846539e-01  4.676514120350927e-02 
  1.780699666541355e-01  4.254711332144104e-02 
  1.656317450054774e-01  3.835867083181966e-02 
  1.371291478989163e-01  3.326654130691163e-02 
  9.450759845088338e-02  2.881999492488390e-02 
  5.069766733835329e-02  2.534764114236987e-02 
  2.174438492088702e-02  2.346298429976576e-02 
  1.184616499808979e-02  2.279576126211807e-02 
  1.372525201240885e-02  2.290475496205246e-02 
  2.244894714268727e-02  2.333600719413179e-02 
  3.513769164978733e-02  2.357042970060761e-02 
  4.900722678144646e-02  2.349268199673801e-02 
  6.180912952884056e-02  2.288753914011869e-02 
  7.150571068142968e-02  2.200461883016054e-02 
  7.429374098864179e-02  2.008186300178164e-02 
  6.573121005976455e-02  1.793097685608281e-02 
  4.400365766803233e-02  1.558963689624398e-02 
  1.712011499053291e-02  1.366338481628996e-02 
  8.522231501292502e-03  1.255916887054611e-02 
  1.659168437002424e-02  1.227418034216866e-02 
  1.414241826253563e-02  1.257168382282720e-02 
  6.197116739955977e-03  1.331904848887231e-02 
  1.164950111746355e-02  1.383599830059009e-02 
  2.554194276433510e-02  1.422318962057566e-02 
  3.981423058729255e-02  1.417809232281133e-02 
  5.161815499748115e-02  1.361459102816581e-02 
  5.862369354326129e-02  1.267516729089218e-02 
  5.646170354059357e-02  1.126451246667608e-02 
  4.245306761369481e-02  9.411199938739201e-03 
  1.949086338168829e-02  7.838526844441538e-03 
  4.725096988512886e-03  6.975131505740832e-03 
  1.384528906183660e-02  6.662838706083902e-03 
  1.324859967186137e-02  6.860367802356031e-03 
  5.818977492562654e-03  7.245136965611164e-03 
  8.712334220576091e-03  7.683827385052295e-03 
  2.222481104909725e-02  8.166151823871646e-03 
  3.587963177910206e-02  8.306373395398737e-03 
  4.854139212608131e-02  8.174544267465979e-03 
  5.779478831394323e-02  7.641736352156057e-03 
  6.004940760264485e-02  6.723185591690318e-03 
  5.178570909637938e-02  5.568138125220981e-03 
  3.277782086073106e-02  4.787847400391182e-03 
  1.100395554912652e-02  4.454294218481852e-03 
  4.856003905713518e-03  4.607608809993344e-03 
  7.765646682967742e-03  4.611497738565761e-03 
  3.153104594565125e-03  4.590511185968527e-03 
  1.014995407851337e-02  4.755572423361723e-03 
  2.340796596780999e-02  4.827896487104143e-03 
  3.749994039003256e-02  4.863173904674133e-03 
  5.046472109574963e-02  4.877464307713879e-03 
  6.086359869067160e-02  4.718947003581454e-03 
  6.578615097389495e-02  4.637455977856753e-03 
  6.102514603540499e-02  4.877464307713879e-03 
  4.527252084565514e-02  5.629022051536179e-03 
  2.308459062828449e-02  6.565981428225598e-03 
  5.928433836900148e-03  7.317384060021235e-03 
  2.320310617781314e-03  7.569833025703055e-03 
  2.577872759775507e-03  7.377616904751188e-03 
  1.147604988419197e-02  7.102799410908604e-03 
  2.388085806312901e-02  6.753957912683885e-03 
  3.752382720311832e-02  6.440742700665327e-03 
  5.127915113834862e-02  6.393140516348932e-03 
  6.322310592664229e-02  6.557969613126436e-03 
  7.099648170130481e-02  7.131684958337310e-03 
  7.062349847093168e-02  8.002166805060029e-03 
  5.873715097197077e-02  9.437081376256840e-03 
  3.726140506402009e-02  1.076605142671656e-02 
  1.573865361811942e-02  1.176042861177384e-02 
  3.711195025431034e-03  1.219496336545717e-02 
  3.325337863306643e-03  1.199381097547714e-02 
  1.092543348557085e-02  1.156964277884428e-02 
  2.317192303727188e-02  1.091397990958145e-02 
  3.719077490355781e-02  1.047898454896487e-02 
  5.133769049543533e-02  1.029343318861942e-02 
  6.397032797910610e-02  1.027048020787795e-02 
  7.334778906661756e-02  1.075942840415586e-02 
  7.600866020969431e-02  1.158993499171627e-02 
  6.752460111406414e-02  1.300949085022140e-02 
  4.728779649854540e-02  1.451068952785716e-02 
  2.251592157859636e-02  1.566809153185061e-02 
  4.692704714592840e-03  1.628439956574510e-02 
  1.090537683914367e-03  1.610658986368674e-02 
  4.086173259392984e-03  1.542021752056700e-02 
  1.493660951187872e-02  1.443177336041132e-02 
  2.891395677083520e-02  1.371580019810864e-02 
  4.360011425754005e-02  1.298060097898007e-02 
  5.793275439306030e-02  1.274672305208108e-02 
  6.939531115137428e-02  1.283914637090459e-02 
  7.452011687749444e-02  1.364890779796952e-02 
  6.849177595409403e-02  1.481019749818701e-02 
  4.796785820451986e-02  1.635282917341768e-02 
  1.790082831759400e-02  1.753829819912368e-02 
  8.953060667809869e-03  1.795057232859388e-02 
  2.158024532116862e-02  1.745122226970551e-02 
  2.128316575530011e-02  1.621715434203366e-02 
  1.277322103077681e-02  1.469974327367897e-02 
  3.348797427479419e-03  1.320185778288188e-02 
  1.473799576438426e-02  1.200271101856775e-02 
  2.791190172741036e-02  1.117554984687835e-02 
  3.886220401614512e-02  1.090242480530455e-02 
  4.344464745664450e-02  1.108758596363802e-02 
  3.570204371101533e-02  1.212378985459379e-02 
  1.041018451871297e-02  1.333765102293547e-02 
  3.472716474764358e-02  1.448885279280721e-02 
  8.239011847688286e-02  1.476637012538911e-02 
  1.171013029535967e-01  1.379467268007038e-02 
  1.341663414837116e-01  1.159282686847178e-02 
  1.391504378987678e-01  8.932423387701262e-03 
  1.382693997079401e-01  6.729191690985811e-03 
  1.370197363019209e-01  5.479868034693854e-03 
  1.389298533777953e-01  4.951559476278115e-03 
  1.486477114809152e-01  5.040599592704123e-03 
  1.735676076167290e-01  6.658910074713401e-03 
  2.273812121668480e-01  1.192757620673250e-02 
  3.305788978317957e-01  2.133650589218722e-02 
  4.961547772913882e-01  3.330351704882084e-02 
  6.939662143033769e-01  4.551534615580868e-02 
  8.496073823060309e-01  5.452005057099316e-02 
  8.924564391706893e-01  5.761513714486062e-02 
  8.123040664971705e-01  5.517756740889784e-02 
  6.647425479043304e-01  4.905587200176992e-02 
  5.078824165951707e-01  4.145600041602102e-02 
  3.753930927953251e-01  3.472676274990118e-02 
  2.725176136923996e-01  2.906478401543378e-02 
  2.927085291313601e-01  4.198045583911370e-02 
  3.869530974134932e-01  4.702162677094831e-02 
  5.069380937049595e-01  5.300079085444327e-02 
  6.547713637055278e-01  5.967299009182003e-02 
  8.042590885789200e-01  6.576315645473711e-02 
  9.052726034383226e-01  6.912059214217083e-02 
  8.950813894711902e-01  6.830683299490725e-02 
  7.716057891405396e-01  6.349133370479514e-02 
  5.888623358770392e-01  5.683189665136726e-02 
  4.137228687092806e-01  5.112449721997945e-02 
  2.969583745563611e-01  4.705817711817584e-02 
  2.310841069084468e-01  4.452666826515098e-02 
  1.995922285770005e-01  4.346007785635112e-02 
  1.865763863745134e-01  4.240142477256793e-02 
  1.832029140669917e-01  4.125007571126589e-02 
  1.840892707745065e-01  3.950635846207144e-02 
  1.859593105583379e-01  3.729393417980636e-02 
  1.836762386976508e-01  3.475063941031544e-02 
  1.713090384329699e-01  3.160706721486974e-02 
  1.425877373156031e-01  2.754516955319702e-02 
  9.748880061208691e-02  2.395571016455019e-02 
  5.176936969532548e-02  2.056957648836292e-02 
  2.175240734153911e-02  1.873102096702734e-02 
  1.164026526489789e-02  1.754415275338383e-02 
  1.374014220029582e-02  1.770941641671521e-02 
  2.299677718503756e-02  1.769790053624319e-02 
  3.622677530206925e-02  1.809414432192482e-02 
  5.049680811315500e-02  1.829602520952563e-02 
  6.390791919090992e-02  1.803599681741220e-02 
  7.397411487293182e-02  1.740158270751935e-02 
  7.693450739371126e-02  1.649062439788452e-02 
  6.811478299828494e-02  1.489773689343251e-02 
  4.579431080632147e-02  1.300867908259098e-02 
  1.693572243871437e-02  1.123924659578547e-02 
  9.288837757214048e-03  1.006363321867003e-02 
  1.758917327955491e-02  9.371690767793872e-03 
  1.475537928206147e-02  9.445519522902190e-03 
  6.279406198823989e-03  9.604186834719723e-03 
  1.182859813657555e-02  1.007972886121056e-02 
  2.632404517176511e-02  1.061835522313631e-02 
  4.071417859585033e-02  1.071360055157047e-02 
  5.308459732778201e-02  1.061450876497118e-02 
  6.008727755572681e-02  1.003116906364926e-02 
  5.797249975022228e-02  9.307952321152151e-03 
  4.327637519642181e-02  7.875196517991906e-03 
  1.963538528357103e-02  6.624400785584633e-03 
  5.004170834153314e-03  5.571680442603468e-03 
  1.441972497953456e-02  5.147472083866453e-03 
  1.376092815314735e-02  5.020073779817150e-03 
  6.122605501203652e-03  5.138419415626088e-03 
  8.770369228999044e-03  5.482985533155267e-03 
  2.246165111908857e-02  5.678628398633133e-03 
  3.651472442368223e-02  5.871726928406470e-03 
  4.944839244687477e-02  5.822778235232022e-03 
  5.861294289081818e-02  5.627289392141643e-03 
  6.097073456694191e-02  5.174467338474939e-03 
  5.233249340331710e-02  4.651861221641261e-03 
  3.305166767291651e-02  4.318693171561712e-03 
  1.093466991131829e-02  4.548801651264308e-03 
  5.532851032832218e-03  4.923793719101107e-03 
  8.422922939134577e-03  5.188141351790449e-03 
  3.230833872036513e-03  5.324355560996826e-03 
  1.003873817568366e-02  5.173542844126646e-03 
  2.352940404012202e-02  5.072681558478906e-03 
  3.763140014784611e-02  4.987258164797555e-03 
  5.123965269036768e-02  4.926913073508823e-03 
  6.187416161676078e-02  5.059202932672004e-03 
  6.671819331413970e-02  5.251722862928824e-03 
  6.175899602856406e-02  5.840724209900626e-03 
  4.546613397880195e-02  6.712133720341246e-03 
  2.335132763737715e-02  7.946362994538060e-03 
  5.558922602793645e-03  8.807340765711968e-03 
  2.624852340019456e-03  9.469892521323520e-03 
  2.207513800897694e-03  9.640618561382335e-03 
  1.107670596514719e-02  9.442354469984770e-03 
  2.407989713563165e-02  9.283228704530102e-03 
  3.793198126398178e-02  8.989574791248501e-03 
  5.178346741406564e-02  8.867184603146139e-03 
  6.413826052418650e-02  8.854708119951741e-03 
  7.189921973779730e-02  9.099376814890267e-03 
  7.135279296249844e-02  9.864373322356026e-03 
  5.918458100302082e-02  1.106756165452711e-02 
  3.718816313009117e-02  1.245830617847474e-02 
  1.488069883926116e-02  1.363916395427943e-02 
  2.941972964145562e-03  1.445704057801040e-02 
  2.719598402354283e-03  1.485213198589269e-02 
  1.055640824869940e-02  1.460904914319958e-02 
  2.303713022840720e-02  1.443482257042568e-02 
  3.740907566126964e-02  1.407985233214749e-02 
  5.185591208195166e-02  1.383923072937899e-02 
  6.497469168348061e-02  1.368533553993100e-02 
  7.447671752566212e-02  1.384739561452940e-02 
  7.700773988275600e-02  1.431739312761112e-02 
  6.806543546605555e-02  1.538560222073447e-02 
  4.724294117314894e-02  1.691155529740997e-02 
  2.203476775186428e-02  1.810173488498240e-02 
  4.108539128052712e-03  1.911659766818963e-02 
  1.737178426591237e-03  1.940440587361550e-02 
  3.524374313785960e-03  1.930496195140968e-02 
  1.475167301877327e-02  1.878077457951689e-02 
  2.889718759919883e-02  1.824500135691651e-02 
  4.391078765395078e-02  1.765010933484823e-02 
  5.842563986275076e-02  1.734824312937441e-02 
  7.006103154512837e-02  1.727792561713746e-02 
  7.534896260375071e-02  1.752909723115359e-02 
  6.897433584981250e-02  1.858190562402632e-02 
  4.820688588039793e-02  1.965511322705074e-02 
  1.756644690516320e-02  2.111475759826093e-02 
  9.953163250571861e-03  2.193837470946427e-02 
  2.301342603373710e-02  2.211641598825743e-02 
  2.238020588001741e-02  2.170987635453643e-02 
  1.373850662098088e-02  2.082853143188754e-02 
  3.373108238774048e-03  1.979225373778701e-02 
  1.460204650880056e-02  1.900129716390455e-02 
  2.816072148649009e-02  1.802190308964782e-02 
  3.918211521887008e-02  1.787508847196936e-02 
  4.394683745096049e-02  1.752644765049691e-02 
  3.627680055904239e-02  1.805918096751777e-02 
  1.039778845476324e-02  1.935205768903636e-02 
  3.585360894885241e-02  2.078224211090170e-02 
  8.398647954902422e-02  2.175536629978676e-02 
  1.200480548051083e-01  2.193378842922762e-02 
  1.372365770537593e-01  2.116243075127503e-02 
  1.416158545569127e-01  1.954739324600463e-02 
  1.402786660417678e-01  1.794548705781333e-02 
  1.379419551849861e-01  1.639065088230213e-02 
  1.386235534808059e-01  1.556857094269415e-02 
  1.467648575463703e-01  1.593069966042240e-02 
  1.699839736559328e-01  1.799913772128097e-02 
  2.228636440349367e-01  2.228771522294762e-02 
  3.253006846832918e-01  2.975818230327749e-02 
  4.870467810339215e-01  3.926536148399292e-02 
  6.851879668745257e-01  4.931835699936137e-02 
  8.424799565724971e-01  5.644916211522999e-02 
  8.880512448095018e-01  5.850651100038896e-02 
  8.124559571140563e-01  5.553835983873022e-02 
  6.677450501484588e-01  4.902863474294612e-02 
  5.104074177655326e-01  4.158985919145508e-02 
  3.770471195735526e-01  3.459482196979993e-02 
  2.739366733056532e-01  2.895860252591608e-02 
  2.930092139541953e-01  4.237800423152985e-02 
  3.870843628584344e-01  4.726541767285369e-02 
  5.097573863261056e-01  5.337516738664974e-02 
  6.560869921968903e-01  5.965013075570885e-02 
  8.017185408481670e-01  6.509516767312934e-02 
  8.991539932471064e-01  6.739784337233219e-02 
  8.902379981095321e-01  6.512716895146838e-02 
  7.664538805206181e-01  5.861330359310657e-02 
  5.825647831396853e-01  4.964761037580007e-02 
  4.130509043614663e-01  4.138878714091084e-02 
  2.983363536611753e-01  3.462497751121020e-02 
  2.340780696679120e-01  3.049769030660960e-02 
  2.034063362490462e-01  2.743926664328064e-02 
  1.906502053425366e-01  2.664788220987172e-02 
  1.876344926916974e-01  2.503522794550906e-02 
  1.884974057037164e-01  2.465846567658207e-02 
  1.899968178997314e-01  2.354404612954781e-02 
  1.877323330407721e-01  2.255956909322230e-02 
  1.750323313274181e-01  2.081594827250925e-02 
  1.453338496285639e-01  1.836308311807416e-02 
  1.005601187135817e-01  1.581343071134010e-02 
  5.506516911692207e-02  1.295957621179518e-02 
  2.428325091484257e-02  1.069387984211483e-02 
  1.387013784972543e-02  9.480371368278466e-03 
  1.571354875473427e-02  8.941400539561967e-03 
  2.497814758718616e-02  8.633149268588734e-03 
  3.799380394647051e-02  9.002130408221237e-03 
  5.225811946599802e-02  9.022582254470090e-03 
  6.518163160384609e-02  9.740440549758539e-03 
  7.495539158672226e-02  9.637151803428917e-03 
  7.805611419930360e-02  9.840379554936838e-03 
  6.919741603615102e-02  8.926302491963779e-03 
  4.683678511475636e-02  7.966392498846793e-03 
  1.820992585008966e-02  6.400418914963648e-03 
  8.257678634852689e-03  5.244020732179517e-03 
  1.626398358761709e-02  4.469043685831563e-03 
  1.360880613558363e-02  4.130754170439728e-03 
  5.747871856469747e-03  4.230268661504087e-03 
  1.283661238351330e-02  4.348653955291901e-03 
  2.707553378639119e-02  4.581807618223062e-03 
  4.146115797204398e-02  4.962458067248710e-03 
  5.361611319413625e-02  5.263043990148863e-03 
  6.040177863643354e-02  5.337911879570766e-03 
  5.805552107059176e-02  5.115272802321448e-03 
  4.352815680281833e-02  4.574296377911759e-03 
  2.008846382842103e-02  4.015873277354377e-03 
  4.509588635645813e-03  3.941621335004783e-03 
  1.360783790511381e-02  4.238125373550302e-03 
  1.291446077010867e-02  4.550496136759204e-03 
  5.460712063968403e-03  4.744134575090284e-03 
  9.402609014697371e-03  4.857551346680470e-03 
  2.313679120545320e-02  4.675043971292966e-03 
  3.698480875718063e-02  4.544141014428072e-03 
  4.960567657420101e-02  4.379655998067985e-03 
  5.864437030124465e-02  4.394368268426894e-03 
  6.084287497896004e-02  4.438426168950426e-03 
  5.245448498862922e-02  4.746408357084638e-03 
  3.333403425471997e-02  5.431957333192291e-03 
  1.115436951351850e-02  6.481139958072134e-03 
  4.772621324443839e-03  7.536173702071118e-03 
  7.627203385833403e-03  8.447790790070717e-03 
  2.892502063001182e-03  8.957841009666078e-03 
  1.076979352868656e-02  9.087316410948912e-03 
  2.416492643576154e-02  9.070449296976771e-03 
  3.815216848863447e-02  8.819506811891586e-03 
  5.150462475198581e-02  8.704316016175644e-03 
  6.198052168972801e-02  8.336374183898945e-03 
  6.654637107234768e-02  8.540217867200127e-03 
  6.186303566940857e-02  8.835452572715435e-03 
  4.568857126508573e-02  9.918748992835066e-03 
  2.347828538976044e-02  1.098826311258388e-02 
  5.968666006103090e-03  1.233699532039974e-02 
  2.171292225674712e-03  1.346447114672302e-02 
  2.702521000246259e-03  1.411833068850879e-02 
  1.202964821480998e-02  1.432883560379250e-02 
  2.465446469120999e-02  1.437693800449152e-02 
  3.866377255786431e-02  1.428527976209064e-02 
  5.229549490735499e-02  1.404477221519622e-02 
  6.425201874261210e-02  1.373624726750934e-02 
  7.181066977189089e-02  1.364339333833000e-02 
  7.125737626837154e-02  1.386961800619433e-02 
  5.902851767830250e-02  1.468791498066693e-02 
  3.724304462220351e-02  1.595727391509405e-02 
  1.520426139120875e-02  1.739384317081218e-02 
  3.523826582258912e-03  1.874688865705684e-02 
  3.243959902269399e-03  1.944834500075571e-02 
  1.124693220740500e-02  2.002290099689667e-02 
  2.369360954933385e-02  2.000468881246854e-02 
  3.804740377752804e-02  1.983531035081115e-02 
  5.238251878103995e-02  1.951026642498997e-02 
  6.525091820006890e-02  1.909950228100014e-02 
  7.466762322951180e-02  1.889789144733024e-02 
  7.715486707359437e-02  1.903772284571802e-02 
  6.814968101175208e-02  1.975250816542155e-02 
  4.738350987141528e-02  2.093421354546037e-02 
  2.205738518984557e-02  2.239728106373876e-02 
  4.313530045003505e-03  2.374115262598911e-02 
  1.431543427493185e-03  2.476587918607383e-02 
  4.168947992725226e-03  2.523372408437590e-02 
  1.547185110831344e-02  2.531706752822924e-02 
  2.964702553116329e-02  2.510616912057292e-02 
  4.476875606858227e-02  2.474158112391213e-02 
  5.903453236439404e-02  2.418326862538736e-02 
  7.049047342597022e-02  2.381667059280217e-02 
  7.555462899899136e-02  2.355537106401186e-02 
  6.896011504969990e-02  2.401504750119352e-02 
  4.766933872404706e-02  2.505391501925856e-02 
  1.674191479651188e-02  2.655203121716991e-02 
  1.029714853371604e-02  2.786401209721411e-02 
  2.301415466288265e-02  2.894277377142782e-02 
  2.217776500412871e-02  2.940325429899856e-02 
  1.322793576697927e-02  2.926558097021687e-02 
  3.698675898792449e-03  2.886493939577721e-02 
  1.521933327475702e-02  2.824967462152120e-02 
  2.895024726303352e-02  2.735099310269588e-02 
  3.986953104101640e-02  2.668235450745137e-02 
  4.416172483272923e-02  2.640097707547857e-02 
  3.591699774251781e-02  2.666613356077611e-02 
  9.441444126558150e-03  2.769024829325031e-02 
  3.736951637457958e-02  2.939971023463915e-02 
  8.604545340254879e-02  3.127948182950480e-02 
  1.212769530832267e-01  3.268024471948231e-02 
  1.382954931696907e-01  3.333560181908431e-02 
  1.423094130332391e-01  3.331522111111293e-02 
  1.401899488779652e-01  3.288546597253836e-02 
  1.378559696627874e-01  3.221082141524070e-02 
  1.383459746678361e-01  3.150035513114582e-02 
  1.462161611137499e-01  3.157347621449749e-02 
  1.692250602421262e-01  3.240075647551303e-02 
  2.221066835516674e-01  3.513850256508583e-02 
  3.250269162115186e-01  4.028338898462669e-02 
  4.891316634747491e-01  4.744694997772136e-02 
  6.875226770347427e-01  5.485949431018024e-02 
  8.445239637276952e-01  5.978070742086217e-02 
  8.882567723517190e-01  6.043945645763157e-02 
  8.100884261211961e-01  5.650277139768070e-02 
  6.620025729409151e-01  4.905953189064384e-02 
  5.070468947656459e-01  4.136895971101247e-02 
  3.742279558618145e-01  3.454109490620420e-02 
  2.729165844028205e-01  2.885227081902888e-02 
  2.944047599209944e-01  4.260988872016519e-02 
  3.885683537510734e-01  4.741079087625423e-02 
  5.089327249211153e-01  5.347730958313338e-02 
  6.579250579173979e-01  5.984109750085127e-02 
  8.088672977330448e-01  6.484450061750904e-02 
  9.071977770403804e-01  6.658466207637839e-02 
  9.006591746791377e-01  6.276431595902444e-02 
  7.777783988585877e-01  5.443772282328999e-02 
  5.888998278613646e-01  4.370501262237455e-02 
  4.157011513672222e-01  3.253640384985365e-02 
  3.005403081561022e-01  2.354408678871016e-02 
  2.356578588178487e-01  1.740197338099783e-02 
  2.060305288823651e-01  1.353548743370843e-02 
  1.929698802650277e-01  1.142129633998324e-02 
  1.901769716048415e-01  1.046400045826803e-02 
  1.910487178232686e-01  1.027560615007491e-02 
  1.925464329199573e-01  1.082693800455196e-02 
  1.896811951396120e-01  1.095630465751128e-02 
  1.768014112873220e-01  1.073004887088039e-02 
  1.467699774050541e-01  1.003097504551463e-02 
  1.018933819960300e-01  7.911203390340064e-03 
  5.583821510049059e-02  5.752800321285854e-03 
  2.544629029537967e-02  3.766469023297128e-03 
  1.490956172720920e-02  2.578567472929017e-03 
  1.685106785419970e-02  2.357508677716418e-03 
  2.620669639220553e-02  2.375648592855571e-03 
  3.893082233178435e-02  2.472505976273256e-03 
  5.284865967256359e-02  2.717826006320543e-03 
  6.585780128823218e-02  3.119391252816054e-03 
  7.551868645153828e-02  3.591162852393675e-03 
  7.832357052653355e-02  4.266740694589878e-03 
  6.958911724099043e-02  4.219793997211006e-03 
  4.740655290119597e-02  3.722256525904911e-03 
  1.875695676557400e-02  3.183473580316758e-03 
  7.737145738080249e-03  3.320270753836357e-03 
  1.551360135365844e-02  3.982559748123290e-03 
  1.289525775439730e-02  4.738204490638792e-03 
  5.487332508772954e-03  5.055080780094352e-03 
  1.340521634428446e-02  5.174042598587124e-03 
  2.772600054078135e-02  4.824086094854955e-03 
  4.188566619981062e-02  4.457642649766711e-03 
  5.371548203398967e-02  4.058928489942696e-03 
  6.046079137318666e-02  3.867524290284951e-03 
  5.789556910952007e-02  3.857858105753017e-03 
  4.360875392877187e-02  4.038170018206351e-03 
  2.012863048857153e-02  4.736972352926888e-03 
  4.351392685484030e-03  5.835988803275863e-03 
  1.300154840996986e-02  6.997735934733428e-03 
  1.212980522939854e-02  7.950294200249982e-03 
  4.865727436219821e-03  8.560939935437205e-03 
  9.820431651478896e-03  8.815966881124326e-03 
  2.348065877663622e-02  8.732777599904958e-03 
  3.722201907715522e-02  8.373305755870584e-03 
  4.965247225158857e-02  7.759348356720979e-03 
  5.843821304462055e-02  7.342264912374269e-03 
  6.046748107766997e-02  7.055275872063448e-03 
  5.211553223173805e-02  7.263353811997971e-03 
  3.332777167992922e-02  8.109539621188809e-03 
  1.162810989025445e-02  9.384516451754726e-03 
  4.185052663234261e-03  1.081087759193496e-02 
  6.665565146148089e-03  1.210784771410185e-02 
  2.697962303805201e-03  1.308859410933301e-02 
  1.160027479950483e-02  1.363091783665357e-02 
  2.459495188983125e-02  1.357169059133718e-02 
  3.848399303477543e-02  1.354102999173255e-02 
  5.122567943141514e-02  1.291948940154097e-02 
  6.163834614258568e-02  1.250325245010578e-02 
  6.601811614188934e-02  1.227552853004672e-02 
  6.117268983740397e-02  1.236710932614238e-02 
  4.548200246264433e-02  1.299377672759399e-02 
  2.402707905789362e-02  1.422927589179468e-02 
  6.891950941413708e-03  1.587223920643984e-02 
  1.728123903298497e-03  1.731250253497929e-02 
  3.561933666409855e-03  1.845658087214022e-02 
  1.281430561146045e-02  1.915946377028119e-02 
  2.529908868038045e-02  1.946802521184631e-02 
  3.876119228450947e-02  1.943271135956537e-02 
  5.230376203861457e-02  1.907431278419469e-02 
  6.404977041626943e-02  1.860800653904712e-02 
  7.127760973251653e-02  1.816935456419557e-02 
  7.077976679199581e-02  1.803742133268176e-02 
  5.873794893639159e-02  1.864016919137063e-02 
  3.741296928249829e-02  1.971742284086286e-02 
  1.608099168491539e-02  2.129567939960789e-02 
  4.568661455307717e-03  2.292046372522843e-02 
  4.556204171840672e-03  2.430461802346790e-02 
  1.232828817119577e-02  2.531282694382430e-02 
  2.467190461735994e-02  2.569228908661583e-02 
  3.860104636933639e-02  2.568261550578887e-02 
  5.260495790044475e-02  2.535965552649633e-02 
  6.516273098106988e-02  2.494919859470491e-02 
  7.401544888560094e-02  2.434802561642121e-02 
  7.621367038376531e-02  2.402082670060664e-02 
  6.734228949171109e-02  2.420695149702031e-02 
  4.725405988852108e-02  2.519051230903058e-02 
  2.304277490279950e-02  2.671735739475944e-02 
  5.579828199103114e-03  2.850658543973133e-02 
  1.008917435638721e-03  2.996719197342481e-02 
  5.410694051403674e-03  3.105538016229031e-02 
  1.643913558378647e-02  3.186849101837556e-02 
  3.023391427687959e-02  3.174917539007958e-02 
  4.504904381957562e-02  3.143996833755949e-02 
  5.896014289100479e-02  3.094280995674881e-02 
  7.026579711337581e-02  3.021658639560174e-02 
  7.481665329063361e-02  2.956905192984551e-02 
  6.855134455218187e-02  2.958353039926668e-02 
  4.776353673093959e-02  3.048348388574914e-02 
  1.740769333882550e-02  3.203181518178898e-02 
  9.116723374851855e-03  3.389036139289037e-02 
  2.147097060565652e-02  3.564392736550398e-02 
  2.087385572350880e-02  3.665890597397263e-02 
  1.210622322014735e-02  3.752396308117261e-02 
  4.016161581439949e-03  3.763553984981474e-02 
  1.586408862410618e-02  3.735979633236997e-02 
  2.899357225119103e-02  3.681880594693567e-02 
  3.959774707972294e-02  3.588377707554025e-02 
  4.392848011877520e-02  3.522533645764415e-02 
  3.541262963662987e-02  3.521040333987515e-02 
  9.876651443561360e-03  3.625864747919153e-02 
  3.716554685197804e-02  3.806181990505010e-02 
  8.444108934886148e-02  4.083106426580821e-02 
  1.194535270175580e-01  4.313011339823990e-02 
  1.365156927856685e-01  4.564289681891159e-02 
  1.404509002899121e-01  4.720791829745871e-02 
  1.390577913988664e-01  4.774360407687406e-02 
  1.367759932879082e-01  4.831882336197388e-02 
  1.378680164716961e-01  4.788275167230109e-02 
  1.462755458330598e-01  4.755397224826288e-02 
  1.704804870179172e-01  4.745118909190178e-02 
  2.232891278390616e-01  4.823649575364866e-02 
  3.264855220925522e-01  5.095600833744518e-02 
  4.898037743130416e-01  5.548558892440245e-02 
  6.873997619027896e-01  6.051200596838100e-02 
  8.423252652033251e-01  6.344950670868373e-02 
  8.888406890469160e-01  6.238019097469719e-02 
  8.126981616640615e-01  5.751802298237750e-02 
  6.659242455819497e-01  4.974488715306967e-02 
  5.115110586060430e-01  4.169804080536979e-02 
  3.787607147028164e-01  3.451017010585200e-02 
  2.741618849680045e-01  2.876457753959719e-02 
  2.954082891041969e-01  4.278766136473278e-02 
  3.901693744833573e-01  4.764606621986930e-02 
  5.119628845840078e-01  5.351836658316661e-02 
  6.618689800148503e-01  5.944101271150162e-02 
  8.108110847320515e-01  6.412597774970238e-02 
  9.083098573871690e-01  6.473473880084714e-02 
  8.993970885482391e-01  5.981417954343494e-02 
  7.772155433602405e-01  4.978400710988178e-02 
  5.934115258437804e-01  3.653496957359810e-02 
  4.246601192511525e-01  2.341018253437329e-02 
  3.083198438585468e-01  1.211997712074669e-02 
  2.437066766406963e-01  3.913546514514388e-03 
  2.109514803437164e-01  1.406379573476080e-03 
  1.971011133139687e-01  4.229421805149396e-03 
  1.922515400175434e-01  5.247946512194436e-03 
  1.919557948675675e-01  4.844883070800362e-03 
  1.918716354596308e-01  3.502545615170324e-03 
  1.877900931526713e-01  2.071018841544673e-03 
  1.743852014479648e-01  1.308367507044198e-03 
  1.454314979435119e-01  1.527230715649854e-03 
  1.020319360335913e-01  1.866944037634180e-03 
  5.779692424597058e-02  3.189327370798436e-03 
  2.831957473189585e-02  5.156443340001393e-03 
  1.790130851583675e-02  7.021230811639020e-03 
  1.943659911742959e-02  8.355859905883188e-03 
  2.806640432511282e-02  8.816772808662396e-03 
  4.011525224306536e-02  9.058630599681547e-03 
  5.308580743641902e-02  8.115625536138944e-03 
  6.500647656762797e-02  6.956567444380004e-03 
  7.392561179795917e-02  5.670616144405180e-03 
  7.626168159404469e-02  4.614461745723110e-03 
  6.785856593121468e-02  4.084153910298037e-03 
  4.705459907237001e-02  4.414278198724481e-03 
  2.016989453534538e-02  5.264507515347861e-03 
  6.064140813735308e-03  6.817117820642068e-03 
  1.259636908503543e-02  8.423645853999927e-03 
  1.041753881717613e-02  9.867184525777815e-03 
  5.362924431160261e-03  1.073763408310267e-02 
  1.438630214972300e-02  1.099697151194441e-02 
  2.766849758670577e-02  1.074783399637140e-02 
  4.095375495454624e-02  9.963806848219351e-03 
  5.200231496555598e-02  9.020422924271881e-03 
  5.813615798380146e-02  7.844884430178204e-03 
  5.612337471200784e-02  7.198499851020778e-03 
  4.260043927636008e-02  7.199771277942756e-03 
  2.070149820970870e-02  8.089974449765718e-03 
  3.974711646589810e-03  9.358904162159625e-03 
  1.044847185925295e-02  1.107692206209745e-02 
  9.810896121002487e-03  1.254938664315203e-02 
  3.910109569150540e-03  1.371467909013380e-02 
  1.088933421532884e-02  1.426267381246115e-02 
  2.368699003658164e-02  1.442826798045214e-02 
  3.673241035444542e-02  1.383045124401397e-02 
  4.840403623445638e-02  1.295953592714635e-02 
  5.666202317328591e-02  1.207164624167943e-02 
  5.855752026492345e-02  1.127163456056722e-02 
  5.084826365094303e-02  1.109732870215746e-02 
  3.309008078043493e-02  1.166850186610543e-02 
  1.274179980695315e-02  1.301164482607052e-02 
  2.845340708348556e-03  1.475616660503267e-02 
  4.448754879667728e-03  1.646636545776819e-02 
  3.291243598234584e-03  1.791364444639189e-02 
  1.285435463532450e-02  1.873375343722117e-02 
  2.533506818007094e-02  1.901920458244474e-02 
  3.834768730382392e-02  1.896066652324889e-02 
  5.045439203390366e-02  1.819104926425875e-02 
  5.989022261378334e-02  1.732363600541280e-02 
  6.402120253015665e-02  1.649544173109168e-02 
  5.953075319580167e-02  1.620539980418117e-02 
  4.485153153347965e-02  1.665707150226950e-02 
  2.468648047076661e-02  1.777938973342169e-02 
  8.725943113140381e-03  1.944926752090181e-02 
  2.924835042488670e-03  2.129541706336419e-02 
  5.651423814724891e-03  2.292794334964871e-02 
  1.445230031027998e-02  2.413413290315702e-02 
  2.626826430307496e-02  2.473225980587826e-02 
  3.915859737435876e-02  2.482857531049984e-02 
  5.172075160017613e-02  2.436396404938071e-02 
  6.261110627144564e-02  2.361568786543313e-02 
  6.946459010347181e-02  2.279773231603899e-02 
  6.871458491201385e-02  2.227816417099111e-02 
  5.735728387772489e-02  2.239004415272406e-02 
  3.746650455322661e-02  2.336581856044152e-02 
  1.760187073850985e-02  2.502973202728635e-02 
  7.013194400328838e-03  2.705865466383109e-02 
  6.906537550202758e-03  2.884907216031068e-02 
  1.446038238300666e-02  3.030694075493986e-02 
  2.591261111401574e-02  3.125575543265933e-02 
  3.912019648190403e-02  3.151001790833133e-02 
  5.243642531237943e-02  3.123223401109512e-02 
  6.409360172885334e-02  3.047619894970705e-02 
  7.286267767851715e-02  2.955904168743436e-02 
  7.455087195490491e-02  2.887606428597180e-02 
  6.627471630519532e-02  2.873315065659465e-02 
  4.695292228946606e-02  2.940898934425975e-02 
  2.375141168443121e-02  3.101582588595376e-02 
  7.580527496381026e-03  3.314404424167011e-02 
  2.973210633586062e-03  3.516564195951798e-02 
  7.770873287441513e-03  3.694655927167011e-02 
  1.828145161562779e-02  3.801379689659622e-02 
  3.133734344848719e-02  3.841798211255679e-02 
  4.523659704503771e-02  3.830163823683527e-02 
  5.836182007611743e-02  3.769553834282539e-02 
  6.882178418221119e-02  3.658046316397296e-02 
  7.312601839599184e-02  3.560056987633241e-02 
  6.659884192559230e-02  3.524293752369421e-02 
  4.631637668927586e-02  3.581487996980074e-02 
  1.803896339854813e-02  3.738520358631355e-02 
  7.244626120288411e-03  3.965371217909829e-02 
  1.874662005115937e-02  4.200683878149307e-02 
  1.805020868776553e-02  4.406436337666687e-02 
  9.889899477297764e-03  4.554758972086127e-02 
  4.958592022599192e-03  4.637327841982976e-02 
  1.665871228032353e-02  4.645027612357214e-02 
  2.901502354852263e-02  4.593275026799551e-02 
  3.867027649989643e-02  4.495722537124228e-02 
  4.218935903427261e-02  4.383607890591985e-02 
  3.366111343477386e-02  4.336387161904576e-02 
  8.577108963261340e-03  4.400807276246117e-02 
  3.689778342270023e-02  4.616350759938521e-02 
  8.278508087076443e-02  4.940967531198610e-02 
  1.164990884890639e-01  5.315942809180314e-02 
  1.323881542741182e-01  5.696125508706981e-02 
  1.368535688508949e-01  6.001378250151478e-02 
  1.359121639962693e-01  6.204152294768333e-02 
  1.351086726547689e-01  6.315316199732486e-02 
  1.371769452213594e-01  6.336967794854215e-02 
  1.476957088045517e-01  6.284323018862048e-02 
  1.741353637206010e-01  6.176977935257714e-02 
  2.297082945132329e-01  6.096156392689688e-02 
  3.349419368587999e-01  6.142971493813830e-02 
  4.992155761000691e-01  6.345543856021402e-02 
  6.956416513544806e-01  6.609964088519735e-02 
  8.529384200757418e-01  6.696043248165738e-02 
  8.920908344990447e-01  6.456585404030787e-02 
  8.134884241846037e-01  5.846481099056919e-02 
  6.663287887452247e-01  5.023468114460661e-02 
  5.096585066577085e-01  4.172558651046349e-02 
  3.764081146030652e-01  3.466125632383788e-02 
  2.746327510729064e-01  2.896765236773155e-02 
  2.962134179237116e-01  4.294649248230433e-02 
  3.897699266636898e-01  4.792628323279627e-02 
  5.127897993045138e-01  5.357735874947097e-02 
  6.639962511149978e-01  5.971939508760792e-02 
  8.143918660265215e-01  6.411188557893405e-02 
  9.160163540124279e-01  6.436652304274837e-02 
  9.117204105043687e-01  5.886756879374844e-02 
  7.893751080994671e-01  4.729875397963063e-02 
  6.045003092500179e-01  3.220545950380298e-02 
  4.341458734072585e-01  1.659122297531721e-02 
  3.170230043602463e-01  3.318844846936903e-03 
  2.490998565127938e-01  6.367645832385321e-03 
  2.149072057116757e-01  1.291186569462945e-02 
  1.986848383648829e-01  1.564324330159531e-02 
  1.921427832794706e-01  1.665603213250334e-02 
  1.903034130674539e-01  1.548970154964703e-02 
  1.893390864639763e-01  1.347371634060563e-02 
  1.848127066041559e-01  1.055546937380471e-02 
  1.713771346616375e-01  8.045609501450550e-03 
  1.427244826266956e-01  6.567097285376815e-03 
  1.009371010245839e-01  6.639575290241589e-03 
  5.815853087026161e-02  8.013180951996117e-03 
  2.984794442284146e-02  1.027213574711879e-02 
  1.916554296184935e-02  1.251688320932109e-02 
  2.090777546228711e-02  1.411797634858564e-02 
  2.890708685661462e-02  1.501218991799482e-02 
  4.024803920643850e-02  1.495742899973402e-02 
  5.232204107060998e-02  1.404538990908695e-02 
  6.355912757612303e-02  1.254079734921720e-02 
  7.190249778313869e-02  1.064088500894183e-02 
  7.400876845382301e-02  8.639582378681504e-03 
  6.572034390563815e-02  7.552962874665115e-03 
  4.576654493584861e-02  7.289042794323105e-03 
  2.021256489960268e-02  8.073183055290832e-03 
  5.716391007667292e-03  9.801866879417155e-03 
  1.103743927884770e-02  1.182174126534604e-02 
  8.918905807605040e-03  1.352713268634571e-02 
  5.547861714779884e-03  1.469647059351878e-02 
  1.475659735459740e-02  1.522211855322514e-02 
  2.745385132002794e-02  1.486541712308778e-02 
  3.976949967929835e-02  1.395992708816913e-02 
  5.008512100637325e-02  1.259583027449950e-02 
  5.597623412427066e-02  1.105982104850950e-02 
  5.392553064208783e-02  9.921022852348409e-03 
  4.109407671799932e-02  9.526700234552295e-03 
  2.063215431465571e-02  1.022276553228488e-02 
  4.125921182377094e-03  1.167169956267813e-02 
  8.786233229422144e-03  1.354611474307197e-02 
  8.149318231596486e-03  1.544937980745732e-02 
  3.584238721912111e-03  1.684351004922862e-02 
  1.154885629543223e-02  1.771607458482336e-02 
  2.348728011805223e-02  1.784328244192226e-02 
  3.577801381080380e-02  1.739804500758913e-02 
  4.668151340868469e-02  1.642083926373919e-02 
  5.462369536264108e-02  1.511055096532357e-02 
  5.652594444886209e-02  1.397953578051733e-02 
  4.885882037683056e-02  1.336614905724018e-02 
  3.251528218298589e-02  1.375061270325353e-02 
  1.356012919667893e-02  1.510908971614760e-02 
  2.599326457804340e-03  1.698134557186574e-02 
  3.091781024211929e-03  1.902802660591419e-02 
  4.409615042217549e-03  2.078836578903251e-02 
  1.376038475398394e-02  2.196233187876328e-02 
  2.553532427548398e-02  2.255271335191650e-02 
  3.781906846456194e-02  2.225478228472366e-02 
  4.928891151182153e-02  2.162049087405696e-02 
  5.808311872126512e-02  2.049594750167299e-02 
  6.207642207733460e-02  1.939504314314697e-02 
  5.775183358616349e-02  1.863042018687430e-02 
  4.378704901934897e-02  1.874450171228662e-02 
  2.509141637827198e-02  1.978597928247118e-02 
  1.024050861754645e-02  2.162900046637588e-02 
  4.645239682280874e-03  2.381929482709250e-02 
  7.317006273186673e-03  2.580146406232450e-02 
  1.569403718838830e-02  2.726676718678303e-02 
  2.695374574666005e-02  2.811530181635961e-02 
  3.888157755400217e-02  2.825633950141408e-02 
  5.074348928262350e-02  2.784587055914608e-02 
  6.084379261400483e-02  2.690452940022821e-02 
  6.720068150014391e-02  2.581509335956735e-02 
  6.647338999220935e-02  2.492335193127167e-02 
  5.593917117908020e-02  2.480732292278354e-02 
  3.733013215223904e-02  2.556823798528839e-02 
  1.901433001790664e-02  2.727655383713729e-02 
  9.310656991939063e-03  2.949303050377793e-02 
  9.318678474278927e-03  3.169972174002350e-02 
  1.642254563550147e-02  3.359258308621746e-02 
  2.712160442397294e-02  3.463756469873278e-02 
  3.936164384171095e-02  3.511099605250692e-02 
  5.163200942931615e-02  3.485142980152336e-02 
  6.255459654236925e-02  3.399804152487712e-02 
  7.016466037188758e-02  3.301525834617190e-02 
  7.186032505503048e-02  3.191116062573332e-02 
  6.402405505976180e-02  3.144023981324060e-02 
  4.639671444797080e-02  3.188839419419770e-02 
  2.514959104170354e-02  3.344947840666460e-02 
  1.017480927904660e-02  3.566892741074362e-02 
  5.786462292315376e-03  3.817993195056375e-02 
  1.021692787084753e-02  4.032389730210292e-02 
  1.992121063067193e-02  4.189445064863336e-02 
  3.208481040969844e-02  4.267216719791125e-02 
  4.488537184521878e-02  4.270978645501688e-02 
  5.704775093724602e-02  4.196959709143536e-02 
  6.661839685724651e-02  4.086714511922507e-02 
  7.051635855696312e-02  3.953475483753988e-02 
  6.437533875195814e-02  3.876016346924306e-02 
  4.567150019920308e-02  3.893319096857601e-02 
  1.940875721124720e-02  4.042985185742563e-02 
  5.126570420378783e-03  4.302043525448978e-02 
  1.530496276573472e-02  4.584374097222720e-02 
  1.479646180395683e-02  4.874881351724361e-02 
  7.764981535937947e-03  5.062773520816614e-02 
  5.983676106928971e-03  5.207924744885294e-02 
  1.693043541440375e-02  5.237913836272214e-02 
  2.804330060670178e-02  5.192320598245393e-02 
  3.658011591828093e-02  5.091876950311550e-02 
  3.942581024840403e-02  4.981335006037330e-02 
  3.095105288835071e-02  4.885923355495556e-02 
  7.766983407407920e-03  4.935468677015804e-02 
  3.574859497104046e-02  5.142258444036227e-02 
  7.876861828274187e-02  5.507331899015582e-02 
  1.106188469860560e-01  5.963282722869331e-02 
  1.266923749366963e-01  6.452751641996173e-02 
  1.322079518896489e-01  6.879339615613556e-02 
  1.327758154592143e-01  7.195136708489247e-02 
  1.334281232281185e-01  7.372531724054733e-02 
  1.382214286086682e-01  7.451561668702235e-02 
  1.514669489536519e-01  7.398720987662910e-02 
  1.805602001042647e-01  7.237557882044188e-02 
  2.382448806391204e-01  7.076528335655725e-02 
  3.443063856395849e-01  6.952484030737820e-02 
  5.080447611527775e-01  6.950852136740969e-02 
  7.001748021940420e-01  7.019072043211573e-02 
  8.525954828470373e-01  6.948199826003833e-02 
  8.936192742000190e-01  6.578460934170244e-02 
  8.164028786439997e-01  5.937711604126638e-02 
  6.685265003913283e-01  5.072610309265562e-02 
  5.140994359462560e-01  4.232251328632321e-02 
  3.803591142464934e-01  3.480571822754365e-02 
  2.771329261616549e-01  2.890553420440084e-02 
  2.966370731305961e-01  4.309515032884145e-02 
  3.920969620087608e-01  4.787024497711988e-02 
  5.159526856226246e-01  5.385807788184020e-02 
  6.663116817569201e-01  5.992126869842167e-02 
  8.199716314709273e-01  6.424297584455323e-02 
  9.214814083078490e-01  6.450161667912792e-02 
  9.158084099462739e-01  5.831448573318362e-02 
  7.973823665553346e-01  4.628821142689638e-02 
  6.150264270664254e-01  3.019217846992081e-02 
  4.462506660987764e-01  1.366280909017640e-02 
  3.272790285354883e-01  7.932304915353162e-04 
  2.574416008706311e-01  1.118040021788138e-02 
  2.193329234881640e-01  1.796871415435583e-02 
  2.005348360924837e-01  2.144368406329979e-02 
  1.912593508330895e-01  2.185980834647059e-02 
  1.869088336350931e-01  2.048250407809140e-02 
  1.835674721282097e-01  1.761413213730054e-02 
  1.780129828198746e-01  1.440154547172789e-02 
  1.643196788173507e-01  1.103382648305083e-02 
  1.371576000632110e-01  8.836453572978695e-03 
  9.802376455676198e-02  8.273598658299764e-03 
  5.918982110616255e-02  9.405580396150984e-03 
  3.292040181141651e-02  1.151395558938670e-02 
  2.257055443113333e-02  1.391556037766196e-02 
  2.320315693363871e-02  1.559664905250769e-02 
  2.994268747250246e-02  1.671411169152308e-02 
  3.978712674243444e-02  1.665619321139366e-02 
  5.036177487997944e-02  1.582048160143603e-02 
  6.037836901640609e-02  1.403714544984421e-02 
  6.749020967290463e-02  1.204403475308288e-02 
  6.910128560950453e-02  9.819739118115565e-03 
  6.146879186293153e-02  8.267053535003227e-03 
  4.368648242955925e-02  7.582463876989887e-03 
  2.064972286043788e-02  8.329479237802513e-03 
  5.699857883210568e-03  9.947100366353632e-03 
  8.547935321216248e-03  1.200598371665338e-02 
  7.089530534853364e-03  1.392446122035799e-02 
  6.069549775719399e-03  1.533133770506542e-02 
  1.481123345569414e-02  1.584497104864657e-02 
  2.623647755895837e-02  1.561204879550396e-02 
  3.736380762597188e-02  1.463311548243953e-02 
  4.654580303178923e-02  1.323370959173584e-02 
  5.162854993074842e-02  1.145264502605791e-02 
  4.956027155933199e-02  1.009463684970014e-02 
  3.824137747202635e-02  9.429263017333687e-03 
  2.043274322713719e-02  9.916749660615121e-03 
  5.097218813299346e-03  1.126135242581266e-02 
  6.333250664664982e-03  1.331184953175509e-02 
  5.838911965787116e-03  1.524534124968662e-02 
  3.923480761081643e-03  1.677661545621818e-02 
  1.206215701282120e-02  1.775893427765657e-02 
  2.287570710836657e-02  1.805779215537305e-02 
  3.387941692416398e-02  1.767198157241736e-02 
  4.385312807802517e-02  1.657878120216038e-02 
  5.076762272791088e-02  1.527268343505254e-02 
  5.231263274475798e-02  1.396504694606559e-02 
  4.574527338330102e-02  1.317979635818376e-02 
  3.127183222175921e-02  1.331396619757614e-02 
  1.462829895652511e-02  1.449115660937452e-02 
  4.023756834624904e-03  1.635598298163266e-02 
  2.461793538041383e-03  1.863519965127023e-02 
  6.021054071615579e-03  2.056696694157565e-02 
  1.465443832193776e-02  2.182068349572860e-02 
  2.530784566725627e-02  2.244395555429122e-02 
  3.632212321791123e-02  2.229040708596878e-02 
  4.658249836275805e-02  2.169475000546367e-02 
  5.460231139049195e-02  2.050595972231100e-02 
  5.801296698585703e-02  1.933103245636559e-02 
  5.424446464507041e-02  1.839804386597166e-02 
  4.211759143565284e-02  1.840020239057046e-02 
  2.550773094280104e-02  1.929506962350947e-02 
  1.215392850707671e-02  2.117826362213171e-02 
  7.073973480671359e-03  2.333447047686214e-02 
  9.605901463548439e-03  2.554902316024067e-02 
  1.721966813851161e-02  2.722471236271126e-02 
  2.713424408577479e-02  2.816864457424283e-02 
  3.811722953290920e-02  2.847889930316798e-02 
  4.886549780253661e-02  2.807490529942186e-02 
  5.800149361634798e-02  2.712146844779857e-02 
  6.367405780694528e-02  2.596437661649723e-02 
  6.281319398338257e-02  2.484571218453073e-02 
  5.340474889316326e-02  2.451789890617163e-02 
  3.669990392830605e-02  2.515846558747292e-02 
  2.056251004128640e-02  2.679761849607113e-02 
  1.193331562268166e-02  2.904721170465540e-02 
  1.188129905673212e-02  3.152149449160751e-02 
  1.814538040775622e-02  3.354560277170230e-02 
  2.788791058834044e-02  3.482951684759133e-02 
  3.894941394111548e-02  3.532154160040026e-02 
  4.990341051978259e-02  3.510818272247179e-02 
  5.988203177531305e-02  3.433190878533722e-02 
  6.690695688017484e-02  3.318455513814927e-02 
  6.812840592168291e-02  3.198044113013310e-02 
  6.106215500825595e-02  3.136733339848399e-02 
  4.504290865184667e-02  3.168786651963527e-02 
  2.620639769532297e-02  3.313364386912132e-02 
  1.289362180537993e-02  3.536540614569410e-02 
  8.879587218161577e-03  3.806351578803596e-02 
  1.274775556437585e-02  4.038147702515804e-02 
  2.148870418409558e-02  4.205378112262921e-02 
  3.231854329026349e-02  4.293847836152136e-02 
  4.400390084190309e-02  4.294733303813376e-02 
  5.493067393937861e-02  4.254318986997850e-02 
  6.341472703140530e-02  4.122072727927963e-02 
  6.649198180602758e-02  3.974718717764419e-02 
  6.046029715799144e-02  3.888794107484397e-02 
  4.345037483774931e-02  3.887623511680865e-02 
  1.967135959295926e-02  4.019554763648150e-02 
  3.732344538950174e-03  4.285757067576560e-02 
  1.187066304197053e-02  4.587555696864517e-02 
  1.174193920300736e-02  4.870852742367135e-02 
  6.041593170823569e-03  5.102583260860322e-02 
  6.978739338350544e-03  5.260301052622596e-02 
  1.673954030441411e-02  5.305567570729107e-02 
  2.650874255231008e-02  5.265400980826520e-02 
  3.381487430086738e-02  5.177049887678119e-02 
  3.566698321334862e-02  5.055298448173749e-02 
  2.714104889175389e-02  4.961930191859722e-02 
  6.046272650817966e-03  4.963839721224160e-02 
  3.552147795849456e-02  5.155456182118465e-02 
  7.546813668823467e-02  5.514607409352388e-02 
  1.056543122548904e-01  6.007555615282054e-02 
  1.212736579720411e-01  6.521219972650828e-02 
  1.274480888468507e-01  7.000963283439869e-02 
  1.300787567341599e-01  7.349166724955819e-02 
  1.327101155688318e-01  7.601427365293190e-02 
  1.395841246439005e-01  7.700456998809871e-02 
  1.557543652916658e-01  7.699941045232764e-02 
  1.883390074600405e-01  7.559490924812148e-02 
  2.505651849721953e-01  7.395353700445130e-02 
  3.592535574623395e-01  7.235247635711792e-02 
  5.245891783551285e-01  7.160754754123204e-02 
  7.159914354171246e-01  7.142484391659010e-02 
  8.647826689627797e-01  6.995610968242685e-02 
  9.001307068459614e-01  6.585994292327822e-02 
  8.174468551583675e-01  5.915177755051920e-02 
  6.693240455588317e-01  5.047206805642021e-02 
  5.119587586672617e-01  4.198491709998502e-02 
  3.787959067337156e-01  3.478206000601779e-02 
  2.764371630638423e-01  2.899453512416736e-02 
  2.967691667898232e-01  4.307527413313304e-02 
  3.920674403627188e-01  4.814618164485386e-02 
  5.164319791705688e-01  5.416536200180264e-02 
  6.712778658683507e-01  6.052683989514564e-02 
  8.270073652830602e-01  6.542613267482393e-02 
  9.322164824076925e-01  6.599018562519274e-02 
  9.291610099627684e-01  6.062474152645029e-02 
  8.110624166976205e-01  4.939288002933402e-02 
  6.274376528476581e-01  3.360372330147966e-02 
  4.570140242882731e-01  1.714860117191236e-02 
  3.350118563646489e-01  3.364365338566851e-03 
  2.613557006933827e-01  6.920095692320091e-03 
  2.206651640326023e-01  1.294909598252875e-02 
  1.990983575578949e-01  1.583661650148728e-02 
  1.881389116469085e-01  1.676863841259373e-02 
  1.825272149949454e-01  1.496154868102990e-02 
  1.781616504995154e-01  1.311308118505500e-02 
  1.715999185493792e-01  9.381241152456143e-03 
  1.576249193507075e-01  6.473397116058911e-03 
  1.321746829637921e-01  4.438888130387522e-03 
  9.532977705975759e-02  4.220409578248570e-03 
  5.809137783512584e-02  5.134221487909207e-03 
  3.309457264652593e-02  7.109921405863058e-03 
  2.278048297190656e-02  9.247951639127356e-03 
  2.322460719514971e-02  1.093943771706487e-02 
  2.926955214848829e-02  1.169846284353006e-02 
  3.816220651312820e-02  1.182081716327741e-02 
  4.804170115689079e-02  1.118325299735022e-02 
  5.679280608927642e-02  9.577688320098697e-03 
  6.338356718885112e-02  7.690335733277378e-03 
  6.487878040284159e-02  6.138114705315168e-03 
  5.769779646892263e-02  4.491801956784579e-03 
  4.111054908355478e-02  4.404843165880476e-03 
  1.969470941343675e-02  4.680204178388298e-03 
  5.622555193718057e-03  6.000125026372934e-03 
  7.702197974414756e-03  8.121711343112991e-03 
  6.485671941204339e-03  9.465930249314847e-03 
  6.087296801241888e-03  1.082859347952075e-02 
  1.419874558047492e-02  1.111978524876726e-02 
  2.459781480250584e-02  1.091290061366960e-02 
  3.496691979461523e-02  1.011088917191334e-02 
  4.340959433707196e-02  9.106845107462925e-03 
  4.809426891487240e-02  7.619510993572563e-03 
  4.623906326872741e-02  6.585159522319525e-03 
  3.564960132009892e-02  6.082771465713583e-03 
  1.945313171552072e-02  6.373535365985181e-03 
  5.361530456564159e-03  7.643659809465861e-03 
  5.372042345576701e-03  9.442971957994298e-03 
  4.951479979297626e-03  1.119472681621267e-02 
  3.998231877016541e-03  1.263218856759100e-02 
  1.167180376785941e-02  1.329640086762535e-02 
  2.177161908765209e-02  1.384088467393455e-02 
  3.175516527022798e-02  1.323790621593677e-02 
  4.083086940410437e-02  1.242857679143159e-02 
  4.742945970278621e-02  1.148780618980830e-02 
  4.887188355761229e-02  1.022780878417079e-02 
  4.292133063453020e-02  9.714636390162332e-03 
  2.975501868856376e-02  9.619395919641274e-03 
  1.453379992678942e-02  1.067589884107110e-02 
  4.866640067353619e-03  1.247286293835501e-02 
  2.980017588634615e-03  1.433195051580702e-02 
  6.811911976465785e-03  1.601650302159848e-02 
  1.464416377988593e-02  1.731204610380365e-02 
  2.438442546379586e-02  1.763661968866378e-02 
  3.455145393842782e-02  1.775281388139517e-02 
  4.407816206564884e-02  1.707612990509543e-02 
  5.124926336070285e-02  1.622863340816862e-02 
  5.447797140263044e-02  1.526386442728536e-02 
  5.107914597134534e-02  1.438651987414001e-02 
  4.009354221921826e-02  1.453764635714513e-02 
  2.522635060226045e-02  1.535733648750806e-02 
  1.324780806408232e-02  1.698083726656223e-02 
  8.439089200614012e-03  1.897221991065529e-02 
  1.072931083773254e-02  2.101754809995292e-02 
  1.761299765896679e-02  2.233508450663654e-02 
  2.674065108853313e-02  2.327615818494781e-02 
  3.687225319718890e-02  2.356029641163827e-02 
  4.649528641771621e-02  2.332907933398809e-02 
  5.484340081652039e-02  2.247299214544201e-02 
  6.005645281486404e-02  2.164622159206156e-02 
  5.952668221864471e-02  2.060251314951590e-02 
  5.092259503662850e-02  2.040351304455554e-02 
  3.604932002966169e-02  2.104486043762886e-02 
  2.139936701976317e-02  2.251720335535698e-02 
  1.336443882484179e-02  2.457898530906555e-02 
  1.323341028256190e-02  2.656481219934029e-02 
  1.892839661635102e-02  2.841080896936981e-02 
  2.785448141789848e-02  2.953524311231220e-02 
  3.797269992871603e-02  3.003909193150524e-02 
  4.808308535953988e-02  3.007937443986047e-02 
  5.710050213191863e-02  2.941007621738558e-02 
  6.336568402284259e-02  2.838738579332405e-02 
  6.469689340782828e-02  2.758433700084844e-02 
  5.817032327840806e-02  2.678089889995150e-02 
  4.373370059210243e-02  2.721828141393310e-02 
  2.663345615505496e-02  2.847866651255345e-02 
  1.451532042733075e-02  3.052275987038245e-02 
  1.073770151574773e-02  3.278641637851619e-02 
  1.410466667876328e-02  3.486082815413585e-02 
  2.174178653155703e-02  3.632654965984106e-02 
  3.164455387529229e-02  3.710376238058928e-02 
  4.226581301470416e-02  3.716026051596439e-02 
  5.215236137620288e-02  3.666449435846158e-02 
  5.963844721713645e-02  3.581422024140728e-02 
  6.224828308942347e-02  3.460463716854632e-02 
  5.692098114200942e-02  3.382605105260266e-02 
  4.146656657816825e-02  3.382126521286628e-02 
  2.012650786738727e-02  3.498109903447491e-02 
  3.818705154101424e-03  3.707954104577989e-02 
  9.558255323618110e-03  3.977368684214848e-02 
  9.846810438511744e-03  4.235790285555652e-02 
  5.575575837800330e-03  4.388625780532726e-02 
  6.908909873647882e-03  4.542431114511274e-02 
  1.533406773657458e-02  4.565202537602735e-02 
  2.362293349903342e-02  4.573899312105413e-02 
  2.985735812881449e-02  4.479836872387795e-02 
  3.062950493611923e-02  4.381793431508488e-02 
  2.236301357228667e-02  4.284770842449924e-02 
  5.453419131330642e-03  4.305362760107225e-02 
  3.576811699203297e-02  4.464597893385713e-02 
  7.264965016883175e-02  4.729132694132554e-02 
  1.012001432779268e-01  5.150580152727959e-02 
  1.171584122374767e-01  5.586748229070304e-02 
  1.246907471855369e-01  5.932674211146556e-02 
  1.287775852904353e-01  6.222834488294372e-02 
  1.339167427245876e-01  6.447859269185215e-02 
  1.433112642943505e-01  6.523158032008315e-02 
  1.617925155135658e-01  6.610059975245301e-02 
  1.971592817588457e-01  6.543642282689217e-02 
  2.622861615134233e-01  6.532453846413283e-02 
  3.712127012018087e-01  6.527535614051853e-02 
  5.346639190019047e-01  6.654883390536630e-02 
  7.231031898778615e-01  6.765432260687361e-02 
  8.627255844079497e-01  6.739255938485045e-02 
  9.006491165900109e-01  6.448671437262528e-02 
  8.204460479403397e-01  5.820214626388732e-02 
  6.731967759064769e-01  4.997441857027993e-02 
  5.178767661028431e-01  4.217189824944099e-02 
  3.824029882542406e-01  3.481245090137705e-02 
  2.798391206098822e-01  2.903265811955429e-02 
  2.980475645251907e-01  4.315703998047693e-02 
  3.946098097834815e-01  4.816258627658409e-02 
  5.204788392253770e-01  5.456148726104591e-02 
  6.732038288659397e-01  6.121177877479771e-02 
  8.287902386272060e-01  6.659859236921707e-02 
  9.321337382053686e-01  6.853590469976197e-02 
  9.315693204024640e-01  6.535116739977621e-02 
  8.134751250964493e-01  5.659138202200045e-02 
  6.330623380454292e-01  4.522859012092008e-02 
  4.617132919855165e-01  3.243842428882442e-02 
  3.400627616260883e-01  2.208741036158937e-02 
  2.641502508029230e-01  1.500140029996792e-02 
  2.206752500543953e-01  9.524812825476464e-03 
  1.973103547330964e-01  7.431883616920744e-03 
  1.841149809651285e-01  6.929648404498529e-03 
  1.770432923943138e-01  6.865871167773272e-03 
  1.717126249874666e-01  8.786385421379841e-03 
  1.645730346395116e-01  8.905467027315626e-03 
  1.505670624276004e-01  1.011273670253547e-02 
  1.259194671924362e-01  1.103259561529392e-02 
  9.158664017691089e-02  9.875347800210538e-03 
  5.731699686420425e-02  8.807720003360680e-03 
  3.379233698101044e-02  7.267859113905573e-03 
  2.364887454362490e-02  5.813035162893703e-03 
  2.317374519324577e-02  4.745753754581865e-03 
  2.833727777661678e-02  4.322081978035713e-03 
  3.608377178084564e-02  4.550533857371999e-03 
  4.461851658603945e-02  5.008094324966125e-03 
  5.296789663615391e-02  5.637766049734067e-03 
  5.869973320827429e-02  6.600102800687598e-03 
  5.956370134260983e-02  7.634031541681090e-03 
  5.309320925674860e-02  7.745678201151185e-03 
  3.807973587164645e-02  7.894758508802922e-03 
  1.893143904105743e-02  7.321122100373001e-03 
  5.823778883406002e-03  5.984490060414203e-03 
  6.914255556393075e-03  5.106146253663162e-03 
  6.126556984992404e-03  3.905727144111475e-03 
  5.662300677222583e-03  3.760654191560937e-03 
  1.265458995608618e-02  3.552418720206228e-03 
  2.218768427603482e-02  3.727571649547250e-03 
  3.156755729425269e-02  4.013984582011959e-03 
  3.950646101566825e-02  4.683477627606561e-03 
  4.367511702993458e-02  5.233236960499262e-03 
  4.215538183163435e-02  5.534898995577473e-03 
  3.283920443866678e-02  5.584581071712793e-03 
  1.826698942573852e-02  5.143619096049676e-03 
  5.522580147527327e-03  4.472817207085348e-03 
  4.601844372314239e-03  3.599944455715778e-03 
  4.519071652464074e-03  3.224335315223984e-03 
  3.878446699050773e-03  3.181202389551816e-03 
  1.072220305058766e-02  3.292772302620833e-03 
  1.964742670799732e-02  3.350771014755639e-03 
  2.913128066075305e-02  3.344647475098841e-03 
  3.741206475470654e-02  3.221563899728510e-03 
  4.326634185276797e-02  3.293349714044627e-03 
  4.467224488883526e-02  3.308600644441899e-03 
  3.942307782647721e-02  3.398950188040135e-03 
  2.804269686419733e-02  3.360130153771774e-03 
  1.442440066967692e-02  3.603101529481660e-03 
  5.507814149061385e-03  4.064551213026934e-03 
  3.527291707565744e-03  4.965771710209359e-03 
  6.854087231623301e-03  5.712055914031545e-03 
  1.401697269612787e-02  6.190568022145560e-03 
  2.291193282721594e-02  6.512718394755495e-03 
  3.205562710181447e-02  6.477788288540291e-03 
  4.078765407786178e-02  6.446210006820110e-03 
  4.744161637429550e-02  6.099525481998126e-03 
  5.037155144834107e-02  5.733046311288445e-03 
  4.745369967529942e-02  5.872227195299579e-03 
  3.788130460441835e-02  6.103067875416477e-03 
  2.476647096848926e-02  6.825089487125869e-03 
  1.373965973160593e-02  7.929573883703201e-03 
  9.335818015943890e-03  9.037255275970473e-03 
  1.109773058382016e-02  1.010615256105503e-02 
  1.721420130580438e-02  1.112840826181761e-02 
  2.540842103548850e-02  1.167913423331885e-02 
  3.464018696378393e-02  1.171305681859460e-02 
  4.383519848505366e-02  1.157703376674447e-02 
  5.143030825941499e-02  1.140531146968297e-02 
  5.621088556582698e-02  1.119372414316705e-02 
  5.561529271833374e-02  1.100224723771189e-02 
  4.808594743769269e-02  1.122111078140217e-02 
  3.481425270344365e-02  1.207314731860407e-02 
  2.159026522141115e-02  1.314281515874566e-02 
  1.413256453735181e-02  1.455104721807670e-02 
  1.398373313699730e-02  1.562541101626520e-02 
  1.888603879110241e-02  1.669288878730433e-02 
  2.694748428777371e-02  1.716943089118788e-02 
  3.622877732297331e-02  1.747394643168396e-02 
  4.546438046110815e-02  1.743286231067086e-02 
  5.388597277751711e-02  1.725889752015633e-02 
  5.973488437215910e-02  1.713519298372879e-02 
  6.066954352911300e-02  1.673910370539512e-02 
  5.488534233600834e-02  1.704288643137951e-02 
  4.197179348970451e-02  1.759595529824150e-02 
  2.630781791920209e-02  1.842141769320460e-02 
  1.511145657142345e-02  1.980250355830066e-02 
  1.139175214761592e-02  2.120545033987653e-02 
  1.428754059542057e-02  2.225247644533988e-02 
  2.134692269606319e-02  2.298432214307232e-02 
  3.035577515658772e-02  2.334937445365535e-02 
  4.004365650853038e-02  2.332560677610729e-02 
  4.912287507591746e-02  2.315019214589486e-02 
  5.617915820208169e-02  2.274250244118117e-02 
  5.824866515391283e-02  2.240720822627717e-02 
  5.322443101194375e-02  2.231678605581659e-02 
  3.893201906461873e-02  2.274368857440321e-02 
  1.890943607691576e-02  2.373176012816760e-02 
  4.080886136198965e-03  2.508545022493409e-02 
  9.045680151925894e-03  2.658850078732873e-02 
  9.621278308221244e-03  2.765993466908532e-02 
  5.868933348063037e-03  2.833042893647975e-02 
  6.115433210105868e-03  2.891638843438578e-02 
  1.323006193748424e-02  2.887406634275928e-02 
  2.085525370256130e-02  2.860429181678717e-02 
  2.612198509856063e-02  2.824639968083411e-02 
  2.651227082022058e-02  2.798448055571961e-02 
  1.807166333704470e-02  2.797801186402763e-02 
  6.768762521557760e-03  2.852730530169324e-02 
  3.734758095970929e-02  2.979265105590436e-02 
  7.286674627560649e-02  3.155072185497524e-02 
  1.003048602959427e-01  3.360834293230049e-02 
  1.167658989985917e-01  3.544177384463932e-02 
  1.250699791289370e-01  3.698869421470845e-02 
  1.303894271683981e-01  3.801032649043656e-02 
  1.367617903052051e-01  3.881534494377963e-02 
  1.472991624304431e-01  3.954422786615736e-02 
  1.680894001586168e-01  4.069423137292657e-02 
  2.052028921029589e-01  4.201303926802653e-02 
  2.711750490432787e-01  4.439568384575102e-02 
  3.827406387948660e-01  4.884632559352127e-02 
  5.462657570226206e-01  5.407951648450993e-02 
  7.318315482196623e-01  5.940190186929425e-02 
  8.737486693799487e-01  6.228891987095712e-02 
  9.052019427580211e-01  6.144331658681813e-02 
  8.213863424494077e-01  5.659950721380672e-02 
  6.724961112899573e-01  4.930618490038415e-02 
  5.145345325376587e-01  4.136549255429488e-02 
  3.809891671743589e-01  3.443853749946413e-02 
  2.785680969968728e-01  2.891966780574031e-02 
  2.975554282116792e-01  4.317078045102304e-02 
  3.935304365897162e-01  4.838171958367331e-02 
  5.175065814720373e-01  5.501204632082497e-02 
  6.716659422779160e-01  6.220785834944751e-02 
  8.304039902415705e-01  6.839349541970634e-02 
  9.373061732579409e-01  7.183299925820809e-02 
  9.370467902423115e-01  7.087789320891001e-02 
  8.193257937119305e-01  6.600763916273496e-02 
  6.389714111170899e-01  5.849681223652622e-02 
  4.633861801034808e-01  5.143493555202807e-02 
  3.389403139338022e-01  4.580761704928860e-02 
  2.612605744189010e-01  4.146012431896574e-02 
  2.177811703546729e-01  3.904387826365197e-02 
  1.934464781174898e-01  3.728207707881018e-02 
  1.805591607191935e-01  3.581661181465469e-02 
  1.731192362176978e-01  3.408068772899481e-02 
  1.680335401972134e-01  3.367839606286545e-02 
  1.611662969304294e-01  3.144759226599406e-02 
  1.473438038151222e-01  3.022880297720948e-02 
  1.231159377498456e-01  2.814780929728214e-02 
  8.978296167035774e-02  2.609162031214987e-02 
  5.548511332254091e-02  2.410232287676161e-02 
  3.194873943521995e-02  2.260258962465639e-02 
  2.197648987764934e-02  2.213586002998397e-02 
  2.133975246237779e-02  2.154151283393625e-02 
  2.634556867617707e-02  2.177454054903145e-02 
  3.385650916415437e-02  2.194329794607045e-02 
  4.239051349228739e-02  2.176383125690786e-02 
  5.044527307888599e-02  2.188641601527992e-02 
  5.633638521926571e-02  2.188714675983992e-02 
  5.756221236112363e-02  2.119120486374097e-02 
  5.123211408907496e-02  2.052694648100918e-02 
  3.605422605511745e-02  1.956714890592890e-02 
  1.738624828821177e-02  1.802224336797653e-02 
  5.347610623393305e-03  1.728100715449012e-02 
  7.756835427815300e-03  1.698673845497057e-02 
  6.955341005387941e-03  1.654053490082092e-02 
  4.991227637065595e-03  1.682706607186974e-02 
  1.120736270748497e-02  1.650841393798665e-02 
  2.032985950660402e-02  1.707677475284235e-02 
  2.941747055147493e-02  1.644387625776260e-02 
  3.700742582749697e-02  1.684474535266762e-02 
  4.157152701192748e-02  1.655432777650178e-02 
  4.004918451546098e-02  1.598300002001133e-02 
  3.099907446602588e-02  1.523063112676431e-02 
  1.672441660846681e-02  1.416654677805180e-02 
  4.526546408829006e-03  1.357418925661863e-02 
  5.272370572531227e-03  1.291867730055866e-02 
  5.264106018952120e-03  1.264628165240539e-02 
  3.246392881337077e-03  1.248742089255639e-02 
  9.257174009948677e-03  1.222334444393677e-02 
  1.792629451948698e-02  1.226135735363548e-02 
  2.697270654231443e-02  1.234080528480496e-02 
  3.513593195518291e-02  1.228030632047499e-02 
  4.098978849366181e-02  1.197728682753809e-02 
  4.260092483025256e-02  1.153144016900214e-02 
  3.765054155668267e-02  1.084265526776441e-02 
  2.639911557641800e-02  9.866183759122439e-03 
  1.333204366452399e-02  9.130260105125947e-03 
  4.578811631409405e-03  8.108079531471860e-03 
  2.711394603721344e-03  8.051308171574071e-03 
  5.804816257532819e-03  7.640692995520563e-03 
  1.274471644509841e-02  7.380238555691363e-03 
  2.114241422711803e-02  7.381856526336569e-03 
  3.026880512865590e-02  7.254459324943526e-03 
  3.865733646852557e-02  7.290195921681886e-03 
  4.531055975483272e-02  7.016917977786988e-03 
  4.819643077128256e-02  6.816423264047848e-03 
  4.543193427268007e-02  6.155829747606449e-03 
  3.623005366904752e-02  5.285073725637913e-03 
  2.351779104612606e-02  4.589777155200809e-03 
  1.283004493365847e-02  4.096209401344785e-03 
  8.408397363640942e-03  3.832170293864268e-03 
  1.011598152173465e-02  3.692025993582018e-03 
  1.596315120560875e-02  3.650238992517970e-03 
  2.401602225636454e-02  3.690253917955765e-03 
  3.282285297287992e-02  3.586001360549377e-03 
  4.169873473498686e-02  3.564358265983241e-03 
  4.919240746754741e-02  3.453752004643884e-03 
  5.386298620662013e-02  3.438808962810084e-03 
  5.336621202913386e-02  3.375997761585445e-03 
  4.623579477435432e-02  3.491763733894889e-03 
  3.366232645022538e-02  3.996231143175431e-03 
  2.070726433155192e-02  4.354123568449161e-03 
  1.336443882484179e-02  4.887553226618477e-03 
  1.291117677529597e-02  5.044103043732082e-03 
  1.774189796976253e-02  5.159370308120134e-03 
  2.538952508318215e-02  5.301635308965350e-03 
  3.437923252623042e-02  5.083078304110488e-03 
  4.348580633378846e-02  5.182707512445395e-03 
  5.173163174668697e-02  5.232542928056052e-03 
  5.733625558158559e-02  5.460226394473323e-03 
  5.845128690964350e-02  6.031936348083664e-03 
  5.311150736592059e-02  6.735163609529014e-03 
  4.061262652615359e-02  7.539176313924316e-03 
  2.558205494482683e-02  8.358171921111207e-03 
  1.435968216393366e-02  8.895955463462052e-03 
  1.050846367609253e-02  9.234047409965527e-03 
  1.302628504714248e-02  9.171660068655193e-03 
  1.970715930971890e-02  9.117317943711923e-03 
  2.838936165532079e-02  8.771633954162913e-03 
  3.764768077737350e-02  8.642966904294830e-03 
  4.655205715239166e-02  8.526085824730918e-03 
  5.341781594550957e-02  8.654711589927987e-03 
  5.582284640439283e-02  9.067446461924767e-03 
  5.086880406093854e-02  9.861406242197217e-03 
  3.726510312217420e-02  1.081615867941491e-02 
  1.795971445166947e-02  1.161497020299236e-02 
  4.132544390965642e-03  1.211566621304281e-02 
  1.035039150548041e-02  1.212240529719285e-02 
  1.127993189145645e-02  1.162995140337112e-02 
  7.319863414282631e-03  1.123169625299172e-02 
  5.117819649093290e-03  1.059263481309566e-02 
  1.093351681935757e-02  1.021170946205296e-02 
  1.809122301723916e-02  9.701236676664877e-03 
  2.326399133248976e-02  9.721380679525641e-03 
  2.366151658949261e-02  9.986417073352708e-03 
  1.561521892376939e-02  1.094771416886640e-02 
  8.497068656439620e-03  1.190076967415483e-02 
  3.938972759281097e-02  1.304587911590952e-02 
  7.468567791037556e-02  1.347221329331421e-02 
  1.023532123151044e-01  1.334185142390933e-02 
  1.191817964585596e-01  1.235832323196452e-02 
  1.279952424613590e-01  1.130814711833145e-02 
  1.337933806123040e-01  1.014728246994151e-02 
  1.404125179377003e-01  9.660412028358373e-03 
  1.514493198816623e-01  9.502088040341947e-03 
  1.719443767902919e-01  1.059617567758077e-02 
  2.091351476818657e-01  1.358327677388637e-02 
  2.750004961482745e-01  1.904666309994096e-02 
  3.849620136590978e-01  2.757867519448794e-02 
  5.454273699517150e-01  3.806884056285291e-02 
  7.280906054251061e-01  4.840870334847168e-02 
  8.676659953474447e-01  5.558238140319202e-02 
  9.026598536436072e-01  5.762632178496323e-02 
  8.206689975543072e-01  5.461075742080276e-02 
  6.741742759147943e-01  4.816885799242750e-02 
  5.181932808064033e-01  4.119708143731700e-02 
  3.852780147023349e-01  3.443885072665769e-02 
  2.804125051791224e-01  2.892890864375294e-02 
  2.968741116236274e-01  4.272257294794075e-02 
  3.936333419342079e-01  4.820944702056222e-02 
  5.206206347951425e-01  5.502672932343369e-02 
  6.727407381121654e-01  6.251806821256771e-02 
  8.260613968529187e-01  6.942642459242655e-02 
  9.268241197315807e-01  7.419557416808843e-02 
  9.279599383503786e-01  7.522654222374901e-02 
  8.109320728642939e-01  7.323756559664216e-02 
  6.304557752017180e-01  6.985635965547712e-02 
  4.578506945858686e-01  6.744563532561358e-02 
  3.336266828057541e-01  6.601529221252524e-02 
  2.580181918089821e-01  6.619683111799581e-02 
  2.147809096415415e-01  6.525210855228536e-02 
  1.914837955444369e-01  6.442314168788256e-02 
  1.789458691250189e-01  6.315705925375975e-02 
  1.723088275592817e-01  6.063475121569588e-02 
  1.680347589729364e-01  5.777882424012185e-02 
  1.612134148490587e-01  5.414352786949170e-02 
  1.478765730046742e-01  4.997022443198540e-02 
  1.232764664321200e-01  4.525459160433520e-02 
  8.916253907850084e-02  4.165283346949889e-02 
  5.406391322546504e-02  3.909671783914503e-02 
  3.070000720295367e-02  3.796700591952635e-02 
  2.044861401705583e-02  3.789991622562283e-02 
  1.999123053420220e-02  3.835443150912267e-02 
  2.478639562611978e-02  3.853860586586980e-02 
  3.256529955091605e-02  3.889120952414908e-02 
  4.103609507757238e-02  3.846338925053209e-02 
  4.932537859793395e-02  3.790230743828411e-02 
  5.544477525100009e-02  3.648579805253516e-02 
  5.680575382157683e-02  3.510206774098404e-02 
  5.067413888402215e-02  3.255808105258889e-02 
  3.559240851101052e-02  3.061588726193283e-02 
  1.637781561309315e-02  2.922275452839093e-02 
  5.141402180164139e-03  2.834133150541351e-02 
  8.895019968518771e-03  2.843718478208740e-02 
  8.133575031911110e-03  2.894288706508861e-02 
  4.808113127251593e-03  2.962069879914943e-02 
  9.743980975850589e-03  2.996807866236480e-02 
  1.895763805696314e-02  2.991146607627736e-02 
  2.804081469158248e-02  2.974648126074847e-02 
  3.590296183083764e-02  2.895756567597558e-02 
  4.036096370198492e-02  2.804097434056419e-02 
  3.903090554782785e-02  2.630150500051738e-02 
  3.025817131117196e-02  2.470021593619097e-02 
  1.580701907495306e-02  2.331594917732596e-02 
  3.825632756442412e-03  2.253418990619837e-02 
  6.494547946682190e-03  2.243868231992509e-02 
  6.544379527291026e-03  2.255883667599411e-02 
  3.188109852012471e-03  2.329183473759075e-02 
  7.662267811583951e-03  2.341091294411844e-02 
  1.647669973547984e-02  2.360008406731386e-02 
  2.542488676467152e-02  2.349337170407899e-02 
  3.375125120637552e-02  2.313656066826742e-02 
  3.977765048092546e-02  2.225139278336255e-02 
  4.146912552911096e-02  2.105848869758749e-02 
  3.672944596257561e-02  1.950410606449101e-02 
  2.540015561638151e-02  1.812668342323063e-02 
  1.218407117623754e-02  1.717098465065997e-02 
  3.330260278447586e-03  1.681366538068905e-02 
  1.877811426307290e-03  1.694722127690018e-02 
  4.277672949065706e-03  1.737605369677607e-02 
  1.101501841065011e-02  1.759441575059040e-02 
  1.965387444748949e-02  1.791992344509500e-02 
  2.872057479678911e-02  1.779791179041984e-02 
  3.713614572961576e-02  1.744379804498523e-02 
  4.396063199416367e-02  1.670071250833061e-02 
  4.708109742561295e-02  1.551600461134378e-02 
  4.447933927945315e-02  1.432921998162997e-02 
  3.521621911329566e-02  1.262217798915586e-02 
  2.225684121037776e-02  1.162382331617237e-02 
  1.144596404605245e-02  1.114054148001588e-02 
  6.915652735610247e-03  1.108670393341720e-02 
  8.490868743545148e-03  1.141335957975277e-02 
  1.434090065780477e-02  1.173231730155852e-02 
  2.220980407296282e-02  1.203279035118457e-02 
  3.117786895917511e-02  1.210045358131687e-02 
  4.002451033165192e-02  1.197220652572903e-02 
  4.763646515680162e-02  1.141089344648672e-02 
  5.242652562183606e-02  1.041817264313312e-02 
  5.231821609895814e-02  9.167656869695527e-03 
  4.530174982304840e-02  7.782224408868694e-03 
  3.226452511801832e-02  6.657986343188684e-03 
  1.922582909379049e-02  6.081077663922375e-03 
  1.170322830771481e-02  5.963039689725383e-03 
  1.126674142828257e-02  6.326169150555605e-03 
  1.593422250596013e-02  6.769207079884779e-03 
  2.368632464194375e-02  7.280338125436297e-03 
  3.263985925429519e-02  7.364102080101034e-03 
  4.177397258348044e-02  7.333753356641722e-03 
  5.006998108938952e-02  6.982640772641725e-03 
  5.600041911935722e-02  6.320198230944738e-03 
  5.738906212264266e-02  5.292739265380060e-03 
  5.194220445476180e-02  4.193796954703738e-03 
  3.931836295164613e-02  3.473469182047164e-03 
  2.386761519752414e-02  3.236582264531267e-03 
  1.228398641197177e-02  3.256339295109920e-03 
  8.451060823043043e-03  3.359090077060620e-03 
  1.097302143019370e-02  3.784183606765500e-03 
  1.761147486855879e-02  4.311682766574279e-03 
  2.640178118629513e-02  4.721102722694498e-03 
  3.591184164646453e-02  4.994425623017593e-03 
  4.489765695745396e-02  4.858282895876626e-03 
  5.188586691505862e-02  4.477746983601362e-03 
  5.462224267254622e-02  3.759191067015709e-03 
  4.968857333157530e-02  3.238508937954056e-03 
  3.554566776713577e-02  3.309254743108639e-03 
  1.579674753873434e-02  3.659521474563280e-03 
  5.050725634072517e-03  3.608068714945283e-03 
  1.316297260308002e-02  3.365058355600685e-03 
  1.414830056585707e-02  3.446241436936061e-03 
  9.844622725598383e-03  4.065436668498505e-03 
  5.128820235584333e-03  4.913588696224858e-03 
  8.955062625970796e-03  5.643619819891164e-03 
  1.604239950383155e-02  5.995309390979306e-03 
  2.151120689666956e-02  5.796589555944038e-03 
  2.221071182587007e-02  5.110884894003094e-03 
  1.436910033623926e-02  4.011288514367764e-03 
  1.007586702631017e-02  3.361900068357766e-03 
  4.262772715735208e-02  3.387857618913448e-03 
  7.943859921030427e-02  3.445355975228610e-03 
  1.079011882607950e-01  3.928026418192461e-03 
  1.250843215678583e-01  5.824512075620083e-03 
  1.338301384885358e-01  8.530438376587655e-03 
  1.388169273859750e-01  1.103062829040474e-02 
  1.447539179762170e-01  1.284322970174753e-02 
  1.552049175292282e-01  1.320447838510579e-02 
  1.743959629653140e-01  1.182132071509410e-02 
  2.100329959980722e-01  7.828440408575410e-03 
  2.738673928072252e-01  3.775828411288236e-03 
  3.831217231734583e-01  1.317890568614332e-02 
  5.440560916888065e-01  2.718250333580565e-02 
  7.288455010815995e-01  4.090654969232053e-02 
  8.712503736753325e-01  5.068234489915777e-02 
  9.048089282723021e-01  5.485064008715297e-02 
  8.226145320920083e-01  5.299276130766160e-02 
  6.737950674351986e-01  4.748150214228131e-02 
  5.171904862074093e-01  4.045803166811230e-02 
  3.838033201727383e-01  3.395783157706518e-02 
  2.800593183154089e-01  2.896484107873456e-02 
  2.969787516588708e-01  4.241798654410305e-02 
  3.906711827692282e-01  4.808308786469292e-02 
  5.156002002729653e-01  5.483667327742123e-02 
  6.676871642842157e-01  6.277347198009221e-02 
  8.246601854847645e-01  7.014089448448686e-02 
  9.305633144660405e-01  7.518429816461754e-02 
  9.288329798043816e-01  7.682382914630088e-02 
  8.066258344172484e-01  7.594425043424582e-02 
  6.236242969965066e-01  7.414147127722580e-02 
  4.504568311701891e-01  7.288329524469500e-02 
  3.271122643747796e-01  7.326217368245769e-02 
  2.529219534109527e-01  7.423387820186794e-02 
  2.118706394653108e-01  7.522890665268213e-02 
  1.904757434589833e-01  7.471093988631594e-02 
  1.794724441790335e-01  7.331116145386483e-02 
  1.743146456386662e-01  7.088044737218205e-02 
  1.706776196569651e-01  6.742841483041469e-02 
  1.644686120292337e-01  6.302491955276354e-02 
  1.517691938757683e-01  5.791454517326564e-02 
  1.266311577088903e-01  5.262773752158995e-02 
  9.005426321652195e-02  4.823301943061235e-02 
  5.312444150623997e-02  4.522612721366064e-02 
  2.787970520979597e-02  4.407273478233660e-02 
  1.778432053999967e-02  4.428605040382089e-02 
  1.778674903553720e-02  4.480496062519565e-02 
  2.335242453888515e-02  4.543605326511802e-02 
  3.172989079387393e-02  4.561444026468642e-02 
  4.104114110577362e-02  4.544871932709842e-02 
  4.997111355679910e-02  4.449061406746126e-02 
  5.659322294009063e-02  4.292398653885337e-02 
  5.842345379102894e-02  4.074771875960702e-02 
  5.197649351322077e-02  3.822584548664913e-02 
  3.592247302847471e-02  3.563830989932149e-02 
  1.528526693225371e-02  3.377513161056975e-02 
  5.996682804556506e-03  3.310221461067903e-02 
  1.125884207342169e-02  3.339059438602814e-02 
  9.884427660817954e-03  3.419949159962217e-02 
  5.158358565965580e-03  3.481745716778454e-02 
  8.872535125920197e-03  3.536059792142721e-02 
  1.845630792633421e-02  3.552669847296278e-02 
  2.801735141269418e-02  3.507020867247709e-02 
  3.645911960789789e-02  3.411619593729143e-02 
  4.126710731563799e-02  3.270573774640617e-02 
  3.994975565441214e-02  3.070854219667634e-02 
  3.036841861712302e-02  2.880212295240301e-02 
  1.503099489750259e-02  2.723503576974985e-02 
  3.324791973045515e-03  2.651201580635951e-02 
  8.554623045669684e-03  2.642897986035020e-02 
  8.494758317675377e-03  2.693845599063222e-02 
  3.954414841010582e-03  2.760825769502958e-02 
  6.595490928954673e-03  2.810864107815333e-02 
  1.555693285887630e-02  2.826750319965726e-02 
  2.515111409645078e-02  2.808769496473321e-02 
  3.368701092295771e-02  2.745671020949293e-02 
  4.023412189804395e-02  2.649387604014922e-02 
  4.216985205461796e-02  2.496860908619974e-02 
  3.705075202705918e-02  2.313431528235873e-02 
  2.493376875618539e-02  2.158348153000138e-02 
  1.056704428204606e-02  2.063994330445816e-02 
  2.003007508843451e-03  2.029756776473855e-02 
  2.468904989550434e-03  2.050626663326936e-02 
  2.813130163126222e-03  2.119204414666219e-02 
  9.697119049226320e-03  2.166685864554352e-02 
  1.863923042926905e-02  2.191718886229140e-02 
  2.810001342372808e-02  2.189323304581379e-02 
  3.695824391517231e-02  2.147395555954278e-02 
  4.409067801779914e-02  2.048847810616806e-02 
  4.755513592868488e-02  1.920206343179535e-02 
  4.507195825172693e-02  1.761971786462011e-02 
  3.512377426704752e-02  1.605035897198465e-02 
  2.127010958259444e-02  1.479174972527555e-02 
  9.761782508065720e-03  1.425797667815967e-02 
  4.851689258791273e-03  1.443547570025414e-02 
  6.610747620818741e-03  1.484231177286424e-02 
  1.274514196621637e-02  1.542927607811731e-02 
  2.103556965127657e-02  1.583931515301803e-02 
  3.040992348250203e-02  1.602389904062134e-02 
  3.961835848534712e-02  1.572785874423165e-02 
  4.771109427107875e-02  1.503756785334870e-02 
  5.291071463892649e-02  1.394968015467044e-02 
  5.286428679055908e-02  1.242823195105507e-02 
  4.527238011670117e-02  1.083171314193014e-02 
  3.144381463348429e-02  9.502439210659620e-03 
  1.761755465047236e-02  8.807105524895577e-03 
  9.675240682137806e-03  8.848508043320458e-03 
  9.117880109155990e-03  9.360519449544882e-03 
  1.407968787824716e-02  1.004653380698473e-02 
  2.221338415894030e-02  1.066638486835300e-02 
  3.167440586878353e-02  1.093508089027255e-02 
  4.108709416278720e-02  1.088952283644201e-02 
  4.973336298775446e-02  1.042603191484125e-02 
  5.602741396500661e-02  9.598755954329888e-03 
  5.767756633901334e-02  8.301752851308020e-03 
  5.207804558037801e-02  6.877810408031307e-03 
  3.865500887985648e-02  5.439467672154124e-03 
  2.246838864152876e-02  4.813649893822160e-03 
  1.014332818883906e-02  4.763505269713841e-03 
  5.985560534621948e-03  5.279337175762719e-03 
  8.738104362993522e-03  6.148667380474763e-03 
  1.567471587362932e-02  7.056236038940310e-03 
  2.472045029496813e-02  7.838839998679077e-03 
  3.477285722530937e-02  8.206667727223510e-03 
  4.450499713070955e-02  7.998277170469142e-03 
  5.191662802592811e-02  7.411394826332342e-03 
  5.492089138524831e-02  6.357399449898546e-03 
  5.019111311552666e-02  5.000316565550977e-03 
  3.548362062964214e-02  3.840334908171942e-03 
  1.443996123597028e-02  3.373146084040417e-03 
  7.139426507483606e-03  3.413969210241459e-03 
  1.625043262337812e-02  4.010789783385015e-03 
  1.728268750513658e-02  5.207663932161303e-03 
  1.255534287426744e-02  6.758887223289736e-03 
  6.211154429785311e-03  8.165345203880932e-03 
  7.588304982895549e-03  9.129759766656370e-03 
  1.501257628948498e-02  9.577767712820222e-03 
  2.116315083975676e-02  9.374886100447307e-03 
  2.254096358347865e-02  8.453219573909636e-03 
  1.484781772356005e-02  6.932074955034062e-03 
  1.046263747194327e-02  5.434076524419490e-03 
  4.445235534530741e-02  4.586120377489897e-03 
  8.345640585120143e-02  4.808025916939701e-03 
  1.136567615362061e-01  6.155443509454545e-03 
  1.311704708141909e-01  9.154057793761361e-03 
  1.395062379737248e-01  1.247779367122147e-02 
  1.436385384259036e-01  1.543589799635505e-02 
  1.483150687370985e-01  1.743675036602784e-02 
  1.569047088595679e-01  1.787932834268855e-02 
  1.736098362176998e-01  1.648492592569510e-02 
  2.063770391246634e-01  1.199735611178619e-02 
  2.668683235173959e-01  4.815536178425700e-03 
  3.731146721897246e-01  9.565942146704779e-03 
  5.278942449269819e-01  2.349980183256634e-02 
  7.174532832467819e-01  3.807348665381842e-02 
  8.616007679373633e-01  4.883962267332522e-02 
  8.997047790565962e-01  5.343217464915145e-02 
  8.223635968286402e-01  5.234666885164804e-02 
  6.759405135992075e-01  4.720186408183953e-02 
  5.217011299659637e-01  4.051603148952061e-02 
  3.875349069331072e-01  3.429004065310468e-02 
  2.829245783848477e-01  2.909816820272177e-02 
  2.943424343486389e-01  4.181635749871919e-02 
  3.908110434119775e-01  4.750425920849163e-02 
  5.167004352417385e-01  5.433200725350502e-02 
  6.643960279320298e-01  6.222556519547853e-02 
  8.201791549117866e-01  6.973540058688614e-02 
  9.218916414785304e-01  7.447987687016899e-02 
  9.167655336590615e-01  7.589830026115471e-02 
  7.956969207048624e-01  7.414270898614417e-02 
  6.104674007572427e-01  7.140762684356786e-02 
  4.398384351466685e-01  6.918402103787796e-02 
  3.190761016541275e-01  6.917804746719965e-02 
  2.483028345590494e-01  6.958054081819025e-02 
  2.106673961331193e-01  7.030305539212836e-02 
  1.917866959784672e-01  7.046022894632843e-02 
  1.826822817295119e-01  6.935444488890696e-02 
  1.788255944406989e-01  6.733532335283647e-02 
  1.761755059388095e-01  6.453978287275872e-02 
  1.711566893311590e-01  6.076416718872624e-02 
  1.579159972923813e-01  5.585396390119229e-02 
  1.312463629905375e-01  5.111698733098195e-02 
  9.294033367938105e-02  4.681104647289659e-02 
  5.336123561128096e-02  4.425874042211662e-02 
  2.740577433758845e-02  4.267802367500226e-02 
  1.704420807354251e-02  4.266665537570396e-02 
  1.729119176833309e-02  4.306834169560006e-02 
  2.334634383685746e-02  4.350544347321036e-02 
  3.233647512475120e-02  4.400922289946189e-02 
  4.239763457676442e-02  4.384612826649145e-02 
  5.196341410245707e-02  4.303672846220229e-02 
  5.907537367178137e-02  4.184323466313453e-02 
  6.095878150433940e-02  3.977213913141901e-02 
  5.407709175500837e-02  3.746554460911232e-02 
  3.714551016045219e-02  3.529578131710599e-02 
  1.498504071820854e-02  3.336998796307641e-02 
  6.603391971484929e-03  3.259085469611909e-02 
  1.280488927307784e-02  3.258353505246925e-02 
  1.114300889949509e-02  3.319410397395590e-02 
  5.571808446469769e-03  3.384615585845134e-02 
  8.520162489927607e-03  3.433837585952470e-02 
  1.852880997530001e-02  3.459189866228454e-02 
  2.877017326414993e-02  3.427763895011619e-02 
  3.752199984943552e-02  3.347524004933215e-02 
  4.278798426005544e-02  3.220457706174235e-02 
  4.135929500924673e-02  3.050928641495906e-02 
  3.118777033018499e-02  2.843187820126092e-02 
  1.477336668255636e-02  2.701620854063936e-02 
  3.676491594366313e-03  2.602515052053452e-02 
  9.978084497834380e-03  2.590606196590103e-02 
  9.918464137547205e-03  2.620244994401433e-02 
  4.745456834939294e-03  2.675190416735676e-02 
  5.940829348667048e-03  2.714044723984013e-02 
  1.544449908785297e-02  2.746545512304560e-02 
  2.536759102330053e-02  2.719794868189113e-02 
  3.439545250432634e-02  2.685207181370032e-02 
  4.115606811941686e-02  2.568808620607220e-02 
  4.317700136513730e-02  2.442411859060023e-02 
  3.775968627953454e-02  2.278744324504066e-02 
  2.489093308996452e-02  2.117571581699575e-02 
  9.784393881331456e-03  2.007635886060326e-02 
  2.161629095786525e-03  1.964699117170221e-02 
  3.802112626022010e-03  1.979271403395831e-02 
  1.960099768468173e-03  2.017987631204722e-02 
  8.711113600878648e-03  2.051596738594018e-02 
  1.812616910587616e-02  2.078794695716649e-02 
  2.791147112488869e-02  2.080635000849105e-02 
  3.734946861924242e-02  2.036842742793639e-02 
  4.480727961361961e-02  1.980176490149554e-02 
  4.838039138518005e-02  1.854446249637678e-02 
  4.553262907260981e-02  1.695173286896434e-02 
  3.514157947143216e-02  1.552924887124050e-02 
  2.055290322687980e-02  1.420720836714755e-02 
  8.204928056569439e-03  1.367805985916389e-02 
  3.148303030185361e-03  1.350640909783485e-02 
  5.051759622499262e-03  1.391298766203428e-02 
  1.150984240889640e-02  1.432621122210725e-02 
  2.032792161399052e-02  1.451615176298871e-02 
  2.998340336752410e-02  1.474799562158951e-02 
  3.968514097209676e-02  1.452786180470477e-02 
  4.804041798081053e-02  1.406248104290548e-02 
  5.362699691534110e-02  1.299885651748430e-02 
  5.360275078400997e-02  1.172480692979735e-02 
  4.574752228498928e-02  1.005635625030013e-02 
  3.110318241040070e-02  8.794551572246973e-03 
  1.613915071929072e-02  8.077148173671209e-03 
  7.855532457384535e-03  7.814922940671988e-03 
  7.326244820841771e-03  8.128948085592393e-03 
  1.259642999402722e-02  8.625561976165201e-03 
  2.119912215442852e-02  9.136385165951607e-03 
  3.092146255042939e-02  9.497356711731792e-03 
  4.101544023556443e-02  9.470125840194594e-03 
  5.023572534833994e-02  9.169698367248433e-03 
  5.692682040518895e-02  8.380472397576404e-03 
  5.862868823960688e-02  7.260930001649264e-03 
  5.290001892120263e-02  5.949444944961286e-03 
  3.860250406483991e-02  4.728307362491994e-03 
  2.095717921989644e-02  4.077723274257033e-03 
  8.154483858114795e-03  3.846034715530143e-03 
  4.119173428905501e-03  4.157596134190704e-03 
  6.847707913226350e-03  4.758846537855172e-03 
  1.427064581205926e-02  5.445321170863311e-03 
  2.409216769116082e-02  6.017341367703806e-03 
  3.452533707759493e-02  6.281110011638217e-03 
  4.461049347504293e-02  6.347311321287193e-03 
  5.261717501636399e-02  5.829323402195762e-03 
  5.611158381855306e-02  4.864444469169216e-03 
  5.097340877273440e-02  3.833288003537016e-03 
  3.533509207913330e-02  3.091238402388757e-03 
  1.281977719707636e-02  3.012173268072966e-03 
  9.333387076602025e-03  3.083768372864577e-03 
  1.938098865688416e-02  3.099866209139695e-03 
  2.016084252411181e-02  3.507014003322552e-03 
  1.473519974531895e-02  4.350388578007113e-03 
  7.181724274225588e-03  5.414896375784364e-03 
  7.146048795422284e-03  6.226420538372503e-03 
  1.506071108489572e-02  6.645238155054712e-03 
  2.198342101538856e-02  6.485758895800890e-03 
  2.365927201056046e-02  5.780915881865239e-03 
  1.602501989525591e-02  4.569019904264670e-03 
  1.050699988182829e-02  3.538286944607076e-03 
  4.674295641903626e-02  3.248136337062919e-03 
  8.795541404689178e-02  3.301321345962024e-03 
  1.196240432638460e-01  3.563163902613273e-03 
  1.371191547270756e-01  4.923793719101107e-03 
  1.445385612421305e-01  7.209861963355023e-03 
  1.478362124291243e-01  9.418750658026007e-03 
  1.508061064516535e-01  1.100721501324304e-02 
  1.575350435591082e-01  1.132844368313536e-02 
  1.720005269245277e-01  9.793046124392375e-03 
  2.016662057674395e-01  6.357556083277359e-03 
  2.596750520673118e-01  4.538054424114815e-03 
  3.633580426198853e-01  1.364435781519417e-02 
  5.230916377627660e-01  2.679126375858727e-02 
  7.095916189663362e-01  4.023204422402388e-02 
  8.566172730481793e-01  4.972920312170628e-02 
  8.965329947753713e-01  5.404319919010924e-02 
  8.179965601477392e-01  5.268149003737021e-02 
  6.732828890720871e-01  4.732961263085598e-02 
  5.191346622430906e-01  4.064258287664230e-02 
  3.851999546947821e-01  3.441843744497488e-02 
  2.813725829693685e-01  2.930729258102511e-02 
  2.952547052574882e-01  4.075358324969272e-02 
  3.877962252203538e-01  4.655335659579456e-02 
  5.139956900535002e-01  5.351300632081995e-02 
  6.642555280522853e-01  6.145354633131031e-02 
  8.193978637545897e-01  6.850505983616050e-02 
  9.222885720175488e-01  7.310643394622207e-02 
  9.190807656663301e-01  7.378694846122703e-02 
  7.950399047543236e-01  7.063367455276810e-02 
  6.089051922378770e-01  6.624078949901688e-02 
  4.321670756405687e-01  6.232909197025938e-02 
  3.129544111355601e-01  6.048941020641159e-02 
  2.443604000024555e-01  5.983243807503397e-02 
  2.090697150747834e-01  6.069501876125828e-02 
  1.922777260583532e-01  5.971570996041009e-02 
  1.855178819657949e-01  5.901255252639335e-02 
  1.824258075244519e-01  5.784399101701423e-02 
  1.810078781283158e-01  5.543498699760916e-02 
  1.763894180420953e-01  5.284963594331013e-02 
  1.632561037140629e-01  4.908802396980468e-02 
  1.357931076599779e-01  4.535871577129195e-02 
  9.518601107281546e-02  4.169519410858080e-02 
  5.331583648814668e-02  3.902974824995693e-02 
  2.657000446383920e-02  3.742848944280389e-02 
  1.613611674615657e-02  3.694424111613992e-02 
  1.677254544917582e-02  3.752092184986735e-02 
  2.333673944719471e-02  3.796904728421754e-02 
  3.300749585165750e-02  3.849531254200927e-02 
  4.362643519744475e-02  3.829463196125057e-02 
  5.373189128457170e-02  3.807641485900552e-02 
  6.159557693163879e-02  3.691177245933893e-02 
  6.372274523963742e-02  3.562085995952535e-02 
  5.646633201071110e-02  3.396699677506593e-02 
  3.828058159529358e-02  3.170006845062650e-02 
  1.454844335256770e-02  2.999484347787430e-02 
  7.724135386604885e-03  2.906501155839506e-02 
  1.433372200734052e-02  2.881013875973317e-02 
  1.242152384443390e-02  2.911526518074929e-02 
  5.905036377216656e-03  2.961915742479842e-02 
  8.511776810904540e-03  3.026138145416479e-02 
  1.907231572059093e-02  3.045382866210035e-02 
  2.981689578365454e-02  3.027732133088888e-02 
  3.919226630095730e-02  2.988777602380422e-02 
  4.454850943256079e-02  2.880151613684396e-02 
  4.301182076409659e-02  2.756524139207378e-02 
  3.204227012893746e-02  2.604597983570104e-02 
  1.453342846658374e-02  2.467248252251865e-02 
  4.282475404575624e-03  2.359438436363279e-02 
  1.148273989496895e-02  2.304913863011787e-02 
  1.118548519639854e-02  2.330019469611188e-02 
  5.433058451021422e-03  2.345882200284881e-02 
  5.598245341428391e-03  2.406311518833713e-02 
  1.548242116755059e-02  2.399625950928959e-02 
  2.592185204024076e-02  2.392207513003107e-02 
  3.534007585651161e-02  2.376426025940084e-02 
  4.244461292494291e-02  2.295904926768408e-02 
  4.451726526349174e-02  2.187563407017235e-02 
  3.874058079863280e-02  2.046309167962412e-02 
  2.487141690410133e-02  1.891352596533093e-02 
  8.695499358222440e-03  1.787609277764052e-02 
  3.124052167278745e-03  1.707430755546775e-02 
  4.960234142461334e-03  1.690608896360797e-02 
  1.808223992383006e-03  1.713474122718682e-02 
  8.214653085187837e-03  1.739042116627163e-02 
  1.795692328905560e-02  1.753638009138049e-02 
  2.818454170557376e-02  1.758906281974400e-02 
  3.806781300940125e-02  1.728755003146681e-02 
  4.592845405472526e-02  1.667555895000707e-02 
  4.968770952721347e-02  1.579602272994147e-02 
  4.670721552558730e-02  1.452173810076017e-02 
  3.564570243689155e-02  1.321406229896060e-02 
  1.994533694247966e-02  1.193050013544877e-02 
  7.017391029733442e-03  1.114624282273424e-02 
  1.863590025785983e-03  1.074698394297837e-02 
  3.916674922938162e-03  1.076875136893305e-02 
  1.071648788613628e-02  1.103705864082012e-02 
  1.995232118831931e-02  1.129162638846955e-02 
  3.013911026419950e-02  1.131973995370657e-02 
  4.023582655595815e-02  1.114343284059780e-02 
  4.913582217552836e-02  1.087226676933306e-02 
  5.476189615641563e-02  9.950102394367636e-03 
  5.479988251094975e-02  8.982680442598336e-03 
  4.653364018240374e-02  7.620397923325279e-03 
  3.081832830632543e-02  6.395064071662709e-03 
  1.523811431796943e-02  5.586045257712518e-03 
  6.482453756823341e-03  5.120165512039752e-03 
  6.034301107439138e-03  5.052346177910638e-03 
  1.167757801472836e-02  5.269667943912049e-03 
  2.066277646292930e-02  5.508787881760202e-03 
  3.101815610882674e-02  5.732505102929577e-03 
  4.133547925971107e-02  5.640460341314021e-03 
  5.079064492067491e-02  5.529857626975249e-03 
  5.780434406244059e-02  5.049688632170312e-03 
  5.975032575504673e-02  4.338334155203872e-03 
  5.361265654700299e-02  3.466576590997574e-03 
  3.872107245003988e-02  2.919205711059124e-03 
  2.023432528425748e-02  2.945163096232275e-03 
  6.782072489394644e-03  3.141072423404430e-03 
  2.885390365830672e-03  3.248521534082355e-03 
  5.732191982750237e-03  3.132754049208666e-03 
  1.348513900026507e-02  3.014753791346718e-03 
  2.375668982169463e-02  3.028693670877361e-03 
  3.455978860870731e-02  3.053728694701193e-03 
  4.522024670568737e-02  3.067052782178727e-03 
  5.377371330104978e-02  2.982634589167249e-03 
  5.740085711507611e-02  2.967268184253575e-03 
  5.214343380208476e-02  3.364326992434879e-03 
  3.579874710732692e-02  4.278023343331709e-03 
  1.258543054816710e-02  5.267588004396175e-03 
  1.073933840051021e-02  5.830250300413466e-03 
  2.142021261943635e-02  5.742980610302746e-03 
  2.185402458833477e-02  5.225033749693569e-03 
  1.617859402979202e-02  4.520416484649976e-03 
  8.036337684305563e-03  3.982406150524947e-03 
  6.869525300384758e-03  3.528657445264353e-03 
  1.551670227994080e-02  3.365288876409050e-03 
  2.266797773381127e-02  3.398486115862162e-03 
  2.512290623029533e-02  3.606028460005808e-03 
  1.708151856762236e-02  4.392288416326626e-03 
  9.997652269127810e-03  5.653170057317979e-03 
  4.770075218099633e-02  7.177702436897642e-03 
  8.987224229173069e-02  8.052542024723403e-03 
  1.229105401838408e-01  8.078343204188954e-03 
  1.404077006749543e-01  7.135381532177911e-03 
  1.474061072579726e-01  5.960382075466274e-03 
  1.497444301161127e-01  4.865600528802606e-03 
  1.516059085329990e-01  4.294737753860679e-03 
  1.566035228275665e-01  4.354083465673749e-03 
  1.693751829705406e-01  4.975708735440025e-03 
  1.966605626588384e-01  7.592053328079138e-03 
  2.523924313886194e-01  1.313884986294009e-02 
  3.543998891480546e-01  2.213913762440735e-02 
  5.105708633476107e-01  3.303081579288375e-02 
  6.979170808128460e-01  4.431515778936443e-02 
  8.492722375698906e-01  5.232902584419927e-02 
  8.932330368309636e-01  5.569058757151221e-02 
  8.190328621791217e-01  5.372051902659779e-02 
  6.770840407797996e-01  4.810677572196789e-02 
  5.224429551944548e-01  4.114782650362443e-02 
  3.882896615764334e-01  3.485758940915533e-02 
  2.844402013340219e-01  2.962320199830181e-02 
  2.926586583943634e-01  3.957534413118840e-02 
  3.880130008209035e-01  4.518742044090350e-02 
  5.112971563838341e-01  5.214430099178714e-02 
  6.609552816803526e-01  5.971905819153541e-02 
  8.114220912962103e-01  6.634391561786658e-02 
  9.146114360407280e-01  7.012443094366654e-02 
  9.089824063094297e-01  6.940288916070209e-02 
  7.861125458169780e-01  6.483560235325864e-02 
  6.006138979559653e-01  5.792612805407062e-02 
  4.288537158015671e-01  5.181019776044078e-02 
  3.109588900044717e-01  4.753792268714014e-02 
  2.440931980074791e-01  4.520709497463759e-02 
  2.106542023810070e-01  4.418291343578090e-02 
  1.948828971966832e-01  4.362206795830903e-02 
  1.883287081601224e-01  4.311867431634904e-02 
  1.864941345769640e-01  4.234223225401314e-02 
  1.853405627656000e-01  4.161458806589634e-02 
  1.807547743735879e-01  4.001614978471333e-02 
  1.671355086370134e-01  3.800370602692044e-02 
  1.388793666841677e-01  3.540211838246031e-02 
  9.734477090563695e-02  3.256871321547602e-02 
  5.524159090760828e-02  3.044789687367255e-02 
  2.741652307780878e-02  2.874990407564532e-02 
  1.669822379735051e-02  2.802225623920500e-02 
  1.750359787582952e-02  2.793937906720774e-02 
  2.436141035927738e-02  2.837772331584569e-02 
  3.430787565623334e-02  2.862358324447213e-02 
  4.522541152452607e-02  2.898756263161477e-02 
  5.550481728820655e-02  2.896622167767008e-02 
  6.318851911608678e-02  2.884309763050386e-02 
  6.521285702144380e-02  2.825089753684786e-02 
  5.766795187711306e-02  2.723307298657578e-02 
  3.910686727118888e-02  2.571042466239583e-02 
  1.532143268249735e-02  2.422759750039753e-02 
  7.263830933439246e-03  2.318423658846677e-02 
  1.419589006248148e-02  2.246787246430491e-02 
  1.217696134428487e-02  2.249336341475320e-02 
  5.784942909948426e-03  2.236812597630707e-02 
  8.915988042702288e-03  2.302163160481551e-02 
  1.965197384122390e-02  2.286357823080895e-02 
  3.066560430050363e-02  2.333065867284000e-02 
  4.013633633790875e-02  2.311406605167502e-02 
  4.553930804577868e-02  2.279225525453082e-02 
  4.392076312314042e-02  2.203738454388187e-02 
  3.251321211539157e-02  2.092607849251646e-02 
  1.456753356343673e-02  1.966296924803083e-02 
  4.265458072262430e-03  1.848438901800293e-02 
  1.171726298322384e-02  1.778736430542481e-02 
  1.126212588278412e-02  1.743978393227077e-02 
  5.458584999134873e-03  1.749528614494162e-02 
  5.821347533558110e-03  1.765735099256117e-02 
  1.591125102139230e-02  1.780350250486856e-02 
  2.640421603209127e-02  1.782155724723084e-02 
  3.622927367443687e-02  1.784043132380626e-02 
  4.320854850232378e-02  1.742742610755900e-02 
  4.524826980361125e-02  1.684470074829820e-02 
  3.917239069317850e-02  1.581169396529749e-02 
  2.513786139960078e-02  1.459733752314162e-02 
  8.590235643628832e-03  1.334258413387274e-02 
  3.255203002107516e-03  1.258054339152842e-02 
  5.275529760943748e-03  1.195656970322700e-02 
  1.818677849546323e-03  1.179994410208789e-02 
  8.136432528070031e-03  1.163337827515383e-02 
  1.818579651558628e-02  1.178554173151619e-02 
  2.874178440489043e-02  1.174475198028827e-02 
  3.849548781424873e-02  1.167993968249292e-02 
  4.629303745613801e-02  1.142922940849982e-02 
  5.005454608544500e-02  1.096181075174109e-02 
  4.690753673731021e-02  1.017331518923360e-02 
  3.568873277039904e-02  9.055928814081647e-03 
  1.974301508603970e-02  7.866758172920209e-03 
  6.729257967224757e-03  6.938352336883698e-03 
  1.594844802419589e-03  6.251261262540489e-03 
  3.673575139665077e-03  5.886785344436803e-03 
  1.063395889827501e-02  5.808258009756284e-03 
  1.996612691442409e-02  5.835255814002960e-03 
  3.041793849196309e-02  5.824624732760877e-03 
  4.060520686584215e-02  5.677010532914336e-03 
  4.961618604612306e-02  5.679860900606864e-03 
  5.535251743199483e-02  5.269667943912049e-03 
  5.507756445304724e-02  4.565168900071272e-03 
  4.652586726848104e-02  3.760116059153367e-03 
  3.068911236882964e-02  3.093202482099320e-03 
  1.496504673215542e-02  2.800202893285106e-03 
  6.063291212521920e-03  2.879345300400023e-03 
  5.731461472411836e-03  3.050338947827356e-03 
  1.154442023499136e-02  3.086808944398508e-03 
  2.069529051894106e-02  3.124320295548251e-03 
  3.116364348767205e-02  3.113035691690396e-03 
  4.175926319985552e-02  3.070249363479342e-03 
  5.153039569619342e-02  3.119968074043815e-03 
  5.855768880725756e-02  3.205348094923025e-03 
  6.039344830484538e-02  3.430568140273863e-03 
  5.403351588280476e-02  4.101600902568100e-03 
  3.875085840301837e-02  5.085619340054642e-03 
  1.984141438468250e-02  6.068754230544382e-03 
  6.309001452222512e-03  7.103488799183776e-03 
  2.661437227421945e-03  7.479404994171675e-03 
  5.440230831111687e-03  7.731003146011706e-03 
  1.338394451016267e-02  7.629218443418789e-03 
  2.388906088821481e-02  7.515493439010357e-03 
  3.514826380807391e-02  7.228040877381620e-03 
  4.594474308532646e-02  7.121941466623446e-03 
  5.450841168791147e-02  7.156984060717401e-03 
  5.823967293391150e-02  7.565250274882735e-03 
  5.285189060195119e-02  8.347504272283809e-03 
  3.593310755781114e-02  9.561090962221524e-03 
  1.203772942550630e-02  1.080109659444749e-02 
  1.145812029294116e-02  1.195214353480333e-02 
  2.216209067175117e-02  1.247817723839248e-02 
  2.258684790234568e-02  1.268587126776841e-02 
  1.635763741596847e-02  1.237038453673813e-02 
  7.936543069111100e-03  1.215571474355289e-02 
  7.398143949838509e-03  1.157457357735816e-02 
  1.627036431120955e-02  1.131646409947841e-02 
  2.400539338886596e-02  1.123663050087879e-02 
  2.628224003465993e-02  1.140662463028168e-02 
  1.828795638797973e-02  1.237350391297222e-02 
  9.883398974292652e-03  1.397102275497817e-02 
  4.802413236644913e-02  1.580757678254432e-02 
  9.237087921062109e-02  1.743351260131125e-02 
  1.247264401973893e-01  1.853776831308634e-02 
  1.421615426017082e-01  1.900737967963558e-02 
  1.482377373273638e-01  1.893070334957651e-02 
  1.499189657147966e-01  1.854901489668925e-02 
  1.512205200841197e-01  1.830811366251231e-02 
  1.553919717285079e-01  1.839727711053574e-02 
  1.667534305999622e-01  1.924111565190181e-02 
  1.930170960572362e-01  2.135984269511465e-02 
  2.480669616358425e-01  2.567653109028254e-02 
  3.497924870821316e-01  3.241281123579590e-02 
  5.079197816568650e-01  4.141489837379057e-02 
  6.971553706462107e-01  5.014418764861524e-02 
  8.492904241154388e-01  5.660659734773280e-02 
  8.909613759911911e-01  5.840434396216133e-02 
  8.172007891976066e-01  5.528348339655439e-02 
  6.749954997640841e-01  4.897448750467719e-02 
  5.197157488566961e-01  4.151057029543165e-02 
  3.869345652146622e-01  3.516267446522227e-02 
  2.831607326639217e-01  2.986470986897206e-02 
  2.914282694352357e-01  3.782659068111011e-02 
  3.853280523886674e-01  4.369122283863376e-02 
  5.073495475060888e-01  5.058383474640808e-02 
  6.572996142006284e-01  5.801966942212777e-02 
  8.117066002539050e-01  6.454548225430821e-02 
  9.171559278354073e-01  6.746137674782976e-02 
  9.120806189292606e-01  6.597844108865923e-02 
  7.906645682729451e-01  5.938015132198575e-02 
  6.032634693288818e-01  5.065511434085815e-02 
  4.292042634940904e-01  4.229837663966500e-02 
  3.098652518437047e-01  3.546550106147147e-02 
  2.445244706277763e-01  3.133228729043665e-02 
  2.112951737717594e-01  2.896006618114406e-02 
  1.965789574054589e-01  2.785149743702353e-02 
  1.900968968026025e-01  2.788885279653819e-02 
  1.885177628716355e-01  2.751413412292090e-02 
  1.875033482660681e-01  2.786929290456838e-02 
  1.832149158166003e-01  2.821578256924122e-02 
  1.696569000539952e-01  2.720118035437596e-02 
  1.408111279525638e-01  2.601532465561670e-02 
  9.840321263727012e-02  2.401562812346143e-02 
  5.568628264217308e-02  2.205510349123384e-02 
  2.741647573119166e-02  2.084039758462848e-02 
  1.693323078132861e-02  1.990036078254200e-02 
  1.782242219196578e-02  1.932702685018116e-02 
  2.488557772038107e-02  1.973472368427018e-02 
  3.489628758856937e-02  1.979803556137810e-02 
  4.585831861471516e-02  2.031732370340110e-02 
  5.616682533816802e-02  2.100487976905917e-02 
  6.395817712055414e-02  2.118889700709066e-02 
  6.607070293855392e-02  2.165723205607920e-02 
  5.845685916239522e-02  2.073075408867574e-02 
  3.946205316765942e-02  1.987366889560233e-02 
  1.537211863079061e-02  1.866670224313990e-02 
  7.310081642144739e-03  1.764494057205808e-02 
  1.405058081953144e-02  1.655012582812069e-02 
  1.218024649641106e-02  1.644503113275734e-02 
  5.625348428334775e-03  1.608293845418049e-02 
  9.293943487101435e-03  1.625550440085306e-02 
  2.026646613663895e-02  1.647826565221218e-02 
  3.112133922014250e-02  1.693774928153745e-02 
  4.062951399407099e-02  1.715160632842811e-02 
  4.611496967386176e-02  1.728462851391947e-02 
  4.428097016241122e-02  1.694606820364516e-02 
  3.289608971303042e-02  1.622258281965531e-02 
  1.457792217426447e-02  1.506791980082332e-02 
  4.657635276065619e-03  1.393096977601942e-02 
  1.209637459429347e-02  1.300317328043968e-02 
  1.163977478579831e-02  1.238536044036281e-02 
  5.601892588899421e-03  1.206887390979995e-02 
  5.869118488925813e-03  1.197675043340455e-02 
  1.609916781335913e-02  1.210642176934057e-02 
  2.684610765270966e-02  1.212906713773946e-02 
  3.658850607176196e-02  1.246392565929490e-02 
  4.374554961868834e-02  1.234091894834553e-02 
  4.576156066875425e-02  1.235555618694831e-02 
  3.944259474032089e-02  1.155181167133727e-02 
  2.483106674987496e-02  1.065382846443368e-02 
  8.224132096537076e-03  9.400034553030349e-03 
  3.585696500672403e-03  8.413629816869087e-03 
  5.445942196095646e-03  7.632221221618582e-03 
  1.732195186274898e-03  7.178475128387514e-03 
  8.231727350286164e-03  6.884779728396065e-03 
  1.842372859843160e-02  6.735817315561674e-03 
  2.907810680342698e-02  6.733815298922987e-03 
  3.885873668398271e-02  6.884819360488069e-03 
  4.687264134556511e-02  6.981638373532886e-03 
  5.049316307997190e-02  6.737279272138744e-03 
  4.723686071261102e-02  6.313110631378955e-03 
  3.566867505450860e-02  5.410662564007344e-03 
  1.953844637988096e-02  4.419284896745573e-03 
  6.395238970500750e-03  3.525652462911464e-03 
  1.374719292093109e-03  2.890205678671365e-03 
  3.704023875215848e-03  2.677851255922136e-03 
  1.071624730149064e-02  2.714438147122434e-03 
  2.023547146161083e-02  2.695220181918444e-03 
  3.073718757115567e-02  2.691022630287676e-03 
  4.081877596608275e-02  2.696105609490378e-03 
  4.969530694389247e-02  2.663523911681283e-03 
  5.554194414528448e-02  2.686900907416151e-03 
  5.538878356391080e-02  2.796853702885656e-03 
  4.675595988729068e-02  3.159712003307779e-03 
  3.046601680978807e-02  3.913622209946896e-03 
  1.459530172149342e-02  4.849928097199477e-03 
  5.923873520008887e-03  5.878350126900482e-03 
  5.732068574739457e-03  6.653516680468199e-03 
  1.170845193332425e-02  7.276332727726822e-03 
  2.102420958986525e-02  7.418943266593388e-03 
  3.145244614338130e-02  7.544376437205394e-03 
  4.204331749173024e-02  7.497236312475571e-03 
  5.174645791730065e-02  7.408043093060413e-03 
  5.886345877833481e-02  7.452138194925841e-03 
  6.067221878155658e-02  7.668464298445156e-03 
  5.424009323387143e-02  8.294434845046602e-03 
  3.884415043418708e-02  9.319233641069494e-03 
  1.986724179336381e-02  1.055951326276141e-02 
  6.498131225248250e-03  1.180032721059990e-02 
  2.713460334186221e-03  1.286691849660675e-02 
  5.515529063162107e-03  1.348149484548859e-02 
  1.377624562169867e-02  1.372369950030560e-02 
  2.415592805050856e-02  1.393628117592372e-02 
  3.538619996691363e-02  1.370497980750881e-02 
  4.635539940487030e-02  1.352359169345658e-02 
  5.487499925739786e-02  1.344922316625556e-02 
  5.849716612868610e-02  1.343050676676903e-02 
  5.302800973919617e-02  1.400945530448840e-02 
  3.626760502542997e-02  1.510334524576891e-02 
  1.243519148993937e-02  1.663227472965782e-02 
  1.131268976538885e-02  1.805409818552159e-02 
  2.192733124776694e-02  1.941202535960489e-02 
  2.214750341759520e-02  2.022531992370272e-02 
  1.593227622546838e-02  2.070479572123281e-02 
  7.620091344040095e-03  2.092308406643350e-02 
  7.824231242098934e-03  2.057343458279142e-02 
  1.696338337722021e-02  2.043001097803581e-02 
  2.441744270745217e-02  2.024381454253557e-02 
  2.710859924928240e-02  2.037435880111399e-02 
  1.914275439817209e-02  2.105898813982022e-02 
  9.229585075857324e-03  2.243048426888469e-02 
  4.726452279107476e-02  2.467460732635121e-02 
  9.099153203803531e-02  2.714938836301391e-02 
  1.239813975076056e-01  2.948809723948480e-02 
  1.410378170295748e-01  3.142979511921925e-02 
  1.474979985863102e-01  3.278380440699397e-02 
  1.487880758249794e-01  3.360922901447609e-02 
  1.496579277280544e-01  3.414873339722006e-02 
  1.535574803486235e-01  3.465024821485982e-02 
  1.650537239588678e-01  3.513692082207016e-02 
  1.911179495622855e-01  3.665147862445356e-02 
  2.457462941347214e-01  3.886652833603665e-02 
  3.478583858350013e-01  4.340731770074164e-02 
  5.063888999488401e-01  4.987890376291525e-02 
  6.948379453061073e-01  5.648659547528226e-02 
  8.490003658177455e-01  6.067604293871003e-02 
  8.911749642358729e-01  6.110322743266673e-02 
  8.205031021585926e-01  5.693287298168113e-02 
  6.775568298438644e-01  5.001856178119167e-02 
  5.233984442072904e-01  4.253764083671475e-02 
  3.894607782655183e-01  3.559990179986780e-02 
  2.858062208328780e-01  3.021983230252326e-02 
  2.895650735205577e-01  3.582293375907582e-02 
  3.850074890647150e-01  4.165337056444487e-02 
  5.061073883737245e-01  4.880931357032847e-02 
  6.550465707130704e-01  5.608706961648992e-02 
  8.035974082027255e-01  6.208257187464831e-02 
  9.072399738032771e-01  6.434800694240532e-02 
  9.045660364921676e-01  6.155753206744519e-02 
  7.853984274430429e-01  5.338649390294326e-02 
  6.034376138161192e-01  4.273074355361219e-02 
  4.336721942308560e-01  3.125603611316206e-02 
  3.161525778878526e-01  2.240702248683389e-02 
  2.492469642086613e-01  1.629594686791858e-02 
  2.149222989265706e-01  1.248615437175623e-02 
  1.984748248557132e-01  1.061250358596156e-02 
  1.920672761535068e-01  1.058524099295189e-02 
  1.892666204292635e-01  1.089930234467941e-02 
  1.873846782578767e-01  1.267104986440142e-02 
  1.823396964082525e-01  1.398441810546092e-02 
  1.682520356489532e-01  1.487081086266196e-02 
  1.401660637657315e-01  1.512518342151044e-02 
  9.884102201954452e-02  1.447329619483769e-02 
  5.711515074500362e-02  1.307152777349452e-02 
  2.970403359304592e-02  1.154815488371144e-02 
  1.877317494776225e-02  1.056382139795444e-02 
  1.941009573233559e-02  9.895488763785758e-03 
  2.603094157201965e-02  9.735547947183884e-03 
  3.571493609484534e-02  9.942474825063510e-03 
  4.610645453205305e-02  1.079177917312094e-02 
  5.583841438782087e-02  1.169507738952443e-02 
  6.314063967159171e-02  1.281442725438880e-02 
  6.490918069723078e-02  1.351912084056031e-02 
  5.756324619716591e-02  1.388001226880177e-02 
  3.924550550061474e-02  1.332097306012401e-02 
  1.593501319299138e-02  1.253417344291149e-02 
  6.517580851734132e-03  1.100621519646277e-02 
  1.267701275728562e-02  1.008304139154318e-02 
  1.084010970411354e-02  9.287273815817135e-03 
  5.193180017984056e-03  8.756696546900403e-03 
  9.738753588247932e-03  8.704048453870177e-03 
  2.030980610966342e-02  8.985726587576105e-03 
  3.074770653415846e-02  9.514185178099040e-03 
  3.973279599133157e-02  1.018760035795619e-02 
  4.490573171424756e-02  1.075708003792372e-02 
  4.298792944143944e-02  1.100336323984995e-02 
  3.200847088022505e-02  1.072680658669912e-02 
  1.462745185603985e-02  9.847119310797169e-03 
  3.916795321460493e-03  8.711827148710051e-03 
  1.086071024874714e-02  7.572104519504565e-03 
  1.036345049984020e-02  6.585388485941208e-03 
  4.653503312291220e-03  5.960921464346767e-03 
  6.317269103149781e-03  5.601527210722770e-03 
  1.623456765548546e-02  5.608267239309354e-03 
  2.660569005158148e-02  5.783996213830710e-03 
  3.595931228762410e-02  6.016376413650049e-03 
  4.276391694239606e-02  6.532782512130059e-03 
  4.462696244324003e-02  6.766858575403623e-03 
  3.840888743044604e-02  6.470355608519045e-03 
  2.478171609953264e-02  5.854317202943020e-03 
  8.628586901126974e-03  4.850005152679353e-03 
  2.955342554876453e-03  3.786996903386815e-03 
  4.448875756222549e-03  2.910194060400451e-03 
  1.727941667730696e-03  2.501581750568361e-03 
  8.962053401316249e-03  2.444854397698924e-03 
  1.873720366377320e-02  2.415161627916915e-03 
  2.894172931626960e-02  2.438614489962170e-03 
  3.849105611254346e-02  2.430758426737103e-03 
  4.595713296139939e-02  2.528733138914521e-03 
  4.949427617983317e-02  2.616809453172480e-03 
  4.623961158927414e-02  2.620121313910685e-03 
  3.510056663126009e-02  2.538169376738485e-03 
  1.967834984998090e-02  2.807211924427188e-03 
  6.982868721931914e-03  3.532664548027480e-03 
  2.259961690811790e-03  4.664877031361680e-03 
  4.531041369108091e-03  5.529857626975249e-03 
  1.141442864060331e-02  6.303870748355672e-03 
  2.065907524153695e-02  6.667768299888986e-03 
  3.077942677123400e-02  6.924370540240445e-03 
  4.067668266602969e-02  6.759231172417491e-03 
  4.926059206909120e-02  6.540409640320332e-03 
  5.483915160539644e-02  6.247410598275218e-03 
  5.442133327055614e-02  6.333177351669586e-03 
  4.599871264685037e-02  6.836835019289787e-03 
  3.036404157325099e-02  7.831328650401330e-03 
  1.534507718921715e-02  9.276565171244923e-03 
  6.899428643583229e-03  1.060303268086860e-02 
  6.850198831758214e-03  1.190334716163504e-02 
  1.261502534419460e-02  1.290600859506511e-02 
  2.159707454823764e-02  1.351603942810109e-02 
  3.174490102603211e-02  1.371241504726989e-02 
  4.195689851834716e-02  1.368876128494195e-02 
  5.132565227960549e-02  1.352501171646603e-02 
  5.806165052023288e-02  1.318295136904316e-02 
  5.984526265192421e-02  1.300059262985867e-02 
  5.349688901321423e-02  1.338475265485370e-02 
  3.857699789776321e-02  1.420489899544359e-02 
  2.021413572447179e-02  1.563654503488448e-02 
  7.242191883663403e-03  1.732210034135987e-02 
  3.512645943558523e-03  1.874484700194860e-02 
  6.695041561530772e-03  1.993859950347301e-02 
  1.462052700781867e-02  2.065072484061934e-02 
  2.492623455340681e-02  2.101215762253850e-02 
  3.578214550270310e-02  2.099486323999662e-02 
  4.622783211357651e-02  2.074049895413334e-02 
  5.447693025921111e-02  2.033030995861208e-02 
  5.792910615204311e-02  2.009164518549308e-02 
  5.248468286745868e-02  2.027168737463454e-02 
  3.577990040653951e-02  2.127488885957998e-02 
  1.244090510292525e-02  2.273167561717508e-02 
  1.033719901131869e-02  2.458036910078417e-02 
  2.036352121380623e-02  2.648265970516922e-02 
  2.052798763210166e-02  2.807413280399162e-02 
  1.451702174553359e-02  2.916463529976160e-02 
  6.742931182937109e-03  2.989659994082640e-02 
  8.715552581766253e-03  3.006566748370658e-02 
  1.756978824742725e-02  2.995105330055768e-02 
  2.489584247459979e-02  2.964407818298424e-02 
  2.693866858486478e-02  2.953912659074186e-02 
  1.884240252949932e-02  2.990976494436413e-02 
  9.293885707022574e-03  3.115478438856434e-02 
  4.643949381920073e-02  3.364046188121426e-02 
  8.921594445801936e-02  3.677391348435687e-02 
  1.214602099181964e-01  4.026628378580623e-02 
  1.379667478949039e-01  4.357077150200982e-02 
  1.442777056370077e-01  4.619912497830377e-02 
  1.459225053175308e-01  4.831070775773258e-02 
  1.471840934897390e-01  4.978954987139000e-02 
  1.519638813211574e-01  5.045770577405066e-02 
  1.645833232748580e-01  5.070322690352899e-02 
  1.922778367423416e-01  5.125092993954925e-02 
  2.488871515666563e-01  5.197812389886093e-02 
  3.519051538524026e-01  5.438634208100491e-02 
  5.132063571238744e-01  5.844030179046120e-02 
  7.029870541898271e-01  6.271847645389531e-02 
  8.543357449134487e-01  6.515606531754740e-02 
  8.983495971195379e-01  6.392090277106809e-02 
  8.234294156205672e-01  5.879700438253251e-02 
  6.769882443268761e-01  5.088779698851260e-02 
  5.218934272595668e-01  4.298127061641220e-02 
  3.873940779057913e-01  3.597378212269570e-02 
  2.836460743816683e-01  3.058908244405258e-02 
  2.877308822578185e-01  3.329947603762036e-02 
  3.814611180747161e-01  3.971625587427922e-02 
  5.042233777389110e-01  4.683129313943042e-02 
  6.533767515859720e-01  5.420437610059120e-02 
  8.038148539077897e-01  6.018771419069308e-02 
  9.089778017005475e-01  6.225372601875112e-02 
  9.111305892230241e-01  5.866763076341328e-02 
  7.962476752641955e-01  4.965357240950279e-02 
  6.156400678527886e-01  3.675660997332510e-02 
  4.436959120181964e-01  2.338673259837891e-02 
  3.226925785368412e-01  1.217069838935380e-02 
  2.535860899635041e-01  4.473047396602117e-03 
  2.178139181334382e-01  1.034354123205022e-03 
  1.999569839137952e-01  2.976818801408735e-03 
  1.915298097942031e-01  2.850422910281454e-03 
  1.877288316890846e-01  1.864363964294343e-03 
  1.849900106411785e-01  5.544565266088714e-04 
  1.793252427363643e-01  3.144963431564342e-03 
  1.655492727940469e-01  5.330171710884372e-03 
  1.379218828662479e-01  6.716754887330065e-03 
  9.733122230640180e-02  6.709781842050357e-03 
  5.689101437538227e-02  5.964388168072970e-03 
  2.993473220887547e-02  4.663604900671512e-03 
  1.945422468300642e-02  3.165181728275617e-03 
  2.010122743286879e-02  2.459950397119878e-03 
  2.643649818473081e-02  2.064047797017310e-03 
  3.543847112053063e-02  2.397176988108638e-03 
  4.553110887806996e-02  3.435382112351461e-03 
  5.481811875582154e-02  4.596516781197207e-03 
  6.166607792348423e-02  6.238974347993363e-03 
  6.320341248300526e-02  7.564864439862003e-03 
  5.612932601588005e-02  8.582887103610543e-03 
  3.841519812367421e-02  8.572106340408498e-03 
  1.605042650693196e-02  7.850082121090183e-03 
  6.226285448925060e-03  6.726458235351701e-03 
  1.193666009992864e-02  5.201887433204767e-03 
  1.011142412648405e-02  4.134874666023767e-03 
  4.975183200840438e-03  3.441543394869196e-03 
  9.873737507935607e-03  3.334019226709391e-03 
  2.011144276584929e-02  3.573987670925535e-03 
  3.002746900629664e-02  4.241743470640994e-03 
  3.853742365514451e-02  5.208279111376998e-03 
  4.356923929640551e-02  6.059281091656091e-03 
  4.159553143961840e-02  6.749952240848310e-03 
  3.101292489261063e-02  6.802749827705603e-03 
  1.423728003677047e-02  6.213903435437741e-03 
  3.774825910309279e-03  5.106610689565283e-03 
  9.912632999605202e-03  3.811797755557398e-03 
  9.483012594976662e-03  2.822771669334023e-03 
  4.063686324000930e-03  2.288341833152710e-03 
  6.621141623679449e-03  2.153895852532210e-03 
  1.619761892865742e-02  2.084806968466135e-03 
  2.608308924676082e-02  2.187671202562111e-03 
  3.500179987526306e-02  2.375648592855571e-03 
  4.150717034535126e-02  2.849113824389333e-03 
  4.322160374060163e-02  3.260499215131703e-03 
  3.740646147706306e-02  3.415317236977875e-03 
  2.401455687929929e-02  3.002391694360368e-03 
  8.576807788319754e-03  2.436496826187315e-03 
  2.600724071425285e-03  2.514406264321461e-03 
  3.817184286451947e-03  3.191253837102582e-03 
  1.921326077714219e-03  4.241743470640994e-03 
  9.355629774648133e-03  4.879467166292413e-03 
  1.895720591129827e-02  5.266819683874407e-03 
  2.856353651328437e-02  5.265045758618775e-03 
  3.796929884503502e-02  4.893829110673759e-03 
  4.513012406018810e-02  4.489299190151649e-03 
  4.849751403254748e-02  4.064320988761552e-03 
  4.540190518281560e-02  3.878769750469125e-03 
  3.456221578798437e-02  4.238201979600449e-03 
  1.949396928163293e-02  5.109073493394951e-03 
  7.482500893514762e-03  6.486029207046384e-03 
  2.839567045707242e-03  7.995618239061890e-03 
  5.247454449417144e-03  9.343384040670815e-03 
  1.196321553805560e-02  1.037168933990552e-02 
  2.108541374829209e-02  1.105647020705487e-02 
  3.078636240212058e-02  1.130294853084101e-02 
  4.022999488682347e-02  1.113141437551268e-02 
  4.834746162643065e-02  1.076301139322852e-02 
  5.368850086159242e-02  1.007884346021468e-02 
  5.330555597346935e-02  9.948712941820497e-03 
  4.497289318309261e-02  1.017215806380431e-02 
  3.010362028799454e-02  1.109540476241688e-02 
  1.568753932036370e-02  1.255859485034720e-02 
  7.671022867200128e-03  1.430619202271411e-02 
  7.817124473689848e-03  1.590997510175905e-02 
  1.347595733630159e-02  1.721862033162727e-02 
  2.226255868922958e-02  1.801585592171745e-02 
  3.205496650187983e-02  1.844622492812930e-02 
  4.200296296268316e-02  1.845338743516721e-02 
  5.081271228951682e-02  1.801442481363698e-02 
  5.730289023105645e-02  1.753599649500585e-02 
  5.879934352803774e-02  1.717390277740544e-02 
  5.256891063212705e-02  1.723536360846165e-02 
  3.813005461885169e-02  1.792165447583020e-02 
  2.069711807942694e-02  1.929926413350686e-02 
  8.195082450870932e-03  2.117779792385023e-02 
  4.694710616499881e-03  2.318196522425679e-02 
  7.876014869158059e-03  2.467656753492254e-02 
  1.560013933623973e-02  2.586239854539067e-02 
  2.561438762001094e-02  2.649753045596194e-02 
  3.572823624176725e-02  2.669802589769400e-02 
  4.575257349997274e-02  2.636909349093247e-02 
  5.357473448574897e-02  2.580004420080362e-02 
  5.672886929058578e-02  2.514910881587000e-02 
  5.150420967542428e-02  2.504844672059029e-02 
  3.563161665849316e-02  2.570503206787053e-02 
  1.309259329800104e-02  2.740980210472162e-02 
  9.026718048166807e-03  2.959847257965154e-02 
  1.819472841215443e-02  3.203404637789226e-02 
  1.850425170747566e-02  3.422680022751283e-02 
  1.285703059520115e-02  3.587280196320498e-02 
  6.152203994843584e-03  3.713795622677703e-02 
  9.166136647791624e-03  3.754946468772559e-02 
  1.769328110014879e-02  3.753917725752798e-02 
  2.434967547092684e-02  3.711505000390587e-02 
  2.607359572088617e-02  3.676173076093875e-02 
  1.806764826927273e-02  3.692630053537693e-02 
  9.459311502809781e-03  3.782732231931375e-02 
  4.524723835425136e-02  4.042514627133013e-02 
  8.587785282333704e-02  4.423575051289335e-02 
  1.172176680976011e-01  4.871006958660985e-02 
  1.336233105717559e-01  5.314001834482270e-02 
  1.402887764176891e-01  5.709719851151470e-02 
  1.423343844042937e-01  6.013937356381129e-02 
  1.449933978214756e-01  6.230390247006103e-02 
  1.510279151889966e-01  6.360363695599870e-02 
  1.655078805957012e-01  6.395483753040279e-02 
  1.947901882803258e-01  6.359612437177253e-02 
  2.530580617805315e-01  6.339075144429032e-02 
  3.575864694561570e-01  6.398305905014193e-02 
  5.176564472375202e-01  6.567658309581109e-02 
  7.071946676481039e-01  6.782647546926168e-02 
  8.596453678981615e-01  6.857109741659846e-02 
  9.013412091310762e-01  6.597648133718860e-02 
  8.241617930168542e-01  6.000319832293272e-02 
  6.818749363187284e-01  5.207274236339203e-02 
  5.238256702714492e-01  4.369442715398542e-02 
  3.905197273016949e-01  3.664246654436648e-02 
  2.859961767068480e-01  3.097304118403385e-02 
  2.857688435866021e-01  3.043083365139389e-02 
  3.804223529291066e-01  3.715294118006508e-02 
  5.016912509377935e-01  4.467868167587710e-02 
  6.496831114067274e-01  5.237187226950261e-02 
  8.009618432569356e-01  5.841003950901055e-02 
  9.049167506228897e-01  6.032958668546048e-02 
  9.094029891566187e-01  5.615254570357042e-02 
  7.981284233060828e-01  4.666134467197049e-02 
  6.223784939661665e-01  3.246668893245569e-02 
  4.520329858222058e-01  1.781539886014402e-02 
  3.319736223984753e-01  5.562858331915403e-03 
  2.626193834292677e-01  3.724951736081988e-03 
  2.225357949696554e-01  9.332482839035523e-03 
  2.015041882605126e-01  1.173385318544131e-02 
  1.904559642300071e-01  1.184319281668102e-02 
  1.844497315017217e-01  1.024491005798388e-02 
  1.798848454458822e-01  7.423177579483753e-03 
  1.730335338259121e-01  4.131986082079593e-03 
  1.589905740379785e-01  1.026882493545701e-03 
  1.326372098098977e-01  1.270086207995139e-03 
  9.537609287097241e-02  2.173884169661276e-03 
  5.705049637089489e-02  1.719327461952251e-03 
  3.237373276068260e-02  6.966810536677452e-04 
  2.191297672144849e-02  1.427138262461718e-03 
  2.159908618408977e-02  2.635911652648317e-03 
  2.695695460990985e-02  3.039747430330556e-03 
  3.489233451024736e-02  2.941427172124353e-03 
  4.396573899597498e-02  2.001542886282020e-03 
  5.217467798903831e-02  9.639543111576940e-04 
  5.833514441839863e-02  1.745515461182097e-03 
  5.927100993611132e-02  3.566514549065146e-03 
  5.265394038282458e-02  4.943702180348050e-03 
  3.618265051354770e-02  5.451176575485630e-03 
  1.584391038696785e-02  5.081114130318317e-03 
  5.456880928245872e-03  3.891631858065281e-03 
  1.004104416662218e-02  2.509592743922802e-03 
  8.612357068306159e-03  1.618734787335602e-03 
  4.806899335510194e-03  1.565549666472249e-03 
  9.850941213320410e-03  1.760573254309174e-03 
  1.904971257561672e-02  1.625243545665568e-03 
  2.833185284216228e-02  1.635757047161286e-03 
  3.586230314808993e-02  2.144152644470723e-03 
  4.041796350088705e-02  3.063279326856675e-03 
  3.839873589102594e-02  4.024807373948370e-03 
  2.904790578981084e-02  4.354238364685678e-03 
  1.399637040771061e-02  4.074218345531045e-03 
  3.242685110238278e-03  3.081572572295816e-03 
  8.319789290814960e-03  2.141765161780443e-03 
  7.887500093003003e-03  2.192139562309301e-03 
  3.378212599679591e-03  2.865634849036435e-03 
  7.007907767716897e-03  3.453867318658165e-03 
  1.573682906057017e-02  3.583846086662549e-03 
  2.472908386284812e-02  3.382582907435242e-03 
  3.291067026986362e-02  2.922325246293737e-03 
  3.893130191693001e-02  2.379768162170080e-03 
  4.024755266807001e-02  2.223488307513211e-03 
  3.498758184262755e-02  2.240625374828935e-03 
  2.292105099453090e-02  2.285184396571972e-03 
  9.281608105200508e-03  2.686863168091537e-03 
  1.686189099223516e-03  3.770206171563617e-03 
  2.340184116681417e-03  5.171078134856438e-03 
  2.902652041058703e-03  6.507714623686895e-03 
  9.914696565527532e-03  7.496274823665633e-03 
  1.862878057989079e-02  8.008291076255357e-03 
  2.756780114227103e-02  8.016881237799754e-03 
  3.610699346561789e-02  7.662182642600644e-03 
  4.272217723446740e-02  6.978133921586287e-03 
  4.565119257551259e-02  6.359172413759342e-03 
  4.271299524660808e-02  5.956490452485502e-03 
  3.301101875866735e-02  6.136341203382713e-03 
  1.947949875139731e-02  6.982640772641725e-03 
  8.593880835481045e-03  8.477519550441508e-03 
  4.382995526309078e-03  1.014296904317514e-02 
  6.815194854982712e-03  1.185320375691593e-02 
  1.296976560406224e-02  1.307079790997556e-02 
  2.126128589535626e-02  1.387704990137526e-02 
  3.017065768387644e-02  1.420883103979454e-02 
  3.888996276844361e-02  1.412745393889747e-02 
  4.649019067175412e-02  1.353949605343087e-02 
  5.127266334903356e-02  1.284661917224111e-02 
  5.094350564711703e-02  1.239965352101930e-02 
  4.331453708939786e-02  1.237592731369086e-02 
  2.966403517028068e-02  1.318098907293137e-02 
  1.645366032630222e-02  1.464898552946533e-02 
  9.314002011153342e-03  1.660592606611543e-02 
  9.471101205254961e-03  1.843043348611204e-02 
  1.479463746191509e-02  1.993490406505297e-02 
  2.273288879073932e-02  2.108360397373953e-02 
  3.176908651679910e-02  2.157304751425821e-02 
  4.081355052857890e-02  2.161344772417545e-02 
  4.911715771838807e-02  2.117383624530079e-02 
  5.491638327036035e-02  2.050684269393167e-02 
  5.623660278548133e-02  1.982411005242876e-02 
  5.052074280776517e-02  1.963847680007414e-02 
  3.726886590834282e-02  2.015287912294525e-02 
  2.111391784529571e-02  2.163246949661000e-02 
  9.728968054574818e-03  2.365616278303071e-02 
  6.454316043835891e-03  2.583681943025347e-02 
  9.612704174960863e-03  2.770115325513342e-02 
  1.676112354997708e-02  2.916925922292530e-02 
  2.591510228892478e-02  2.997431382694500e-02 
  3.553237012981271e-02  3.021720910955771e-02 
  4.461736079928374e-02  2.986105173993057e-02 
  5.186508898753479e-02  2.920565159196089e-02 
  5.448981424124907e-02  2.833563176372768e-02 
  4.938841370399655e-02  2.810240251790653e-02 
  3.439812555608630e-02  2.847050037300696e-02 
  1.336200338301250e-02  3.007582852054036e-02 
  7.517201251194431e-03  3.242663999561096e-02 
  1.579328517479974e-02  3.514566377592186e-02 
  1.607996049230859e-02  3.781796451445148e-02 
  1.100085340421016e-02  3.998565366175773e-02 
  5.755589046005437e-03  4.131137973782471e-02 
  9.712497664409956e-03  4.204719703424992e-02 
  1.718095211340614e-02  4.211516921620042e-02 
  2.302941082916594e-02  4.179894303885515e-02 
  2.425006334429728e-02  4.117755443672694e-02 
  1.612311224242795e-02  4.097795205694879e-02 
  1.031896827803482e-02  4.192842510953994e-02 
  4.439735294021926e-02  4.422459353180964e-02 
  8.281546169214364e-02  4.808917759736712e-02 
  1.122477068422365e-01  5.320672770840167e-02 
  1.282411421696700e-01  5.843006238487169e-02 
  1.352561986116470e-01  6.318359752842288e-02 
  1.386530500080855e-01  6.734392116424039e-02 
  1.430538753409726e-01  6.981570855430300e-02 
  1.513008707288176e-01  7.153637020010373e-02 
  1.675808841353904e-01  7.205609129719837e-02 
  2.005169441353888e-01  7.160638512924276e-02 
  2.611431132920137e-01  7.079399160289851e-02 
  3.688874900249551e-01  7.025035124286678e-02 
  5.327687308290936e-01  7.058064941485294e-02 
  7.219183439396435e-01  7.147368931370147e-02 
  8.717481358926307e-01  7.084522762199817e-02 
  9.113541538277909e-01  6.735150427497688e-02 
  8.301149346935771e-01  6.079644007791223e-02 
  6.804166421443717e-01  5.227540425750637e-02 
  5.231964967761796e-01  4.377283246759008e-02 
  3.877556435023375e-01  3.668837276736552e-02 
  2.847623559536919e-01  3.109231793919499e-02 
  2.819049341681687e-01  2.648451046966328e-02 
  3.755066455619285e-01  3.395209676642433e-02 
  4.974451230178261e-01  4.228789330140956e-02 
  6.464710442208189e-01  5.083400765608331e-02 
  8.028582554073206e-01  5.744604049082549e-02 
  9.089952784080018e-01  5.991473599417027e-02 
  9.165650171790088e-01  5.655294815428449e-02 
  8.079506364127451e-01  4.698141577382242e-02 
  6.333739208934180e-01  3.337094844235923e-02 
  4.635907664903468e-01  1.892269110586092e-02 
  3.417887213419043e-01  5.996120472552707e-03 
  2.662167807411575e-01  3.174309727640778e-03 
  2.234300987021886e-01  8.643430613919121e-03 
  2.001256831193141e-01  1.081461591691181e-02 
  1.867876152278123e-01  1.110857368193010e-02 
  1.792721914406702e-01  9.417212057367499e-03 
  1.737343234455823e-01  6.917555464958034e-03 
  1.660185732972328e-01  3.512213031948863e-03 
  1.521254154808044e-01  1.423785776311970e-04 
  1.267868690862108e-01  2.218596379838564e-03 
  9.162109488957400e-02  3.151933891189216e-03 
  5.649154172943121e-02  2.833131286044526e-03 
  3.257228134438896e-02  1.376148179684087e-03 
  2.234125817938500e-02  6.654095812569670e-04 
  2.164399013785261e-02  1.646810016988618e-03 
  2.620858520081528e-02  2.268315967765090e-03 
  3.340470396628003e-02  1.862438325369088e-03 
  4.134769245985117e-02  1.499963530757031e-03 
  4.913443058047112e-02  8.580076301695814e-04 
  5.438709062768360e-02  2.237853230794043e-03 
  5.573599099672254e-02  3.909542152195288e-03 
  4.898650184890517e-02  5.365064530657522e-03 
  3.388361413506376e-02  6.076031965723968e-03 
  1.502382192654747e-02  5.724534802206954e-03 
  5.303061667040037e-03  4.555808913864513e-03 
  9.435669647279387e-03  3.086463532408993e-03 
  8.112002528775799e-03  1.972466336640158e-03 
  4.672220465178223e-03  1.521569520292809e-03 
  9.139092592075725e-03  1.494495287694769e-03 
  1.775970417306591e-02  1.513520473273712e-03 
  2.624711519858248e-02  1.723680228206319e-03 
  3.337887747662478e-02  2.464879824205591e-03 
  3.736605316378932e-02  3.503855197960532e-03 
  3.564880509245732e-02  4.396215771860387e-03 
  2.674522016758310e-02  4.883008721787094e-03 
  1.294120233330448e-02  4.547375315742701e-03 
  3.185069969732202e-03  3.472470380679017e-03 
  7.560959771364495e-03  2.406958486839516e-03 
  7.172306285760232e-03  1.983134637482733e-03 
  3.282188559626261e-03  2.385429303580393e-03 
  6.564376429039801e-03  2.873953254780355e-03 
  1.473100671127730e-02  3.119776267354107e-03 
  2.309541004961909e-02  2.927447059818161e-03 
  3.078227951145907e-02  2.635064499051962e-03 
  3.624512295642666e-02  2.141842096068120e-03 
  3.757523257536956e-02  2.050954378432184e-03 
  3.268349393705523e-02  2.182511043941857e-03 
  2.173539951867606e-02  2.225490014515460e-03 
  8.954276015390649e-03  2.297007430078849e-03 
  1.692083838255496e-03  3.109570445868703e-03 
  1.748847648373203e-03  4.498081809874457e-03 
  3.212602754378102e-03  5.827206385251759e-03 
  9.808641855794144e-03  6.850892454404457e-03 
  1.774280899787616e-02  7.247755764126872e-03 
  2.622651151811019e-02  7.360597163923112e-03 
  3.410112662693040e-02  7.104758986215348e-03 
  4.018836401956769e-02  6.409893296295856e-03 
  4.289397826366906e-02  5.844922404928676e-03 
  4.043540779522782e-02  5.394368988806311e-03 
  3.136869686439871e-02  5.568522130761499e-03 
  1.908987248214949e-02  6.368798373522232e-03 
  9.145713181795603e-03  7.817696389004640e-03 
  5.312360359655054e-03  9.497657407981693e-03 
  7.425187542569928e-03  1.111427785829952e-02 
  1.319067977815376e-02  1.237068931782707e-02 
  2.090078882844397e-02  1.326710144737842e-02 
  2.926220020825578e-02  1.359155979158253e-02 
  3.750097656599255e-02  1.350837318392064e-02 
  4.453366905161590e-02  1.299658944397928e-02 
  4.894317367710337e-02  1.243701190370366e-02 
  4.868682762614158e-02  1.182948396751583e-02 
  4.159631682048799e-02  1.179374816671793e-02 
  2.912685389845958e-02  1.247605699215574e-02 
  1.675212393668000e-02  1.378912949128394e-02 
  1.020294692226550e-02  1.576171244428134e-02 
  1.043127337875805e-02  1.748107757244869e-02 
  1.527098945893707e-02  1.903415493158240e-02 
  2.278521481412052e-02  2.001605335450337e-02 
  3.117313119922880e-02  2.064776030773685e-02 
  3.970446764225882e-02  2.074715731553940e-02 
  4.733002429249947e-02  2.027897267377620e-02 
  5.264998203980072e-02  1.967298903983755e-02 
  5.384608437294362e-02  1.911113366506450e-02 
  4.842337743811978e-02  1.880473423624692e-02 
  3.608942622307178e-02  1.928343951682690e-02 
  2.148700710186477e-02  2.052220398208012e-02 
  1.102164268551274e-02  2.250515197340291e-02 
  7.760604073210045e-03  2.476672888125865e-02 
  1.053082455382149e-02  2.654736677377366e-02 
  1.723692640545656e-02  2.797777672561710e-02 
  2.562169029903144e-02  2.889285446376062e-02 
  3.449876333673477e-02  2.908831067442976e-02 
  4.299285909567506e-02  2.890090550424385e-02 
  4.940937124820092e-02  2.812219400777575e-02 
  5.171071316679073e-02  2.755734351870552e-02 
  4.693159101638509e-02  2.701674974799598e-02 
  3.302530045333247e-02  2.741585219188824e-02 
  1.396665088045644e-02  2.872949221252180e-02 
  6.611537679908695e-03  3.114457795082337e-02 
  1.389858947790313e-02  3.380698181502245e-02 
  1.435171916107493e-02  3.621906627158653e-02 
  1.000148245366744e-02  3.836617469829574e-02 
  5.852583618487119e-03  3.972041706992674e-02 
  9.352471154069873e-03  4.043158342754540e-02 
  1.605503761389787e-02  4.079073679846053e-02 
  2.118149586856027e-02  4.022480060764030e-02 
  2.157051317650803e-02  3.982020119433519e-02 
  1.396804988451116e-02  3.911758635730805e-02 
  1.127342882813070e-02  4.018455839078647e-02 
  4.328634608090963e-02  4.225181309711840e-02 
  7.985788931299187e-02  4.586530121170673e-02 
  1.076360935248255e-01  5.089785146649117e-02 
  1.236909364059928e-01  5.517954308800446e-02 
  1.315547026705036e-01  6.050693442175630e-02 
  1.362778356000779e-01  6.402045405730922e-02 
  1.421349815195086e-01  6.713522519024021e-02 
  1.518739111727884e-01  6.852669711926379e-02 
  1.708590460960778e-01  6.960819142904776e-02 
  2.062775085875836e-01  6.969657713373925e-02 
  2.706198676894402e-01  6.906693760129363e-02 
  3.799563677977745e-01  6.925460395145269e-02 
  5.404075120225216e-01  7.013265819381720e-02 
  7.286753485472716e-01  7.108863086618808e-02 
  8.767533367042716e-01  7.045639205888818e-02 
  9.146740908137799e-01  6.733033107887100e-02 
  8.340250163440540e-01  6.098036225898182e-02 
  6.864904142368218e-01  5.260574797516977e-02 
  5.285406291975480e-01  4.420617107044982e-02 
  3.926215446963497e-01  3.694034524111382e-02 
  2.867440581931199e-01  3.133351739122564e-02 
  2.774609553967672e-01  2.185565114773355e-02 
  3.726288510125145e-01  3.015127279399998e-02 
  4.935090570167509e-01  3.981866542647337e-02 
  6.451480328324161e-01  4.889473537391462e-02 
  7.971145332012622e-01  5.657798810188495e-02 
  9.045991542587157e-01  6.038607471263845e-02 
  9.137255675807037e-01  5.871766812987066e-02 
  8.086503472393574e-01  5.137918369765500e-02 
  6.372611271425572e-01  4.066769895436199e-02 
  4.705174962680581e-01  2.880347589869325e-02 
  3.470583337487912e-01  1.876675783819481e-02 
  2.695100268869125e-01  1.178368840562542e-02 
  2.238736744264291e-01  7.454449037036825e-03 
  1.975808172087251e-01  5.592358445632415e-03 
  1.827483975023431e-01  5.818812994162268e-03 
  1.738023232185566e-01  6.321663867236043e-03 
  1.665843418640117e-01  7.642622349436509e-03 
  1.580201345944338e-01  9.397875774108416e-03 
  1.440167239097746e-01  1.142745842688211e-02 
  1.206266390157983e-01  1.209417782769653e-02 
  8.811360650891270e-02  1.239741530447309e-02 
  5.574068832380214e-02  1.176820838400271e-02 
  3.338952396639939e-02  1.072572851272476e-02 
  2.298492163350362e-02  9.265205365436060e-03 
  2.159372555291051e-02  8.968434692789323e-03 
  2.503684942132457e-02  7.932151492457667e-03 
  3.123171460108861e-02  8.115164916673093e-03 
  3.818121790176852e-02  8.674122476729513e-03 
  4.496803676678256e-02  9.474747610412523e-03 
  4.979346254672089e-02  1.064462827791776e-02 
  5.049651161737156e-02  1.174637198512592e-02 
  4.459342476746231e-02  1.241505791970226e-02 
  3.113806188014931e-02  1.260002915425795e-02 
  1.439553558365257e-02  1.202712570087614e-02 
  5.156714379938851e-03  1.100652438231941e-02 
  8.601779932118886e-03  9.814961491338316e-03 
  7.837602388165435e-03  9.012451695016598e-03 
  4.730686596162008e-03  8.138922254762362e-03 
  7.982855671352462e-03  8.031399884007046e-03 
  1.559881032886684e-02  7.873422373469902e-03 
  2.338670445496438e-02  8.337336879309239e-03 
  3.003196695235006e-02  9.010215951172457e-03 
  3.347496081990046e-02  9.545105875395806e-03 
  3.207186590103048e-02  1.033614278260963e-02 
  2.421638861405215e-02  9.985842225521171e-03 
  1.190274768149714e-02  9.399915509697253e-03 
  3.108798168321639e-03  8.656908953968111e-03 
  6.966218261106532e-03  7.326860957977018e-03 
  6.838286265856166e-03  6.243480361386580e-03 
  3.250890020973714e-03  5.230195226534302e-03 
  5.613741718259403e-03  4.880738616108209e-03 
  1.309392736231282e-02  4.633219227886321e-03 
  2.082091577612977e-02  4.694029341881690e-03 
  2.774266178582222e-02  5.026003654034732e-03 
  3.275679685356477e-02  5.373652768238403e-03 
  3.395939756942785e-02  5.779296153945391e-03 
  2.965407129552221e-02  5.761389675209512e-03 
  1.985308387423483e-02  5.455950230417127e-03 
  8.660310783599011e-03  4.672734440214536e-03 
  1.843413558185720e-03  3.577953153439793e-03 
  1.418173210968631e-03  2.635911652648317e-03 
  3.242259171058605e-03  2.079568115058049e-03 
  9.186492554278499e-03  1.971389095600934e-03 
  1.655491203176020e-02  2.130057121398395e-03 
  2.426154632091394e-02  2.071018841544673e-03 
  3.138601857037280e-02  2.088156286532266e-03 
  3.696718895509397e-02  2.090776210901738e-03 
  3.953843519900181e-02  2.068246509223998e-03 
  3.713438428319892e-02  2.119390581432934e-03 
  2.933858590416501e-02  2.150200210302616e-03 
  1.836447331024012e-02  2.433338906036359e-03 
  9.557461943048266e-03  3.111378884298238e-03 
  6.062077403871791e-03  4.270629050738128e-03 
  7.881056252479469e-03  5.191450889550662e-03 
  1.293415548376419e-02  6.216024964658359e-03 
  1.978380065609911e-02  6.774099166161423e-03 
  2.757194016691495e-02  7.059667550401279e-03 
  3.495744856917895e-02  7.093285659034668e-03 
  4.138518752061249e-02  6.891444294864437e-03 
  4.555973899160556e-02  6.652593697121223e-03 
  4.510781362621896e-02  6.690220011324951e-03 
  3.886566718311910e-02  6.757963627515241e-03 
  2.783582050641577e-02  7.661876545657260e-03 
  1.697127525842807e-02  8.651017688332232e-03 
  1.093862231380141e-02  1.002677801249098e-02 
  1.100188693312027e-02  1.139845660056547e-02 
  1.536792659233994e-02  1.246708441189018e-02 
  2.204966407312479e-02  1.332340102351149e-02 
  2.971946775369151e-02  1.364929122216888e-02 
  3.762842385519114e-02  1.389900304281532e-02 
  4.467297006931960e-02  1.360939596355282e-02 
  4.957650161705452e-02  1.341456054660228e-02 
  5.055764398468951e-02  1.308189322260989e-02 
  4.562214257176987e-02  1.324730544444620e-02 
  3.455784300939273e-02  1.382047437339560e-02 
  2.110431339175538e-02  1.493848309632518e-02 
  1.131706805122035e-02  1.626336653478290e-02 
  8.519616135029809e-03  1.781967175876676e-02 
  1.095710005339283e-02  1.907766419200332e-02 
  1.697565840022161e-02  2.004628036234404e-02 
  2.465433412284911e-02  2.058344910929258e-02 
  3.287371815433614e-02  2.097202660569172e-02 
  4.066938708770566e-02  2.070942305370291e-02 
  4.658481523996609e-02  2.041310408444879e-02 
  4.854965268256203e-02  2.021699948368186e-02 
  4.391347216203751e-02  2.021681327909283e-02 
  3.088378549471067e-02  2.065087937886390e-02 
  1.334323169781663e-02  2.177970534791019e-02 
  6.154939343876811e-03  2.346722028270197e-02 
  1.296709305244315e-02  2.530119885609634e-02 
  1.360035759257027e-02  2.701243594229986e-02 
  9.955843872207598e-03  2.815994485489721e-02 
  6.026403093700940e-03  2.908403107523382e-02 
  8.484244535095015e-03  2.948428835983587e-02 
  1.423089706665572e-02  2.974566962024039e-02 
  1.853859331628335e-02  2.956377238945890e-02 
  1.858161584983162e-02  2.941835605525771e-02 
  1.111201137679865e-02  2.940930084273155e-02 
  1.362777885313891e-02  3.017788852834864e-02 
  4.437553758924008e-02  3.193896217044741e-02 
  7.866652703260592e-02  3.471243663608680e-02 
  1.055632682046876e-01  3.798676411893734e-02 
  1.217092895600486e-01  4.138871566506933e-02 
  1.300751925258577e-01  4.421125060694027e-02 
  1.361754996274352e-01  4.654504987445347e-02 
  1.430762429231088e-01  4.887028255378112e-02 
  1.547091063020044e-01  5.011856756942522e-02 
  1.758233203934084e-01  5.170629266191260e-02 
  2.133596191069868e-01  5.285357278679231e-02 
  2.799961291247753e-01  5.494195387871413e-02 
  3.914417797773056e-01  5.754500736720066e-02 
  5.552998131934493e-01  6.168732670861988e-02 
  7.432034677269262e-01  6.538519902234120e-02 
  8.883764296884950e-01  6.740145161942995e-02 
  9.199065843188059e-01  6.530163422895799e-02 
  8.366207414362374e-01  5.990058999170564e-02 
  6.851476577333122e-01  5.219914626203768e-02 
  5.248166169320635e-01  4.389719803072849e-02 
  3.879340293855162e-01  3.679381327321025e-02 
  2.848182589749023e-01  3.134530138965622e-02 
  2.719181378021996e-01  1.643759402283439e-02 
  3.664392008795685e-01  2.614815194772694e-02 
  4.874447838612999e-01  3.669950022028183e-02 
  6.402879481503516e-01  4.751400072763387e-02 
  7.947411992861018e-01  5.660185963221914e-02 
  9.058026301027243e-01  6.178911145766225e-02 
  9.162000842437423e-01  6.231972812172499e-02 
  8.125244294117598e-01  5.827690111198054e-02 
  6.401503354033674e-01  5.106387284744862e-02 
  4.721409041548866e-01  4.427399380904493e-02 
  3.468374043243154e-01  3.826817488371748e-02 
  2.672565620296879e-01  3.428021996608452e-02 
  2.208531141221028e-01  3.228795579718796e-02 
  1.938348343183188e-01  3.045413019048027e-02 
  1.781204269172313e-01  2.948363662224376e-02 
  1.686734303527686e-01  2.888974443518728e-02 
  1.617539993558968e-01  2.880544242658949e-02 
  1.532552205293696e-01  2.840318548888561e-02 
  1.396608006273387e-01  2.806531364127643e-02 
  1.170035738470412e-01  2.700149434472031e-02 
  8.565979434114694e-02  2.583601630781988e-02 
  5.427114413186222e-02  2.433119839775146e-02 
  3.191020743517431e-02  2.366432929445045e-02 
  2.154809231091485e-02  2.254462418039239e-02 
  1.971438698752632e-02  2.239050557456654e-02 
  2.290846170096427e-02  2.247795772041683e-02 
  2.878791935275651e-02  2.296202312577593e-02 
  3.548544267686737e-02  2.265150174097478e-02 
  4.206859689948889e-02  2.324769771770694e-02 
  4.685277596644132e-02  2.299763886991484e-02 
  4.773941329895505e-02  2.310327778854495e-02 
  4.203779010025207e-02  2.270529505894550e-02 
  2.910424431244931e-02  2.150499520228397e-02 
  1.317816155450626e-02  2.098970814972632e-02 
  5.271154883507138e-03  1.985641083826407e-02 
  9.376719562154122e-03  1.955475369060504e-02 
  8.723453037018932e-03  1.912876580096415e-02 
  5.012377564113780e-03  1.895554606708939e-02 
  6.575924637288503e-03  1.888695519258163e-02 
  1.356960879576285e-02  1.888745314615171e-02 
  2.096683740797893e-02  1.897911905007059e-02 
  2.742120764067911e-02  1.879503332122984e-02 
  3.096339886941786e-02  1.888768581891396e-02 
  2.973386925127256e-02  1.834971612547867e-02 
  2.223538365987944e-02  1.773228896751067e-02 
  1.052104255875917e-02  1.681601553906497e-02 
  3.281277627209767e-03  1.594934124073594e-02 
  7.614805718460129e-03  1.526043980003539e-02 
  7.718547432807917e-03  1.476236367193223e-02 
  3.945541605695058e-03  1.424434389133986e-02 
  4.407427502761458e-03  1.435239736895028e-02 
  1.134289801639503e-02  1.392222345466315e-02 
  1.879432693750784e-02  1.398866275072142e-02 
  2.564952207593357e-02  1.366908675815639e-02 
  3.052260014773246e-02  1.363623572111515e-02 
  3.184535740316193e-02  1.319770145595797e-02 
  2.770453896311869e-02  1.271336893028110e-02 
  1.853956232943920e-02  1.181061465466817e-02 
  7.692780262462814e-03  1.108103814805729e-02 
  1.391857671139852e-03  1.012633172064820e-02 
  1.698404873593483e-03  9.531592129759766e-03 
  2.307608486049765e-03  9.001363498552909e-03 
  7.873707503716961e-03  8.732355342880051e-03 
  1.489632117311536e-02  8.443284047913113e-03 
  2.246474935254087e-02  8.356553539499859e-03 
  2.939358968184779e-02  8.247181454193122e-03 
  3.486050525927160e-02  7.896065640600651e-03 
  3.752444066094940e-02  7.771097359250792e-03 
  3.531873802344027e-02  7.181593184169983e-03 
  2.778306963129966e-02  6.597367094249274e-03 
  1.731830075129440e-02  5.568675996839806e-03 
  8.881771120030007e-03  4.917978207893729e-03 
  5.320140201222329e-03  4.105334982752420e-03 
  6.971320145108032e-03  3.642499073704477e-03 
  1.179949110924993e-02  3.334596192879135e-03 
  1.849476968280766e-02  3.211395910568314e-03 
  2.587213849511393e-02  3.091739538903554e-03 
  3.321916619222452e-02  3.005395625937319e-03 
  3.936778021025766e-02  2.754953037375761e-03 
  4.335051661236172e-02  2.613805996672802e-03 
  4.308414485426401e-02  2.302205568284740e-03 
  3.725240169843805e-02  2.087771909718537e-03 
  2.655195952483454e-02  2.099865363090754e-03 
  1.615568130125830e-02  2.437575633833029e-03 
  1.031993893204270e-02  2.956407872000314e-03 
  1.017231680643312e-02  3.453483616244074e-03 
  1.426171085998813e-02  3.808447735381565e-03 
  2.076811248523692e-02  4.003009769326158e-03 
  2.798648314910972e-02  4.006474657450494e-03 
  3.564808275699231e-02  4.388476226353359e-03 
  4.233570315451377e-02  4.252143866846218e-03 
  4.707920573994977e-02  4.542754319434994e-03 
  4.823739290479798e-02  5.027235729701854e-03 
  4.362162373633617e-02  5.540869861523311e-03 
  3.297637228240193e-02  6.353472434355240e-03 
  2.026951127378812e-02  7.272368047617159e-03 
  1.098231578845687e-02  8.104455649769271e-03 
  7.905307675205224e-03  8.597986324186797e-03 
  1.005545269792924e-02  8.950102313472574e-03 
  1.565556974786596e-02  9.194498578648562e-03 
  2.296905762796320e-02  9.311996412684254e-03 
  3.099026767122761e-02  9.401963265078880e-03 
  3.849438870464851e-02  9.289505581360489e-03 
  4.415037303563814e-02  9.606806649452484e-03 
  4.617458781968704e-02  9.923524585646311e-03 
  4.176941351508083e-02  1.040677224465057e-02 
  2.943601580055432e-02  1.127756658659790e-02 
  1.236962054829842e-02  1.218502150512700e-02 
  6.678634512088227e-03  1.271545191852379e-02 
  1.370678268786386e-02  1.356190818971317e-02 
  1.454175513434534e-02  1.364371063426813e-02 
  1.115127375086171e-02  1.384812579585403e-02 
  6.783347680077156e-03  1.362483651933704e-02 
  7.237877481803556e-03  1.362002171524704e-02 
  1.215477789530263e-02  1.351384396125960e-02 
  1.612238275586639e-02  1.354958363545811e-02 
  1.606610412715816e-02  1.393004598204209e-02 
  9.268846231975852e-03  1.458254918761630e-02 
  1.527816610443660e-02  1.592819449105377e-02 
  4.526771024842772e-02  1.724958495871043e-02 
  7.938774707283469e-02  1.835252819707602e-02 
  1.060073254290200e-01  1.930731134649331e-02 
  1.225146651496814e-01  1.951574118830683e-02 
  1.317387921766197e-01  2.007354842383670e-02 
  1.382558056758346e-01  2.010281148226701e-02 
  1.457059635995275e-01  2.009099289169192e-02 
  1.577633891318394e-01  2.110339121637818e-02 
  1.791530380948088e-01  2.192269541550455e-02 
  2.168175723216219e-01  2.579010735770676e-02 
  2.853752975842515e-01  3.034503201349131e-02 
  3.959722737319525e-01  3.744636360553399e-02 
  5.575394179694702e-01  4.685356056221431e-02 
  7.436797865250953e-01  5.507509437281805e-02 
  8.894907320759970e-01  6.115485629777465e-02 
  9.241735342368381e-01  6.197368922669076e-02 
  8.406294048622517e-01  5.821928935702892e-02 
  6.897166773755622e-01  5.158903449599826e-02 
  5.290536650977445e-01  4.401338289701635e-02 
  3.914295219083415e-01  3.692795432712042e-02 
  2.860944463414807e-01  3.156054179002876e-02 
  2.643298000068526e-01  9.952142824311335e-03 
  3.589584881433243e-01  2.150514622991250e-02 
  4.838307062859417e-01  3.354560277170230e-02 
  6.342644604296820e-01  4.555794227695417e-02 
  7.877654461372195e-01  5.573363896880634e-02 
  8.967993346420214e-01  6.284669589432748e-02 
  9.056781231088494e-01  6.556101974102721e-02 
  8.042228852377622e-01  6.466476445936971e-02 
  6.340182037104141e-01  6.216028542890992e-02 
  4.650390014048838e-01  5.931178576355554e-02 
  3.413216821935436e-01  5.811257236512448e-02 
  2.639487607872293e-01  5.777405492933334e-02 
  2.179105603000918e-01  5.703996495289065e-02 
  1.913876136411338e-01  5.646818124610308e-02 
  1.761737007650908e-01  5.571724062286538e-02 
  1.668862582124503e-01  5.379268225863088e-02 
  1.600645202831412e-01  5.179324837450806e-02 
  1.517284696046339e-01  4.933191789322348e-02 
  1.382503302372379e-01  4.576934001180565e-02 
  1.155819793110537e-01  4.299747473715772e-02 
  8.405478224072280e-02  3.966778037050793e-02 
  5.309194396743270e-02  3.775379818961532e-02 
  3.056787349602962e-02  3.696581196115849e-02 
  1.994248285602503e-02  3.677879956018017e-02 
  1.808515467145142e-02  3.720631426189739e-02 
  2.126280603101163e-02  3.774371115619384e-02 
  2.701584633421885e-02  3.757618194091694e-02 
  3.387740822002468e-02  3.773412206492258e-02 
  4.028948141116699e-02  3.724299082169216e-02 
  4.525580322245187e-02  3.630890903769472e-02 
  4.617366815290860e-02  3.490996392287827e-02 
  4.079787822934795e-02  3.314326963335267e-02 
  2.820083563735147e-02  3.138612138233846e-02 
  1.196917529145464e-02  3.025880342596903e-02 
  5.738450996998901e-03  2.950732227410768e-02 
  1.048949855268476e-02  2.945020010297842e-02 
  1.003429991194494e-02  2.993303131329126e-02 
  5.977658870819110e-03  3.008364810512617e-02 
  5.378118626979467e-03  3.076438587253611e-02 
  1.189478995369201e-02  3.046110474385382e-02 
  1.933218432741735e-02  3.027050734812487e-02 
  2.563875470779533e-02  2.971432026976313e-02 
  2.939462522308239e-02  2.855221794367924e-02 
  2.825341036290143e-02  2.733932577055634e-02 
  2.121345599052271e-02  2.585761709246305e-02 
  9.561656272091415e-03  2.472209665291238e-02 
  3.709676401625399e-03  2.385338127267266e-02 
  8.858798580141887e-03  2.375702747789872e-02 
  9.013225305911301e-03  2.378659619597766e-02 
  5.202114745130929e-03  2.408159509804127e-02 
  3.189811558243313e-03  2.425802559790103e-02 
  9.720156947729441e-03  2.421908603624164e-02 
  1.709562084911821e-02  2.412350453199788e-02 
  2.400415803645091e-02  2.350002909689749e-02 
  2.885786034631945e-02  2.281155285024858e-02 
  3.035820067089645e-02  2.167617756648904e-02 
  2.638500782871763e-02  2.022762995341220e-02 
  1.723710699358109e-02  1.919077439761736e-02 
  6.479354284471000e-03  1.811798309069371e-02 
  1.738759145784840e-03  1.778235597934269e-02 
  2.905022680157113e-03  1.779829496882418e-02 
  1.247822399626784e-03  1.788891086032374e-02 
  6.209635773702852e-03  1.803800072311682e-02 
  1.332359667168540e-02  1.806194851495680e-02 
  2.070604613730095e-02  1.790817789925290e-02 
  2.769627912309314e-02  1.754470013998034e-02 
  3.326589997788848e-02  1.676394780591008e-02 
  3.584876323998844e-02  1.583484257095573e-02 
  3.390019351869507e-02  1.451087997806212e-02 
  2.654623455472382e-02  1.323197738655564e-02 
  1.611739046417939e-02  1.235659322274197e-02 
  7.502978938892337e-03  1.172045711139726e-02 
  3.836207387845332e-03  1.151638300624148e-02 
  5.219984066631573e-03  1.174348912650548e-02 
  1.013913667531196e-02  1.194644395478228e-02 
  1.668363490285165e-02  1.197355325060418e-02 
  2.412371990715807e-02  1.213249301632774e-02 
  3.127479901193532e-02  1.150355305978804e-02 
  3.752102788905242e-02  1.118483032006328e-02 
  4.158750608031381e-02  1.018856686584885e-02 
  4.153524507963481e-02  9.114855750372578e-03 
  3.584413277422342e-02  7.806875436781264e-03 
  2.534059905075269e-02  6.723723567778566e-03 
  1.471897194019911e-02  6.203776595164373e-03 
  8.759494159123082e-03  6.048957038094000e-03 
  8.497617478685573e-03  6.208976984475740e-03 
  1.255735081662659e-02  6.562516373779095e-03 
  1.887048565349063e-02  6.825472952421091e-03 
  2.624698828283533e-02  6.859439816012728e-03 
  3.383067611565179e-02  6.800017024408913e-03 
  4.058740427659843e-02  6.419714287318744e-03 
  4.548225380617291e-02  5.642271108910891e-03 
  4.665677082003138e-02  4.702427407867493e-03 
  4.225833458589973e-02  3.485138967735513e-03 
  3.146503197181367e-02  2.584883950344279e-03 
  1.865618447102255e-02  2.229648742758312e-03 
  9.364747614452945e-03  2.092893841286196e-03 
  6.248227405221699e-03  2.266967531418374e-03 
  8.259075331825030e-03  2.588465911708633e-03 
  1.370660121312265e-02  3.008861172150451e-03 
  2.109859459673629e-02  3.425945895054914e-03 
  2.902845872026440e-02  3.472238514323043e-03 
  3.648530888728858e-02  3.248213372812623e-03 
  4.237819230300541e-02  2.935418655626523e-03 
  4.452285725104762e-02  2.277942723513531e-03 
  3.999394337448967e-02  2.082957457639344e-03 
  2.770447836072946e-02  2.625474170252738e-03 
  1.066951620516946e-02  3.198109283030328e-03 
  8.441156989016159e-03  3.339832988121770e-03 
  1.601724532345761e-02  2.833247080994948e-03 
  1.701941888590915e-02  2.410347725551190e-03 
  1.349479611291326e-02  2.342604105135214e-03 
  8.360266610098697e-03  2.735887908356335e-03 
  6.361268506793261e-03  3.103715820894301e-03 
  1.031829825925679e-02  3.314223176290244e-03 
  1.433847050752579e-02  3.053305078008434e-03 
  1.441778109577767e-02  2.592162061146205e-03 
  8.200792576375496e-03  2.386393184402066e-03 
  1.737998620389557e-02  3.139261544307221e-03 
  4.838805073921217e-02  4.047683533307644e-03 
  8.311624745016311e-02  4.176774704267133e-03 
  1.105641362253234e-01  3.480401923469963e-03 
  1.270219212698120e-01  2.855814866035171e-03 
  1.362174912053891e-01  3.711896857746669e-03 
  1.426226913056258e-01  5.257460276547096e-03 
  1.498642268040042e-01  6.334640163360796e-03 
  1.614846800484900e-01  6.387131387890530e-03 
  1.821207278771586e-01  4.925947739516053e-03 
  2.192617506764466e-01  3.168763303566640e-03 
  2.848416726497185e-01  8.687565660455861e-03 
  3.952783494101294e-01  1.953141464343561e-02 
  5.593470183448424e-01  3.318656096814464e-02 
  7.482433700345904e-01  4.607481498815899e-02 
  8.950490323393470e-01  5.544080785931879e-02 
  9.276982286885854e-01  5.881977379571608e-02 
  8.412730514804938e-01  5.655441312548186e-02 
  6.874869795195306e-01  5.057631111246529e-02 
  5.253132163765095e-01  4.338197802261175e-02 
  3.893575741084672e-01  3.693726625940189e-02 
  2.850203226472453e-01  3.171694141499147e-02 
  2.529299320649757e-01  4.350002935215185e-03 
  3.488113655334477e-01  1.705131784742895e-02 
  4.752746791948177e-01  3.032392403429535e-02 
  6.296522032663788e-01  4.368580571594662e-02 
  7.863662710120348e-01  5.526756745772731e-02 
  8.976828483355159e-01  6.309078774565777e-02 
  9.066503371251794e-01  6.706361346317055e-02 
  8.005596139941756e-01  6.771517419337535e-02 
  6.261448708824847e-01  6.692387047454577e-02 
  4.570551189849688e-01  6.631708067325905e-02 
  3.335632352035420e-01  6.710218314329050e-02 
  2.568120380319022e-01  6.814012093220140e-02 
  2.127467465772344e-01  6.914739921712046e-02 
  1.885727903118500e-01  6.903321504319739e-02 
  1.746212438265341e-01  6.805381090195012e-02 
  1.667638747468261e-01  6.613380340104100e-02 
  1.611636435936145e-01  6.316102946747952e-02 
  1.537256108229805e-01  5.940221645937487e-02 
  1.407620157342263e-01  5.478518089716148e-02 
  1.174682306704618e-01  5.051778497103983e-02 
  8.457282299994080e-02  4.690991543061303e-02 
  5.148257695876770e-02  4.439554073120594e-02 
  2.842763805962592e-02  4.344933661281184e-02 
  1.763803204798761e-02  4.361378215465208e-02 
  1.605285849287349e-02  4.418896707806907e-02 
  1.953820569055922e-02  4.488637154544711e-02 
  2.581469673199814e-02  4.499632552380775e-02 
  3.308855696098782e-02  4.473562919898524e-02 
  4.016495894423053e-02  4.413927037814693e-02 
  4.545750837058068e-02  4.263145448435293e-02 
  4.687123829937632e-02  4.077968811970356e-02 
  4.142901686658469e-02  3.832659169004713e-02 
  2.824767952103132e-02  3.616387421390401e-02 
  1.115746998925889e-02  3.455249398172826e-02 
  6.815376891180304e-03  3.391127353681409e-02 
  1.247324283202234e-02  3.417820103855480e-02 
  1.180107654629555e-02  3.474117077091665e-02 
  7.168961158372523e-03  3.528064773809704e-02 
  4.730019458690725e-03  3.585805260421122e-02 
  1.103676962331598e-02  3.581315233182816e-02 
  1.876163477048958e-02  3.534696663893074e-02 
  2.549205092395910e-02  3.456085675564059e-02 
  2.960077469853774e-02  3.306609049619933e-02 
  2.856772636785386e-02  3.143122445482920e-02 
  2.113852487649809e-02  2.976630654662317e-02 
  8.780520827221382e-03  2.828033176547264e-02 
  4.809084713517159e-03  2.753831732392130e-02 
  1.071503335674669e-02  2.746891781603362e-02 
  1.097563301463777e-02  2.791835016014638e-02 
  6.828928684998138e-03  2.838596415384607e-02 
  2.519346643783579e-03  2.875576329301576e-02 
  8.532256980752547e-03  2.890321809786154e-02 
  1.621731593291040e-02  2.865324082751497e-02 
  2.341793937608318e-02  2.799376097147660e-02 
  2.854584000913855e-02  2.696252432985708e-02 
  3.034008739009968e-02  2.550862503999583e-02 
  2.642559820588709e-02  2.378656333360328e-02 
  1.666606715170644e-02  2.248466130446315e-02 
  5.163279409010698e-03  2.151500988728972e-02 
  3.139186567531243e-03  2.124242775978175e-02 
  4.797720319105164e-03  2.145878606234160e-02 
  1.818799295755714e-03  2.192766309922976e-02 
  4.747157352460591e-03  2.232684462061488e-02 
  1.216249927457120e-02  2.240167024078646e-02 
  1.985113200737096e-02  2.230185562466815e-02 
  2.708531104667360e-02  2.181917874039792e-02 
  3.305471578976595e-02  2.083354379909693e-02 
  3.591931760695179e-02  1.958020795537860e-02 
  3.399866211212563e-02  1.814421360381181e-02 
  2.621314485084588e-02  1.659560158272618e-02 
  1.487796139146387e-02  1.556745611107493e-02 
  5.629300433143387e-03  1.505767953387126e-02 
  1.775041566103262e-03  1.511166439288406e-02 
  3.338040313694882e-03  1.554034299505432e-02 
  8.407123503026760e-03  1.600156278902364e-02 
  1.525561174429504e-02  1.622546866333385e-02 
  2.300674756661017e-02  1.631943992858411e-02 
  3.057268117843136e-02  1.597892285442112e-02 
  3.717759802364034e-02  1.524079424415407e-02 
  4.148668915785676e-02  1.417844817155481e-02 
  4.149726530387281e-02  1.263099025284145e-02 
  3.545919544213454e-02  1.116596340055763e-02 
  2.435039314165968e-02  1.000351896903403e-02 
  1.296818738827656e-02  9.405159174031175e-03 
  6.621443496252387e-03  9.418829817641892e-03 
  6.335136507701845e-03  9.860483256940706e-03 
  1.055914800625532e-02  1.051403334405742e-02 
  1.718897489848109e-02  1.104711181989660e-02 
  2.492125605382184e-02  1.130487461898944e-02 
  3.275532986409387e-02  1.116615494602806e-02 
  3.997242325562166e-02  1.066618716010205e-02 
  4.524947319091534e-02  9.758847917910768e-03 
  4.660511429409145e-02  8.508523447318847e-03 
  4.191119822981461e-02  6.966079074740712e-03 
  3.090261828049834e-02  5.651514549440698e-03 
  1.717736829649440e-02  4.905154035651733e-03 
  7.094816663467546e-03  4.874074353313376e-03 
  4.279010748283805e-03  5.499624018623923e-03 
  6.133483868316115e-03  6.435118519792767e-03 
  1.162239623208159e-02  7.316422893439245e-03 
  1.941374305617671e-02  7.939968875393966e-03 
  2.778853665188067e-02  8.202970505313514e-03 
  3.570878532092197e-02  8.000012213069065e-03 
  4.207691855686116e-02  7.302715808079253e-03 
  4.438855192304975e-02  6.108345589640777e-03 
  4.002669457947795e-02  4.643655573229730e-03 
  2.712579825239381e-02  3.350656442498937e-03 
  9.205095051494239e-03  2.710778297382340e-03 
  1.079184818825606e-02  2.853465328825414e-03 
  1.912323567742027e-02  3.742129391401932e-03 
  2.015962862390801e-02  5.164994935364386e-03 
  1.615634905202297e-02  6.690449546795357e-03 
  1.027849259586020e-02  8.141928795931619e-03 
  6.367589052002397e-03  8.910238932169447e-03 
  9.168508192241439e-03  9.368107162051784e-03 
  1.346337453062590e-02  9.006943739541414e-03 
  1.395400831306508e-02  8.037868558652494e-03 
  8.245828109671775e-03  6.428647309313361e-03 
  1.829876911132021e-02  4.738356143720167e-03 
  5.087172653214570e-02  3.855046314240388e-03 
  8.734305483793957e-02  4.118315363267191e-03 
  1.161352281289977e-01  5.927916805905507e-03 
  1.333148957416026e-01  8.853934401874163e-03 
  1.419674159074762e-01  1.210761352982952e-02 
  1.476054106564603e-01  1.499011967182157e-02 
  1.539771324381064e-01  1.688598697716033e-02 
  1.645784915151729e-01  1.720810510479981e-02 
  1.831568127237839e-01  1.534327432730636e-02 
  2.173386811585551e-01  1.052485327179581e-02 
  2.804916759434475e-01  3.409155021751941e-03 
  3.886636074847805e-01  1.137396401773863e-02 
  5.486182208051967e-01  2.654200948280290e-02 
  7.358147296815333e-01  4.107369274412133e-02 
  8.844771698585703e-01  5.238527160924377e-02 
  9.205456442112820e-01  5.695568113899140e-02 
  8.367572373330001e-01  5.574592805944013e-02 
  6.905740066294302e-01  5.035653628163121e-02 
  5.282075169374517e-01  4.347398488075233e-02 
  3.928271782502630e-01  3.718206450789376e-02 
  2.863651586980039e-01  3.200605520596730e-02 
  2.413602946632513e-01  6.561665693560784e-04 
  3.392768891305445e-01  1.352224343241623e-02 
  4.680606995538361e-01  2.771424487839744e-02 
  6.244211824713303e-01  4.131642156272228e-02 
  7.810921575866870e-01  5.348786338438521e-02 
  8.873243045590993e-01  6.166221909120249e-02 
  8.925268242196446e-01  6.557176141257383e-02 
  7.836785815430657e-01  6.634730703229265e-02 
  6.122629467544825e-01  6.519729838286893e-02 
  4.437195127052423e-01  6.490664332712552e-02 
  3.232780199102198e-01  6.552989166883570e-02 
  2.508229534482126e-01  6.685964248761092e-02 
  2.097989823969799e-01  6.783587793003643e-02 
  1.882727765363130e-01  6.853270912677505e-02 
  1.764743851163726e-01  6.776163087943828e-02 
  1.700240384291753e-01  6.617192212955074e-02 
  1.648108796545273e-01  6.326085393489081e-02 
  1.584839282870534e-01  5.961738189262511e-02 
  1.454749368609814e-01  5.526588131127932e-02 
  1.214159737910534e-01  5.083234557853458e-02 
  8.653139942381752e-02  4.706942033976482e-02 
  5.181342812104819e-02  4.451007232767571e-02 
  2.724989463556836e-02  4.339861301203986e-02 
  1.627893268692791e-02  4.339700418497098e-02 
  1.513029610420339e-02  4.397999240241518e-02 
  1.908623326765536e-02  4.459757556223665e-02 
  2.592385761009711e-02  4.485124470267406e-02 
  3.386513625975178e-02  4.461847781553104e-02 
  4.148638825005715e-02  4.401450276864387e-02 
  4.726671033646700e-02  4.251095388270554e-02 
  4.893351096432386e-02  4.068372405815378e-02 
  4.319778985141515e-02  3.852905435885508e-02 
  2.912599545274738e-02  3.626076815218332e-02 
  1.099623537514562e-02  3.460229863599556e-02 
  7.707730609784003e-03  3.396958568762655e-02 
  1.389706463361859e-02  3.394866885207830e-02 
  1.326488921980215e-02  3.447836397238099e-02 
  8.095406802348465e-03  3.508177024660455e-02 
  4.513660368484345e-03  3.558122532667296e-02 
  1.086654611473085e-02  3.561889563322474e-02 
  1.908117995397337e-02  3.522738047217818e-02 
  2.629786111121846e-02  3.427909913405498e-02 
  3.065800758804194e-02  3.298074791078903e-02 
  2.964646576509572e-02  3.141315809370331e-02 
  2.159233339885305e-02  2.976600497455444e-02 
  8.436112785963058e-03  2.822675800800522e-02 
  5.686429083804872e-03  2.740206233895270e-02 
  1.227164907075573e-02  2.728406025687643e-02 
  1.249609094750150e-02  2.759854585220576e-02 
  8.152109928839028e-03  2.812740069078613e-02 
  2.641625677157770e-03  2.847427007816395e-02 
  7.911688455268528e-03  2.857301702761210e-02 
  1.613027892845888e-02  2.840425808146193e-02 
  2.361710320171259e-02  2.789631895884058e-02 
  2.913481249218149e-02  2.683728634591031e-02 
  3.093458380437668e-02  2.539908959225394e-02 
  2.671440633024761e-02  2.387663937343299e-02 
  1.649329312056840e-02  2.242381749028657e-02 
  4.038161904328238e-03  2.135984269511465e-02 
  4.725217213356023e-03  2.104274537046991e-02 
  6.513752117756734e-03  2.115773630056402e-02 
  3.240922361768530e-03  2.155617992967423e-02 
  3.555431594660306e-03  2.192554513301032e-02 
  1.110277215039711e-02  2.205814564779966e-02 
  1.939763697871838e-02  2.195323619494425e-02 
  2.695690805693868e-02  2.149764069771754e-02 
  3.322542365998008e-02  2.062503764971148e-02 
  3.635464660897773e-02  1.930507974776071e-02 
  3.421337971266240e-02  1.791956859413052e-02 
  2.594074695994543e-02  1.655278598538251e-02 
  1.395929796139039e-02  1.538571735780483e-02 
  4.078759303182871e-03  1.478881921607600e-02 
  1.264718954327140e-04  1.486049582380719e-02 
  1.513163919933101e-03  1.516932304004104e-02 
  6.820782128294916e-03  1.566673509108359e-02 
  1.415723944222972e-02  1.598604017228353e-02 
  2.220463442437310e-02  1.598269088437321e-02 
  3.027178131549086e-02  1.569342730503840e-02 
  3.732350984486409e-02  1.510946893152214e-02 
  4.191544945102631e-02  1.394517761182467e-02 
  4.207274299101716e-02  1.258901641998901e-02 
  3.560147383842475e-02  1.110018073245314e-02 
  2.353486044310399e-02  9.883050169792153e-03 
  1.138653085623920e-02  9.175821362351688e-03 
  4.563558030026673e-03  9.105225374194807e-03 
  4.268072395585746e-03  9.510559128824739e-03 
  8.774445430380924e-03  1.010091229040294e-02 
  1.577359287917145e-02  1.066199562543338e-02 
  2.397997783687533e-02  1.089679924918196e-02 
  3.225030137170401e-02  1.077321680825634e-02 
  4.005185888775286e-02  1.031472966043679e-02 
  4.553718471811165e-02  9.605688523767747e-03 
  4.714831510455365e-02  8.227927381136989e-03 
  4.218406984296603e-02  6.789119452164614e-03 
  3.024996157824373e-02  5.412509230395253e-03 
  1.537460891373014e-02  4.692489397254184e-03 
  5.041001508197537e-03  4.496809605818114e-03 
  3.061698189430918e-03  5.027582432016037e-03 
  4.313469458582118e-03  5.896066185597707e-03 
  9.940219563535376e-03  6.691298434293917e-03 
  1.812483982967972e-02  7.368336480189628e-03 
  2.703348446100660e-02  7.673352511207823e-03 
  3.561594134061407e-02  7.483143956232455e-03 
  4.236912814680746e-02  6.871534004682727e-03 
  4.517034705566681e-02  5.751608276701754e-03 
  4.053695542326371e-02  4.393827978717311e-03 
  2.653469361471129e-02  3.006165248386401e-03 
  7.481042592747795e-03  2.363516290405609e-03 
  1.365924759544954e-02  2.413196851386901e-03 
  2.262593459505558e-02  3.111072987371410e-03 
  2.338116934272568e-02  4.316150204791635e-03 
  1.882727331849092e-02  5.786961592460444e-03 
  1.204520171677986e-02  7.080117252187656e-03 
  6.664473223193298e-03  8.042681121255372e-03 
  8.999859454534829e-03  8.391333852291821e-03 
  1.385920208459617e-02  8.109771168516904e-03 
  1.498158033337364e-02  7.231079728366034e-03 
  8.802521152862142e-03  5.613774972437559e-03 
  1.857554554342147e-02  4.115040842326017e-03 
  5.338237937373161e-02  3.177929437959148e-03 
  9.243128215600704e-02  3.328626374437350e-03 
  1.227353392512394e-01  4.677970728848558e-03 
  1.396497708388018e-01  7.185483558683287e-03 
  1.477121186695798e-01  1.008018957899268e-02 
  1.520957495125882e-01  1.284431210558728e-02 
  1.568737677268200e-01  1.432270674801654e-02 
  1.654772052124744e-01  1.486345251475653e-02 
  1.818493392455859e-01  1.278126531276408e-02 
  2.133875501279268e-01  8.586472829398393e-03 
  2.735382583388252e-01  3.175078008928781e-03 
  3.791385347782666e-01  1.303729372148750e-02 
  5.413810840485108e-01  2.785203613795286e-02 
  7.295614492453190e-01  4.179436199824608e-02 
  8.797441292713739e-01  5.226128693123027e-02 
  9.160389227903858e-01  5.699465117695558e-02 
  8.354425245865738e-01  5.554859132501230e-02 
  6.857597284263336e-01  5.011938116200811e-02 
  5.254570549350045e-01  4.358466376913952e-02 
  3.893969337184658e-01  3.738621076644631e-02 
  2.858447218747877e-01  3.244948062298728e-02 
  2.273140225807642e-01  2.899255902493324e-03 
  3.256791286117662e-01  1.127679797311267e-02 
  4.574037042356680e-01  2.588950220256203e-02 
  6.152034005513599e-01  3.989194393483208e-02 
  7.773896914268348e-01  5.177677545202437e-02 
  8.868315339819024e-01  6.026884934757052e-02 
  8.907175868662567e-01  6.347801681007106e-02 
  7.786751718268322e-01  6.311508188479704e-02 
  6.019998421379159e-01  6.086108633566006e-02 
  4.318894817680967e-01  5.882299052511093e-02 
  3.145209489896449e-01  5.841743042661589e-02 
  2.443118190881937e-01  5.894750799139106e-02 
  2.065922984227113e-01  6.005067590481065e-02 
  1.868513660913410e-01  5.996806698724813e-02 
  1.772622785079349e-01  5.983637151726612e-02 
  1.725180050222381e-01  5.854979785557296e-02 
  1.687762866098958e-01  5.643276114859418e-02 
  1.629005037723463e-01  5.360651816842081e-02 
  1.498559969880228e-01  4.995789144778425e-02 
  1.245474463317227e-01  4.646436432704176e-02 
  8.795298378256450e-02  4.293139000350125e-02 
  5.069863625386437e-02  4.037986382337687e-02 
  2.576790599065618e-02  3.915098112808985e-02 
  1.484198804287173e-02  3.931130851740928e-02 
  1.408504462804230e-02  3.947452383539862e-02 
  1.873252312383461e-02  4.026921373521451e-02 
  2.615546089977570e-02  4.033252391585788e-02 
  3.470455478827859e-02  4.044628614194368e-02 
  4.308681354898256e-02  3.998661120507134e-02 
  4.936208861903226e-02  3.894375281578316e-02 
  5.104705917122736e-02  3.722219243057737e-02 
  4.503695579678257e-02  3.529431845970307e-02 
  2.981329499705354e-02  3.334623450570313e-02 
  1.056583264188771e-02  3.183733080638621e-02 
  8.856183924838532e-03  3.092964604358300e-02 
  1.557541142454924e-02  3.093063599159758e-02 
  1.455549158003602e-02  3.107845352376427e-02 
  8.877150388777757e-03  3.179077021734201e-02 
  4.469538960948982e-03  3.200551354005872e-02 
  1.103367347129760e-02  3.221570946764977e-02 
  1.978610353897944e-02  3.181522507685207e-02 
  2.748107879638794e-02  3.111765775941149e-02 
  3.197256120238562e-02  3.022810694131178e-02 
  3.074247845696673e-02  2.874593902296832e-02 
  2.229616026212192e-02  2.738955018808654e-02 
  8.124217231290722e-03  2.593637937283731e-02 
  6.853298171091869e-03  2.496560529176206e-02 
  1.377338944376857e-02  2.453092078190992e-02 
  1.397631007950646e-02  2.460551163661558e-02 
  9.148087867800959e-03  2.508287131172198e-02 
  2.824252861000436e-03  2.534105549642932e-02 
  7.568920216182935e-03  2.546506564162068e-02 
  1.622661295833496e-02  2.525960471255394e-02 
  2.412990862750024e-02  2.483797868199867e-02 
  3.012227904336314e-02  2.404786083569724e-02 
  3.200410063648119e-02  2.281510122652908e-02 
  2.749846346440457e-02  2.146948614158153e-02 
  1.634573212425661e-02  2.010724408844292e-02 
  3.233265568132658e-03  1.913231180127788e-02 
  6.170255209548726e-03  1.851323866864031e-02 
  7.969424807682856e-03  1.839823873708679e-02 
  4.454649384534164e-03  1.881192982462983e-02 
  2.642780400852676e-03  1.883932117116806e-02 
  1.075800340423893e-02  1.905856290830767e-02 
  1.929298058995714e-02  1.887770955841693e-02 
  2.715708661136431e-02  1.862949575515591e-02 
  3.380600702456093e-02  1.799975318331440e-02 
  3.695983531011158e-02  1.678043249334537e-02 
  3.490304983684873e-02  1.559449264926719e-02 
  2.610344201119137e-02  1.435776199940890e-02 
  1.343608452789996e-02  1.312325597439422e-02 
  2.646548013697162e-03  1.244890348744159e-02 
  1.560567569030997e-03  1.231527176515144e-02 
  2.090642512469946e-05  1.231697046426999e-02 
  5.723075527988496e-03  1.260137396185050e-02 
  1.341536450854159e-02  1.285298053999447e-02 
  2.195381890209826e-02  1.284096168136499e-02 
  3.029032111187721e-02  1.257303139520153e-02 
  3.774898922621477e-02  1.206902814311625e-02 
  4.266929598742392e-02  1.120373814779243e-02 
  4.269785690028061e-02  1.009748809949924e-02 
  3.580969131744585e-02  8.683369864338141e-03 
  2.295914587226379e-02  7.498276481856088e-03 
  1.006827287237523e-02  6.713018592243622e-03 
  2.896087821649801e-03  6.374537788800752e-03 
  2.722637534068545e-03  6.540447290053045e-03 
  7.411695650031783e-03  6.866181826614832e-03 
  1.493721999680980e-02  7.243326301712569e-03 
  2.357418988583565e-02  7.388440836059809e-03 
  3.232189219258132e-02  7.418406033615839e-03 
  4.041000250580463e-02  6.986453936763477e-03 
  4.649188740749310e-02  6.343264925213999e-03 
  4.820604228430753e-02  5.398798890973406e-03 
  4.297055642311104e-02  4.075411813318447e-03 
  3.027244698982520e-02  2.916895026693481e-03 
  1.434600333214716e-02  2.247211506825256e-03 
  3.753249862605515e-03  1.996190571603662e-03 
  3.536407698884737e-03  2.214708130447081e-03 
  3.403615771281809e-03  2.528617562484717e-03 
  8.696469484397954e-03  3.090968292182794e-03 
  1.733945038532742e-02  3.481826689579435e-03 
  2.689350006794597e-02  3.711127711192143e-03 
  3.584838353579129e-02  3.640765440222403e-03 
  4.334444309714391e-02  3.122124375635325e-03 
  4.623682746584944e-02  2.479051791534236e-03 
  4.163285341247067e-02  1.903760668073382e-03 
  2.678794060735434e-02  2.179969663518841e-03 
  6.843270819803554e-03  2.892747986721418e-03 
  1.567817209876722e-02  3.218943100744723e-03 
  2.524104478381733e-02  2.977974673989641e-03 
  2.581525250699123e-02  2.483982031848467e-03 
  2.078178882335554e-02  2.134678863762811e-03 
  1.324957132448536e-02  2.433916080375594e-03 
  6.945310677703212e-03  2.906919799749681e-03 
  9.031031921821229e-03  3.107258967079480e-03 
  1.458308903657263e-02  3.048066585476749e-03 
  1.600685192327287e-02  2.548989520585693e-03 
  9.817637159043758e-03  2.268893704079853e-03 
  1.821903740046727e-02  3.156054905711291e-03 
  5.500785717339568e-02  4.078299818327842e-03 
  9.593929601608535e-02  4.852431909748219e-03 
  1.271692550936823e-01  4.151511067069117e-03 
  1.445487456584150e-01  3.170804019067348e-03 
  1.517374660899307e-01  2.875147634727392e-03 
  1.552742811638293e-01  3.743901377878332e-03 
  1.586057680586334e-01  4.705930944632590e-03 
  1.646685371327945e-01  4.815113182868301e-03 
  1.787429936491697e-01  3.633063594652098e-03 
  2.075122203802217e-01  3.946897518027196e-03 
  2.641968452096402e-01  9.609578746697281e-03 
  3.672826196421304e-01  1.964352391837604e-02 
  5.272067686188612e-01  3.261634933890719e-02 
  7.166460762340038e-01  4.531396344764461e-02 
  8.678469217702109e-01  5.440506080260744e-02 
  9.116019119403229e-01  5.813836980173551e-02 
  8.343130320779625e-01  5.645917788556182e-02 
  6.875499065407805e-01  5.103687798813072e-02 
  5.276233747201771e-01  4.426825469792142e-02 
  3.935589809503686e-01  3.794871721748080e-02 
  2.864966692873085e-01  3.283166819274024e-02 
  2.126525414294370e-01  3.364866202423578e-03 
  3.150000533711249e-01  1.055230778425872e-02 
  4.470649036382514e-01  2.487867804883926e-02 
  6.090653280885679e-01  3.810652530604849e-02 
  7.699238577236170e-01  4.966436076550164e-02 
  8.759942941564084e-01  5.696340612112787e-02 
  8.793596368836022e-01  5.915250623571394e-02 
  7.663037968268643e-01  5.699164597390451e-02 
  5.898079571682504e-01  5.304977545584942e-02 
  4.242023571082374e-01  4.863139751285260e-02 
  3.087627336819447e-01  4.660989236189778e-02 
  2.420295411075602e-01  4.554531918605182e-02 
  2.059146885701998e-01  4.526085982166403e-02 
  1.878882525838607e-01  4.576032497346132e-02 
  1.794245754848478e-01  4.520175530972420e-02 
  1.757591636686198e-01  4.486122206206367e-02 
  1.724830318157442e-01  4.399835606464214e-02 
  1.668493915968204e-01  4.181053261830426e-02 
  1.536804690507040e-01  4.016931260902587e-02 
  1.272177696522298e-01  3.736887728065472e-02 
  8.942551035681347e-02  3.500455008354671e-02 
  5.119584639601951e-02  3.263810986568750e-02 
  2.525927478117120e-02  3.179477456167488e-02 
  1.467928922282329e-02  3.132292423525821e-02 
  1.405519830238207e-02  3.160117274966742e-02 
  1.903177643245767e-02  3.167419601398836e-02 
  2.692669972923026e-02  3.228491519854831e-02 
  3.588272174700635e-02  3.248945303565009e-02 
  4.447430062565829e-02  3.209836416965121e-02 
  5.097225268532464e-02  3.202330855922299e-02 
  5.284732719989306e-02  3.087822660316639e-02 
  4.650537785674973e-02  2.971319820703436e-02 
  3.090754622001973e-02  2.821689681371315e-02 
  1.041845397170549e-02  2.686963704352421e-02 
  9.138181452286427e-03  2.587617919443852e-02 
  1.593707723612206e-02  2.525906671618262e-02 
  1.489868291855870e-02  2.530989538121389e-02 
  9.008974909234097e-03  2.551663198317031e-02 
  4.440973455992055e-03  2.585588455502579e-02 
  1.140226886340742e-02  2.583832460841978e-02 
  2.040910111573863e-02  2.599214074457459e-02 
  2.829922077982687e-02  2.560929364898992e-02 
  3.298348397823537e-02  2.496232883723656e-02 
  3.175273781320377e-02  2.395879105205943e-02 
  2.297342660954679e-02  2.290664577437442e-02 
  8.359234861693991e-03  2.154709368795191e-02 
  7.055494008119653e-03  2.068731607742212e-02 
  1.422980430076794e-02  1.990979324126090e-02 
  1.452850835137813e-02  1.994984611202946e-02 
  9.568343928239763e-03  1.995524434789915e-02 
  2.947442404513007e-03  1.995777627902564e-02 
  7.655766470634006e-03  1.996186205029718e-02 
  1.642747168787215e-02  1.993640970137281e-02 
  2.451546173614743e-02  1.968048967430762e-02 
  3.042425674630368e-02  1.913666480946746e-02 
  3.243978576057432e-02  1.849205387298565e-02 
  2.773652041911198e-02  1.734505175305166e-02 
  1.634810157276837e-02  1.615406775089714e-02 
  2.900525095592310e-03  1.506630482732776e-02 
  6.658393802202425e-03  1.432983698735715e-02 
  8.640680112509734e-03  1.395962011710812e-02 
  5.071022965507078e-03  1.369811948108961e-02 
  2.398466336704298e-03  1.383792428478663e-02 
  1.045187789433365e-02  1.381867172831296e-02 
  1.930666128329802e-02  1.369358462377686e-02 
  2.745507139333344e-02  1.357673527422731e-02 
  3.412695402375582e-02  1.297413761129414e-02 
  3.738658759420399e-02  1.247767874702391e-02 
  3.514395445028380e-02  1.149015269089288e-02 
  2.608642270830615e-02  1.040696873883041e-02 
  1.304494875470063e-02  9.252303066700345e-03 
  2.109240624563728e-03  8.377888960920371e-03 
  2.426301838921438e-03  7.848503386502706e-03 
  6.862655961135626e-04  7.636768048855217e-03 
  5.040392740242011e-03  7.567137056326854e-03 
  1.301048772742021e-02  7.686601211058242e-03 
  2.164969474890925e-02  7.601839570549268e-03 
  3.031639293439639e-02  7.458725941234367e-03 
  3.801228067726135e-02  7.226806058975257e-03 
  4.293633565319020e-02  6.502360593969963e-03 
  4.305879553963234e-02  5.728038126171398e-03 
  3.580822777356413e-02  4.640228850884374e-03 
  2.277792073808638e-02  3.568632694401257e-03 
  9.349674193984223e-03  2.746402590125879e-03 
  2.192441314619317e-03  2.197145662667360e-03 
  2.080007866136870e-03  2.008321326096670e-03 
  6.746094606164162e-03  2.166219694662931e-03 
  1.438441245352127e-02  2.184513334333801e-03 
  2.327450897413077e-02  2.248135326297816e-03 
  3.233999715561194e-02  2.172651901553505e-03 
  4.074796996514709e-02  2.049606548617054e-03 
  4.687853999529127e-02  1.770279132253341e-03 
  4.866610371934106e-02  1.665873040940686e-03 
  4.327703785761229e-02  1.891475629292885e-03 
  3.007815391585528e-02  2.730381923295973e-03 
  1.366460642300356e-02  3.624051411210585e-03 
  3.114997320176644e-03  4.383891530776144e-03 
  4.213494946414380e-03  4.657750809630375e-03 
  3.222507059083454e-03  4.597671626574952e-03 
  8.220546255408212e-03  4.351812246482832e-03 
  1.714059436445974e-02  4.093628240319726e-03 
  2.698770643515296e-02  3.968849676938300e-03 
  3.638697709342014e-02  3.983252615690857e-03 
  4.409104857661979e-02  4.149085171296871e-03 
  4.717238423670516e-02  4.900763557236804e-03 
  4.211648588570756e-02  5.701810113863217e-03 
  2.674529098829391e-02  6.972665800622160e-03 
  6.351118667226787e-03  8.214485171945687e-03 
  1.702379094242117e-02  8.984917629348813e-03 
  2.675621809878642e-02  9.246371744782695e-03 
  2.720145452390502e-02  9.077499841461951e-03 
  2.176918035082865e-02  8.469396205420371e-03 
  1.370143098162193e-02  7.935120021529969e-03 
  6.934435730082975e-03  7.464578679031053e-03 
  9.471101205254961e-03  7.175779746520906e-03 
  1.541307804084902e-02  7.209244420674298e-03 
  1.733191208243422e-02  7.686102113957451e-03 
  1.042161625138987e-02  8.715175759929918e-03 
  1.818336796580648e-02  1.030895158483504e-02 
  5.581967806085863e-02  1.207911872653537e-02 
  9.837302524762437e-02  1.344918755312482e-02 
  1.301553359159514e-01  1.389538230295432e-02 
  1.471760447422042e-01  1.380864930247328e-02 
  1.540312455801800e-01  1.299685279327477e-02 
  1.560669084176937e-01  1.229424461778935e-02 
  1.581893266279530e-01  1.183726444832814e-02 
  1.634227172806436e-01  1.206740531831561e-02 
  1.759976736730477e-01  1.325612223289732e-02 
  2.034669511142922e-01  1.649101550450129e-02 
  2.585433831119339e-01  2.166683120617873e-02 
  3.612389966742069e-01  2.968027359604407e-02 
  5.212687950922129e-01  4.041825876503258e-02 
  7.131007239878239e-01  5.057170547709570e-02 
  8.663649567589740e-01  5.825259140437715e-02 
  9.082527623035703e-01  6.059720595919792e-02 
  8.311644840175002e-01  5.808968881796159e-02 
  6.835176403060039e-01  5.206634598882580e-02 
  5.254919014863597e-01  4.473698376933954e-02 
  3.906916931306405e-01  3.841278539952850e-02 
  2.877048793328813e-01  3.321516773887317e-02 
  1.998844582185100e-01  2.681123998483637e-03 
  3.020161919674318e-01  1.009429052361223e-02 
  4.375487801210056e-01  2.391137221907488e-02 
  6.021293923408504e-01  3.682115862363464e-02 
  7.649296185025352e-01  4.763319907762231e-02 
  8.779685867803082e-01  5.425348618153596e-02 
  8.821301732592888e-01  5.553034862184519e-02 
  7.688450584100133e-01  5.173290304810749e-02 
  5.879678470342005e-01  4.531758938187861e-02 
  4.212077247806783e-01  3.932324055191541e-02 
  3.047022964433491e-01  3.439775508856863e-02 
  2.386778831337907e-01  3.210918630266443e-02 
  2.052141142164139e-01  3.120158096418071e-02 
  1.882578859162528e-01  3.085939447096363e-02 
  1.805314529191239e-01  3.124266700608574e-02 
  1.773396215685810e-01  3.142640477800488e-02 
  1.746676500552526e-01  3.135735335959559e-02 
  1.694330689743865e-01  3.101821486249903e-02 
  1.556337483716176e-01  3.008191986428617e-02 
  1.285884547343018e-01  2.875506144810681e-02 
  8.943380890867357e-02  2.667037363976388e-02 
  5.058316239232626e-02  2.531930322877136e-02 
  2.427425038876393e-02  2.394822887069535e-02 
  1.403095324277947e-02  2.332129432648618e-02 
  1.373133546545030e-02  2.349713975692402e-02 
  1.897118142828558e-02  2.342216305380920e-02 
  2.721768461450397e-02  2.402656579833384e-02 
  3.658326621215296e-02  2.426313976911204e-02 
  4.538853626165648e-02  2.474253823163478e-02 
  5.188599236041515e-02  2.473811476684855e-02 
  5.374672763048796e-02  2.450842484112883e-02 
  4.706986225301574e-02  2.376136852397388e-02 
  3.085284926462993e-02  2.288306793894054e-02 
  1.045668023174135e-02  2.157347471297544e-02 
  9.695969202652829e-03  2.036950850248616e-02 
  1.653874409451364e-02  1.989426964358641e-02 
  1.526059712884516e-02  1.972050581274222e-02 
  9.058746934768918e-03  1.953149334589655e-02 
  4.453311532522093e-03  1.987243796783462e-02 
  1.167314223560209e-02  2.000480396904562e-02 
  2.077649469202563e-02  2.013963521482702e-02 
  2.882297648162138e-02  1.990794810604175e-02 
  3.341686678512684e-02  1.991718237157892e-02 
  3.200956906225913e-02  1.935063851273451e-02 
  2.283972799018385e-02  1.839284877008643e-02 
  8.115829737635990e-03  1.740562610145983e-02 
  7.430658072594174e-03  1.616585577923618e-02 
  1.472280558897716e-02  1.561201464487403e-02 
  1.482453662492586e-02  1.498323530595685e-02 
  9.839699316422529e-03  1.469689021394820e-02 
  2.957895504806750e-03  1.473321070843052e-02 
  7.587518751322404e-03  1.464051486888648e-02 
  1.661683576119025e-02  1.459957454729855e-02 
  2.482122305562052e-02  1.470502611102128e-02 
  3.090462850028433e-02  1.438856721811213e-02 
  3.266083452994155e-02  1.402050962867414e-02 
  2.786408442872664e-02  1.332779027209652e-02 
  1.623244265780464e-02  1.221741988923486e-02 
  2.755941073247166e-03  1.111878032729734e-02 
  7.055434710923890e-03  1.010704036108659e-02 
  9.093206995537163e-03  9.490343896312863e-03 
  5.325245418102296e-03  9.172622068041987e-03 
  2.147043173018730e-03  8.988343269588073e-03 
  1.030863653414095e-02  8.755538256926741e-03 
  1.928180015688034e-02  8.690682820812675e-03 
  2.761635630841467e-02  8.499243073657087e-03 
  3.420918891494550e-02  8.540908121793343e-03 
  3.753615876654798e-02  8.023890622935790e-03 
  3.507819010239707e-02  7.400456326546260e-03 
  2.596590282011026e-02  6.444361582827421e-03 
  1.273068074973266e-02  5.411123548549637e-03 
  1.699559906761717e-03  4.406729572447836e-03 
  2.874391880217708e-03  3.681089273063718e-03 
  1.060636521559497e-03  3.191716435632738e-03 
  4.823915340754738e-03  2.930758275736219e-03 
  1.276556606013239e-02  2.808252472974403e-03 
  2.167298484829116e-02  2.605565229118230e-03 
  3.034416752538738e-02  2.569170342234078e-03 
  3.807754388893334e-02  2.418550722715288e-03 
  4.309052420219623e-02  2.258495606209540e-03 
  4.310468020268686e-02  1.790844386764535e-03 
  3.572466190620541e-02  1.473891790962482e-03 
  2.247750885218609e-02  1.730149573383629e-03 
  8.990559661652056e-03  2.505664384673715e-03 
  1.820257702120435e-03  3.396986336217018e-03 
  1.864562422343119e-03  3.809948453932509e-03 
  6.371415495032255e-03  4.273017288861871e-03 
  1.431816877590390e-02  4.434420262087102e-03 
  2.321866135465471e-02  4.511368470713236e-03 
  3.225425219584349e-02  4.558737127428466e-03 
  4.072074147499128e-02  4.588275637976187e-03 
  4.692879764558799e-02  4.862865972950737e-03 
  4.859480876342220e-02  5.259656112677818e-03 
  4.323116383016912e-02  6.001821846304526e-03 
  3.000242283089496e-02  7.054813706338240e-03 
  1.364916793983815e-02  8.276027021847640e-03 
  3.041216775235163e-03  9.284154306531988e-03 
  4.340513160766650e-03  1.004534252817144e-02 
  3.258122262495780e-03  1.041559657217716e-02 
  8.014091144574652e-03  1.062821790620898e-02 
  1.702542952807431e-02  1.069784497153630e-02 
  2.694723609341421e-02  1.063645972560179e-02 
  3.642690116278943e-02  1.048922858948133e-02 
  4.405945566911094e-02  1.070570322382504e-02 
  4.728086108521609e-02  1.088578869664032e-02 
  4.232774453338065e-02  1.168745226237557e-02 
  2.679523543930868e-02  1.283814865076002e-02 
  6.386611186909892e-03  1.411647619139071e-02 
  1.720957428894837e-02  1.532814676262731e-02 
  2.694607581510709e-02  1.635629933744988e-02 
  2.746107456428677e-02  1.675320103612415e-02 
  2.187200907270593e-02  1.678766329051841e-02 
  1.366083284705890e-02  1.685232205169028e-02 
  6.893228538748256e-03  1.654969711785192e-02 
  9.773699391922314e-03  1.651238096966173e-02 
  1.600174986572343e-02  1.638995080414487e-02 
  1.786016543591982e-02  1.667266791456770e-02 
  1.107111284325090e-02  1.761886589632478e-02 
  1.739426680826543e-02  1.903584237519086e-02 
  5.544446885269555e-02  2.114344011401185e-02 
  9.827722326355376e-02  2.327142619794578e-02 
  1.301996981474258e-01  2.517202764288269e-02 
  1.471650991518968e-01  2.639674335691492e-02 
  1.536665098147326e-01  2.719937031996450e-02 
  1.558946916635367e-01  2.740506585316716e-02 
  1.574947485390589e-01  2.811419158372729e-02 
  1.618318233668850e-01  2.824866965892622e-02 
  1.735966449219898e-01  2.974489909594650e-02 
  1.999637061291553e-01  3.147447175837641e-02 
  2.551872238946755e-01  3.503755560506606e-02 
  3.576412279711370e-01  4.094675123392707e-02 
  5.163791251101811e-01  4.877091460182041e-02 
  7.074234914737626e-01  5.677457606071299e-02 
  8.617615787738070e-01  6.218801576690178e-02 
  9.077886058478125e-01  6.335338873591459e-02 
  8.328069242084072e-01  5.974985421820707e-02 
  6.865948275828652e-01  5.330812409066803e-02 
  5.290504369012244e-01  4.600344973027583e-02 
  3.949467345287643e-01  3.912659905611288e-02 
  2.887132911062415e-01  3.376512019237508e-02 
  1.879702968911430e-01  2.132869333625547e-03 
  2.908895550675806e-01  1.013557752908968e-02 
  4.302928477449762e-01  2.276907564803372e-02 
  5.937645669121077e-01  3.528938988924823e-02 
  7.573099752588056e-01  4.520151592431577e-02 
  8.699333439501346e-01  5.106049844416105e-02 
  8.751283988173326e-01  5.090239303866897e-02 
  7.612446042990955e-01  4.533592174583444e-02 
  5.842259956369046e-01  3.700151020317619e-02 
  4.200945790365640e-01  2.798775090667023e-02 
  3.057219544851043e-01  2.139631829972316e-02 
  2.408141085934057e-01  1.717813454654853e-02 
  2.057911420758183e-01  1.454789138704490e-02 
  1.891701147878999e-01  1.420976023418397e-02 
  1.811375450092869e-01  1.425123330778950e-02 
  1.773484623406090e-01  1.514540530692313e-02 
  1.745091195473030e-01  1.654931986200163e-02 
  1.685978481660264e-01  1.759900643142651e-02 
  1.544783341085405e-01  1.784216289237057e-02 
  1.269765220539007e-01  1.823432956840670e-02 
  8.930308816692521e-02  1.722755321097511e-02 
  5.092904439345271e-02  1.625955292504362e-02 
  2.489566763458668e-02  1.519535322618376e-02 
  1.473781421063452e-02  1.407681003842364e-02 
  1.449964526693294e-02  1.426987273819525e-02 
  1.962621162228926e-02  1.428993489012704e-02 
  2.778537594941502e-02  1.459906862378584e-02 
  3.678723760314491e-02  1.515537894723677e-02 
  4.548237424210593e-02  1.585221120608813e-02 
  5.184824699837561e-02  1.641834396828938e-02 
  5.329814909419898e-02  1.708563404386447e-02 
  4.665677082003138e-02  1.689330215666584e-02 
  3.066426979745494e-02  1.653884206523802e-02 
  1.055549920498463e-02  1.561756240553987e-02 
  9.445944235482433e-03  1.455678776081326e-02 
  1.604331561693906e-02  1.361674956099752e-02 
  1.482010318305310e-02  1.313715427378205e-02 
  8.632775109962260e-03  1.278111374941519e-02 
  4.506551384909096e-03  1.283914637090459e-02 
  1.174285173094250e-02  1.311035193284931e-02 
  2.073607606887748e-02  1.339553921212464e-02 
  2.835100949081625e-02  1.365229456047931e-02 
  3.272919905025349e-02  1.365664750894519e-02 
  3.135927599406897e-02  1.382252073209471e-02 
  2.245010245757172e-02  1.324610672889592e-02 
  7.883973890939342e-03  1.249069489048188e-02 
  7.242984025727924e-03  1.133144903979445e-02 
  1.426979313671872e-02  1.047001370113290e-02 
  1.439736209622196e-02  9.527470220599181e-03 
  9.412029449362333e-03  9.157177868923240e-03 
  2.765786977002312e-03  8.799248848393251e-03 
  7.738359064427699e-03  8.710170373122373e-03 
  1.632415190160280e-02  8.637730504100709e-03 
  2.434584918520433e-02  9.005828036762880e-03 
  3.019137395091835e-02  8.902885746995472e-03 
  3.185806011091778e-02  8.982104428765162e-03 
  2.712104238157825e-02  8.560281570178329e-03 
  1.579098341380411e-02  7.713791572434230e-03 
  2.777394539825855e-03  6.680090558207794e-03 
  6.775445829163378e-03  5.534170053839670e-03 
  8.653322254310286e-03  4.672656435442814e-03 
  4.987033980064816e-03  3.879616520398525e-03 
  2.322559653395630e-03  3.562818100221462e-03 
  1.033550085811409e-02  3.355432061941579e-03 
  1.897998991690864e-02  3.263848938562150e-03 
  2.710433630829967e-02  3.298008723089369e-03 
  3.356709265681129e-02  3.331130140289835e-03 
  3.670664379308476e-02  3.309947840186583e-03 
  3.437467314875030e-02  2.889860307688271e-03 
  2.540635881611500e-02  2.357007692926714e-03 
  1.264559525641808e-02  1.657169188772149e-03 
  1.891242537437568e-03  1.363015203126998e-03 
  2.507435252359727e-03  1.917203000461780e-03 
  7.892791444758132e-04  2.653935110320130e-03 
  5.103600571255488e-03  3.161175082369148e-03 
  1.295706320790261e-02  3.581573763488062e-03 
  2.169084781811574e-02  3.687751089595435e-03 
  3.008052954221886e-02  3.729112625617765e-03 
  3.742195544619241e-02  3.790307981475344e-03 
  4.226028069893573e-02  3.675696544297713e-03 
  4.218960189644460e-02  4.066131315066736e-03 
  3.513154726054916e-02  4.614003822721272e-03 
  2.225392793686422e-02  5.606033646541731e-03 
  9.227154178106567e-03  6.809951203501252e-03 
  2.095930499077869e-03  8.085044228175513e-03 
  2.092527515280557e-03  9.026549124034694e-03 
  6.756240915988160e-03  9.695035418300232e-03 
  1.447150761160681e-02  1.017732398333815e-02 
  2.324314691877588e-02  1.041794355328975e-02 
  3.213365875588114e-02  1.050559973271832e-02 
  4.039608965235334e-02  1.038147350699754e-02 
  4.633023225838167e-02  1.039118076797803e-02 
  4.803514183249476e-02  1.055158131142749e-02 
  4.263507461508273e-02  1.107144992196084e-02 
  2.963097740871228e-02  1.196142165299239e-02 
  1.371978568523137e-02  1.326721142290230e-02 
  3.264199375600094e-03  1.466130403801481e-02 
  4.012453637981664e-03  1.576105556038738e-02 
  3.365509938403355e-03  1.677192261815632e-02 
  8.523200940689975e-03  1.750649282013918e-02 
  1.732918058124462e-02  1.753865357685525e-02 
  2.712809685785861e-02  1.773109676854631e-02 
  3.636983471436471e-02  1.759411595961274e-02 
  4.377107142521100e-02  1.751365337379176e-02 
  4.668521114772687e-02  1.756087493696378e-02 
  4.169969969574611e-02  1.796867484863015e-02 
  2.657487175443061e-02  1.897345187190335e-02 
  6.336169365003957e-03  2.048824458400077e-02 
  1.646545086875855e-02  2.210874293269233e-02 
  2.603932231726532e-02  2.358714082658953e-02 
  2.637479103063821e-02  2.479889044477796e-02 
  2.084930234938626e-02  2.561788076768012e-02 
  1.300829949745012e-02  2.604913461100988e-02 
  6.790336981324632e-03  2.626564680531587e-02 
  1.006377172953385e-02  2.622548327607732e-02 
  1.594807712965604e-02  2.601532465561670e-02 
  1.759877048147393e-02  2.602222034695556e-02 
  1.081786176055516e-02  2.675602234641433e-02 
  1.774013732602456e-02  2.816105689433140e-02 
  5.506978454778533e-02  3.037468620378525e-02 
  9.710961389267390e-02  3.332292763547678e-02 
  1.284997188251618e-01  3.636533979990787e-02 
  1.451936848798012e-01  3.901931132456034e-02 
  1.514981841278273e-01  4.123986643034652e-02 
  1.534640754735863e-01  4.301207555365090e-02 
  1.554312455960578e-01  4.409910749128648e-02 
  1.604297391540873e-01  4.515017625189027e-02 
  1.730182150844920e-01  4.588167877311761e-02 
  2.002181191868573e-01  4.691229720136342e-02 
  2.557510217129181e-01  4.879367734118549e-02 
  3.587385326190126e-01  5.253100383724957e-02 
  5.188731851559171e-01  5.779711357280021e-02 
  7.130963727670925e-01  6.319268375802238e-02 
  8.660085452072123e-01  6.675904263397911e-02 
  9.097809259557701e-01  6.621644334926451e-02 
  8.325495250117287e-01  6.184814806948715e-02 
  6.847270381017933e-01  5.463109432117645e-02 
  5.274177933429371e-01  4.686485201563760e-02 
  3.925459738485923e-01  3.985967469586393e-02 
  2.886764974948932e-01  3.453050660258525e-02 
  1.769508598683964e-01  1.790883767306188e-03 
  2.810465298828683e-01  9.584311052164386e-03 
  4.212662602986694e-01  2.195582193850595e-02 
  5.861034494359058e-01  3.350170036239650e-02 
  7.530918148059291e-01  4.318580306837358e-02 
  8.705179434156487e-01  4.826556006149722e-02 
  8.783543923028082e-01  4.708671576023615e-02 
  7.666890795691231e-01  4.011623807272970e-02 
  5.880287055612998e-01  2.960052064820861e-02 
  4.233713615768287e-01  1.942770274960518e-02 
  3.067117947963657e-01  1.005207684547629e-02 
  2.415323892099163e-01  4.491995370490019e-03 
  2.062528352930426e-01  1.351847337440197e-03 
  1.888627579516655e-01  1.154126465413688e-03 
  1.798809312969214e-01  1.272166338594239e-03 
  1.756881126382127e-01  1.993032588499804e-03 
  1.721917648861605e-01  4.144348325582905e-03 
  1.665191085965399e-01  6.190605796181363e-03 
  1.521016682343006e-01  8.162454999929786e-03 
  1.250922854995582e-01  9.433923495318014e-03 
  8.734013872178809e-02  9.332790134447532e-03 
  4.975955953388041e-02  8.788620263691158e-03 
  2.464861817723934e-02  7.743443787576298e-03 
  1.470602931546728e-02  6.846041067157691e-03 
  1.453289304515483e-02  6.365140581615691e-03 
  1.970509928292481e-02  6.357748586594070e-03 
  2.747311331095564e-02  6.790580468831416e-03 
  3.622841444847532e-02  7.592863631835862e-03 
  4.450655992542779e-02  8.804100673530853e-03 
  5.068770492591718e-02  9.862366783526999e-03 
  5.208278240397811e-02  1.102762527220355e-02 
  4.529639376297676e-02  1.153255408432744e-02 
  2.929738291958612e-02  1.128711890041223e-02 
  9.737901501790715e-03  1.076232121578219e-02 
  9.502461689787951e-03  9.601913737533503e-03 
  1.576545384280285e-02  8.582502725215208e-03 
  1.446239028693116e-02  7.704588533310311e-03 
  8.466924309141562e-03  7.066752805646853e-03 
  4.406455893212046e-03  7.172001966997120e-03 
  1.143436305224469e-02  7.238708698191882e-03 
  2.022520942953281e-02  7.814651228067116e-03 
  2.768412983591867e-02  8.522925652393064e-03 
  3.179874846591675e-02  9.013915863088513e-03 
  3.036963185516712e-02  9.305180459192512e-03 
  2.156868547367558e-02  9.237629718863067e-03 
  7.358762344717090e-03  8.415437521136611e-03 
  7.242316119163871e-03  7.571143017418605e-03 
  1.410223921733055e-02  6.323932853269558e-03 
  1.408115332401523e-02  5.374691606567060e-03 
  9.188013557930965e-03  4.493690423802091e-03 
  2.789611838184003e-03  4.063011017626235e-03 
  7.474234635872753e-03  3.932764581813148e-03 
  1.582264657020422e-02  4.219059984411775e-03 
  2.354951012352276e-02  4.369488996306484e-03 
  2.919856293904472e-02  4.804059747151632e-03 
  3.083498399731730e-02  5.061472131934183e-03 
  2.617892912743994e-02  4.849581362689650e-03 
  1.504466692736755e-02  4.260769104800270e-03 
  2.552712925314614e-03  3.337639296137227e-03 
  6.598469709189046e-03  2.200842682279040e-03 
  8.266550579897976e-03  1.367021043454408e-03 
  4.738646669733777e-03  1.299701888563125e-03 
  2.335687719754558e-03  1.674653648613712e-03 
  1.036357697306308e-02  1.905147477252320e-03 
  1.854035209127739e-02  1.966343559285759e-03 
  2.640787024197911e-02  1.832976512456836e-03 
  3.261579940020085e-02  1.686630889994798e-03 
  3.564502940968826e-02  1.549143681505181e-03 
  3.328273272030317e-02  1.647387438045403e-03 
  2.480250108895016e-02  2.055306047016627e-03 
  1.235357275698548e-02  2.917280573474427e-03 
  2.140296677822990e-03  3.974857374923109e-03 
  2.036797378642229e-03  5.321236973200168e-03 
  2.976737080331421e-04  6.428260235396701e-03 
  5.362500273873238e-03  7.262352084117402e-03 
  1.292467339618040e-02  7.793702967455273e-03 
  2.121899094020583e-02  8.101953569326647e-03 
  2.931197809066555e-02  8.170309342345063e-03 
  3.671168999411058e-02  7.828440408575410e-03 
  4.120645250339756e-02  7.715061635775880e-03 
  4.113291871936519e-02  7.705319475373747e-03 
  3.423001798892680e-02  8.123173887624320e-03 
  2.192318897181912e-02  9.070334427556772e-03 
  9.381942725866949e-03  1.039926631011770e-02 
  2.775389733012898e-03  1.186695512282488e-02 
  2.701549176072094e-03  1.317732477772433e-02 
  7.341685515702143e-03  1.415737872307027e-02 
  1.472559925623875e-02  1.493855533046965e-02 
  2.311260926878747e-02  1.530587985606338e-02 
  3.166820352321383e-02  1.548065029074501e-02 
  3.950396405075420e-02  1.519638892385524e-02 
  4.528606414472149e-02  1.502759215810230e-02 
  4.668223895938213e-02  1.490577975884390e-02 
  4.166214512272023e-02  1.523497865184669e-02 
  2.928899550458222e-02  1.603472625322047e-02 
  1.417498236860974e-02  1.728335299252450e-02 
  3.783335254761567e-03  1.890371016516604e-02 
  3.486148455823943e-03  2.051261599868340e-02 
  3.632856784933678e-03  2.190510049748158e-02 
  9.095882203518438e-03  2.278243815419888e-02 
  1.763858236366643e-02  2.335549896740562e-02 
  2.697197058497379e-02  2.359546280062091e-02 
  3.564867786185322e-02  2.348516955552946e-02 
  4.269354598548732e-02  2.316482640553676e-02 
  4.553018630199434e-02  2.301397833924149e-02 
  4.056996447103471e-02  2.311445191514925e-02 
  2.629549359303293e-02  2.399055803281061e-02 
  6.993079691279328e-03  2.549410675157596e-02 
  1.506855048102436e-02  2.757367484595167e-02 
  2.423554148154763e-02  2.949172326116134e-02 
  2.472228606345388e-02  3.128972527207789e-02 
  1.959120402213492e-02  3.283678655661865e-02 
  1.227207575156820e-02  3.368517050712531e-02 
  6.725490713748075e-03  3.412991054595293e-02 
  9.863525629093138e-03  3.420681587708380e-02 
  1.530970164887645e-02  3.403801301436588e-02 
  1.667056915159078e-02  3.397035614230062e-02 
  1.012230053123525e-02  3.421416929648873e-02 
  1.751472518372992e-02  3.555977464274336e-02 
  5.387215236812251e-02  3.790453733638798e-02 
  9.393052016709794e-02  4.148164304374197e-02 
  1.244006579632864e-01  4.535876277035254e-02 
  1.409374720311909e-01  4.935952821499584e-02 
  1.477458623997168e-01  5.305931024671358e-02 
  1.507274068034296e-01  5.590309465444673e-02 
  1.533210826801481e-01  5.783590024718448e-02 
  1.598523139753183e-01  5.928040335465053e-02 
  1.735387949416782e-01  6.000546423022333e-02 
  2.023639171196037e-01  6.048055251890210e-02 
  2.601264280162878e-01  6.097681694709967e-02 
  3.638968342084484e-01  6.268466366565131e-02 
  5.199648995273081e-01  6.567003533984074e-02 
  7.100582493746235e-01  6.888062831355937e-02 
  8.609760631568319e-01  7.065337300861062e-02 
  9.072276488032838e-01  6.891067436917596e-02 
  8.347444252989806e-01  6.345237759713625e-02 
  6.875878238411454e-01  5.588039276928343e-02 
  5.314712513333719e-01  4.776293983431186e-02 
  3.977219658548956e-01  4.074321071343056e-02 
  2.908538905130800e-01  3.533725821719884e-02 
  1.666027161016838e-01  1.970617793995396e-03 
  2.733094998240180e-01  8.782766769274610e-03 
  4.151723070592686e-01  2.035241267430563e-02 
  5.816385423378260e-01  3.171709112880566e-02 
  7.466599852233234e-01  4.086329190264849e-02 
  8.636656108982117e-01  4.537848055992008e-02 
  8.726613214623936e-01  4.353098056031681e-02 
  7.658471973423833e-01  3.573678258476179e-02 
  5.918057457913357e-01  2.368288739243149e-02 
  4.302403392964960e-01  1.112790988409707e-02 
  3.140185669836296e-01  1.101595872445844e-03 
  2.471430075238160e-01  6.682056600220395e-03 
  2.091305007617741e-01  1.102947015861828e-02 
  1.887091147710488e-01  1.214674459951903e-02 
  1.779902558680240e-01  1.137996955012123e-02 
  1.720093787770277e-01  9.620976414697240e-03 
  1.678816107305237e-01  6.402460385488805e-03 
  1.605412083143528e-01  3.157671519305001e-03 
  1.461257749498684e-01  5.870378448221962e-04 
  1.203050969353216e-01  2.297431122460806e-03 
  8.462526221455134e-02  3.122471262081924e-03 
  4.942959787696184e-02  2.886894412830513e-03 
  2.558344808265927e-02  1.882079654713079e-03 
  1.572412462916859e-02  7.643851653804082e-04 
  1.531182748546979e-02  1.787338457421718e-04 
  1.993457483119072e-02  1.411847860367653e-04 
  2.696607123077338e-02  3.380966752080280e-04 
  3.490085588009260e-02  1.249212726481982e-03 
  4.233144829829087e-02  2.625666722592603e-03 
  4.786813171496899e-02  4.188484860491453e-03 
  4.882562681269416e-02  5.808681312543574e-03 
  4.246466744931604e-02  6.887631443323432e-03 
  2.756007704835382e-02  7.269902728069670e-03 
  9.362070934683893e-03  6.712670812080487e-03 
  8.767757456613552e-03  5.752608252964399e-03 
  1.467533849802384e-02  4.413006325955366e-03 
  1.337640555012591e-02  3.388973711511265e-03 
  7.952771920130847e-03  2.626552584782079e-03 
  4.436599004020306e-03  2.559272617257901e-03 
  1.077307237169367e-02  2.670956715078019e-03 
  1.885954788824660e-02  3.323542984322577e-03 
  2.562417710625492e-02  4.166221924138065e-03 
  2.947563889607851e-02  5.063050393224530e-03 
  2.805138296774168e-02  5.702080575678817e-03 
  1.963836951192245e-02  5.925836982037115e-03 
  6.858953007036415e-03  5.459186107963251e-03 
  7.118336715197754e-03  4.478978213822323e-03 
  1.322356265691530e-02  3.130328029597745e-03 
  1.328215143135596e-02  1.973391030927024e-03 
  8.701817632610163e-03  1.214435908551412e-03 
  2.659796911398016e-03  9.341844845286733e-04 
  7.107699810879263e-03  9.324129571398111e-04 
  1.496802422488205e-02  9.255579169647414e-04 
  2.199933876303312e-02  1.130133503396616e-03 
  2.723730771884078e-02  1.521530806631903e-03 
  2.857392348020377e-02  1.976278973414495e-03 
  2.422618768000098e-02  2.035858080091510e-03 
  1.403289505570863e-02  1.779676435363074e-03 
  2.662227574294571e-03  1.196759131730918e-03 
  5.818492480168622e-03  1.589927422632735e-03 
  7.280601777570008e-03  2.701535631655025e-03 
  3.989359986625755e-03  3.787612141075961e-03 
  2.564685269348213e-03  4.590855782291414e-03 
  1.000342861583444e-02  5.069098146541106e-03 
  1.771709758985030e-02  5.223030958010724e-03 
  2.489397375639591e-02  4.925604076365431e-03 
  3.062250945257738e-02  4.554076796983332e-03 
  3.342166850926680e-02  4.191565431451000e-03 
  3.138334473207003e-02  4.060622343596152e-03 
  2.336573126037689e-02  4.386935003720829e-03 
  1.205590250923903e-02  5.244559296089883e-03 
  2.682404551755877e-03  6.506056792584473e-03 
  1.038575270428748e-03  7.918907134538361e-03 
  5.904245773392928e-04  9.447133444912728e-03 
  5.768414068514188e-03  1.043631190089049e-02 
  1.293415548376419e-02  1.119761805886994e-02 
  2.067790936355221e-02  1.149916882199537e-02 
  2.824270419377865e-02  1.149835598181365e-02 
  3.482919424274487e-02  1.122735228793454e-02 
  3.907673568894952e-02  1.083722274956727e-02 
  3.899620792691751e-02  1.066881169795767e-02 
  3.273454640432225e-02  1.087650340141070e-02 
  2.146147552442617e-02  1.163187696946266e-02 
  1.000956323086447e-02  1.288540579004417e-02 
  3.791660788889423e-03  1.456895829181816e-02 
  3.755924272501651e-03  1.618861333254118e-02 
  8.029955293633541e-03  1.743721008502473e-02 
  1.492378306317999e-02  1.835599370137339e-02 
  2.285407653166090e-02  1.889711908955817e-02 
  3.066925153231528e-02  1.902933010665958e-02 
  3.808914967974561e-02  1.882526073450065e-02 
  4.327989788019869e-02  1.846150915547290e-02 
  4.478868661583356e-02  1.818434029421191e-02 
  3.977593775815115e-02  1.815372281425212e-02 
  2.831369356025489e-02  1.887397823955156e-02 
  1.447600176450384e-02  2.012642549876244e-02 
  4.717924398920059e-03  2.185318538650799e-02 
  3.195828220054387e-03  2.377150345329443e-02 
  4.395577355405233e-03  2.543918537345229e-02 
  1.001363431256686e-02  2.668809039775200e-02 
  1.785463709586240e-02  2.753312459034148e-02 
  2.650662459627366e-02  2.775213822955333e-02 
  3.460779881088094e-02  2.766193777177256e-02 
  4.091704176279191e-02  2.729596797803959e-02 
  4.329964416721924e-02  2.680539430240376e-02 
  3.876081743235917e-02  2.675124815099469e-02 
  2.524536925644124e-02  2.737336888328496e-02 
  7.167078765880689e-03  2.885565919321951e-02 
  1.353515169159215e-02  3.111862148102274e-02 
  2.196317527201269e-02  3.352211410273551e-02 
  2.247648151158455e-02  3.572869468970577e-02 
  1.796414812307094e-02  3.754653810242565e-02 
  1.127422057582172e-02  3.897620941133993e-02 
  6.599078238443901e-03  3.964739430403230e-02 
  9.541478529527050e-03  3.973732698287571e-02 
  1.409804613293976e-02  3.962168126577242e-02 
  1.479670370373206e-02  3.923393786929763e-02 
  8.820752315570880e-03  3.929409130915429e-02 
  1.871811354383966e-02  4.032312666106699e-02 
  5.272157518398971e-02  4.280332926741814e-02 
  9.091009830219501e-02  4.659899496064254e-02 
  1.198534879710857e-01  5.136801692475695e-02 
  1.359890460868775e-01  5.624150710924333e-02 
  1.432924068134675e-01  6.056584768159450e-02 
  1.469922295928432e-01  6.444257712828114e-02 
  1.512848459535391e-01  6.723550172223069e-02 
  1.591856178379843e-01  6.901590702992366e-02 
  1.756987320509092e-01  6.990870383082465e-02 
  2.076281705711896e-01  6.987022631988737e-02 
  2.663980106463011e-01  6.983333774196612e-02 
  3.729454622986272e-01  7.020390178933485e-02 
  5.319077613300077e-01  7.161913971717697e-02 
  7.194712220329267e-01  7.321337879637463e-02 
  8.694149971560494e-01  7.342545560487446e-02 
  9.097838587476944e-01  7.079897985983651e-02 
  8.344308023941258e-01  6.455577511137431e-02 
  6.877555874667235e-01  5.663928339682769e-02 
  5.291712945216583e-01  4.829360214929462e-02 
  3.954849646648972e-01  4.141629067257671e-02 
  2.916998309094962e-01  3.574116875009443e-02 
  1.575115217662064e-01  3.020684728884925e-03 
  2.640252286335552e-01  7.308259335372508e-03 
  4.052186518877108e-01  1.848458267556505e-02 
  5.761507444442689e-01  2.979792687176390e-02 
  7.476720181908632e-01  3.914682550439121e-02 
  8.698314925042621e-01  4.392683876585429e-02 
  8.837706557295807e-01  4.217620504878324e-02 
  7.760955215870947e-01  3.379678196958819e-02 
  6.015461857281740e-01  2.115558066153109e-02 
  4.372608325765864e-01  7.892983592157763e-03 
  3.193687565381723e-01  3.772668969737664e-03 
  2.476422706136247e-01  1.121225328708889e-02 
  2.078181992707296e-01  1.559891709882311e-02 
  1.860400199337184e-01  1.681004786294312e-02 
  1.740876758820170e-01  1.588521693111545e-02 
  1.670303062422473e-01  1.354685243224399e-02 
  1.614394715802527e-01  1.019025847530390e-02 
  1.540251453761197e-01  6.529357529255292e-03 
  1.398790349497782e-01  2.836212390606752e-03 
  1.150590747653242e-01  4.606801504521640e-04 
  8.102639696362508e-02  1.141532945308765e-03 
  4.760959941687853e-02  1.012286744572398e-03 
  2.493650746491009e-02  1.300162542737267e-04 
  1.552630014312172e-02  1.164062637329485e-03 
  1.495551343724642e-02  2.010864004090895e-03 
  1.894432245745972e-02  2.229995568455123e-03 
  2.548737021882223e-02  1.827469552909287e-03 
  3.283749936327196e-02  8.803833084676657e-04 
  3.978026092219129e-02  6.816614750551474e-04 
  4.487832893257496e-02  2.298779417754496e-03 
  4.565819382164342e-02  4.074602994298885e-03 
  3.931806871764874e-02  5.493502164896930e-03 
  2.545078471771985e-02  6.037096251293887e-03 
  8.447661969321632e-03  5.707589758463371e-03 
  8.895629315215585e-03  4.645505729000753e-03 
  1.440957186694826e-02  3.284105499002567e-03 
  1.317944060936031e-02  2.043098006289685e-03 
  8.107076616606434e-03  1.484096872917898e-03 
  4.308365379275958e-03  1.076062384015953e-03 
  9.670869599570118e-03  1.332051604512132e-03 
  1.712163274788650e-02  1.983134637482733e-03 
  2.365805719378867e-02  2.808638534053423e-03 
  2.696358457390406e-02  3.748715656168159e-03 
  2.558454968721334e-02  4.657906322806382e-03 
  1.770123946715360e-02  4.984718068404659e-03 
  5.863038923333072e-03  4.588854102443913e-03 
  7.234111151475853e-03  3.641497783962642e-03 
  1.305071865629211e-02  2.336828281215328e-03 
  1.286857705490401e-02  1.233923399363374e-03 
  8.643777464542944e-03  8.949410929292003e-04 
  2.867525095508651e-03  1.269855341160412e-03 
  6.183018235683300e-03  1.428100759095548e-03 
  1.367146727916253e-02  1.314298160327606e-03 
  2.034583777454982e-02  1.035124767254245e-03 
  2.512218025303613e-02  9.431193383292757e-04 
  2.652206452892260e-02  1.287378049803594e-03 
  2.235925234384192e-02  1.474199297807266e-03 
  1.263113065260064e-02  1.267428883323173e-03 
  2.024643331372638e-03  1.155127970299936e-03 
  5.639448401080655e-03  1.921978167322734e-03 
  6.978068483952877e-03  3.232769201923136e-03 
  3.839367438821467e-03  4.422597336189181e-03 
  2.400897820530024e-03  5.406578960053068e-03 
  9.381885478829731e-03  5.883203216975143e-03 
  1.652343275596167e-02  5.938697443374016e-03 
  2.324419056901626e-02  5.750221180295997e-03 
  2.871729485834814e-02  5.393136966951617e-03 
  3.124872681819732e-02  4.930149058863455e-03 
  2.926511785166996e-02  4.635723240011515e-03 
  2.205640498380370e-02  4.883279136485782e-03 
  1.145714942874601e-02  5.712326861850301e-03 
  2.933099712754968e-03  7.029548796706358e-03 
  5.564516408325300e-04  8.569798291586630e-03 
  1.090537683914367e-03  9.915247286706381e-03 
  5.936393451991019e-03  1.116476149559293e-02 
  1.250685248168313e-02  1.180999190684074e-02 
  1.978865957445778e-02  1.225712033979061e-02 
  2.688304923126062e-02  1.225939250690387e-02 
  3.296981250489581e-02  1.193042596400157e-02 
  3.699837308054483e-02  1.152878128054722e-02 
  3.678651337615486e-02  1.126416620639326e-02 
  3.100460318561767e-02  1.140900840301713e-02 
  2.065037427480564e-02  1.199716550126036e-02 
  1.020051919372991e-02  1.330210127518796e-02 
  4.395091059085008e-03  1.494429734223530e-02 
  4.393508564920779e-03  1.649994703019844e-02 
  8.430338778479939e-03  1.788979854278301e-02 
  1.474808314560989e-02  1.885649629006734e-02 
  2.213061471599119e-02  1.942242262579123e-02 
  2.952692203921899e-02  1.949837640761644e-02 
  3.625965999098180e-02  1.930685344763214e-02 
  4.116506707298534e-02  1.896740423406512e-02 
  4.226769621086646e-02  1.862094854384210e-02 
  3.800394906663287e-02  1.857023287812913e-02 
  2.745610818217424e-02  1.908933062714254e-02 
  1.463000172637309e-02  2.035799952989153e-02 
  5.542209358782138e-03  2.212318749409290e-02 
  3.553060703216660e-03  2.405560312173056e-02 
  5.083849405881333e-03  2.570710965145559e-02 
  1.027581974407133e-02  2.700955319879443e-02 
  1.746275767056657e-02  2.787171868974956e-02 
  2.549563466532562e-02  2.818912854183931e-02 
  3.295679551573323e-02  2.803508970072697e-02 
  3.874515720763721e-02  2.766667700874324e-02 
  4.078887501771061e-02  2.715724122888422e-02 
  3.645972825211164e-02  2.705779798563820e-02 
  2.390236793820575e-02  2.752172176676125e-02 
  7.500488117548965e-03  2.882353215609174e-02 
  1.198163477805258e-02  3.091897584595858e-02 
  1.991634668108478e-02  3.339775696253267e-02 
  2.074295271633587e-02  3.584874034428603e-02 
  1.690716252162956e-02  3.754417797970502e-02 
  1.103203109745084e-02  3.900078064394946e-02 
  6.877365051615067e-03  3.961208479091984e-02 
  8.419032332177901e-03  3.984014404697624e-02 
  1.216432675046750e-02  3.983880473379064e-02 
  1.239842523176498e-02  3.941213847327508e-02 
  7.720069807161514e-03  3.945741685128901e-02 
  2.008335788156044e-02  4.011324536228735e-02 
  5.174408091697551e-02  4.230272557727310e-02 
  8.696364357138141e-02  4.593408291455937e-02 
  1.145683286038180e-01  5.049640960310489e-02 
  1.306298798429409e-01  5.562153884015929e-02 
  1.388014737591840e-01  6.003349809212930e-02 
  1.438629221202095e-01  6.387893251445224e-02 
  1.498304995053696e-01  6.678795563388859e-02 
  1.598776026286862e-01  6.898434578417234e-02 
  1.782865074250948e-01  7.023265721072502e-02 
  2.128627788287581e-01  7.059604154293403e-02 
  2.749429115428617e-01  7.073588638425345e-02 
  3.819582345968385e-01  7.147171444996671e-02 
  5.388863429570069e-01  7.251838939159549e-02 
  7.221153508081352e-01  7.394118390946108e-02 
  8.686389060592834e-01  7.368529049322692e-02 
  9.098846268413665e-01  7.109009588549803e-02 
  8.364998691681019e-01  6.528066201893809e-02 
  6.918008278369190e-01  5.730322967676242e-02 
  5.349807772441367e-01  4.912842031860207e-02 
  3.993462654126237e-01  4.215041452331689e-02 
  2.936615436611161e-01  3.648499154956385e-02 
  1.500002999064903e-01  5.204890532407459e-03 
  2.592087020324266e-01  4.543718317925973e-03 
  4.022807742969928e-01  1.541560593372470e-02 
  5.706543437010029e-01  2.638796503785373e-02 
  7.420061030125119e-01  3.642179117448533e-02 
  8.596915882850071e-01  4.183318199794948e-02 
  8.764937575660707e-01  4.140724156706677e-02 
  7.733389374682692e-01  3.485592801363857e-02 
  6.050670835395253e-01  2.373892235696821e-02 
  4.425253735690419e-01  1.240123250607736e-02 
  3.244963583987396e-01  2.804478726515307e-03 
  2.502626145197022e-01  4.370838400850507e-03 
  2.075825905010311e-01  7.714407926710692e-03 
  1.831829199279480e-01  7.912514155871622e-03 
  1.689309317208737e-01  7.884166731376735e-03 
  1.605301004218677e-01  5.229809263601629e-03 
  1.539352131458318e-01  2.867291518114750e-03 
  1.455840769955217e-01  8.769943591865860e-04 
  1.314465001967694e-01  3.485331970217700e-03 
  1.083974154630906e-01  5.353392670711004e-03 
  7.726403368077311e-02  6.337993653833585e-03 
  4.604921459559005e-02  6.206817843768171e-03 
  2.519577824639304e-02  5.446400199794065e-03 
  1.573773497134429e-02  4.272476670788164e-03 
  1.459742919483321e-02  3.702731749414204e-03 
  1.775872889630810e-02  3.284992633468195e-03 
  2.343774783328818e-02  3.605759446769620e-03 
  2.996753887427493e-02  4.475127878901140e-03 
  3.618058439447409e-02  5.447134513126436e-03 
  4.039948950952364e-02  6.822239318044260e-03 
  4.112495420751922e-02  8.051039363139972e-03 
  3.525377491760347e-02  9.015571250910855e-03 
  2.244700624415085e-02  9.745099999583031e-03 
  7.566002446243382e-03  9.002707706301469e-03 
  8.804283680063042e-03  8.186022801446204e-03 
  1.382686992801853e-02  7.116394248361481e-03 
  1.299401241503426e-02  6.009677266281582e-03 
  8.534445853469717e-03  5.369953808714660e-03 
  4.182074617924535e-03  5.255497695641265e-03 
  8.081673991830117e-03  5.425219948712827e-03 
  1.466573817607563e-02  5.821428262301318e-03 
  2.061392195089038e-02  6.473707158875584e-03 
  2.357272161487109e-02  7.155673231393240e-03 
  2.224882742389275e-02  7.652403294382614e-03 
  1.521118776949662e-02  7.836334212845467e-03 
  4.634602348563522e-03  7.425912883000292e-03 
  7.277260600171974e-03  6.532400449197017e-03 
  1.260597023589661e-02  5.384513250079306e-03 
  1.264991121503476e-02  4.169880891874168e-03 
  8.866578784551453e-03  3.306829855704485e-03 
  3.357304846338414e-03  2.700496383430379e-03 
  5.066101391340772e-03  2.698377767794369e-03 
  1.173896417855853e-02  2.480053502410432e-03 
  1.788271591399068e-02  2.902105859109962e-03 
  2.239042191849524e-02  3.300551776374494e-03 
  2.344674592713874e-02  3.746365108304462e-03 
  1.965957963263287e-02  3.790461152311980e-03 
  1.105500586633576e-02  3.484871349962701e-03 
  1.690686470837255e-03  2.597168040412014e-03 
  5.530662120941901e-03  1.705232887674143e-03 
  6.797749042481058e-03  9.949948892136816e-04 
  3.943048576168937e-03  1.372835970928849e-03 
  1.886381494727823e-03  1.956060125373713e-03 
  8.186146779382000e-03  2.445431206498832e-03 
  1.485340686330706e-02  2.624973962905180e-03 
  2.114715884056567e-02  2.430874847709857e-03 
  2.619697389776660e-02  2.303207679900751e-03 
  2.846580548514203e-02  2.154705647747148e-03 
  2.665710467717574e-02  2.100364164816106e-03 
  1.993706970962951e-02  2.507281521723319e-03 
  1.062581688362507e-02  3.094782625440086e-03 
  2.817507153519648e-03  4.344032842293787e-03 
  4.020232566992599e-04  5.467775818836477e-03 
  1.147483441781961e-03  6.746947021598480e-03 
  5.512066232475380e-03  7.740053275818605e-03 
  1.161820612785302e-02  8.227999374363101e-03 
  1.834623817736525e-02  8.735013891734811e-03 
  2.489828176415211e-02  8.606267684352700e-03 
  3.062967772785824e-02  8.482257452895119e-03 
  3.422442634199496e-02  8.381470098977368e-03 
  3.412269917034452e-02  8.297666964849758e-03 
  2.875982753515447e-02  8.642044534436573e-03 
  1.938469076827693e-02  9.258196623641197e-03 
  9.910869949805338e-03  1.044358846765458e-02 
  4.809877075316713e-03  1.173239429358907e-02 
  4.763564799555212e-03  1.313569482055351e-02 
  8.340268407389401e-03  1.414617251257610e-02 
  1.413183725505116e-02  1.494194040775082e-02 
  2.090934494817924e-02  1.534863293521298e-02 
  2.780543075007386e-02  1.542510929781799e-02 
  3.400832383056617e-02  1.552251363488800e-02 
  3.843166741397941e-02  1.530984697996166e-02 
  3.952081366457723e-02  1.508232517693913e-02 
  3.534122324193639e-02  1.518337260885045e-02 
  2.574086147107192e-02  1.584127743431567e-02 
  1.415991927185725e-02  1.685056238644980e-02 
  5.928917774794729e-03  1.839461913123671e-02 
  3.880817118979940e-03  1.983951038086525e-02 
  5.343901288921244e-03  2.116848123419180e-02 
  1.001941066500128e-02  2.206495774001341e-02 
  1.673693106436904e-02  2.267768142221992e-02 
  2.394569945759270e-02  2.291637656384496e-02 
  3.092370184945409e-02  2.294125910607235e-02 
  3.601849210634962e-02  2.268958486582861e-02 
  3.775621733774760e-02  2.244568945565548e-02 
  3.348809379381854e-02  2.249656444268787e-02 
  2.196202731579857e-02  2.310004096185419e-02 
  7.183424430849172e-03  2.420542152174513e-02 
  1.144639232779045e-02  2.579561283433945e-02 
  1.887691748240263e-02  2.790957350832165e-02 
  1.990060947867091e-02  2.950939461204804e-02 
  1.660619859456297e-02  3.102931226718464e-02 
  1.149987387825884e-02  3.181541554630599e-02 
  7.329163791450485e-03  3.233005548868356e-02 
  7.559621950196264e-03  3.255284122840593e-02 
  1.000391579141664e-02  3.254899248141924e-02 
  9.824266328914437e-03  3.229932154744682e-02 
  7.428895980138437e-03  3.253281548328123e-02 
  2.246736171776891e-02  3.331680139790062e-02 
  5.240135623188125e-02  3.509328310876388e-02 
  8.538375050109993e-02  3.805200104486938e-02 
  1.118302710105176e-01  4.153005440092659e-02 
  1.278176790889697e-01  4.512052040379944e-02 
  1.366775475073657e-01  4.848896341775305e-02 
  1.427775506538788e-01  5.136530840179909e-02 
  1.502112905394025e-01  5.403358090640138e-02 
  1.624370064836779e-01  5.560770864064423e-02 
  1.828934605677636e-01  5.715531202308861e-02 
  2.198659250553763e-01  5.882329527701784e-02 
  2.846755231137174e-01  6.068635454211019e-02 
  3.926205502486416e-01  6.306221197126499e-02 
  5.518636987353360e-01  6.665583143687268e-02 
  7.354198999079412e-01  6.995937968072515e-02 
  8.755217256730510e-01  7.147290759028156e-02 
  9.148216360632939e-01  6.977537030309568e-02 
  8.368021307577292e-01  6.461515641999814e-02 
  6.900121330692374e-01  5.697287688342944e-02 
  5.329145494640868e-01  4.933734783890985e-02 
  3.981657755320248e-01  4.239630423677198e-02 
  2.942545773700421e-01  3.708497153498507e-02 
  1.443505946777005e-01  8.662880029841552e-03 
  2.518149309873774e-01  4.738512165984392e-04 
  3.953939113697833e-01  1.115471940098976e-02 
  5.681751396609085e-01  2.277231591254428e-02 
  7.402606724114444e-01  3.303081579288375e-02 
  8.659567012415730e-01  4.059726251840274e-02 
  8.836897698850712e-01  4.274956993108947e-02 
  7.796865228807630e-01  3.907395751859860e-02 
  6.091319469070375e-01  3.206663216167541e-02 
  4.458850665925577e-01  2.437417360117716e-02 
  3.234750043463639e-01  1.761074383915102e-02 
  2.471680762319485e-01  1.333653165117458e-02 
  2.032088309471175e-01  1.166600074960990e-02 
  1.777913498987341e-01  1.043770095600357e-02 
  1.629875671915459e-01  1.140007871360023e-02 
  1.541082459543873e-01  1.225446060475917e-02 
  1.473501483314975e-01  1.363195990324460e-02 
  1.391247437322134e-01  1.485113342916917e-02 
  1.254391571880215e-01  1.627260378093569e-02 
  1.028878228284138e-01  1.655089753459048e-02 
  7.336601451039383e-02  1.651057506321418e-02 
  4.351613620007712e-02  1.632140343967508e-02 
  2.326788600259877e-02  1.519696803558539e-02 
  1.422773532027339e-02  1.516673853960988e-02 
  1.266212298325866e-02  1.414743964991982e-02 
  1.557164439741157e-02  1.475045781942833e-02 
  2.091706892003216e-02  1.502590366025635e-02 
  2.721865289921577e-02  1.551192334748186e-02 
  3.305154971149724e-02  1.595950804472366e-02 
  3.737594890336886e-02  1.637300897931367e-02 
  3.786518450747445e-02  1.702378790949679e-02 
  3.243111105374053e-02  1.694845638146876e-02 
  2.001030818410127e-02  1.646844144624000e-02 
  6.270532561319638e-03  1.591109980750598e-02 
  9.703624388978559e-03  1.528173449583186e-02 
  1.478594639502656e-02  1.454608262057440e-02 
  1.412660745692468e-02  1.367043234794574e-02 
  9.729634530262161e-03  1.359787047393230e-02 
  4.595038212792526e-03  1.329556048239226e-02 
  6.412074023440681e-03  1.367154826497045e-02 
  1.270880533079222e-02  1.344379093138284e-02 
  1.815820761506003e-02  1.377545016587122e-02 
  2.111597685837763e-02  1.417497984322337e-02 
  1.999881796644974e-02  1.355501180057364e-02 
  1.326926530303522e-02  1.344629391431732e-02 
  3.552634486980452e-03  1.270370206902722e-02 
  8.323495084094683e-03  1.204437863993673e-02 
  1.344502076723924e-02  1.123809631880371e-02 
  1.349509907724858e-02  1.047470980597031e-02 
  9.849668799939336e-03  1.003690699811746e-02 
  4.411135793089991e-03  9.696920833345236e-03 
  3.668287174400906e-03  9.416943180447959e-03 
  9.817758101594284e-03  9.521580642606053e-03 
  1.586779486457139e-02  9.288734508295147e-03 
  2.023425306793992e-02  9.295627241351407e-03 
  2.134849811124030e-02  9.120978877871390e-03 
  1.760825736769056e-02  8.754035430193305e-03 
  9.488666384240651e-03  8.135420397472545e-03 
  1.257971138854181e-03  7.217370497445180e-03 
  6.359810529009471e-03  6.432922954562879e-03 
  7.630543585468832e-03  5.659487434322034e-03 
  4.853875440956272e-03  5.189025441242216e-03 
  9.170876126932843e-04  4.478671405784019e-03 
  6.760497046176913e-03  4.517875928499129e-03 
  1.333064390168729e-02  4.218137670236139e-03 
  1.939642660284840e-02  4.016642229862658e-03 
  2.423012348034764e-02  4.071061376705230e-03 
  2.642846426387726e-02  3.690985167888388e-03 
  2.468399941063942e-02  3.335135245486830e-03 
  1.841412671468505e-02  2.758034217883376e-03 
  9.492192288482172e-03  2.101288820768108e-03 
  1.985078233720775e-03  1.429024912478659e-03 
  1.118068668267180e-03  9.985762899118755e-04 
  3.778961152108376e-04  1.175847093500825e-03 
  4.473855753009304e-03  1.473622011634841e-03 
  1.032364655375486e-02  1.800395214909178e-03 
  1.681545709979829e-02  1.973121368842515e-03 
  2.324217823920441e-02  2.215477786839286e-03 
  2.872829338769476e-02  2.318882003019079e-03 
  3.218514183755242e-02  2.522918085470109e-03 
  3.197256120238562e-02  2.818188575448766e-03 
  2.691017223227170e-02  3.500891086682895e-03 
  1.801794170078963e-02  4.273094033641154e-03 
  9.036744997824236e-03  5.133414110036453e-03 
  4.215623602420185e-03  6.015568132642026e-03 
  4.031902555472955e-03  6.673158649355930e-03 
  7.326550161572768e-03  7.284226641903852e-03 
  1.296101243754755e-02  7.637036214264507e-03 
  1.942778225866452e-02  7.933614610128013e-03 
  2.599727195847219e-02  8.071683046949730e-03 
  3.190729057256759e-02  8.184484866384361e-03 
  3.635701148399458e-02  8.358865746652039e-03 
  3.730181186658845e-02  8.771561243703381e-03 
  3.349265125677436e-02  9.213173505168567e-03 
  2.437647912062270e-02  9.986688413024913e-03 
  1.329277725395461e-02  1.090615962929853e-02 
  5.527442422469404e-03  1.175488270728378e-02 
  3.760664819676832e-03  1.259776057011376e-02 
  4.818748690477484e-03  1.311623834621870e-02 
  8.922674031597314e-03  1.335252039516008e-02 
  1.523148430735535e-02  1.370944583385219e-02 
  2.218166169679878e-02  1.377799744879714e-02 
  2.873345349959111e-02  1.371949892517260e-02 
  3.362100392648591e-02  1.386934974659304e-02 
  3.520655470937534e-02  1.415549465114810e-02 
  3.121421571533883e-02  1.470567792226474e-02 
  2.035829847799236e-02  1.536060778147165e-02 
  6.551551773493221e-03  1.629848923621198e-02 
  1.193058055356043e-02  1.726009572516387e-02 
  1.940541466354048e-02  1.801215394068512e-02 
  2.078895587154033e-02  1.859530260022033e-02 
  1.785906744416845e-02  1.893624875306854e-02 
  1.312358768640753e-02  1.903707189259131e-02 
  8.546537988700089e-03  1.896398049662575e-02 
  6.959530258161241e-03  1.897426011688566e-02 
  8.186330562115514e-03  1.898081254078883e-02 
  8.061499425548542e-03  1.928177896249069e-02 
  8.611082049650144e-03  1.982082832634001e-02 
  2.485694935003202e-02  2.082768976026576e-02 
  5.343884062246583e-02  2.218192078356360e-02 
  8.610075850171639e-02  2.398362637658152e-02 
  1.116849816974321e-01  2.508175954403434e-02 
  1.279706357121920e-01  2.622047168321837e-02 
  1.374501529261672e-01  2.718165525417033e-02 
  1.446512787868652e-01  2.792416850245933e-02 
  1.526522561365431e-01  2.867114585077466e-02 
  1.655681047146824e-01  2.978332975887663e-02 
  1.870800931046598e-01  3.160653230137694e-02 
  2.248897322446693e-01  3.446973939654121e-02 
  2.904211075887331e-01  3.909236544424895e-02 
  3.980857460123173e-01  4.527699548587026e-02 
  5.531359396295962e-01  5.333828529563252e-02 
  7.351979330116699e-01  6.098617561244871e-02 
  8.748012146395961e-01  6.600139274304354e-02 
  9.113349530250844e-01  6.710542017416025e-02 
  8.369869320586441e-01  6.352038182525428e-02 
  6.926007019538674e-01  5.701987356808105e-02 
  5.349616224942982e-01  4.969673989961413e-02 
  4.008931885691029e-01  4.315229022408867e-02 
  2.957980300558068e-01  3.774193827245686e-02 
  1.405573230681260e-01  1.347436786830384e-02 
  2.472797638870118e-01  5.623247514985566e-03 
  3.910960479244330e-01  4.558122576522227e-03 
  5.589833568012489e-01  1.626821674607869e-02 
  7.309429427947698e-01  2.832815891125700e-02 
  8.514716201926412e-01  3.746723117874128e-02 
  8.709685582620563e-01  4.286203138868193e-02 
  7.708102433184535e-01  4.388124592011868e-02 
  6.039401150473923e-01  4.230005674732989e-02 
  4.389905560038614e-01  4.024918585022341e-02 
  3.195900703740594e-01  3.936657213356282e-02 
  2.429212053459055e-01  3.859162801710121e-02 
  1.986286209526673e-01  3.887442693890324e-02 
  1.729876414178625e-01  3.940357715940791e-02 
  1.585322331704822e-01  3.900090187766964e-02 
  1.496727979616643e-01  3.898996092980277e-02 
  1.431009699236415e-01  3.795746060862940e-02 
  1.350971002595795e-01  3.665860209833056e-02 
  1.220424808724441e-01  3.544643395065950e-02 
  1.000563434011843e-01  3.284826986590735e-02 
  7.110538256393596e-02  3.116337243611679e-02 
  4.182003841090805e-02  2.983285381358398e-02 
  2.155993401654504e-02  2.923084028548057e-02 
  1.240231413758255e-02  2.933659463987726e-02 
  1.094305740314971e-02  2.979361490309969e-02 
  1.364928736816903e-02  3.004240178183844e-02 
  1.869946267564122e-02  3.042082585732251e-02 
  2.486255044932927e-02  3.085562160774954e-02 
  3.078253822023167e-02  3.003566833213460e-02 
  3.499718613722309e-02  2.965686566598663e-02 
  3.565432980111548e-02  2.879885359456051e-02 
  3.051822898976930e-02  2.733636093339109e-02 
  1.869113728559561e-02  2.612227216455060e-02 
  5.533947406424632e-03  2.504828234401657e-02 
  1.085615105013343e-02  2.455359850060925e-02 
  1.612572418631894e-02  2.439169326667546e-02 
  1.553050141013328e-02  2.454778721053088e-02 
  1.121545190611302e-02  2.477115461069909e-02 
  5.625472129349640e-03  2.490367843795181e-02 
  5.012681112804944e-03  2.487339977091389e-02 
  1.086186441586370e-02  2.457135463038580e-02 
  1.626003504821444e-02  2.409304268195607e-02 
  1.940091564546928e-02  2.323664109067518e-02 
  1.825629847055792e-02  2.216524826298907e-02 
  1.175731563551788e-02  2.099305530987290e-02 
  3.026752970958712e-03  2.005158926583287e-02 
  9.502949631369108e-03  1.939973734440813e-02 
  1.478205546072573e-02  1.883553888987831e-02 
  1.494694468731565e-02  1.876763938485856e-02 
  1.141794843580415e-02  1.899347808461297e-02 
  5.885344336320775e-03  1.901011088105046e-02 
  2.339394838508424e-03  1.896289760631065e-02 
  8.190523814028012e-03  1.898974137343257e-02 
  1.413438860234377e-02  1.823968778129482e-02 
  1.841430479593955e-02  1.784921619997260e-02 
  1.968613129967346e-02  1.670232768852013e-02 
  1.619780354686918e-02  1.571726588212883e-02 
  8.055114671825122e-03  1.470243608173738e-02 
  1.840009127536363e-03  1.380137479849892e-02 
  7.706816657136206e-03  1.330002171371235e-02 
  8.991042020208909e-03  1.329752758763601e-02 
  6.240206009217257e-03  1.316696405593693e-02 
  1.447709510279888e-03  1.318402901087603e-02 
  5.170815326133443e-03  1.315337039831709e-02 
  1.159456013493693e-02  1.282440426880934e-02 
  1.765857187428303e-02  1.263996874317807e-02 
  2.251446997028050e-02  1.175477308799326e-02 
  2.475091321417521e-02  1.105145984411289e-02 
  2.317472169303939e-02  9.919176086908779e-03 
  1.689154705591036e-02  8.944015640528401e-03 
  8.074624355074387e-03  7.885285094919618e-03 
  6.554533347613054e-04  7.395335820613992e-03 
  2.604977505144434e-03  7.030780669449653e-03 
  1.349619446659447e-03  7.011871522820320e-03 
  2.944099458405565e-03  7.082772623928963e-03 
  8.696103046312124e-03  6.976016513825067e-03 
  1.508660179206435e-02  6.865910691018531e-03 
  2.158783685728011e-02  6.555812892408024e-03 
  2.708470298272303e-02  6.059818965525514e-03 
  3.056884130688548e-02  5.237166123621613e-03 
  3.049738324686762e-02  4.256880414265555e-03 
  2.566184794880997e-02  3.184553138041260e-03 
  1.664425563421511e-02  2.305750173558278e-03 
  7.560412254449331e-03  1.740278280421652e-03 
  2.825529704645669e-03  1.563392952850990e-03 
  2.634938768336601e-03  1.443120180908666e-03 
  5.789866197193534e-03  1.541479487730134e-03 
  1.121381216818689e-02  1.720483254578765e-03 
  1.771296552563249e-02  1.678312387188371e-03 
  2.430530511734615e-02  1.524341944349832e-03 
  3.039715775375970e-02  1.269123249000851e-03 
  3.472824825305905e-02  9.903349362127990e-04 
  3.580475261184019e-02  1.323348257920185e-03 
  3.184025427757756e-02  2.094049531365081e-03 
  2.279736629985971e-02  3.182010072125932e-03 
  1.170644630293162e-02  3.898911253974145e-03 
  4.270200109754973e-03  4.127286814192288e-03 
  3.687675749689277e-03  4.012983277598343e-03 
  3.913392671421141e-03  3.764851494316790e-03 
  7.274768495854436e-03  3.375535268701682e-03 
  1.331933761297287e-02  3.225221899280022e-03 
  2.024465487181927e-02  3.083882340227806e-03 
  2.697768176796369e-02  3.331283548034230e-03 
  3.192163131878537e-02  3.624244178601217e-03 
  3.363504610869737e-02  4.569290816641868e-03 
  2.955111536610434e-02  5.600946831104289e-03 
  1.857097807955967e-02  6.754611109906218e-03 
  5.768839780791356e-03  7.523233650585568e-03 
  1.397776959322910e-02  7.743906488296989e-03 
  2.160424667535738e-02  7.349543250919794e-03 
  2.307632928117748e-02  6.673657278966396e-03 
  2.017555439648217e-02  5.851739034654730e-03 
  1.512567892665875e-02  5.114387735829056e-03 
  1.012795300213488e-02  4.676160940936216e-03 
  7.177773130547590e-03  4.478440926847569e-03 
  7.359735004722946e-03  4.655979934477746e-03 
  7.412183755417076e-03  5.360674652101098e-03 
  9.950431799201999e-03  6.541216898080657e-03 
  2.718947534255600e-02  7.921331710287909e-03 
  5.633030819687491e-02  9.020811337082421e-03 
  8.909972782162291e-02  9.326898487595249e-03 
  1.152834533373588e-01  8.635731879855899e-03 
  1.319110348360226e-01  7.209706742677563e-03 
  1.414964934551496e-01  5.887594623062532e-03 
  1.485113094561791e-01  4.509441424296227e-03 
  1.563803847726060e-01  3.915625066049454e-03 
  1.689219660194711e-01  4.114579898121925e-03 
  1.900731741689075e-01  5.654672407758942e-03 
  2.278888765282641e-01  9.577380679518794e-03 
  2.931108381776711e-01  1.674049324581030e-02 
  3.999612595419262e-01  2.695586669586783e-02 
  5.560573393971056e-01  3.956633283569150e-02 
  7.355694394066298e-01  5.227025875453963e-02 
  8.768793188224842e-01  6.092131231970736e-02 
  9.133558765383327e-01  6.424321992113242e-02 
  8.349075288770417e-01  6.242167238665033e-02 
  6.896008329240062e-01  5.676306006623773e-02 
  5.323274080695083e-01  5.004643540894058e-02 
  3.993355070710756e-01  4.359644732017003e-02 
  2.956563270702847e-01  3.825615338109549e-02 
  1.385049763216347e-01  1.922220479721828e-02 
  2.452943965380040e-01  1.218998861490079e-02 
  3.844755947059733e-01  3.229881210370076e-03 
  5.508391219879358e-01  8.809723947144601e-03 
  7.217040249569502e-01  2.176599123755019e-02 
  8.491789643121997e-01  3.356535926552419e-02 
  8.688492436132457e-01  4.138921599855196e-02 
  7.648215694262355e-01  4.579286334226494e-02 
  5.965392548233208e-01  4.770417065848829e-02 
  4.289772663641446e-01  4.945542632474600e-02 
  3.097034386500083e-01  5.153299101700039e-02 
  2.349470397160246e-01  5.408992135595118e-02 
  1.919910250658983e-01  5.612866334502883e-02 
  1.680735322616099e-01  5.709508843841718e-02 
  1.548865397050646e-01  5.701166177536826e-02 
  1.472420913709893e-01  5.605865194850579e-02 
  1.415780503313872e-01  5.392689310979346e-02 
  1.346096445239838e-01  5.098538463741968e-02 
  1.222550274141608e-01  4.772257838903846e-02 
  1.000517933368103e-01  4.398025063574426e-02 
  6.984729269492829e-02  4.089837474684740e-02 
  3.958171226085239e-02  3.910268235224444e-02 
  1.875154374433819e-02  3.843973632583930e-02 
  1.003618544315522e-02  3.880937957860971e-02 
  8.980469192838262e-03  3.960889256269517e-02 
  1.165886241782644e-02  4.008235683099697e-02 
  1.699899622206453e-02  4.045515318644245e-02 
  2.351838943019021e-02  4.017716605444256e-02 
  2.995722472979041e-02  3.950316565809778e-02 
  3.461150845823378e-02  3.792321952130556e-02 
  3.563459090768402e-02  3.644032150472724e-02 
  3.039697227541344e-02  3.421102213884592e-02 
  1.803914408213275e-02  3.220681287578876e-02 
  4.915258097971862e-03  3.086613845839126e-02 
  1.282476090992370e-02  3.037961039998134e-02 
  1.838464835002692e-02  3.046873334625817e-02 
  1.762739260328527e-02  3.102726893219466e-02 
  1.300380437154527e-02  3.152807463901798e-02 
  6.896387045345499e-03  3.182519695276605e-02 
  4.428212743149884e-03  3.175818322560940e-02 
  1.008006371792647e-02  3.130913721924065e-02 
  1.587964639363604e-02  3.049850139913266e-02 
  1.924551456978829e-02  2.914954297470378e-02 
  1.799447694784067e-02  2.747758753071923e-02 
  1.117953338934196e-02  2.591319123069249e-02 
  2.881197819126870e-03  2.459912730178253e-02 
  1.130077758199844e-02  2.391530092789291e-02 
  1.671274271140585e-02  2.382114594993934e-02 
  1.697832831359192e-02  2.403399685465833e-02 
  1.319949383105839e-02  2.455792394292287e-02 
  7.309959610546945e-03  2.483020184764055e-02 
  2.080798985149248e-03  2.478914512459151e-02 
  7.292999392270976e-03  2.458869330343784e-02 
  1.343943085981906e-02  2.388564646729898e-02 
  1.798743043605801e-02  2.280990098177892e-02 
  1.936919526411718e-02  2.144869383420323e-02 
  1.563916556559227e-02  1.990586709041342e-02 
  7.051547364647316e-03  1.859287716026171e-02 
  3.194004159467061e-03  1.776502815009840e-02 
  9.621578497056874e-03  1.744448690255963e-02 
  1.097423554381990e-02  1.768546161560501e-02 
  8.196356266400816e-03  1.795215750840357e-02 
  2.739653114200208e-03  1.830053347744390e-02 
  3.764493723415768e-03  1.836654215734803e-02 
  1.050797854482330e-02  1.812333841268711e-02 
  1.676610097399552e-02  1.756199301161003e-02 
  2.191176327637769e-02  1.680965693117614e-02 
  2.441093292422873e-02  1.542784617373043e-02 
  2.268038525755962e-02  1.406733565153664e-02 
  1.607278840602231e-02  1.270732829192793e-02 
  6.818535836321956e-03  1.170655742923468e-02 
  1.156538853651696e-03  1.122961973147974e-02 
  4.552433676603208e-03  1.125492486221866e-02 
  3.246879172740638e-03  1.150906121452593e-02 
  1.294739886619963e-03  1.193242738116730e-02 
  7.245536146069915e-03  1.209217016266880e-02 
  1.388643057894226e-02  1.199277262986076e-02 
  2.063440153189073e-02  1.163530574819506e-02 
  2.644328936043533e-02  1.091471248437754e-02 
  3.019508992777821e-02  9.837104841048333e-03 
  3.005299972404417e-02  8.441666680027033e-03 
  2.484680933411697e-02  7.026659356436024e-03 
  1.532404354370991e-02  5.919942657159810e-03 
  5.806823521921580e-03  5.302134007422623e-03 
  1.754682429794860e-03  5.392138018765214e-03 
  1.835633721806647e-03  5.783534092714566e-03 
  4.007593166231741e-03  6.212056541811301e-03 
  9.585238586184019e-03  6.651591198890090e-03 
  1.635021912274102e-02  6.778066103418239e-03 
  2.334963668182925e-02  6.644350743186645e-03 
  2.955111536610434e-02  6.131758616028805e-03 
  3.421003175971062e-02  5.224377495232125e-03 
  3.551060547932106e-02  3.990685472164942e-03 
  3.142419617816489e-02  2.662292691852918e-03 
  2.181378746244449e-02  1.561698524590438e-03 
  1.000749720247102e-02  1.112610745489107e-03 
  3.464816009094321e-03  1.122777109707668e-03 
  4.716283764295320e-03  1.497191490240865e-03 
  3.926153972417683e-03  2.222871204765997e-03 
  5.672325930804813e-03  3.001427794684638e-03 
  1.171039993417854e-02  3.497463976493598e-03 
  1.887400767748941e-02  3.690832617447673e-03 
  2.588295917784430e-02  3.502237952393031e-03 
  3.112274736179764e-02  2.846572503716429e-03 
  3.319387677016943e-02  1.826660762364034e-03 
  2.920293671962910e-02  1.184705214459336e-03 
  1.762472207759565e-02  1.769315980153752e-03 
  5.449590602566486e-03  2.464918702341641e-03 
  1.650914292491957e-02  2.343028115463322e-03 
  2.468951605873883e-02  1.717748587128523e-03 
  2.609293169386289e-02  1.515792835459220e-03 
  2.296662754328609e-02  2.509823318693038e-03 
  1.750961824218645e-02  3.667917425557008e-03 
  1.197239335919393e-02  4.564436819578073e-03 
  7.887437435593404e-03  4.866487363412114e-03 
  7.241950089135341e-03  4.613692014853551e-03 
  7.265106371549589e-03  3.752835256548495e-03 
  1.051885642589811e-02  2.485599483489370e-03 
  2.828403899773635e-02  1.693833040058022e-03 
  5.880098177581127e-02  1.914121273386957e-03 
  9.335244076625658e-02  1.948242890083160e-03 
  1.211180380915562e-01  2.533738846826025e-03 
  1.378991303603143e-01  4.970390951716011e-03 
  1.473088968982432e-01  8.029047921189952e-03 
  1.537931624307466e-01  1.056760325573093e-02 
  1.607464821400476e-01  1.237635619533949e-02 
  1.718188774717121e-01  1.265567751960594e-02 
  1.915732545687172e-01  1.081442044132729e-02 
  2.263583019510907e-01  6.095905137020496e-03 
  2.884211986314364e-01  4.033396805572413e-03 
  3.921421515854508e-01  1.574033785714099e-02 
  5.463684050541735e-01  3.079061759329592e-02 
  7.266336858801410e-01  4.576995126512742e-02 
  8.672970663303667e-01  5.698728280612553e-02 
  9.044960557661827e-01  6.247133689417843e-02 
  8.304953924970941e-01  6.190325703624279e-02 
  6.884784918174440e-01  5.702206620518941e-02 
  5.331544364399298e-01  5.077030822485688e-02 
  4.015405202774797e-01  4.437686313197015e-02 
  2.967585752668080e-01  3.917817483767718e-02 
  1.377661993432189e-01  2.590498827173381e-02 
  2.453336258138751e-01  1.993140206436381e-02 
  3.823434700440966e-01  1.147209144143008e-02 
  5.436004121958600e-01  2.160521040012001e-04 
  7.058233594440756e-01  1.410231138978176e-02 
  8.256126287051732e-01  2.696494879978709e-02 
  8.430455248718891e-01  3.641547254963912e-02 
  7.426220280802236e-01  4.240443197217037e-02 
  5.767417320708632e-01  4.603575816902557e-02 
  4.151935301260465e-01  4.944992075913807e-02 
  2.982237503102692e-01  5.303599854209813e-02 
  2.268936686923255e-01  5.681482195057787e-02 
  1.871248336932260e-01  5.971366811284107e-02 
  1.657380891359521e-01  6.141404459341897e-02 
  1.543643922427179e-01  6.162619445841045e-02 
  1.482445811519254e-01  6.078506703745702e-02 
  1.436522647899506e-01  5.862761807348686e-02 
  1.375946276718011e-01  5.539632442256220e-02 
  1.251785386887839e-01  5.156700400096823e-02 
  1.029790491243142e-01  4.760809457527951e-02 
  7.055848989425287e-02  4.420112773944539e-02 
  3.873675415817861e-02  4.192221780487200e-02 
  1.683350790909388e-02  4.118248036139435e-02 
  8.430883290669922e-03  4.161316514644126e-02 
  7.834626142584625e-03  4.229059544610600e-02 
  1.069947768665495e-02  4.308338818805512e-02 
  1.647590303567488e-02  4.331981567077357e-02 
  2.356610603110046e-02  4.319573816574511e-02 
  3.059692820007630e-02  4.230922790244528e-02 
  3.589627861378668e-02  4.085247284635973e-02 
  3.718744385420271e-02  3.885702528948892e-02 
  3.175067242737294e-02  3.641459633056257e-02 
  1.882465941060753e-02  3.424039373138528e-02 
  4.862749830346015e-03  3.274467241441388e-02 
  1.442567944264075e-02  3.214330653763370e-02 
  2.035611648386898e-02  3.231068013887149e-02 
  1.940851811953447e-02  3.283645009608867e-02 
  1.436175049047740e-02  3.340799792409692e-02 
  7.627993729595743e-03  3.384580515882554e-02 
  4.185721967497948e-03  3.367168888309305e-02 
  1.004110543575944e-02  3.322287789321394e-02 
  1.621950243975310e-02  3.227956325115841e-02 
  1.993221106702044e-02  3.084645426489283e-02 
  1.886130454017658e-02  2.892201519836182e-02 
  1.156016352249598e-02  2.725833973047127e-02 
  2.955160868891552e-03  2.579869570175017e-02 
  1.253626250041271e-02  2.496652794997192e-02 
  1.871556650423910e-02  2.486739254620102e-02 
  1.892257029982203e-02  2.537375253697104e-02 
  1.480655169937743e-02  2.588476640024306e-02 
  8.610473359265092e-03  2.614934410013126e-02 
  2.260144349961923e-03  2.627693761562993e-02 
  6.718623851334843e-03  2.597222759822230e-02 
  1.331082970936316e-02  2.531810519519475e-02 
  1.823872299247344e-02  2.416289407246846e-02 
  1.972162866879168e-02  2.259823392929599e-02 
  1.583832416106247e-02  2.105182979166386e-02 
  6.534112045268162e-03  1.965418773151953e-02 
  4.591272052918688e-03  1.871730425563308e-02 
  1.157359490782512e-02  1.846086090161891e-02 
  1.296064834788633e-02  1.867633047045960e-02 
  9.985072610651645e-03  1.916943664774102e-02 
  4.297548408509037e-03  1.937875401406534e-02 
  2.782561214953797e-03  1.955016603008056e-02 
  9.873429451854503e-03  1.938903747301007e-02 
  1.651121670284028e-02  1.877399509224968e-02 
  2.206418688627549e-02  1.787231663416184e-02 
  2.469864781076146e-02  1.657407882566443e-02 
  2.285528953450976e-02  1.508058365138551e-02 
  1.568298501072450e-02  1.367783152306847e-02 
  5.364992601214997e-03  1.257330208505349e-02 
  3.092147679029239e-03  1.203301754682369e-02 
  6.626974162844182e-03  1.209602149744016e-02 
  5.229585013230114e-03  1.248684440121248e-02 
  7.555486386015563e-04  1.288082262998252e-02 
  6.033206320811211e-03  1.316743247822107e-02 
  1.299273490155462e-02  1.315714315456556e-02 
  2.011562947264475e-02  1.274991530931996e-02 
  2.625884244361741e-02  1.198560607906761e-02 
  3.032046639248053e-02  1.084808551346275e-02 
  3.028235367463956e-02  9.468046888195841e-03 
  2.462626379936913e-02  7.966235665204558e-03 
  1.437657476988616e-02  6.741094261947440e-03 
  4.067879010489110e-03  6.096788788682288e-03 
  2.721786322753936e-03  6.173238414107933e-03 
  2.993387752295203e-03  6.642080732290886e-03 
  2.481119473432407e-03  7.116122244244921e-03 
  8.066542519845305e-03  7.672810105983048e-03 
  1.520511038572299e-02  7.868379532249319e-03 
  2.259005963327006e-02  7.739747632301817e-03 
  2.947557441949062e-02  7.202620785761745e-03 
  3.434580322131959e-02  6.350392227310472e-03 
  3.580682612564223e-02  4.973240365961827e-03 
  3.139562820187975e-02  3.488874118321824e-03 
  2.088594968186396e-02  2.300742950405237e-03 
  8.138133828318314e-03  1.612380176293689e-03 
  4.175390775118024e-03  1.603946580517458e-03 
  6.802673503741904e-03  2.219058236933952e-03 
  5.155439294317088e-03  3.014945736212275e-03 
  4.468932318563371e-03  3.978439425383745e-03 
  1.042361656479735e-02  4.473740611525207e-03 
  1.814945245056885e-02  4.779796424023638e-03 
  2.565049068161954e-02  4.596902579485539e-03 
  3.159064748750938e-02  3.832517088754011e-03 
  3.373410771878012e-02  2.685822761409318e-03 
  2.945497289137133e-02  1.467883538043390e-03 
  1.702068864586406e-02  1.159749115580795e-03 
  6.000631774964071e-03  1.644653259150836e-03 
  1.987356032255845e-02  1.648735161680903e-03 
  2.847906175758882e-02  1.311986752898771e-03 
  2.953446969952840e-02  2.029271939289866e-03 
  2.579355051102224e-02  3.404649821117258e-03 
  1.962463451897956e-02  4.777217339939866e-03 
  1.309465700978480e-02  5.839300831644573e-03 
  8.254335698433016e-03  6.055352084739890e-03 
  7.320593255208181e-03  5.889829189125230e-03 
  7.503403946616668e-03  5.034555699385206e-03 
  1.032474364714033e-02  3.611150594256187e-03 
  2.898038344276168e-02  2.308907582633015e-03 
  6.192374696942887e-02  1.870140562621649e-03 
  9.896172967286354e-02  2.102174917910974e-03 
  1.278440373638053e-01  3.570866795891123e-03 
  1.449030668606918e-01  6.462769995118712e-03 
  1.533212591976695e-01  9.731392735802893e-03 
  1.586602474818411e-01  1.266811654003655e-02 
  1.642041304696504e-01  1.463562253029941e-02 
  1.734852584304852e-01  1.490027555441911e-02 
  1.904914893689830e-01  1.313742500884129e-02 
  2.227200048424501e-01  8.156022214640457e-03 
  2.821460193217420e-01  2.857009273161891e-03 
  3.858526411890160e-01  1.431473952876484e-02 
  5.400681020439407e-01  2.947554202019157e-02 
  7.221475253899158e-01  4.498184347482770e-02 
  8.648641143372114e-01  5.670025995271803e-02 
  9.009434399030446e-01  6.249899732663008e-02 
  8.287197277230020e-01  6.214430709133399e-02 
  6.840707601347121e-01  5.778090636395615e-02 
  5.312035605686779e-01  5.153327579961985e-02 
  3.980705761360248e-01  4.519303937578202e-02 
  2.965571008534349e-01  4.005481682485904e-02 
  1.398434331634655e-01  3.193191393048062e-02 
  2.436980630581325e-01  2.639998013016363e-02 
  3.773490208126039e-01  1.847271798079755e-02 
  5.339699626182576e-01  6.746985083483942e-03 
  6.960352384631296e-01  6.988650948970561e-03 
  8.175103832586174e-01  1.981852140187978e-02 
  8.345104460663099e-01  3.008007051412226e-02 
  7.317845353166459e-01  3.627949222846548e-02 
  5.636741613784351e-01  4.015104934311622e-02 
  4.001266493730035e-01  4.360099497653807e-02 
  2.865385292288876e-01  4.697926306686147e-02 
  2.173473639800005e-01  5.076533424779320e-02 
  1.810848123374807e-01  5.387610616006712e-02 
  1.629479786158830e-01  5.609836450577545e-02 
  1.536251349422272e-01  5.629707098042198e-02 
  1.495242309485658e-01  5.634644229936167e-02 
  1.466845684139437e-01  5.447499511834936e-02 
  1.416314421608699e-01  5.184092594682683e-02 
  1.295713182798767e-01  4.859264620060511e-02 
  1.060467168106143e-01  4.497736927799851e-02 
  7.203517695757344e-02  4.178138671293535e-02 
  3.739990743954105e-02  3.943003839793418e-02 
  1.474760433548131e-02  3.872225137842168e-02 
  7.417654952722628e-03  3.890785153311570e-02 
  7.177953281832489e-03  3.957711656374788e-02 
  9.809495614737460e-03  4.012094465389247e-02 
  1.613683942284664e-02  4.044436768852321e-02 
  2.410900723960913e-02  4.050517846454035e-02 
  3.185447687700821e-02  3.985543926039456e-02 
  3.781171078320451e-02  3.861793524677581e-02 
  3.931527134131997e-02  3.671853539334834e-02 
  3.348450455359100e-02  3.450315824355617e-02 
  1.918820843322839e-02  3.267215644829490e-02 
  4.911794939981445e-03  3.085049949417613e-02 
  1.633260005407367e-02  3.028799326167399e-02 
  2.249926740622825e-02  3.022417811924626e-02 
  2.115658062532852e-02  3.072729288319507e-02 
  1.546443392768629e-02  3.124435761595928e-02 
  8.202921913582647e-03  3.169633877348298e-02 
  4.188701163350178e-03  3.174336040575571e-02 
  1.052200799304264e-02  3.125953763434915e-02 
  1.733185222023401e-02  3.036263088905571e-02 
  2.133027120625360e-02  2.917804232970915e-02 
  2.001906443244516e-02  2.753985821348008e-02 
  1.213946723792675e-02  2.588858120146503e-02 
  3.215215429854684e-03  2.435550001476863e-02 
  1.407707833591103e-02  2.352906936197510e-02 
  2.063725722864823e-02  2.330912924705006e-02 
  2.075960459777869e-02  2.357808885377064e-02 
  1.628008534928710e-02  2.395150182157388e-02 
  9.449529330545896e-03  2.431290202568006e-02 
  2.511932282523909e-03  2.420695149702031e-02 
  6.892986491257501e-03  2.397942417244408e-02 
  1.388235600285169e-02  2.355695487404652e-02 
  1.907796191039763e-02  2.241584164952332e-02 
  2.066867695257661e-02  2.111093652789559e-02 
  1.638747821545239e-02  1.955055317083312e-02 
  6.236378668528358e-03  1.825062535146376e-02 
  5.760940335415617e-03  1.718149301930446e-02 
  1.334127933514132e-02  1.679082750233524e-02 
  1.478272430173850e-02  1.683916102834790e-02 
  1.150819937790267e-02  1.712907654067609e-02 
  5.444059678779216e-03  1.742497043893553e-02 
  2.063538981483654e-03  1.759337258105103e-02 
  9.623585904428033e-03  1.732556076362646e-02 
  1.687537480527680e-02  1.691814527898198e-02 
  2.263431352699940e-02  1.604665997082778e-02 
  2.541996377797073e-02  1.496046353785660e-02 
  2.348995189418065e-02  1.362213876474377e-02 
  1.570959458343824e-02  1.216842725051877e-02 
  4.453374083146750e-03  1.110411114140629e-02 
  4.715252210877757e-03  1.039860783808694e-02 
  8.570425367572673e-03  1.047143496993633e-02 
  6.983721746382255e-03  1.060410818907035e-02 
  1.902607600708771e-03  1.095888324449152e-02 
  5.165406769601519e-03  1.118806291706683e-02 
  1.262791434376194e-02  1.114524449223258e-02 
  2.020466608306477e-02  1.077210058490763e-02 
  2.672473007064745e-02  1.012494446962194e-02 
  3.104867185085079e-02  9.013413598621615e-03 
  3.098083561517745e-02  7.781530965413059e-03 
  2.482639022261337e-02  6.381548878528489e-03 
  1.369669633837736e-02  5.191334341723989e-03 
  2.531441393931979e-03  4.417282248444440e-03 
  4.504544974420694e-03  4.202154345136711e-03 
  4.769826448219173e-03  4.561934023007091e-03 
  1.865960849413924e-03  4.968775788006341e-03 
  6.941297803056067e-03  5.398452693325210e-03 
  1.462867115733956e-02  5.624556710761099e-03 
  2.248067656563591e-02  5.468736521682363e-03 
  2.963894066830479e-02  4.969545828924827e-03 
  3.489483325361961e-02  4.297048940159709e-03 
  3.639463157696137e-02  3.105448632946092e-03 
  3.165494967178071e-02  1.853542293231236e-03 
  2.056548127573469e-02  8.717954539041820e-04 
  6.939233914689028e-03  1.018988188606964e-03 
  5.698038474511604e-03  1.202497687878308e-03 
  8.857160761115477e-03  1.006240399942182e-03 
  6.636029032293927e-03  1.012016981583598e-03 
  3.875894322598385e-03  1.430642426023174e-03 
  9.494076512705008e-03  1.947626163400343e-03 
  1.773509737719338e-02  2.141919279716908e-03 
  2.568337112484458e-02  2.040286002153867e-03 
  3.206328588803933e-02  1.472273855517000e-03 
  3.454380929286346e-02  1.095935007901662e-03 
  3.004775831228392e-02  1.830126459564014e-03 
  1.681180822803412e-02  2.914853955839283e-03 
  6.727009288902287e-03  3.870565756290092e-03 
  2.226857246774925e-02  4.052188596099455e-03 
  3.142071962213325e-02  3.473007330659758e-03 
  3.235787011221498e-02  2.490028970676196e-03 
  2.808535562254991e-02  1.596167449374174e-03 
  2.120550050384276e-02  1.618234291747962e-03 
  1.400232899079344e-02  2.125820789853680e-03 
  8.505092227448873e-03  2.430104222200886e-03 
  7.392859921952583e-03  2.326120721054225e-03 
  7.844531790859911e-03  1.922978594734113e-03 
  9.892331861756242e-03  1.656630679918319e-03 
  2.910010308016031e-02  2.557000718145676e-03 
  6.394700036912018e-02  3.693797219109645e-03 
  1.025551625641059e-01  3.814339540863864e-03 
  1.330603089139679e-01  2.855660668702671e-03 
  1.500194356473525e-01  2.207429031632112e-03 
  1.579507445299320e-01  3.870722170438505e-03 
  1.624058905818195e-01  5.967121076066876e-03 
  1.664950504524525e-01  7.629757767067825e-03 
  1.735388948386675e-01  7.915207417383593e-03 
  1.883684990970068e-01  6.187640879196614e-03 
  2.173085066727209e-01  3.001197320253318e-03 
  2.732829753414719e-01  7.416092703696390e-03 
  3.734991582363401e-01  1.811170558969032e-02 
  5.277259220516293e-01  3.266672526341311e-02 
  7.074919086989834e-01  4.718938854255719e-02 
  8.550549536761298e-01  5.818482065265091e-02 
  8.969225177732685e-01  6.357375296496644e-02 
  8.261352007240416e-01  6.342945794168463e-02 
  6.849403121765825e-01  5.927966626909840e-02 
  5.315550241550847e-01  5.313574817284952e-02 
  3.996270962398981e-01  4.671061120100616e-02 
  2.979196351048382e-01  4.124918764090758e-02 
  1.417420721110670e-01  3.924613559488917e-02 
  2.454768418973097e-01  3.371358604567775e-02 
  3.761360221799444e-01  2.563906302959607e-02 
  5.274706234478592e-01  1.477388281782061e-02 
  6.828922395325274e-01  2.019142638793497e-03 
  7.967342323177035e-01  1.031615716682705e-02 
  8.120173848948373e-01  1.986045756575894e-02 
  7.117246825338405e-01  2.586035307095901e-02 
  5.453247103670110e-01  2.967380237524064e-02 
  3.852400471775378e-01  3.194994022679659e-02 
  2.736039275736235e-01  3.478418642474877e-02 
  2.104687527303326e-01  3.794843760202914e-02 
  1.775769029567557e-01  4.090781657835306e-02 
  1.612837369025488e-01  4.302123763349688e-02 
  1.544237972178815e-01  4.425285044405140e-02 
  1.516529900224557e-01  4.446232307013147e-02 
  1.497339313457129e-01  4.400633494727477e-02 
  1.452774564010909e-01  4.240111723008416e-02 
  1.331867978113664e-01  4.047140205861696e-02 
  1.092756698543244e-01  3.762933124226131e-02 
  7.414101501564842e-02  3.495132947147603e-02 
  3.844108856158043e-02  3.311195323301193e-02 
  1.461578269492942e-02  3.197839774960184e-02 
  7.298654863804719e-03  3.180359395008222e-02 
  7.125446397582652e-03  3.227805817581423e-02 
  9.890811551373255e-03  3.267631695542188e-02 
  1.679867884444897e-02  3.312151168368955e-02 
  2.521036754608072e-02  3.324197740761917e-02 
  3.345114034305468e-02  3.269714626144225e-02 
  3.988144884972007e-02  3.229165099317563e-02 
  4.148644078935698e-02  3.102988742595171e-02 
  3.549760294775009e-02  2.938607955506018e-02 
  2.044545252562857e-02  2.771986430657395e-02 
  4.866091011537544e-03  2.630771025329211e-02 
  1.695128116286332e-02  2.538561270722198e-02 
  2.338822576346963e-02  2.527508355692552e-02 
  2.210502840813647e-02  2.514110431409043e-02 
  1.610888486054579e-02  2.588237945512123e-02 
  8.242605743595775e-03  2.606326981499390e-02 
  4.246376300772807e-03  2.608711183460636e-02 
  1.133681676776449e-02  2.601093716760073e-02 
  1.829209201586315e-02  2.535892562744074e-02 
  2.247544645519236e-02  2.441989262459489e-02 
  2.125223831916099e-02  2.336485552832745e-02 
  1.287915522032900e-02  2.200014534405249e-02 
  3.177352343627192e-03  2.062839078008971e-02 
  1.479798311267642e-02  1.965210835407093e-02 
  2.171892008733572e-02  1.923464388142229e-02 
  2.181312697290491e-02  1.929452760293846e-02 
  1.714108179720205e-02  1.937112082532414e-02 
  1.000500539997817e-02  1.969004233938257e-02 
  2.509319013718854e-03  1.961802799778740e-02 
  6.900704449206337e-03  1.950044849906907e-02 
  1.430036022252408e-02  1.897602745356053e-02 
  1.980428316741819e-02  1.839388216594109e-02 
  2.140648334865268e-02  1.715330066322867e-02 
  1.671001260017614e-02  1.606876872232437e-02 
  6.191768028778181e-03  1.474268037413702e-02 
  6.402230814670266e-03  1.365414152513627e-02 
  1.448262806050471e-02  1.304164577107813e-02 
  1.605960012440098e-02  1.286549498961061e-02 
  1.242139799796260e-02  1.290307881341511e-02 
  6.182285077484868e-03  1.300552085990481e-02 
  1.679686483222622e-03  1.303171279438669e-02 
  9.646800059154213e-03  1.280360448714214e-02 
  1.699612933905634e-02  1.259706296108231e-02 
  2.305140108679661e-02  1.191825024569635e-02 
  2.599210048847685e-02  1.104475915581418e-02 
  2.391099933489555e-02  9.868723928016097e-03 
  1.562360956516008e-02  8.716986030441477e-03 
  3.780661348970441e-03  7.659874426360453e-03 
  5.889232869895982e-03  6.901226797239638e-03 
  9.902116404301643e-03  6.454450879105168e-03 
  8.135642893378529e-03  6.438468866716661e-03 
  2.835617692210904e-03  6.476943371579468e-03 
  4.423957818117782e-03  6.789038945136945e-03 
  1.245081491836994e-02  6.632644952423827e-03 
  2.017980788525206e-02  6.389479778250875e-03 
  2.707059973054362e-02  5.921599076215507e-03 
  3.141434633220871e-02  5.024156395894505e-03 
  3.137307786483702e-02  4.094782607855463e-03 
  2.480007118304942e-02  2.854814211211222e-03 
  1.307362511256145e-02  1.710277372849966e-03 
  1.781422065467242e-03  9.243254268258387e-04 
  5.815028229334271e-03  7.604951522452508e-04 
  6.066634455704187e-03  7.808298366446054e-04 
  2.235713130030866e-03  8.331293800488503e-04 
  6.183441798727743e-03  1.013634304537210e-03 
  1.404821118717900e-02  1.024725868947113e-03 
  2.236362119489323e-02  9.866764214138083e-04 
  2.997398788052188e-02  8.425647775699209e-04 
  3.551856222097483e-02  8.263896133020413e-04 
  3.708479028154681e-02  1.460451368502558e-03 
  3.209143425659685e-02  2.587116882459024e-03 
  2.000331515493083e-02  3.626516435165255e-03 
  5.702109163625820e-03  4.740977017223574e-03 
  7.127208721553805e-03  5.271633388791253e-03 
  1.047284382871712e-02  5.282762666466863e-03 
  7.919893240453753e-03  5.005631788664282e-03 
  3.902878013334205e-03  4.656288703467279e-03 
  9.098251283222945e-03  4.242131237282874e-03 
  1.761780210431434e-02  4.070982636158717e-03 
  2.618268780610871e-02  4.179510301489194e-03 
  3.282181379991590e-02  4.519531316187052e-03 
  3.535131125819831e-02  5.327976492241230e-03 
  3.053863542804921e-02  6.470432336477481e-03 
  1.641404339909672e-02  7.780412985170032e-03 
  7.659172968268783e-03  8.860329034192278e-03 
  2.438109335429648e-02  9.318697198298198e-03 
  3.366622932364498e-02  9.214023169690057e-03 
  3.433304536627663e-02  8.699813647378528e-03 
  2.952182675952295e-02  7.899840084333450e-03 
  2.206157060100981e-02  7.104724631742937e-03 
  1.424833860477401e-02  6.307913801438228e-03 
  8.353157638567170e-03  6.024735012792948e-03 
  7.688645322995071e-03  6.162300180108831e-03 
  8.180676656154087e-03  6.737589542459317e-03 
  9.564087205659018e-03  7.686716255766034e-03 
  2.982290721708578e-02  9.171660068655193e-03 
  6.604772718189562e-02  1.065964520747213e-02 
  1.067049157826734e-01  1.134708086827888e-02 
  1.374461177293174e-01  1.111939991145517e-02 
  1.546689464833685e-01  9.977635858936306e-03 
  1.618584314463157e-01  8.448985212390193e-03 
  1.648279386611317e-01  6.840994637639831e-03 
  1.676423836816122e-01  5.804369481671786e-03 
  1.734787872251473e-01  5.688103628875705e-03 
  1.862777687908333e-01  6.569099650745643e-03 
  2.131120601285990e-01  9.885246422211611e-03 
  2.670814512277245e-01  1.600005958526867e-02 
  3.667799841222824e-01  2.593887283276849e-02 
  5.216437728947397e-01  3.857604058986334e-02 
  7.059787474198561e-01  5.125286533397899e-02 
  8.543937787165802e-01  6.144004144764835e-02 
  8.950787101738165e-01  6.643321952787214e-02 
  8.217698008607869e-01  6.573212160094072e-02 
  6.815658586086617e-01  6.120315352838458e-02 
  5.293870671864679e-01  5.462129594526613e-02 
  3.982574671459349e-01  4.805635752798418e-02 
  2.976911867318646e-01  4.229952105358144e-02 
  1.448492755202314e-01  5.096036735363395e-02 
  2.459073316995262e-01  4.491463761388269e-02 
  3.723913438675128e-01  3.697512918288547e-02 
  5.205963602014931e-01  2.613055295283701e-02 
  6.741474209047449e-01  1.414471332792450e-02 
  7.883806880317359e-01  1.912889353366248e-03 
  8.019569904508804e-01  8.189299415681408e-03 
  7.000393894768251e-01  1.472581702951030e-02 
  5.309177281950234e-01  1.844556871646245e-02 
  3.724058352700636e-01  2.057293007628505e-02 
  2.635057080821936e-01  2.240613508630008e-02 
  2.024575268578823e-01  2.483412712912492e-02 
  1.725689185046467e-01  2.780127412661362e-02 
  1.588523439202910e-01  2.970450365740530e-02 
  1.536531533046239e-01  3.144393211523649e-02 
  1.521509006099808e-01  3.236953047945360e-02 
  1.516128729487832e-01  3.254279122246979e-02 
  1.479133684330519e-01  3.240676277481236e-02 
  1.355910510942721e-01  3.123053327057525e-02 
  1.109257509164683e-01  2.933416631768677e-02 
  7.451299627793703e-02  2.785804913223605e-02 
  3.755804062565536e-02  2.606989608095367e-02 
  1.374470513525645e-02  2.496918114160622e-02 
  7.050571601215119e-03  2.468585933695380e-02 
  6.886238773703895e-03  2.475536305776094e-02 
  9.759965384687073e-03  2.519001638571326e-02 
  1.687731582337085e-02  2.552175292692544e-02 
  2.590731928093752e-02  2.573915291427459e-02 
  3.456379553557697e-02  2.587798757449658e-02 
  4.114470732239552e-02  2.572436126195610e-02 
  4.287611009136888e-02  2.513578772280410e-02 
  3.650767093899942e-02  2.411298633339555e-02 
  2.094702868202697e-02  2.263959742474205e-02 
  4.975911269096868e-03  2.146128391762809e-02 
  1.765128297568026e-02  2.038291530958300e-02 
  2.436019034053532e-02  1.997791909385320e-02 
  2.285085357226253e-02  1.984108647801586e-02 
  1.665792212215073e-02  1.999266550877270e-02 
  8.397153214028393e-03  1.999548533994427e-02 
  4.384029091498261e-03  2.022023971808467e-02 
  1.180836523159483e-02  2.024720126791931e-02 
  1.916554296184935e-02  2.020198293895108e-02 
  2.337338848025501e-02  1.950376250705821e-02 
  2.195594212728147e-02  1.887644034913289e-02 
  1.293512194556277e-02  1.768946099566898e-02 
  3.226214415321749e-03  1.662664407561156e-02 
  1.580987831837769e-02  1.557323366790493e-02 
  2.276613083492833e-02  1.499366833928293e-02 
  2.271611336526573e-02  1.465160325289748e-02 
  1.788617919086186e-02  1.467544401576426e-02 
  1.051277397996477e-02  1.457843148130837e-02 
  2.599264811280724e-03  1.467043021996937e-02 
  7.124535870224213e-03  1.459183129930718e-02 
  1.465905341622183e-02  1.441386665453980e-02 
  2.026149223008450e-02  1.404426773143995e-02 
  2.182813481312025e-02  1.331184953175509e-02 
  1.698641293176285e-02  1.224121286391795e-02 
  5.846751387306478e-03  1.105766427346528e-02 
  7.087644518986174e-03  1.023994443418647e-02 
  1.531656849413806e-02  9.260197513999549e-03 
  1.687458991240390e-02  8.964386027390596e-03 
  1.324641104514167e-02  8.668810312614411e-03 
  6.637611467167597e-03  8.568797902608335e-03 
  1.472991963473326e-03  8.466506575374006e-03 
  9.419381293934066e-03  8.417825138332034e-03 
  1.720866686581142e-02  8.031668036717406e-03 
  2.342875319261158e-02  7.635419451501296e-03 
  2.638300303193788e-02  7.105919774226506e-03 
  2.406822580717886e-02  6.115622221135514e-03 
  1.553177631719117e-02  5.178627819232648e-03 
  3.379610707278853e-03  4.063856836398938e-03 
  6.956615136368302e-03  3.185515700960657e-03 
  1.078273364425155e-02  2.536858827274595e-03 
  9.017176642042511e-03  2.222639867380132e-03 
  3.458556918388909e-03  2.083265635436204e-03 
  4.137710747022577e-03  1.930180838802855e-03 
  1.226265266960434e-02  1.724488092765643e-03 
  2.025619771452632e-02  1.808983684878012e-03 
  2.729722989598303e-02  1.410346905596707e-03 
  3.190448784372063e-02  9.891408774922641e-04 
  3.177267111924120e-02  5.404767295965212e-04 
  2.486018048937690e-02  1.273090126598526e-03 
  1.249262855907765e-02  2.250214661249817e-03 
  1.591259199244093e-03  3.293543470962850e-03 
  6.824248412175381e-03  3.993920353971606e-03 
  6.848132070233622e-03  4.382775245190462e-03 
  2.659066675918138e-03  4.514408967989525e-03 
  5.838668623749111e-03  4.638843275317595e-03 
  1.401156279096921e-02  4.614538778999601e-03 
  2.236581237792263e-02  4.643772121984194e-03 
  3.015959653380793e-02  4.784919106241173e-03 
  3.584060873858896e-02  5.179089903806853e-03 
  3.737601775247450e-02  5.881430914506885e-03 
  3.216235026876263e-02  6.755690578992609e-03 
  1.985770603846825e-02  7.871496378921495e-03 
  5.259001290361566e-03  9.160528917229321e-03 
  7.918616807356928e-03  9.888785349522675e-03 
  1.137078969836314e-02  1.034938873845164e-02 
  8.540036510055280e-03  1.046234651862933e-02 
  3.954414841010582e-03  1.043019072627460e-02 
  8.835097110079326e-03  1.032096962718579e-02 
  1.758175311600813e-02  1.016630769528537e-02 
  2.647307118037205e-02  1.022800189927423e-02 
  3.329653395114076e-02  1.042499247110804e-02 
  3.594830993401740e-02  1.098888048435115e-02 
  3.089987889945732e-02  1.186914949700526e-02 
  1.639130107121620e-02  1.316720205482084e-02 
  7.923357969623455e-03  1.428431273849928e-02 
  2.532819419745853e-02  1.522885845031947e-02 
  3.464195373665365e-02  1.585541267274336e-02 
  3.523450522572327e-02  1.588636915040770e-02 
  3.015011183340496e-02  1.561047075495289e-02 
  2.244517146110148e-02  1.532737207095347e-02 
  1.436484113529206e-02  1.487867131943311e-02 
  8.322405593562791e-03  1.472990344373171e-02 
  7.905915666880654e-03  1.479098170884720e-02 
  8.591574836982255e-03  1.496200859878882e-02 
  9.346393838306677e-03  1.586253159019210e-02 
  2.971563240981959e-02  1.735510318025237e-02 
  6.662442553494637e-02  1.901224052748989e-02 
  1.079024677944697e-01  2.058159604261614e-02 
  1.396420697973883e-01  2.146371534382553e-02 
  1.561851817748755e-01  2.152251405002473e-02 
  1.634140627314244e-01  2.115023026738677e-02 
  1.657678204719064e-01  2.042478059521100e-02 
  1.677262655181946e-01  2.003237539356052e-02 
  1.730072398111736e-01  1.972223820947552e-02 
  1.845354156468620e-01  2.031740323358014e-02 
  2.099914088950718e-01  2.237617242822699e-02 
  2.625794760322109e-01  2.674843331504511e-02 
  3.605106736150393e-01  3.444605573845302e-02 
  5.111905036567976e-01  4.448707990968522e-02 
  6.946690939006928e-01  5.581133359802847e-02 
  8.429151844391617e-01  6.456363148638551e-02 
  8.873598559023405e-01  6.892937648326002e-02 
  8.175050184726380e-01  6.826247020750274e-02 
  6.796894475400391e-01  6.344669438666206e-02 
  5.318633042953588e-01  5.665669671181977e-02 
  4.024058886347078e-01  4.967956105891725e-02 
  3.005837701313561e-01  4.384100487419974e-02 
  1.510019053829039e-01  7.221707595333919e-02 
  2.512515371121988e-01  6.789432109868673e-02 
  3.731655790129261e-01  6.039409808877009e-02 
  5.127364325366076e-01  4.954474528534186e-02 
  6.549169451151069e-01  3.553667168828873e-02 
  7.606759356780970e-01  2.113682004908496e-02 
  7.711231252036677e-01  8.748723680502503e-03 
  6.720772232454219e-01  1.478320161836026e-03 
  5.106058984087921e-01  5.133105023130633e-03 
  3.592740315399113e-01  7.627292473273147e-03 
  2.560155693741315e-01  9.026161503345074e-03 
  1.977191011154846e-01  1.061631753898070e-02 
  1.695429663506838e-01  1.163885211465568e-02 
  1.575458716558344e-01  1.403695313691651e-02 
  1.529555455513850e-01  1.540797801130132e-02 
  1.518570389594176e-01  1.722574444936595e-02 
  1.515444644844757e-01  1.863854686421160e-02 
  1.476749482614921e-01  1.974927239821990e-02 
  1.357641257634863e-01  1.971334397901479e-02 
  1.110340362577198e-01  1.965500008344959e-02 
  7.499755883579112e-02  1.860982117757954e-02 
  3.852464339760068e-02  1.740112392781163e-02 
  1.425417798676924e-02  1.643778137624897e-02 
  7.151945187579893e-03  1.590192863168815e-02 
  7.003778897506020e-03  1.569797018872890e-02 
  1.017280400870083e-02  1.572423949814813e-02 
  1.747527735869355e-02  1.633846492046503e-02 
  2.624820005108218e-02  1.673328854523274e-02 
  3.472272712622039e-02  1.719073121583796e-02 
  4.124164004010800e-02  1.745226504774362e-02 
  4.283988806166293e-02  1.764059380699799e-02 
  3.660327353915705e-02  1.716073164571333e-02 
  2.113543191761716e-02  1.649381807374133e-02 
  4.900430986869806e-03  1.540755937445894e-02 
  1.718417462679443e-02  1.427706872267228e-02 
  2.389301618983298e-02  1.356390845523041e-02 
  2.239498507629539e-02  1.317844292460359e-02 
  1.633016892945790e-02  1.288914026830018e-02 
  8.230575012386740e-03  1.316769928930111e-02 
  4.301254870232961e-03  1.314620953079666e-02 
  1.164573161880660e-02  1.343250620938006e-02 
  1.895696365212871e-02  1.360881624524327e-02 
  2.321057649237115e-02  1.348831190302934e-02 
  2.180461271820120e-02  1.310688684277872e-02 
  1.306311732309241e-02  1.254476990688373e-02 
  3.288082285391990e-03  1.161354213677340e-02 
  1.573798319999841e-02  1.047994612391175e-02 
  2.269903933136439e-02  9.637380366868724e-03 
  2.286944774767093e-02  9.095832411852108e-03 
  1.790848004678723e-02  8.770213179786780e-03 
  1.050839834538972e-02  8.475978569921730e-03 
  2.655055949819821e-03  8.639501810894108e-03 
  6.901007150042845e-03  8.614393377524612e-03 
  1.450043488310809e-02  8.503977451998518e-03 
  2.009830476108804e-02  8.498122751810217e-03 
  2.163396522983849e-02  8.107573602640045e-03 
  1.664448941722787e-02  7.489960028221851e-03 
  5.634710105417260e-03  6.566829643815271e-03 
  7.302360637113143e-03  5.537481011494353e-03 
  1.549561892105529e-02  4.543099515136168e-03 
  1.706736111066627e-02  3.797085706546648e-03 
  1.341572901570984e-02  3.320037201009427e-03 
  6.781768759180201e-03  3.058734277458241e-03 
  1.233661829089226e-03  2.915778303360174e-03 
  9.228912477572461e-03  2.710740222683778e-03 
  1.693408663795145e-02  2.605526232428299e-03 
  2.297246917081781e-02  2.567861819574248e-03 
  2.599490755922801e-02  2.246441688629531e-03 
  2.362365966761835e-02  1.687362915324534e-03 
  1.512998952591996e-02  8.459150466331413e-04 
  2.977828810306094e-03  5.071255596637243e-04 
  6.993386444175050e-03  1.475123561975478e-03 
  1.102644149187755e-02  2.191252880491103e-03 
  9.268239063224647e-03  2.895944936980848e-03 
  3.635470939128244e-03  3.275749248046808e-03 
  3.889689883678708e-03  3.616118051686556e-03 
  1.192954905545996e-02  3.833633134120953e-03 
  1.992825525785282e-02  3.837869913300804e-03 
  2.694717714758979e-02  4.083884961553133e-03 
  3.158408700692723e-02  4.246673772770279e-03 
  3.120563521240317e-02  4.839066607375085e-03 
  2.441269230586114e-02  5.742287069037369e-03 
  1.214408441437519e-02  6.760656179796233e-03 
  1.592353282093251e-03  7.867414828478518e-03 
  7.039146069830499e-03  8.845617382167518e-03 
  6.978129541086576e-03  9.558047841680671e-03 
  2.704587131841845e-03  1.010684487548516e-02 
  5.701863645549509e-03  1.043388750546484e-02 
  1.383659653365282e-02  1.061593009320490e-02 
  2.230102771218098e-02  1.058624035026657e-02 
  2.995417256192008e-02  1.064138975270243e-02 
  3.557059070432989e-02  1.088971465463651e-02 
  3.706533480395802e-02  1.121868618815364e-02 
  3.174045348642854e-02  1.190943339734521e-02 
  1.940650718431667e-02  1.290357795840978e-02 
  4.971716743612959e-03  1.410342521554443e-02 
  8.056636645102127e-03  1.526031857282577e-02 
  1.142408898770172e-02  1.614929433485538e-02 
  8.720296011734492e-03  1.678558571158665e-02 
  3.973557732824535e-03  1.720760586065074e-02 
  8.878370764185850e-03  1.729291074775570e-02 
  1.785311602327265e-02  1.728736095373958e-02 
  2.656047437669844e-02  1.722762858016368e-02 
  3.332619087279771e-02  1.724238150243156e-02 
  3.584887054842523e-02  1.744098666350783e-02 
  3.073439208618409e-02  1.811521529970315e-02 
  1.611587637944996e-02  1.921411784452625e-02 
  8.259503230443428e-03  2.067006060554217e-02 
  2.537335100537609e-02  2.189211899035130e-02 
  3.477640039103575e-02  2.315361726395775e-02 
  3.505795081319921e-02  2.388068609667338e-02 
  2.989984778236640e-02  2.425721569698353e-02 
  2.216944788153631e-02  2.445439652733582e-02 
  1.402347444343072e-02  2.435541589399699e-02 
  8.128411420698230e-03  2.415577357051500e-02 
  7.992396618204453e-03  2.403453366178507e-02 
  8.611082049650144e-03  2.417109915856836e-02 
  9.297833768474654e-03  2.489982816400060e-02 
  2.973137381534276e-02  2.623287863411319e-02 
  6.721186979269766e-02  2.819155295492807e-02 
  1.083398493554132e-01  3.045378308248874e-02 
  1.398996659116075e-01  3.245109830130459e-02 
  1.565784095433183e-01  3.406339259538049e-02 
  1.631483092262792e-01  3.484530738775178e-02 
  1.654284792459933e-01  3.534206733671087e-02 
  1.679109339956285e-01  3.541405439365577e-02 
  1.726883052426096e-01  3.526974339746046e-02 
  1.845206081798558e-01  3.500725031968839e-02 
  2.099821979822660e-01  3.562702430044135e-02 
  2.627578365387105e-01  3.800317223939061e-02 
  3.601920535994139e-01  4.312056572596971e-02 
  5.110998780991759e-01  5.068342438946322e-02 
  6.975639486220127e-01  6.019516372084958e-02 
  8.433208297133272e-01  6.775469583770009e-02 
  8.852377534806698e-01  7.160439011151570e-02 
  8.153123621905937e-01  7.052382352364063e-02 
  6.774316407970420e-01  6.545875636574244e-02 
  5.278469632613352e-01  5.832060895202978e-02 
  4.002574068443731e-01  5.110058829802709e-02 
  3.008641054394684e-01  4.463601347322084e-02 
  1.578829663226876e-01  9.989598879591188e-02 
  2.541361974108508e-01  9.585155216797914e-02 
  3.717901908687660e-01  9.034593150286449e-02 
  5.082991428791516e-01  7.790329015804055e-02 
  6.442094294039439e-01  6.173558246544654e-02 
  7.437548784416649e-01  4.271064204696993e-02 
  7.509400675223140e-01  2.440656720544080e-02 
  6.551472575068310e-01  1.257345118409196e-02 
  4.955138266232214e-01  5.811955762216876e-03 
  3.489798305002647e-01  3.228958029303360e-03 
  2.486506663231103e-01  2.583149846577887e-03 
  1.934045011799797e-01  2.107027481241559e-03 
  1.665667558959018e-01  1.668531077156364e-03 
  1.550910468282173e-01  1.778443407919041e-03 
  1.511329388100073e-01  3.060313020138729e-03 
  1.503700961324475e-01  5.248603310180446e-03 
  1.500176912232879e-01  7.126062055917361e-03 
  1.462836969079267e-01  8.926838956288187e-03 
  1.345880117412179e-01  1.055377303045009e-02 
  1.098258637035795e-01  1.107919356469749e-02 
  7.416252835177388e-02  1.082266460887860e-02 
  3.751519665545677e-02  1.002773734440419e-02 
  1.368690734849045e-02  9.092557371240421e-03 
  7.043159561608466e-03  8.246333601552495e-03 
  6.946830099919709e-03  7.720067542963726e-03 
  1.004086382944442e-02  8.027239116628219e-03 
  1.720599242531738e-02  8.405312216413085e-03 
  2.602152095149566e-02  9.041142201567726e-03 
  3.446717406100348e-02  9.927800696738737e-03 
  4.073636538273310e-02  1.077560095250021e-02 
  4.238250065223237e-02  1.141625208570788e-02 
  3.590545440654248e-02  1.153074585190925e-02 
  2.022130954581930e-02  1.124918735489338e-02 
  4.914955922000039e-03  1.019561670041309e-02 
  1.757847830728681e-02  9.365255927826454e-03 
  2.401413387198563e-02  8.361756183282469e-03 
  2.241607274756068e-02  7.756616147534251e-03 
  1.618096719377654e-02  7.281492390653457e-03 
  8.235861362797343e-03  7.201735220043328e-03 
  4.294629246932946e-03  7.389596076047995e-03 
  1.143459869558829e-02  7.794357114368622e-03 
  1.837164426095977e-02  8.171080704887481e-03 
  2.258484307755664e-02  8.550963447993035e-03 
  2.117693859711141e-02  8.463658856545719e-03 
  1.238955270133757e-02  8.290814532835485e-03 
  3.649934974759836e-03  7.431883616920744e-03 
  1.586895312809171e-02  6.436848684720820e-03 
  2.293879643523316e-02  5.455180813807893e-03 
  2.286804179960871e-02  4.532164868553704e-03 
  1.790715024163842e-02  3.923328291353101e-03 
  1.064611314272373e-02  3.646234953666159e-03 
  2.833793679911309e-03  3.530468167271557e-03 
  6.671155707369435e-03  3.582805646575388e-03 
  1.406978552903112e-02  3.725684714405647e-03 
  1.956337263978137e-02  3.915549331878653e-03 
  2.096884345181672e-02  3.937192054489942e-03 
  1.626227599346458e-02  3.549260697702306e-03 
  5.048354889604471e-03  2.815492987574087e-03 
  7.775553741274784e-03  1.756337402303614e-03 
  1.585758242168703e-02  6.491187439533746e-04 
  1.725393777174268e-02  5.248794866564439e-04 
  1.349121077473114e-02  1.196874736401106e-03 
  6.885993800532326e-03  1.832052648406967e-03 
  1.145477933555130e-03  1.896443899704569e-03 
  8.910640602028256e-03  2.145231176947983e-03 
  1.650726515462161e-02  2.020991560779771e-03 
  2.251884063146778e-02  2.008398785130410e-03 
  2.536679956609687e-02  2.032738206206093e-03 
  2.306028006050905e-02  2.290652446234314e-03 
  1.451915786739471e-02  3.042290280813513e-03 
  2.621145186371550e-03  3.870951678421980e-03 
  7.257874050021432e-03  5.099985601726685e-03 
  1.109062260833141e-02  6.273597472672089e-03 
  9.162796206962092e-03  7.190683109621775e-03 
  3.692840731513450e-03  7.722722861900925e-03 
  3.850673333093134e-03  8.227078666381227e-03 
  1.185437270248439e-02  8.497816523593280e-03 
  1.966559891524521e-02  8.548537083493620e-03 
  2.649125160042674e-02  8.478059301433782e-03 
  3.088536067773098e-02  8.544532381940287e-03 
  3.049319123264407e-02  8.815042286753077e-03 
  2.377535046047649e-02  9.533095638512285e-03 
  1.190712402765619e-02  1.035774583937581e-02 
  1.600254390359326e-03  1.162506393281369e-02 
  6.849958295204248e-03  1.286333706970921e-02 
  6.727009288902287e-03  1.399092891383345e-02 
  2.594099783042293e-03  1.477214289332656e-02 
  5.781599809138075e-03  1.531685496320646e-02 
  1.377837585004054e-02  1.555593966386877e-02 
  2.200098005757924e-02  1.569400728975635e-02 
  2.947873393816492e-02  1.562414821006577e-02 
  3.490073533701507e-02  1.557758393518687e-02 
  3.651564088821842e-02  1.580376634084300e-02 
  3.127437413879398e-02  1.618615332592772e-02 
  1.923598268035723e-02  1.718449602610123e-02 
  5.061664170631548e-03  1.842743126753202e-02 
  7.857537771633286e-03  1.978232124091714e-02 
  1.107311033568248e-02  2.112484835284490e-02 
  8.301984675251452e-03  2.214687732325311e-02 
  3.962376847593798e-03  2.285619065190312e-02 
  9.046836204671520e-03  2.337598123705898e-02 
  1.777532611970415e-02  2.345543274785807e-02 
  2.629925992417402e-02  2.330338713031248e-02 
  3.285937338618584e-02  2.320911337319934e-02 
  3.513373953946473e-02  2.313994647230833e-02 
  3.027008060146855e-02  2.355656162360376e-02 
  1.591173280536002e-02  2.457027685007939e-02 
  8.063018892034281e-03  2.607043633993845e-02 
  2.495625861008183e-02  2.780435661007680e-02 
  3.366793091654858e-02  2.945432672742464e-02 
  3.419769836512713e-02  3.097600815754840e-02 
  2.915457248161635e-02  3.203717031353708e-02 
  2.162570016812969e-02  3.262197495779175e-02 
  1.378080150727467e-02  3.283791315742342e-02 
  8.084350372004341e-03  3.277706406630580e-02 
  7.843618774412284e-03  3.268378914166602e-02 
  8.342338874699854e-03  3.262636571759372e-02 
  9.605475693678429e-03  3.295170948065089e-02 
  3.003068768314807e-02  3.430663721623597e-02 
  6.678335414268834e-02  3.666463787804333e-02 
  1.070721509892635e-01  3.960880592008667e-02 
  1.374834201211125e-01  4.246751022261897e-02 
  1.543159004619699e-01  4.540662785390056e-02 
  1.614197526078325e-01  4.756611702361981e-02 
  1.645410170357455e-01  4.904054635935678e-02 
  1.674080845715336e-01  4.970818431439684e-02 
  1.733260849455686e-01  4.942011481051518e-02 
  1.863577152606609e-01  4.878412277369838e-02 
  2.130567644383928e-01  4.788387076459698e-02 
  2.663990227649691e-01  4.800383673436325e-02 
  3.621848060691554e-01  5.007966902812293e-02 
  5.097168345394953e-01  5.546075149676585e-02 
  6.920004507958041e-01  6.236447920835602e-02 
  8.362963038892564e-01  6.909571257322702e-02 
  8.818694083243617e-01  7.250894730077910e-02 
  8.158498299940786e-01  7.153578545153597e-02 
  6.816600269165837e-01  6.677867535690694e-02 
  5.340947111070962e-01  5.935362520904558e-02 
  4.052405791659963e-01  5.164994935364389e-02 
  3.057928857569087e-01  4.487624909510425e-02 
  1.674291133548637e-01  1.241424036622149e-01 
  2.607638157132278e-01  1.226753060130171e-01 
  3.710640474149474e-01  1.158994032907982e-01 
  4.942443090721006e-01  1.021952710817290e-01 
  6.178675363733674e-01  8.150545946863530e-02 
  7.085762267965972e-01  5.839285369354941e-02 
  7.136030167915367e-01  3.622904198398175e-02 
  6.248597163996814e-01  2.125200943273629e-02 
  4.778707266487227e-01  1.304187549876984e-02 
  3.390858189707064e-01  1.084353660819664e-02 
  2.447946530012831e-01  1.131046213088517e-02 
  1.919810344156553e-01  1.227495192842947e-02 
  1.653928105753531e-01  1.211346949571005e-02 
  1.533920767661600e-01  1.153555781054235e-02 
  1.483171348752910e-01  9.395606074263655e-03 
  1.468410993878598e-01  7.093054552352067e-03 
  1.455693783526213e-01  4.153630406186120e-03 
  1.411688501711936e-01  1.678659451314885e-03 
  1.295979486631272e-01  2.124011432463310e-03 
  1.058196150617318e-01  3.519993001430766e-03 
  7.160075921852330e-02  3.972817360466127e-03 
  3.744493899492195e-02  3.527963229404113e-03 
  1.460514514672149e-02  2.435033553810069e-03 
  7.259757722460010e-03  1.626244534535341e-03 
  7.106973193909484e-03  1.050683228741889e-03 
  1.017572536932334e-02  9.746991784305941e-04 
  1.699582995868258e-02  1.079451415096039e-03 
  2.507835971038719e-02  1.933569558232181e-03 
  3.281937659603981e-02  2.868908848625644e-03 
  3.858123072795509e-02  4.241206809300949e-03 
  3.980985789874222e-02  5.319388989312288e-03 
  3.380188169227274e-02  6.237437400016915e-03 
  1.905888446518650e-02  6.181208597602180e-03 
  4.949597428422227e-03  5.755843141330475e-03 
  1.673243233330524e-02  4.617776401403120e-03 
  2.285291095183578e-02  3.534742242250069e-03 
  2.156941554291583e-02  2.506357975208382e-03 
  1.581911660727937e-02  1.990721239173665e-03 
  8.340635215249529e-03  1.827585273937175e-03 
  4.015796319676218e-03  1.897214346179552e-03 
  1.031574688394646e-02  2.327930712385527e-03 
  1.677880115900711e-02  3.131368655193733e-03 
  2.036929872606120e-02  3.796392003909663e-03 
  1.921695739873479e-02  4.260037283212074e-03 
  1.100662771754080e-02  4.274826569356269e-03 
  3.892302878084864e-03  3.609148070650370e-03 
  1.539508983099173e-02  2.663293627845292e-03 
  2.197472391305114e-02  1.511248211849702e-03 
  2.200043801157942e-02  3.415240956461733e-04 
  1.744148775397056e-02  4.626054021405988e-04 
  1.065535141482953e-02  1.036318378067517e-03 
  3.204214470309193e-03  1.219982216290505e-03 
  5.630029589671140e-03  1.150737325055919e-03 
  1.261915943363319e-02  7.615737213659012e-04 
  1.773825024068002e-02  3.685595763209059e-04 
  1.910276254983519e-02  2.151663486527816e-04 
  1.461268348248600e-02  3.093281185199826e-04 
  4.389013102791795e-03  7.278372020913962e-04 
  7.704082545098063e-03  1.719096475784079e-03 
  1.521544390891222e-02  2.909306987268221e-03 
  1.666461088265017e-02  4.111729634236639e-03 
  1.309751568985735e-02  5.147277706659768e-03 
  6.893349168867842e-03  5.985223190549041e-03 
  8.594733746718425e-04  6.262316308887427e-03 
  8.242786997914258e-03  6.475862217613478e-03 
  1.528593918352680e-02  6.223224955055813e-03 
  2.091621644644369e-02  6.072796106847973e-03 
  2.373682223493237e-02  5.783727193589229e-03 
  2.159566974679904e-02  5.861559799403700e-03 
  1.369765985232487e-02  6.222916161884138e-03 
  2.358658834345978e-03  7.175199818150372e-03 
  6.887209238506096e-03  8.460150716335640e-03 
  1.059397216142828e-02  9.773487233320444e-03 
  8.747461251534042e-03  1.098649215655103e-02 
  3.498241820691274e-03  1.196531537532830e-02 
  3.631154913950656e-03  1.249674189237586e-02 
  1.132830614904849e-02  1.288482724303862e-02 
  1.866487893682703e-02  1.282693813150216e-02 
  2.515068265142744e-02  1.269211358327091e-02 
  2.929762577557450e-02  1.251619151990482e-02 
  2.899813232917928e-02  1.241648590884851e-02 
  2.266730964832708e-02  1.285732731255261e-02 
  1.133894313675578e-02  1.364990880920128e-02 
  1.530058822347393e-03  1.499844379608253e-02 
  6.271019877429135e-03  1.643671216574672e-02 
  6.104557339476931e-03  1.778093523114559e-02 
  2.353676262473148e-03  1.894823010031988e-02 
  5.821956113688792e-03  1.972173641180398e-02 
  1.343214363941691e-02  2.010112433964729e-02 
  2.129143962659880e-02  2.019405105885949e-02 
  2.828506801367824e-02  2.014136732921804e-02 
  3.343351417267700e-02  1.983604112411127e-02 
  3.473968909419537e-02  1.969897821894274e-02 
  2.987771824091741e-02  1.990082359289181e-02 
  1.835754609488410e-02  2.076055693625400e-02 
  5.172153165493573e-03  2.203003058012100e-02 
  7.058230344004809e-03  2.369486288980295e-02 
  9.965742865271661e-03  2.536944112174583e-02 
  7.383255156354748e-03  2.673772794185042e-02 
  3.881970916656150e-03  2.780027231305398e-02 
  9.198532081550633e-03  2.845728740083332e-02 
  1.748755435469356e-02  2.869417878893834e-02 
  2.535616255848965e-02  2.858152517422695e-02 
  3.155491592471293e-02  2.822632904748408e-02 
  3.360873585253984e-02  2.801186341020515e-02 
  2.871285497399056e-02  2.817873546330125e-02 
  1.512318717687261e-02  2.888503845105614e-02 
  7.966447113870777e-03  3.041269454093411e-02 
  2.347913145574121e-02  3.245501767619968e-02 
  3.204591507088052e-02  3.473207658654571e-02 
  3.238059892428165e-02  3.674714474263241e-02 
  2.764741155246858e-02  3.815067707908758e-02 
  2.057465811565209e-02  3.931481623217307e-02 
  1.334121482449237e-02  3.996974706653342e-02 
  8.136250802265448e-03  3.996974706653342e-02 
  7.591528510205232e-03  3.965891239939982e-02 
  7.838456045757329e-03  3.945040808312437e-02 
  1.057385443449190e-02  3.959563388854859e-02 
  3.070808452690323e-02  4.072635100864419e-02 
  6.623650023268507e-02  4.299227727073453e-02 
  1.049654633859930e-01  4.657585113373582e-02 
  1.342568419730941e-01  5.055729155950058e-02 
  1.507505403061250e-01  5.453811834645151e-02 
  1.582813615223670e-01  5.784764721758877e-02 
  1.623112705548767e-01  6.022468678379386e-02 
  1.666506751195287e-01  6.152603100467136e-02 
  1.743990550166182e-01  6.148517309309760e-02 
  1.894030321661251e-01  6.034833604358022e-02 
  2.188818634261526e-01  5.847647699485035e-02 
  2.745668981256858e-01  5.647549550183611e-02 
  3.709265561604474e-01  5.591446193013616e-02 
  5.186170940465292e-01  5.834267667151279e-02 
  6.954162381793233e-01  6.306505081459568e-02 
  8.363977914540190e-01  6.821887450299817e-02 
  8.762904473523653e-01  7.141805196799139e-02 
  8.100494423407715e-01  7.051063080549855e-02 
  6.766894059855585e-01  6.552354712921249e-02 
  5.318325049751850e-01  5.842174166659236e-02 
  4.064301124322588e-01  5.076603560164925e-02 
  3.070663151233942e-01  4.426343360413938e-02 
  1.745303169502402e-01  1.262124072160242e-01 
  2.603041112207091e-01  1.263437607599327e-01 
  3.614853301386913e-01  1.185723425498190e-01 
  4.765377142625943e-01  1.040114498038557e-01 
  5.938708757178438e-01  8.168515735668201e-02 
  6.787001221793965e-01  5.784586903653162e-02 
  6.887682627576382e-01  3.540215098903134e-02 
  6.056525183243777e-01  2.012758178501899e-02 
  4.663961184428609e-01  1.338609953616179e-02 
  3.328429230603990e-01  1.302162097412041e-02 
  2.414362502073134e-01  1.504427280183076e-02 
  1.888005596745182e-01  1.732544706730238e-02 
  1.624244771284258e-01  1.835487368025196e-02 
  1.498057652282513e-01  1.783026303471676e-02 
  1.444606043422900e-01  1.598026216954329e-02 
  1.424838289565914e-01  1.337731950751684e-02 
  1.402596908657870e-01  1.001214659963615e-02 
  1.355788130172197e-01  6.439854423472472e-03 
  1.243490086750697e-01  3.376420278950176e-03 
  1.014519683104456e-01  1.447241308288535e-03 
  6.877479861530660e-02  1.032389906810162e-03 
  3.597643927606417e-02  8.828482286871198e-04 
  1.414077224199200e-02  1.472081822511891e-03 
  7.234658359761959e-03  2.492878144050426e-03 
  7.082173751432266e-03  3.225914851967262e-03 
  9.751515768720399e-03  3.591393150259456e-03 
  1.578477796724314e-02  3.257340431749833e-03 
  2.341683939723632e-02  2.421515202875323e-03 
  3.073251677674288e-02  1.127129197432374e-03 
  3.610570898435090e-02  9.392680506652946e-04 
  3.721351792696061e-02  2.291846095146219e-03 
  3.123883127047404e-02  3.452288646466681e-03 
  1.705909459285544e-02  3.831668688083333e-03 
  5.165710664840089e-03  3.321346990961568e-03 
  1.697498805600712e-02  2.254374171209954e-03 
  2.276759080529414e-02  1.034623884585627e-03 
  2.153544386398914e-02  2.495575135987554e-04 
  1.595549665955774e-02  9.319507238773471e-04 
  8.791340018328172e-03  1.166335246104933e-03 
  3.781875061797266e-03  9.394991683569825e-04 
  8.968195714467834e-03  4.731192840670431e-04 
  1.506733267888500e-02  4.716947581018337e-04 
  1.856728387441092e-02  1.359434226613056e-03 
  1.707732632825557e-02  2.025074243519702e-03 
  9.476876637810093e-03  2.254219747570442e-03 
  4.473307235300256e-03  1.815838625796776e-03 
  1.568389504459566e-02  8.501127895806415e-04 
  2.188015666958075e-02  4.860210171583183e-04 
  2.187803069793893e-02  1.711587081849063e-03 
  1.754037513550251e-02  2.759149927870920e-03 
  1.098754526854126e-02  3.335905581537435e-03 
  3.769721594172078e-03  3.534011431585763e-03 
  4.775053341268973e-03  3.479786108083033e-03 
  1.108496885859641e-02  3.013905284633091e-03 
  1.601462145024390e-02  2.481402411772729e-03 
  1.711403348446476e-02  2.011402798341302e-03 
  1.289301023346038e-02  1.883658197762681e-03 
  3.395471404770590e-03  2.341526083600043e-03 
  8.111639238605799e-03  3.227762710543432e-03 
  1.512087688543414e-02  4.647123882434760e-03 
  1.638413913535080e-02  5.991074911814168e-03 
  1.305454763759463e-02  7.083003395604643e-03 
  7.099984937524664e-03  7.934580123305788e-03 
  5.950436532691179e-04  8.337838907155384e-03 
  7.232894448523564e-03  8.484917031687186e-03 
  1.396525201652237e-02  8.336952939597572e-03 
  1.936354759640214e-02  7.966043066710162e-03 
  2.192750291289551e-02  7.678395887799743e-03 
  1.983600355134103e-02  7.531319985568091e-03 
  1.251097848880891e-02  7.864717003487594e-03 
  1.728366648638478e-03  8.647048602038460e-03 
  6.922580702184111e-03  9.992927809275565e-03 
  1.029556956474473e-02  1.137427305827296e-02 
  8.451911236655434e-03  1.277949816638250e-02 
  3.462446147220386e-03  1.384142487783582e-02 
  3.278419901068748e-03  1.452154583619131e-02 
  1.054091175001089e-02  1.494067435410703e-02 
  1.766100759807783e-02  1.498846644534347e-02 
  2.389842209410650e-02  1.469847912728550e-02 
  2.768679450785468e-02  1.443077814466111e-02 
  2.744284782402320e-02  1.419542665078176e-02 
  2.142599145498002e-02  1.437246798770597e-02 
  1.059719259576831e-02  1.517244074302939e-02 
  1.656530655859339e-03  1.648746740598229e-02 
  5.994797635956749e-03  1.804454559686869e-02 
  5.814783204865759e-03  1.954705117652185e-02 
  2.306332013610001e-03  2.086981743689467e-02 
  5.650083646576826e-03  2.171723845889358e-02 
  1.293725318198567e-02  2.230423591319008e-02 
  2.025839465390523e-02  2.239931823637723e-02 
  2.709229384646377e-02  2.228190149774936e-02 
  3.185812979909357e-02  2.190467934124211e-02 
  3.310672545677777e-02  2.162161351030297e-02 
  2.852469946280378e-02  2.170648987493715e-02 
  1.769036637284226e-02  2.230018931710728e-02 
  5.328344884369613e-03  2.360813880764986e-02 
  6.454678677353293e-03  2.534317660539179e-02 
  9.211714670194323e-03  2.725052351456993e-02 
  6.909635332624549e-03  2.886816972590723e-02 
  4.006255816291047e-03  3.014080171996154e-02 
  9.013957941939184e-03  3.087445143753970e-02 
  1.665384726554160e-02  3.111456975217757e-02 
  2.410650928219549e-02  3.106588999023218e-02 
  2.978558795930977e-02  3.060398285563319e-02 
  3.174428703114860e-02  3.023843079739696e-02 
  2.701098224066115e-02  3.023731679295797e-02 
  1.436162482824733e-02  3.076473297881416e-02 
  7.587945053442473e-03  3.227594004051069e-02 
  2.207925815549947e-02  3.439852733387860e-02 
  3.011358960036628e-02  3.690935875134469e-02 
  3.068687592546046e-02  3.916781546482218e-02 
  2.645313981637822e-02  4.091501361224472e-02 
  2.025127062681569e-02  4.227853207060290e-02 
  1.364667432643980e-02  4.292302783908383e-02 
  8.661466447590709e-03  4.319249583071171e-02 
  7.381977673804715e-03  4.296493409957974e-02 
  7.545339359070861e-03  4.260206983993394e-02 
  1.202241810414960e-02  4.255755312961584e-02 
  3.198859956011590e-02  4.337489135662213e-02 
  6.516375878189633e-02  4.557400021026269e-02 
  1.019645665445976e-01  4.912449512923598e-02 
  1.298700110165792e-01  5.377813041542447e-02 
  1.467264389598896e-01  5.812563360505230e-02 
  1.550448436347607e-01  6.213183067311061e-02 
  1.606975210743785e-01  6.518859186927217e-02 
  1.671061861172299e-01  6.673752552961808e-02 
  1.772319547039713e-01  6.724733066410762e-02 
  1.953476888054443e-01  6.590533926237188e-02 
  2.283911532004100e-01  6.381198434836438e-02 
  2.857656522700871e-01  6.070985561492311e-02 
  3.831545854289868e-01  5.837983994692286e-02 
  5.255654740171989e-01  5.816328137990778e-02 
  6.969070009814831e-01  6.042244568722655e-02 
  8.324093070912215e-01  6.410567832926502e-02 
  8.739056101645065e-01  6.653556513337079e-02 
  8.112831899949083e-01  6.591936269914445e-02 
  6.812806080536289e-01  6.169925924934977e-02 
  5.377407237604550e-01  5.523695759603692e-02 
  4.115257616445724e-01  4.825643113874564e-02 
  3.110814591468574e-01  4.206035655724191e-02 
  1.788265003175190e-01  9.355616259704044e-02 
  2.566462821750080e-01  9.277995338879390e-02 
  3.489852545437655e-01  8.346701840830345e-02 
  4.537641460840385e-01  7.121933267190035e-02 
  5.589007950013687e-01  5.088202066367551e-02 
  6.362172313231040e-01  3.094454490521498e-02 
  6.478219773735004e-01  1.483423142348732e-02 
  5.786661486879999e-01  5.515682387353773e-03 
  4.519530560386985e-01  2.946125546695991e-03 
  3.282456484590066e-01  4.956835997261020e-03 
  2.396761541492636e-01  8.882822828173584e-03 
  1.876590776277379e-01  1.227591153285552e-02 
  1.603423990979929e-01  1.402843744794295e-02 
  1.463750907626530e-01  1.405312793659921e-02 
  1.394836576849585e-01  1.276570928596853e-02 
  1.363472953131063e-01  1.036795491492252e-02 
  1.336386646380680e-01  7.524542508438146e-03 
  1.285389143113050e-01  4.523844309127156e-03 
  1.164910547065998e-01  1.841795680079735e-03 
  9.524256377090821e-02  1.664871810795207e-03 
  6.513616383030826e-02  2.229072017407791e-03 
  3.528664573957351e-02  2.141727435399227e-03 
  1.457640502905158e-02  1.074714479217471e-03 
  7.468826610565651e-03  1.009051889552680e-03 
  6.990466798802568e-03  1.509784630600551e-03 
  9.186614182998336e-03  1.742819859121156e-03 
  1.439747646814838e-02  1.651085068879392e-03 
  2.084949437944175e-02  1.045330326328827e-03 
  2.740542411191893e-02  1.014867278156864e-03 
  3.207908906829474e-02  2.172112925781014e-03 
  3.283014700346935e-02  3.575296798406455e-03 
  2.741301018085890e-02  4.568634342115157e-03 
  1.479512461247220e-02  5.093513950799471e-03 
  5.501794658923024e-03  4.692796805480050e-03 
  1.658445015448481e-02  3.691102028340418e-03 
  2.198651150408661e-02  2.524188303581699e-03 
  2.113458027749263e-02  1.453710910667961e-03 
  1.638250002809778e-02  8.336682272727199e-04 
  9.705205314773983e-03  7.194802054498614e-04 
  3.984133454825479e-03  7.013797129805909e-04 
  6.838835814123790e-03  1.256259907952239e-03 
  1.215484226651697e-02  1.729070893050345e-03 
  1.533419661130075e-02  2.714591907007558e-03 
  1.410528051110978e-02  3.142344531274121e-03 
  7.355844289037064e-03  3.396253898928419e-03 
  5.517779322646038e-03  2.945509650689633e-03 
  1.567537637786324e-02  2.009168913512772e-03 
  2.146811323681366e-02  7.435116023680300e-04 
  2.155945247917073e-02  3.192256279925465e-04 
  1.764144184473552e-02  1.295580790120549e-03 
  1.170528998673619e-02  1.871488013967373e-03 
  5.026172357904651e-03  2.123472299342317e-03 
  2.940088662525539e-03  2.084998274994031e-03 
  8.815647725216638e-03  1.768275786289037e-03 
  1.319511797064224e-02  1.331242886085379e-03 
  1.435670006563893e-02  9.157757729766262e-04 
  1.034637767285111e-02  8.119472215286329e-04 
  1.977178036143356e-03  1.150159312144639e-03 
  8.341850981760967e-03  2.184822199876114e-03 
  1.478564679414410e-02  3.284877284873609e-03 
  1.601304696392510e-02  4.697997161027238e-03 
  1.306725383202073e-02  5.678703583400173e-03 
  7.610185227459931e-03  6.376693605176958e-03 
  1.399758867284714e-03  6.921366554208809e-03 
  5.475661307578196e-03  6.984067047935335e-03 
  1.179505519131172e-02  6.927953275694770e-03 
  1.657071230748881e-02  6.735010079234395e-03 
  1.902697849716679e-02  6.410085170389350e-03 
  1.715870775188897e-02  6.485490835829662e-03 
  1.062411290433425e-02  6.683788519370272e-03 
  1.107068458292039e-03  7.522002094229629e-03 
  6.735759578637254e-03  8.626982161033336e-03 
  9.808947890468902e-03  9.993883902503305e-03 
  8.436232249744305e-03  1.116672831653748e-02 
  3.890844975447681e-03  1.224529353028080e-02 
  2.405151996660322e-03  1.296743261891032e-02 
  9.077529676056600e-03  1.316238531000834e-02 
  1.569301093523113e-02  1.339584457485723e-02 
  2.137056367523505e-02  1.309964721857200e-02 
  2.495146945284567e-02  1.312918294721976e-02 
  2.476403603926998e-02  1.283444963340323e-02 
  1.926740060988144e-02  1.312802968289920e-02 
  9.645343024081708e-03  1.380492018338937e-02 
  1.694454561835468e-03  1.502092923079628e-02 
  5.537531087774087e-03  1.638983569981704e-02 
  5.514315079172341e-03  1.781997744465228e-02 
  2.377135169152046e-03  1.900406687390500e-02 
  5.195308931755955e-03  1.976422320953904e-02 
  1.187193547116982e-02  2.027504374926355e-02 
  1.869465812017051e-02  2.057081507333676e-02 
  2.493718501159295e-02  2.039912315877830e-02 
  2.941814114778696e-02  2.019150542530125e-02 
  3.040992348250203e-02  2.011664259336719e-02 
  2.616828296996519e-02  2.015446387225699e-02 
  1.634591090307013e-02  2.075451313326783e-02 
  5.104145281169531e-03  2.197333869800216e-02 
  6.151599137523012e-03  2.358729833017208e-02 
  8.592785631619023e-03  2.510875042916574e-02 
  6.544623649494137e-03  2.676626664009767e-02 
  4.029105853134227e-03  2.778089928424426e-02 
  8.382870890234897e-03  2.839490369134564e-02 
  1.540803574764388e-02  2.880289558306475e-02 
  2.219315147582586e-02  2.886809660744083e-02 
  2.738632939185541e-02  2.856585648723144e-02 
  2.892799124607411e-02  2.825429660880661e-02 
  2.441074181692593e-02  2.818631817129309e-02 
  1.282263196620098e-02  2.873954578285045e-02 
  7.772088323707483e-03  3.010694574933593e-02 
  2.112036295812849e-02  3.215381805918400e-02 
  2.883058318418688e-02  3.424759665262792e-02 
  2.946883230437462e-02  3.635998120023698e-02 
  2.590246093393798e-02  3.799615494320484e-02 
  2.020557097495656e-02  3.913122106529656e-02 
  1.427617547317782e-02  3.979828887405092e-02 
  9.761782508065720e-03  4.015228358570874e-02 
  7.816698794875572e-03  3.985192919180245e-02 
  8.220607773287005e-03  3.955709132828188e-02 
  1.444738271025604e-02  3.977152097976373e-02 
  3.388635274438909e-02  4.039036241231896e-02 
  6.569110652934657e-02  4.250117139382075e-02 
  1.003080129559853e-01  4.567143948124226e-02 
  1.270578866268151e-01  4.970233588920583e-02 
  1.434821835863347e-01  5.390902782537561e-02 
  1.532178723956985e-01  5.736564090402070e-02 
  1.601745739101577e-01  6.031634268881882e-02 
  1.684670912368375e-01  6.185331067005379e-02 
  1.808341409422072e-01  6.251657111750533e-02 
  2.015763733599122e-01  6.201133056232389e-02 
  2.377132706053121e-01  6.035791790167287e-02 
  2.980615992791486e-01  5.773692497969811e-02 
  3.974790813145154e-01  5.548986905919062e-02 
  5.391444356861078e-01  5.456522495496378e-02 
  7.057730607285653e-01  5.545543930224579e-02 
  8.337725201881999e-01  5.747823848518464e-02 
  8.704919862834178e-01  5.872082519141836e-02 
  8.051396738930433e-01  5.810794275320386e-02 
  6.785130068947806e-01  5.473353522277839e-02 
  5.360607718813588e-01  4.952643866908689e-02 
  4.116847477323370e-01  4.369238481594455e-02 
  3.129971098447377e-01  3.832913338119592e-02 
  1.767162867598429e-01  3.311711910528153e-02 
  2.461302412456704e-01  3.442063674106038e-02 
  3.315607988767257e-01  2.736963463948400e-02 
  4.305718443848693e-01  1.639557491806785e-02 
  5.335472396297999e-01  6.413280718116491e-03 
  6.105454897830114e-01  7.317773279949832e-03 
  6.304160730566580e-01  1.510088499198532e-02 
  5.655539335864528e-01  1.929263731428142e-02 
  4.451433884788852e-01  1.684189091112347e-02 
  3.237001326497433e-01  1.258971358341344e-02 
  2.366739054872524e-01  7.819467879343034e-03 
  1.841313033944125e-01  4.605836848637132e-03 
  1.557423872537638e-01  2.794233853263303e-03 
  1.414493895014932e-01  2.302321663642335e-03 
  1.341983349389245e-01  2.575987789006404e-03 
  1.306691534118624e-01  3.899604833320945e-03 
  1.276604812758901e-01  4.390284860056581e-03 
  1.222141459977639e-01  6.710091618566116e-03 
  1.107436102330836e-01  8.243599799389528e-03 
  9.025505337348626e-02  9.474747610412523e-03 
  6.137660715947624e-02  9.536215352416725e-03 
  3.236278793134538e-02  8.746987381342112e-03 
  1.308772850686651e-02  7.816693802546871e-03 
  6.823154846283643e-03  6.827362304986980e-03 
  6.478927607553127e-03  6.273291235715774e-03 
  7.872794717095248e-03  5.915901031893997e-03 
  1.225627727176577e-02  6.301633627507832e-03 
  1.849003475017341e-02  6.803753958459564e-03 
  2.451345788079357e-02  7.653710833060655e-03 
  2.900803944964510e-02  8.473980299332887e-03 
  2.954776779300649e-02  9.271636574359032e-03 
  2.427801510972060e-02  9.852548922100164e-03 
  1.234257507022435e-02  9.629562361028552e-03 
  6.588198523437977e-03  9.378735758766563e-03 
  1.746379309551375e-02  8.695420724215454e-03 
  2.281536533462496e-02  7.266898596185326e-03 
  2.205441169396746e-02  6.800940103626901e-03 
  1.741602251077134e-02  6.301019156950133e-03 
  1.109286754679971e-02  6.155943143225350e-03 
  4.924981771058361e-03  6.309376589004692e-03 
  5.193850890465098e-03  6.507674914706345e-03 
  1.003745999485982e-02  7.183943366834906e-03 
  1.289227994771565e-02  7.252340730705457e-03 
  1.171920840235008e-02  7.631990129136854e-03 
  5.447035144557591e-03  7.338876848587638e-03 
  6.798782179092607e-03  6.909585576225739e-03 
  1.668478548642099e-02  6.030935030935195e-03 
  2.234022935011398e-02  5.072104585415869e-03 
  2.237456637732770e-02  4.275943913099602e-03 
  1.874941955502744e-02  3.609264002181393e-03 
  1.305485274210883e-02  3.223795984473364e-03 
  6.429396765063189e-03  3.068246164534671e-03 
  1.876900402180463e-03  2.981286750560220e-03 
  6.819445727033623e-03  3.175540821821904e-03 
  1.102863026845510e-02  2.923673356329831e-03 
  1.211497793162459e-02  3.201652184351264e-03 
  8.386947556233166e-03  2.811603012688471e-03 
  1.254629305061454e-03  2.386969666238082e-03 
  9.390637527217735e-03  1.485522383378429e-03 
  1.556452521511135e-02  4.272131380029340e-04 
  1.669675702932697e-02  4.476632053377519e-04 
  1.396853394038114e-02  1.211432581941074e-03 
  8.769459512991764e-03  1.667837175965639e-03 
  2.647581741308785e-03  2.018757950193192e-03 
  3.814816280211456e-03  2.174616605466812e-03 
  9.807061016921751e-03  2.216246434928467e-03 
  1.458022672451912e-02  2.212318749409289e-03 
  1.687276576034428e-02  2.325197514236446e-03 
  1.530411524365396e-02  2.616039516963960e-03 
  8.900244294921580e-03  3.040595160976141e-03 
  1.927160685477445e-04  3.817651230582572e-03 
  7.352743694242444e-03  4.900877531255717e-03 
  1.050784909961667e-02  5.704276911743040e-03 
  9.103111817084977e-03  6.842688972044279e-03 
  4.826893062874029e-03  7.345883728496193e-03 
  1.316011024209165e-03  7.757269860914497e-03 
  7.618752708797547e-03  8.143698750764591e-03 
  1.391547794640560e-02  8.132647523843262e-03 
  1.932428915652933e-02  8.317463429028350e-03 
  2.271337793747277e-02  8.489036482289939e-03 
  2.253506563760875e-02  8.658601453976988e-03 
  1.741080603836705e-02  9.167113321075934e-03 
  8.464674791123155e-03  9.859209611045527e-03 
  1.928740621736852e-03  1.079747855094797e-02 
  6.109116784526042e-03  1.190331016025840e-02 
  6.117804961726219e-03  1.274626372637046e-02 
  3.019947738530939e-03  1.360153896493232e-02 
  4.099240769104764e-03  1.403891517566536e-02 
  1.031161589695804e-02  1.448653766772795e-02 
  1.697425715691464e-02  1.458359180813679e-02 
  2.292147321978242e-02  1.466404045220274e-02 
  2.703816272016583e-02  1.454870205537073e-02 
  2.814431464178615e-02  1.509357093013733e-02 
  2.417979849911187e-02  1.525493108382785e-02 
  1.501136301103822e-02  1.596332295601102e-02 
  4.659581125139267e-03  1.699224455971831e-02 
  6.408549266746626e-03  1.802008976349243e-02 
  8.935678348200882e-03  1.912761624506061e-02 
  7.219587384352614e-03  1.988599610431389e-02 
  4.163296365528242e-03  2.059673351336794e-02 
  7.301873879156603e-03  2.103214658721428e-02 
  1.375849965793945e-02  2.112449813506943e-02 
  2.025632364728881e-02  2.129665276886380e-02 
  2.509325658336289e-02  2.124161582784058e-02 
  2.666985947496040e-02  2.126425883525350e-02 
  2.242707200289960e-02  2.164576304806059e-02 
  1.140142218095291e-02  2.231614116708330e-02 
  8.340514224486529e-03  2.342262686950353e-02 
  2.123716187548500e-02  2.467741416590441e-02 
  2.874773132936854e-02  2.599537579058851e-02 
  2.975671787094782e-02  2.692801868604697e-02 
  2.648382913991601e-02  2.785092026901860e-02 
  2.145929882153551e-02  2.840360405677933e-02 
  1.594911455437856e-02  2.877208932970481e-02 
  1.145988679083044e-02  2.896564808751327e-02 
  9.028664753298070e-03  2.907282606305061e-02 
  9.733284714227042e-03  2.897200490130869e-02 
  1.683557009848656e-02  2.952615192098623e-02 
  3.597024346644639e-02  3.042182753933754e-02 
  6.625394263949218e-02  3.203008565074868e-02 
  9.920515211661028e-02  3.428056727358716e-02 
  1.260883691081278e-01  3.670824739778365e-02 
  1.431478987245230e-01  3.866138428111481e-02 
  1.536313077410394e-01  4.070871558334546e-02 
  1.617054574774726e-01  4.196477993526077e-02 
  1.709572910079567e-01  4.307323098121774e-02 
  1.852109790028377e-01  4.377560933866655e-02 
  2.078352352484788e-01  4.385698274977291e-02 
  2.457198702785451e-01  4.418418005366312e-02 
  3.090043387132515e-01  4.437130991474109e-02 
  4.094809266070369e-01  4.496331780872255e-02 
  5.503107256573402e-01  4.677108017213182e-02 
  7.092590358918606e-01  4.823310272615791e-02 
  8.325715709890561e-01  4.974040876889720e-02 
  8.670916965975397e-01  5.005971237726264e-02 
  8.042795520578714e-01  4.868550172987667e-02 
  6.789660005339972e-01  4.588999390365789e-02 
  5.403913981338253e-01  4.202335286827940e-02 
  4.146543037818777e-01  3.774798727725193e-02 
  3.137178481013736e-01  3.384133990130106e-02 
  1.688928161926612e-01  4.435687582329321e-02 
  2.361499333683881e-01  4.877064508453086e-02 
  3.200144782849097e-01  5.064784250157454e-02 
  4.167089971278541e-01  5.555114309552019e-02 
  5.141571473730332e-01  5.722894633332071e-02 
  5.920967501539587e-01  5.810336033586423e-02 
  6.128233116184034e-01  5.672339940416939e-02 
  5.530700962279764e-01  5.149533052165141e-02 
  4.386690330736974e-01  4.628524319817388e-02 
  3.210457516765123e-01  4.064235359892561e-02 
  2.337880332049604e-01  3.669745528718134e-02 
  1.814834921071262e-01  3.379654461952424e-02 
  1.523816694864262e-01  3.236616918870037e-02 
  1.374500105054381e-01  3.122129767357765e-02 
  1.300328937304657e-01  3.066814090796680e-02 
  1.260966437618060e-01  3.000970664011997e-02 
  1.228559734401352e-01  3.015978907960555e-02 
  1.175267772566864e-01  2.796811521245384e-02 
  1.065770947511871e-01  2.714950401374754e-02 
  8.669575386549085e-02  2.558079574468699e-02 
  5.844945652706109e-02  2.384545150188786e-02 
  3.070018039242057e-02  2.254682271485930e-02 
  1.193994228105818e-02  2.190066741446216e-02 
  6.449878406597788e-03  2.136712299814048e-02 
  6.325350962496091e-03  2.126660428105825e-02 
  6.771191981261429e-03  2.134647897725113e-02 
  1.033586378963173e-02  2.163540354001158e-02 
  1.612887690381586e-02  2.154801156681097e-02 
  2.196129407120695e-02  2.147510520074713e-02 
  2.624273695992354e-02  2.132772832435640e-02 
  2.693270829810884e-02  2.081409104879371e-02 
  2.188574966670518e-02  1.993840668105303e-02 
  1.057756072767414e-02  1.898050223827963e-02 
  7.478184527755162e-03  1.808478499826812e-02 
  1.856733304013974e-02  1.743555595629446e-02 
  2.386304594252891e-02  1.745422821129389e-02 
  2.334561544163883e-02  1.694544975167087e-02 
  1.898777721090018e-02  1.735047624364490e-02 
  1.281357978370206e-02  1.716997449333305e-02 
  6.369714651372870e-03  1.709452942027216e-02 
  3.808982061749298e-03  1.728312416479131e-02 
  7.800772768620664e-03  1.684682443519524e-02 
  1.063487347458410e-02  1.648315148728776e-02 
  9.698822858997633e-03  1.551600461134378e-02 
  4.025156562697755e-03  1.471368147140350e-02 
  7.956963710570912e-03  1.379456309674916e-02 
  1.767031035526898e-02  1.298587445860632e-02 
  2.317496715847540e-02  1.278357282919407e-02 
  2.358671054156143e-02  1.234815720870255e-02 
  2.010693052746692e-02  1.235621339294671e-02 
  1.448523606850752e-02  1.244401712221443e-02 
  8.207476111836722e-03  1.223693913737069e-02 
  2.247502985844821e-03  1.222018272950446e-02 
  4.818141245822649e-03  1.168648753017655e-02 
  9.079714175344962e-03  1.150248299800416e-02 
  1.025217657188109e-02  1.046304034639666e-02 
  6.720143197047856e-03  9.767668232708525e-03 
  1.805671849271447e-03  8.613467115370973e-03 
  1.062654479727134e-02  8.091207707729368e-03 
  1.671098030527760e-02  7.375190626471529e-03 
  1.799740241291466e-02  7.112888486061428e-03 
  1.547105668555145e-02  6.988764398234028e-03 
  1.050688012586734e-02  6.847038975260680e-03 
  4.450333704167607e-03  6.778372789359804e-03 
  1.979365641543331e-03  6.458956356456371e-03 
  7.775311147564750e-03  6.065287616843332e-03 
  1.262310594890549e-02  5.552309285063789e-03 
  1.494414171711691e-02  4.802903379719028e-03 
  1.341402703742303e-02  3.971545569432628e-03 
  7.439228994452370e-03  3.003314756750427e-03 
  1.225699834262651e-03  2.174886011653457e-03 
  8.617646544123114e-03  1.486022208587915e-03 
  1.175525155996690e-02  1.020181632115001e-03 
  1.054176734968902e-02  9.119632759911597e-04 
  6.496613456894126e-03  6.474244551909981e-04 
  1.063067588683824e-03  6.612886975487832e-04 
  5.694816404184955e-03  4.733890412702270e-04 
  1.191666628130048e-02  2.314183538551620e-04 
  1.722465085050903e-02  2.243707553452159e-04 
  2.070878300282451e-02  8.913594025056318e-04 
  2.057393566109513e-02  1.742897311568963e-03 
  1.579310516717967e-02  2.683935965278778e-03 
  7.049720150952313e-03  3.589430096952745e-03 
  2.647276944742122e-03  4.265238296761194e-03 
  7.255320925054710e-03  4.807679410606830e-03 
  7.522855629211603e-03  4.938930330916589e-03 
  4.323559871758843e-03  5.070291168357387e-03 
  2.867706345915430e-03  5.084734721115879e-03 
  8.556810760219342e-03  5.081038082852667e-03 
  1.489643779373191e-02  5.397106027836570e-03 
  2.088624544776792e-02  5.599908746453221e-03 
  2.513159355350781e-02  6.229424118571589e-03 
  2.616148109868171e-02  6.825512243114866e-03 
  2.236921158249318e-02  8.013603491746180e-03 
  1.348319071084747e-02  8.840032262233545e-03 
  3.920500624514676e-03  9.650476333102250e-03 
  7.641241529514301e-03  1.014520203165155e-02 
  1.033324977747196e-02  1.022219120200328e-02 
  8.601361038434285e-03  1.005031213602249e-02 
  4.906385603667565e-03  9.950674039176141e-03 
  5.811078970317340e-03  9.819006556010753e-03 
  1.184173334676042e-02  9.826395727288217e-03 
  1.817765168641600e-02  1.000829043841995e-02 
  2.305370743312034e-02  1.047421296819428e-02 
  2.455278593243923e-02  1.117740017789806e-02 
  2.054037780200243e-02  1.210849592633221e-02 
  9.934140028336454e-03  1.320567333347041e-02 
  9.489879051352642e-03  1.413438608418950e-02 
  2.271860587260778e-02  1.460577647610465e-02 
  3.038980248014281e-02  1.457261193826506e-02 
  3.156555846539907e-02  1.436372229557380e-02 
  2.852062755950228e-02  1.374444950207923e-02 
  2.359265828102620e-02  1.372623721377389e-02 
  1.805901785443852e-02  1.324175505278704e-02 
  1.330511943413119e-02  1.314339772382419e-02 
  1.071910505572387e-02  1.346936277260259e-02 
  1.144821105643659e-02  1.405023861756682e-02 
  1.898114808285203e-02  1.513173580319424e-02 
  3.808446660032172e-02  1.664167169321670e-02 
  6.796535307570213e-02  1.794106625425150e-02 
  1.014740928120371e-01  1.882625990394290e-02 
  1.283409138553185e-01  1.888541357677955e-02 
  1.458886405499629e-01  1.853761251426129e-02 
  1.565220680444530e-01  1.790112396266766e-02 
  1.652763744124926e-01  1.732236558269725e-02 
  1.751430173282513e-01  1.703622628538288e-02 
  1.898073288316127e-01  1.742742610755900e-02 
  2.133155314012737e-01  1.858787314816170e-02 
  2.514796963991595e-01  2.138745949233950e-02 
  3.155269993721689e-01  2.560578826641890e-02 
  4.169880194546052e-01  3.143700035636015e-02 
  5.577887841740531e-01  3.796904728421754e-02 
  7.196327629271713e-01  4.300555928347329e-02 
  8.419329905450290e-01  4.546120573257136e-02 
  8.717973154992428e-01  4.487554644720622e-02 
  8.037863512907993e-01  4.230194146925642e-02 
  6.751145646324788e-01  3.880013619111232e-02 
  5.355117783263037e-01  3.507506221189457e-02 
  4.121765951612182e-01  3.191146188762266e-02 
  3.124558263673211e-01  2.922683582322287e-02 
  1.578248653124053e-01  1.169798203320620e-01 
  2.264154076267187e-01  1.225202854604568e-01 
  3.111483679703060e-01  1.223826209995122e-01 
  4.115685467932919e-01  1.206925324392616e-01 
  5.162435961149383e-01  1.143425043558152e-01 
  5.977193663416889e-01  1.047041149229770e-01 
  6.192751131983404e-01  9.327248552596520e-02 
  5.582803310739363e-01  8.148112188166967e-02 
  4.390205276356741e-01  7.105142622442065e-02 
  3.183336342322651e-01  6.444432066994717e-02 
  2.300184260510215e-01  6.068890476848239e-02 
  1.771956790686072e-01  5.862987253465841e-02 
  1.489065588290863e-01  5.724601367797893e-02 
  1.344088227900295e-01  5.628541207760734e-02 
  1.276320889485528e-01  5.433863817381426e-02 
  1.243651297709601e-01  5.242284059261353e-02 
  1.214953418601877e-01  4.977782310230527e-02 
  1.168506486028204e-01  4.670244847789197e-02 
  1.059581525235135e-01  4.296623505425608e-02 
  8.576144253307995e-02  3.940362252447872e-02 
  5.708876885781009e-02  3.635474476932310e-02 
  2.832687573427880e-02  3.377995370186587e-02 
  9.499544409464340e-03  3.334700233996792e-02 
  6.764750405790794e-03  3.321001333629377e-02 
  7.157657733739400e-03  3.368883167832658e-02 
  6.187818653991758e-03  3.399419020056066e-02 
  8.882379559124362e-03  3.403601058125328e-02 
  1.467163206979561e-02  3.370323200730943e-02 
  2.083812444836164e-02  3.288069585875525e-02 
  2.553969916613204e-02  3.180879007716277e-02 
  2.635140206104243e-02  3.011449605822973e-02 
  2.126791556033062e-02  2.832083801479789e-02 
  9.588455949135594e-03  2.650211596600712e-02 
  8.923889363897403e-03  2.523784681456997e-02 
  2.079374804461303e-02  2.460363071987186e-02 
  2.615813804577685e-02  2.474180900334504e-02 
  2.540350123702478e-02  2.515419654498587e-02 
  2.087373556428209e-02  2.575833279860654e-02 
  1.447022977401703e-02  2.598979476511191e-02 
  7.563995771214038e-03  2.590067008463657e-02 
  3.576398691997738e-03  2.516409696579290e-02 
  7.147872173914080e-03  2.461614831957490e-02 
  1.001023164144218e-02  2.336858951668600e-02 
  9.133498827810657e-03  2.195169449865129e-02 
  3.528934335943122e-03  2.040024344113705e-02 
  9.346816732912711e-03  1.916481582433474e-02 
  1.938749181060417e-02  1.847834196439692e-02 
  2.516271376472948e-02  1.832102426877207e-02 
  2.553598575319292e-02  1.858979069421405e-02 
  2.192696520161336e-02  1.879571711285228e-02 
  1.623123170176837e-02  1.919735738728401e-02 
  9.580129448204884e-03  1.917479148764389e-02 
  3.101020072463320e-03  1.888321552421560e-02 
  4.086354382068521e-03  1.816354649676718e-02 
  8.282963114499262e-03  1.720209730668111e-02 
  9.560983690841861e-03  1.599166376920940e-02 
  6.076479364210676e-03  1.463623924901540e-02 
  2.705864079309413e-03  1.332548424052337e-02 
  1.220680276455070e-02  1.259568091008433e-02 
  1.862640652876926e-02  1.220659119298910e-02 
  2.006677251544673e-02  1.246966395978518e-02 
  1.729064432844369e-02  1.262868265382386e-02 
  1.214523653587810e-02  1.288443710933865e-02 
  5.981913481290684e-03  1.295207050955348e-02 
  7.853890235764433e-04  1.269484492267549e-02 
  6.828682605867981e-03  1.222735017502263e-02 
  1.178600381601854e-02  1.137943501437144e-02 
  1.434806968843203e-02  1.025045515573253e-02 
  1.290692473026561e-02  8.925224522256846e-03 
  6.514724841063637e-03  7.570025631694064e-03 
  2.658520278653378e-03  6.604725157111503e-03 
  1.046020334815925e-02  6.144083368992799e-03 
  1.377411572270423e-02  6.145009377901821e-03 
  1.260493549008924e-02  6.395372571607783e-03 
  8.217142668172082e-03  6.684096326293925e-03 
  2.512358016421674e-03  6.767744428450038e-03 
  4.313530045003505e-03  6.775063187426875e-03 
  1.074432477104690e-02  6.535172416565621e-03 
  1.640996396483685e-02  5.643619819891164e-03 
  1.996703951334773e-02  4.774559941542357e-03 
  1.989987403557072e-02  3.364365338566851e-03 
  1.493035304997892e-02  2.067244047120670e-03 
  5.749146524824652e-03  1.020643678384498e-03 
  4.213920397551708e-03  4.490107615816253e-04 
  9.326764851556504e-03  4.647624152975077e-04 
  9.528777307395379e-03  8.437585759026607e-04 
  6.183928042160996e-03  1.200264192560796e-03 
  2.279166103827769e-03  1.589735417757328e-03 
  6.976245050035237e-03  1.746324512196270e-03 
  1.361087443139306e-02  1.562623495338893e-03 
  1.973128762467504e-02  1.081338958395783e-03 
  2.415239637013606e-02  3.189562744993410e-04 
  2.550299157185962e-02  9.446597252903643e-04 
  2.160660972135763e-02  2.318650817522450e-03 
  1.236269136982783e-02  3.517835279319921e-03 
  3.438744647230785e-03  4.233811322332925e-03 
  9.545975763099518e-03  4.225493130523489e-03 
  1.258420914154522e-02  3.768934587239253e-03 
  1.078431531414771e-02  2.929372161214866e-03 
  6.339938241687144e-03  2.254644632716137e-03 
  4.633570522981661e-03  1.780947019308896e-03 
  1.014229474396306e-02  1.562970028241831e-03 
  1.676895801508468e-02  1.825389718335449e-03 
  2.183099234583005e-02  2.413120727289570e-03 
  2.357461600007564e-02  3.564588486449617e-03 
  1.975262538941399e-02  4.998388975756593e-03 
  8.986486523751192e-03  6.323585573569979e-03 
  1.107591278624257e-02  7.136954861175940e-03 
  2.519553458279300e-02  7.082309472371487e-03 
  3.329374334914915e-02  6.272481657654115e-03 
  3.471920541773293e-02  4.952331410345441e-03 
  3.161052271018635e-02  3.672538861192631e-03 
  2.622480860995830e-02  2.563509020625884e-03 
  2.032037776292016e-02  1.902605509378785e-03 
  1.503919627745278e-02  1.758879146973432e-03 
  1.203955340125661e-02  2.002775638232880e-03 
  1.249293059880194e-02  2.981247622218345e-03 
  2.005862352891816e-02  4.549878506203517e-03 
  3.953229043526202e-02  6.172465909439938e-03 
  7.036107682114942e-02  7.383548806754258e-03 
  1.049765818027265e-01  7.330443487575589e-03 
  1.326944098747000e-01  6.005595120534083e-03 
  1.505307679960496e-01  3.920055808796450e-03 
  1.613102920097125e-01  2.174461887261805e-03 
  1.694517769352541e-01  2.287494718418644e-03 
  1.789887056108787e-01  3.040556304402964e-03 
  1.926760690744267e-01  2.915429876524479e-03 
  2.145845142484122e-01  2.233771265415787e-03 
  2.517898837799105e-01  5.373188171180600e-03 
  3.149278565947718e-01  1.285305304814841e-02 
  4.144322821544856e-01  2.311460360117534e-02 
  5.562249650043962e-01  3.370331349219553e-02 
  7.176270944063541e-01  4.255693578205274e-02 
  8.422141377176333e-01  4.692847051621497e-02 
  8.714316462064022e-01  4.594202142391277e-02 
  8.037649749913168e-01  4.147028308873110e-02 
  6.748101050441980e-01  3.597093279085423e-02 
  5.341872614635761e-01  3.117822953412431e-02 
  4.115970726969921e-01  2.785620180226388e-02 
  3.119916546374769e-01  2.574519585236311e-02 
  1.448146428009272e-01  1.714677108821457e-01 
  2.212884146173820e-01  1.771419617738893e-01 
  3.137851433421198e-01  1.786897741834771e-01 
  4.225299783080607e-01  1.745862955423558e-01 
  5.312879640300365e-01  1.628450080584216e-01 
  6.155222087188944e-01  1.463832887172077e-01 
  6.354326518334840e-01  1.253423693727434e-01 
  5.660419616569677e-01  1.060296554152244e-01 
  4.424900682792887e-01  9.023075680467549e-02 
  3.164541368545370e-01  8.081346905648337e-02 
  2.278028102489974e-01  7.565618709081513e-02 
  1.759279035215444e-01  7.310946401714469e-02 
  1.484236738955815e-01  7.178025552311076e-02 
  1.350435597289650e-01  7.023484850578128e-02 
  1.291805940542557e-01  6.788935772477760e-02 
  1.265699409171843e-01  6.520759008062021e-02 
  1.246693448933211e-01  6.156608675866718e-02 
  1.203191284479354e-01  5.707119943753963e-02 
  1.096736702281447e-01  5.222697234040802e-02 
  8.887196390478656e-02  4.747806929813271e-02 
  5.836243152222936e-02  4.343411731124324e-02 
  2.787691285002093e-02  4.074213654916535e-02 
  8.441520459059397e-03  3.968029114229577e-02 
  7.681051506894844e-03  3.990019792402513e-02 
  8.096566315959853e-03  4.044748754988692e-02 
  6.208844417945046e-03  4.092461005656971e-02 
  8.351088331988190e-03  4.112113090214067e-02 
  1.451611591082579e-02  4.056741174305996e-02 
  2.129593572598304e-02  3.955538810221437e-02 
  2.631519105012652e-02  3.780471775278547e-02 
  2.765325302198669e-02  3.578561209471723e-02 
  2.233475420344090e-02  3.306312888059147e-02 
  9.930555144042253e-03  3.080370814916832e-02 
  9.547800312426625e-03  2.928152221531459e-02 
  2.259037953107264e-02  2.869626009425003e-02 
  2.829011268718462e-02  2.891750704109661e-02 
  2.740620660427051e-02  2.958357467638727e-02 
  2.246305018495345e-02  3.017314987637140e-02 
  1.545921109056760e-02  3.051244081325821e-02 
  8.111821348611008e-03  3.048505620056610e-02 
  3.484141843819988e-03  2.999880810986897e-02 
  7.232773705458106e-03  2.887187242128699e-02 
  1.055130500668049e-02  2.729314924327871e-02 
  9.644005011206016e-03  2.555202360520444e-02 
  3.541816667573605e-03  2.368334546451456e-02 
  1.001740488185346e-02  2.211833848790916e-02 
  2.121018601710014e-02  2.133854976148307e-02 
  2.724241329750057e-02  2.142281562182147e-02 
  2.748666676966302e-02  2.184675558754797e-02 
  2.368571107738788e-02  2.229722159537197e-02 
  1.764988895589982e-02  2.273310458824300e-02 
  1.059773675064942e-02  2.272956111418327e-02 
  3.728029389207655e-03  2.233200415595500e-02 
  3.689316612007546e-03  2.158163285091278e-02 
  8.252084707957097e-03  2.039538698043879e-02 
  9.710676299436841e-03  1.885960966693909e-02 
  5.992062400169827e-03  1.717733557197575e-02 
  3.220381902424271e-03  1.571306836304595e-02 
  1.362242348981530e-02  1.484763217171579e-02 
  2.061246481739454e-02  1.458305453865612e-02 
  2.212131690340292e-02  1.490270484041652e-02 
  1.928508588773729e-02  1.535001485137548e-02 
  1.384595058673104e-02  1.572824443586810e-02 
  7.224206097771843e-03  1.586083875471369e-02 
  5.258819048584752e-04  1.562006547544573e-02 
  6.232484790935661e-03  1.509856941609909e-02 
  1.165691762192141e-02  1.408586429407747e-02 
  1.424669337796146e-02  1.269419308898760e-02 
  1.285010355047472e-02  1.125920042301427e-02 
  5.917796509855197e-03  9.687833138741600e-03 
  4.016829772780370e-03  8.626444846814693e-03 
  1.251529749226006e-02  8.173352884739488e-03 
  1.605079239008303e-02  8.325054781823037e-03 
  1.480649374080398e-02  8.779453844596354e-03 
  1.023157583134144e-02  9.281997561750343e-03 
  3.936485693163860e-03  9.615932365029630e-03 
  3.118948310522137e-03  9.562784082959191e-03 
  9.948486784640696e-03  9.169194811918533e-03 
  1.601085879566246e-02  8.397184587838620e-03 
  1.983066268611969e-02  7.245600755188610e-03 
  2.000288450478169e-02  5.778336775727339e-03 
  1.461414046792875e-02  4.316804194678759e-03 
  4.798449487022760e-03  3.063624965959332e-03 
  6.044026744104643e-03  2.502813852313428e-03 
  1.185370670606776e-02  2.606411000908785e-03 
  1.198753056108095e-02  3.131444363658189e-03 
  8.322339481313040e-03  3.899990058824081e-03 
  2.939115325813898e-03  4.407770764275070e-03 
  5.613741718259403e-03  4.688639586379491e-03 
  1.259077686452727e-02  4.574063084408744e-03 
  1.910999517373038e-02  4.040096140871452e-03 
  2.402574854305673e-02  3.056808272548030e-03 
  2.552851939985611e-02  1.664178090234075e-03 
  2.129569300063078e-02  1.862823680012006e-04 
  1.146875901669607e-02  1.216400247954694e-03 
  3.885739010032030e-03  1.919936433330471e-03 
  1.215891513851599e-02  1.881270519824712e-03 
  1.544261973605845e-02  1.174191548165953e-03 
  1.334881694005580e-02  2.831399819235391e-04 
  8.238654251611355e-03  1.019257228216514e-03 
  4.279315210213470e-03  1.564625845766829e-03 
  9.159814473248332e-03  1.954366906168849e-03 
  1.602921585759961e-02  1.711971971082109e-03 
  2.177301528092334e-02  9.945326606233319e-04 
  2.384123658268171e-02  5.808373027366548e-04 
  1.975189541518537e-02  2.025344476937676e-03 
  8.439818893282169e-03  3.520532436061498e-03 
  1.309672707812417e-02  4.267432397811337e-03 
  2.861931451321918e-02  4.152937067719300e-03 
  3.721873236395155e-02  3.049222038443923e-03 
  3.841762626991688e-02  1.493417375780738e-03 
  3.479085303920878e-02  9.326824395767428e-04 
  2.880736115585024e-02  2.105795290137197e-03 
  2.217825269161569e-02  3.016100787241838e-03 
  1.625942665773899e-02  3.319768883999691e-03 
  1.251444596299866e-02  3.079954140165436e-03 
  1.253510647798010e-02  1.896097431851118e-03 
  1.991714235206775e-02  1.045715150025131e-03 
  4.014192797582439e-02  2.305787603623225e-03 
  7.319299649343587e-02  3.536245436407028e-03 
  1.100342347356645e-01  3.403262513061683e-03 
  1.393295477297721e-01  2.020991560779771e-03 
  1.569903932626237e-01  2.266698723246073e-03 
  1.671688009350823e-01  4.920134215796090e-03 
  1.741259614274416e-01  7.386438734505131e-03 
  1.819538407931596e-01  8.648165656892953e-03 
  1.940252167965710e-01  8.274140667470122e-03 
  2.136474813527852e-01  5.542527415735459e-03 
  2.484552782076783e-01  2.448127317423857e-03 
  3.079200916656968e-01  1.019118534297527e-02 
  4.065208990425787e-01  2.257316728205979e-02 
  5.498907666177398e-01  3.596458058734753e-02 
  7.183165577533074e-01  4.703572580711414e-02 
  8.446840185088578e-01  5.208440413078298e-02 
  8.759776536403863e-01  5.072467229851681e-02 
  8.039669157891748e-01  4.432037231058404e-02 
  6.722888018421688e-01  3.664985409235225e-02 
  5.293281947517149e-01  3.046195694809583e-02 
  4.047537464932213e-01  2.626303424734639e-02 
  3.075980141753885e-01  2.398555378350983e-02 
  1.342844198971442e-01  1.913336691830480e-01 
  2.171602222078676e-01  2.002006116520661e-01 
  3.169017061513218e-01  2.028629562429145e-01 
  4.350378334221847e-01  1.997311258241454e-01 
  5.568088474058956e-01  1.879718215522860e-01 
  6.485544258372613e-01  1.681669896636565e-01 
  6.642442862865685e-01  1.430280277224778e-01 
  5.884538076937255e-01  1.187899774802357e-01 
  4.510210662864252e-01  9.892290238057908e-02 
  3.187015879465562e-01  8.544637641232578e-02 
  2.255473492315195e-01  7.846690086168943e-02 
  1.742709213928936e-01  7.459051402289475e-02 
  1.483917229490991e-01  7.280970978766516e-02 
  1.363223227783834e-01  7.093662142227954e-02 
  1.317004101199693e-01  6.843670633379485e-02 
  1.303656959292472e-01  6.555565333882822e-02 
  1.292929746406253e-01  6.177632228704548e-02 
  1.254842234375225e-01  5.766199312656992e-02 
  1.151865650210750e-01  5.275948528841958e-02 
  9.303307533140769e-02  4.787540379969895e-02 
  6.045757556641032e-02  4.349867217118977e-02 
  2.733692916094805e-02  4.088944821668268e-02 
  7.347759405726878e-03  3.958840002611714e-02 
  9.097884674398196e-03  3.950871911981414e-02 
  9.320504648159490e-03  4.005435106796516e-02 
  6.533079263689224e-03  4.036560815295635e-02 
  8.308670328555517e-03  4.074194892512479e-02 
  1.517369070694765e-02  4.028569867351953e-02 
  2.258714435068498e-02  3.925018878954419e-02 
  2.821742486875828e-02  3.757683951657917e-02 
  2.988106535323401e-02  3.534187609865238e-02 
  2.406810942727054e-02  3.291018699851432e-02 
  1.033780717747090e-02  3.058634620689032e-02 
  1.065833281653405e-02  2.892032039506387e-02 
  2.479283998116204e-02  2.830566744729720e-02 
  3.079159794223215e-02  2.844612407549163e-02 
  2.957148794186464e-02  2.895828913327338e-02 
  2.392242641498506e-02  2.966198425253980e-02 
  1.632883412708743e-02  3.010926471989984e-02 
  8.261023876218914e-03  2.988015183486472e-02 
  3.497999373609122e-03  2.941700470784723e-02 
  8.095595072204224e-03  2.850538755609432e-02 
  1.191982768928945e-02  2.700323836037671e-02 
  1.083815798632820e-02  2.522120894136762e-02 
  3.823384079019543e-03  2.331975857808485e-02 
  1.071673711284938e-02  2.180181248478419e-02 
  2.291236543603487e-02  2.097291032903817e-02 
  2.944276396653893e-02  2.093517039306685e-02 
  2.976874167296478e-02  2.128444106617646e-02 
  2.554005789336786e-02  2.189585961812834e-02 
  1.884945411187944e-02  2.224624162751500e-02 
  1.115333578505195e-02  2.226941968623871e-02 
  3.676796785955208e-03  2.197380165154053e-02 
  4.202860520242937e-03  2.117610589168906e-02 
  9.272672630131184e-03  1.999182308943314e-02 
  1.081908361831981e-02  1.848200145082349e-02 
  6.649825934363199e-03  1.674491895861448e-02 
  3.760725867890146e-03  1.516319429912629e-02 
  1.514208840321571e-02  1.429598059507512e-02 
  2.275616255254771e-02  1.390285521427875e-02 
  2.431624874432682e-02  1.420336507360132e-02 
  2.106663289606892e-02  1.463862380217298e-02 
  1.522778468302603e-02  1.505517298667468e-02 
  8.096687496580567e-03  1.505639500631274e-02 
  8.383846676950351e-04  1.504269499985626e-02 
  6.377314388971997e-03  1.447510257654038e-02 
  1.217209623654922e-02  1.350671698794097e-02 
  1.518384205059602e-02  1.223208245665842e-02 
  1.345492642812149e-02  1.066954255693158e-02 
  5.978632757969555e-03  9.193804192286629e-03 
  4.930756176072000e-03  8.064518638891904e-03 
  1.427034515193325e-02  7.549268988110066e-03 
  1.828498369356193e-02  7.649244624922973e-03 
  1.679575679534182e-02  7.983565633324403e-03 
  1.174692585012264e-02  8.459574121564263e-03 
  5.161578983330409e-03  8.737629993728969e-03 
  2.601150180168999e-03  8.814229413966829e-03 
  9.846326379320924e-03  8.452912044237185e-03 
  1.641580283814621e-02  7.658562307812182e-03 
  2.069317246626626e-02  6.454104605602671e-03 
  2.069317246626626e-02  5.052346177910638e-03 
  1.487984911445484e-02  3.509363865375538e-03 
  3.990758316611436e-03  2.211626066776704e-03 
  7.885494394905979e-03  1.678774446626346e-03 
  1.418404424700937e-02  1.603445857587285e-03 
  1.424767589834225e-02  2.103484421691281e-03 
  1.020331459674220e-02  2.674116353942866e-03 
  4.032752576835638e-03  3.175733132007611e-03 
  4.811577411505514e-03  3.452481419666708e-03 
  1.224417779803797e-02  3.427255247076512e-03 
  1.939009904071723e-02  2.872490823769753e-03 
  2.468666521030411e-02  2.002584037025271e-03 
  2.636756209110356e-02  7.262195733383340e-04 
  2.197709711889451e-02  7.777488900754040e-04 
  1.109706365831950e-02  2.144344952902287e-03 
  4.948443060201198e-03  2.951401543045806e-03 
  1.455482799305593e-02  2.998308044652661e-03 
  1.806807677801908e-02  2.400758084414857e-03 
  1.572783438524465e-02  1.555498332930977e-03 
  1.006772344896257e-02  7.140886824149347e-04 
  4.433015270988767e-03  3.585465929324412e-04 
  8.555412961811846e-03  5.011947348540507e-04 
  1.606944869413473e-02  4.421558241622972e-04 
  2.225502197111970e-02  6.251259103431706e-04 
  2.470624406576013e-02  1.684782333941357e-03 
  2.042326757919287e-02  3.203846497355001e-03 
  8.356680100136607e-03  4.639804694756612e-03 
  1.439930322697814e-02  5.614004417079895e-03 
  3.145409016423972e-02  5.661605441397296e-03 
  4.051136973089935e-02  4.797820546907256e-03 
  4.156514284622920e-02  3.326086580208687e-03 
  3.752229792233086e-02  1.912696001615374e-03 
  3.078149631048466e-02  9.278300840153751e-04 
  2.332070511193033e-02  1.101673365803468e-03 
  1.671438599546092e-02  1.376109522107997e-03 
  1.227870109703470e-02  1.146924552794421e-03 
  1.181250015927140e-02  1.050067337752339e-03 
  1.887686749690369e-02  2.520182839327564e-03 
  4.003618407757499e-02  4.385280219343935e-03 
  7.506758205704302e-02  5.720295312558301e-03 
  1.140343594429385e-01  6.048842827618127e-03 
  1.444502930924470e-01  5.026350271379060e-03 
  1.627685622639420e-01  2.870025464110098e-03 
  1.720914236541820e-01  1.815723021427281e-03 
  1.777151192745519e-01  2.956485817536765e-03 
  1.837963055056341e-01  3.693141520040207e-03 
  1.934745197779182e-01  3.149968784153071e-03 
  2.106710585159782e-01  2.279753284078107e-03 
  2.416103738696553e-01  6.938159826987151e-03 
  2.983202795849478e-01  1.598704325493760e-02 
  3.951982177662774e-01  2.823042068638076e-02 
  5.415367414367744e-01  4.144509600598788e-02 
  7.119246450294028e-01  5.245728387439044e-02 
  8.446878111831894e-01  5.783829739433232e-02 
  8.789196566255144e-01  5.619907274516288e-02 
  8.089034307642430e-01  4.920090599232772e-02 
  6.749905262317653e-01  4.014505432990458e-02 
  5.300356454905468e-01  3.255083997308268e-02 
  4.042462756150508e-01  2.718908860419203e-02 
  3.050092619391860e-01  2.410281958584151e-02 
  1.267403719618758e-01  1.786382477005310e-01 
  2.183413179050555e-01  1.886690662202558e-01 
  3.280996955326112e-01  1.932589430431184e-01 
  4.544818848210215e-01  1.923136895880504e-01 
  5.864375590134270e-01  1.837533434698418e-01 
  6.817876457329418e-01  1.672756977078864e-01 
  6.958406201465606e-01  1.434675394589790e-01 
  6.098598286043341e-01  1.194313111128764e-01 
  4.648511153965668e-01  9.746048090153434e-02 
  3.249331175414223e-01  8.211606881650570e-02 
  2.310890820111667e-01  7.286202716479297e-02 
  1.781613018023502e-01  6.726184873427092e-02 
  1.518901207534451e-01  6.428375689039773e-02 
  1.408948040425739e-01  6.178965921763496e-02 
  1.370898266843103e-01  5.894639500234237e-02 
  1.357139613769861e-01  5.680227760537298e-02 
  1.357623907976627e-01  5.309165333742023e-02 
  1.322716975919938e-01  5.005174231620280e-02 
  1.209776732105472e-01  4.572696213083585e-02 
  9.727452692400405e-02  4.189931279384673e-02 
  6.325458741889700e-02  3.819303316663374e-02 
  2.821091857083611e-02  3.539448519556103e-02 
  7.489609546904279e-03  3.394220483345638e-02 
  9.550899547892254e-03  3.380517589516410e-02 
  9.368820696736092e-03  3.417138645248043e-02 
  6.239838183761766e-03  3.416996232845364e-02 
  9.032369121271542e-03  3.467701050365497e-02 
  1.665974414523882e-02  3.445494412791446e-02 
  2.461701710230604e-02  3.360999516549466e-02 
  3.078824454186905e-02  3.241231492844344e-02 
  3.234340413604764e-02  3.067049251105751e-02 
  2.636501528045872e-02  2.867496193083439e-02 
  1.144900585250042e-02  2.667176156006390e-02 
  1.055610684585172e-02  2.512504220753190e-02 
  2.555921300875581e-02  2.424623443461106e-02 
  3.193639398765110e-02  2.412141607694104e-02 
  3.046055607532786e-02  2.440279378818502e-02 
  2.448490240955864e-02  2.497908351363641e-02 
  1.635593505324468e-02  2.529476797228301e-02 
  7.854742954466896e-03  2.527662585179081e-02 
  3.599613130726080e-03  2.490922410783367e-02 
  9.325123181104965e-03  2.415704731867922e-02 
  1.340357433900694e-02  2.294534013856298e-02 
  1.221580179005028e-02  2.155321692749994e-02 
  4.272567448259445e-03  1.985206095444857e-02 
  1.082807181237101e-02  1.870829674798016e-02 
  2.397554440681157e-02  1.760743322357965e-02 
  3.100228664274428e-02  1.738698382095315e-02 
  3.114948188621315e-02  1.749073862898261e-02 
  2.648030465704034e-02  1.792908598370821e-02 
  1.933729521002125e-02  1.811155545683669e-02 
  1.130047444139106e-02  1.828213030372555e-02 
  3.364173824317182e-03  1.791471485594388e-02 
  4.689299563431562e-03  1.738075548925170e-02 
  1.014946913908950e-02  1.648658287324778e-02 
  1.164275550218060e-02  1.511186447059422e-02 
  7.030334311167374e-03  1.379506019908700e-02 
  3.859422970701809e-03  1.232925542650221e-02 
  1.611824776639480e-02  1.132131567233463e-02 
  2.423505040783336e-02  1.077748929121011e-02 
  2.589643176680992e-02  1.087962308822302e-02 
  2.238057949251707e-02  1.107772934234836e-02 
  1.614292122101238e-02  1.135293757868283e-02 
  8.609864711906452e-03  1.128696556309863e-02 
  7.613224339506979e-04  1.134107702389783e-02 
  6.751015068854049e-03  1.074814582320434e-02 
  1.285022190484727e-02  1.008219516518907e-02 
  1.585084164939945e-02  9.041448231336020e-03 
  1.392410460840227e-02  7.727153685112728e-03 
  5.839701888974621e-03  6.314765825937416e-03 
  5.869237414604414e-03  5.145275100737999e-03 
  1.563138563025394e-02  4.572910483704098e-03 
  1.980451801420369e-02  4.274250291657252e-03 
  1.833937484810884e-02  4.568558075149092e-03 
  1.302641102309664e-02  4.733121467073811e-03 
  5.984467011997598e-03  4.937541967363831e-03 
  2.159440923285352e-03  4.985335608932462e-03 
  9.802385484002722e-03  4.598481567463957e-03 
  1.667792157734937e-02  4.110496190039776e-03 
  2.111708059149402e-02  3.136027410592654e-03 
  2.120646975125954e-02  1.893093655513395e-03 
  1.486683691523629e-02  5.994769651114112e-04 
  3.407869670365751e-03  7.154748956831741e-04 
  9.103232341847860e-03  1.311293776440933e-03 
  1.587084051143165e-02  1.680661494115317e-03 
  1.602191699216122e-02  1.468769515118047e-03 
  1.164804332604365e-02  1.100633050656584e-03 
  5.021126666963555e-03  8.023964526039874e-04 
  4.278525526068670e-03  5.633142660863529e-04 
  1.213356657466468e-02  6.958336867245104e-04 
  1.965076569423033e-02  1.183665664824970e-03 
  2.530985618176387e-02  1.778173976193359e-03 
  2.707711424583108e-02  2.941543668076585e-03 
  2.241254772606072e-02  4.140187883140005e-03 
  1.073302466455767e-02  5.585775155007556e-03 
  6.008839133240928e-03  6.443860054591076e-03 
  1.660395995826739e-02  6.739244300212399e-03 
  2.020071666955883e-02  6.622707891573276e-03 
  1.755702095053821e-02  5.966696531225449e-03 
  1.119077792214517e-02  5.383240714984546e-03 
  4.664625986272694e-03  4.860018248908204e-03 
  8.315657189609561e-03  4.718408091815667e-03 
  1.640795957505736e-02  4.657981936261036e-03 
  2.303499526799765e-02  5.274249859743714e-03 
  2.581657809351158e-02  6.154597413691672e-03 
  2.138223150693522e-02  7.566369569064114e-03 
  8.209545748867739e-03  8.896607893053337e-03 
  1.584621438973500e-02  9.981369890257856e-03 
  3.398328262600526e-02  1.037434532465576e-02 
  4.336771870952455e-02  1.000983341610588e-02 
  4.420877462879781e-02  9.075494543355808e-03 
  3.938631748812787e-02  7.957185819423533e-03 
  3.204373469647005e-02  7.034555331435603e-03 
  2.383910943913728e-02  6.301944150178080e-03 
  1.636000859025034e-02  6.041833459992875e-03 
  1.143606137266339e-02  6.331096745108076e-03 
  1.080309704415203e-02  7.107457967270813e-03 
  1.756438012175493e-02  8.688297832553322e-03 
  3.956676807993079e-02  1.036787732764292e-02 
  7.640170972567370e-02  1.218622100300205e-02 
  1.171970087935835e-01  1.296951691787014e-02 
  1.489614452892028e-01  1.278222623678393e-02 
  1.667704602712608e-01  1.180287207324089e-02 
  1.751431786410060e-01  1.043196328732091e-02 
  1.795400233680361e-01  9.279645806286206e-03 
  1.838540611233131e-01  9.108192483738543e-03 
  1.913260156159025e-01  1.007630373090622e-02 
  2.058374662843611e-01  1.287669917973587e-02 
  2.340687184706120e-01  1.804196142780067e-02 
  2.887083052473912e-01  2.623022403745523e-02 
  3.849168095158575e-01  3.708458727611402e-02 
  5.343147058681257e-01  4.867432078853592e-02 
  7.115037237638763e-01  5.875833757764977e-02 
  8.534019431177891e-01  6.338770089936760e-02 
  8.906591366225665e-01  6.141369813729044e-02 
  8.164184814410108e-01  5.397153251767534e-02 
  6.779360480638320e-01  4.451246549215766e-02 
  5.272227321511093e-01  3.578199906268785e-02 
  4.011767699686682e-01  2.928518015218888e-02 
  3.020600760300113e-01  2.544492645829925e-02 
  1.214691737515716e-01  1.517239357972426e-01 
  2.180443448416413e-01  1.602975925885270e-01 
  3.336565288593378e-01  1.664935639943813e-01 
  4.715703352003962e-01  1.684366518440365e-01 
  6.142488150774996e-01  1.646666878222302e-01 
  7.208337747616914e-01  1.529000403423467e-01 
  7.327813833926760e-01  1.346065210768278e-01 
  6.388230491459985e-01  1.117241347648366e-01 
  4.820997734224203e-01  9.092122951586999e-02 
  3.336690135218356e-01  7.486803763652813e-02 
  2.345216696174691e-01  6.367203053980072e-02 
  1.814183770089018e-01  5.677131448350404e-02 
  1.553088047395020e-01  5.291161286418303e-02 
  1.443930457842166e-01  5.025158332010225e-02 
  1.409564090757807e-01  4.815434722630828e-02 
  1.405181512764422e-01  4.582990953721165e-02 
  1.404684620158710e-01  4.363434890745284e-02 
  1.375475399415620e-01  4.097552248202130e-02 
  1.260679606172539e-01  3.797155214930752e-02 
  1.016941047392890e-01  3.462851358230402e-02 
  6.552865098359652e-02  3.131255816927229e-02 
  2.881490070596671e-02  2.880104859914972e-02 
  7.022314525558323e-03  2.751009245788043e-02 
  1.039912688711093e-02  2.664337883864017e-02 
  9.943258436689386e-03  2.685341972366010e-02 
  6.372266453981469e-03  2.693248334804380e-02 
  9.462290505722670e-03  2.712469415571326e-02 
  1.774669875616855e-02  2.711691626212636e-02 
  2.623490086038933e-02  2.704871575001551e-02 
  3.278244017796408e-02  2.614792014662660e-02 
  3.450964385868576e-02  2.488268834114657e-02 
  2.800635421829564e-02  2.362489026847097e-02 
  1.209394188535354e-02  2.198574315065364e-02 
  1.092415811328435e-02  2.046182424441153e-02 
  2.665175592491260e-02  1.958771606282746e-02 
  3.316337924390615e-02  1.929772218964100e-02 
  3.151231632803697e-02  1.925947746647078e-02 
  2.511537270632126e-02  1.970595333423372e-02 
  1.646709258790293e-02  1.968693013180551e-02 
  7.469007187641120e-03  1.979106203060425e-02 
  4.084230341738805e-03  1.970779563050214e-02 
  1.036910034673947e-02  1.913320391103903e-02 
  1.463912190678641e-02  1.863777866860385e-02 
  1.327619055814703e-02  1.731789292056195e-02 
  4.829019702929565e-03  1.621610881715827e-02 
  1.115564735998502e-02  1.470436755705550e-02 
  2.501059521248032e-02  1.379625300011621e-02 
  3.251386718581913e-02  1.336148873933155e-02 
  3.243559562111583e-02  1.310564953257173e-02 
  2.748193622019190e-02  1.317833216769429e-02 
  1.991489529399551e-02  1.355012027007649e-02 
  1.139583040536227e-02  1.343208712134789e-02 
  3.047051028681357e-03  1.340408891401042e-02 
  5.380913706922555e-03  1.311381944877587e-02 
  1.099957809244500e-02  1.242484272231803e-02 
  1.253547593173578e-02  1.144039316904333e-02 
  7.627869903662997e-03  1.014134833225027e-02 
  4.046486328069140e-03  9.036830781335077e-03 
  1.711403348446476e-02  7.996467932998725e-03 
  2.562126258071604e-02  7.355859069133905e-03 
  2.729742160194985e-02  7.073258009095646e-03 
  2.351766649751118e-02  7.065017631275167e-03 
  1.684589647222661e-02  7.177664424275846e-03 
  8.907600426059219e-03  7.153209588066332e-03 
  7.475872352598995e-04  7.104649379669538e-03 
  7.042791434564651e-03  6.815654233097090e-03 
  1.336091119383388e-02  6.242096092120399e-03 
  1.658475756355083e-02  5.363561935695487e-03 
  1.450924544109710e-02  4.137337504136080e-03 
  6.007559452159007e-03  3.066744181749448e-03 
  6.667328100599812e-03  1.925945307586409e-03 
  1.701807280866454e-02  1.110684727165571e-03 
  2.129569300063078e-02  6.853200690971753e-04 
  1.959746860454916e-02  7.019960201883843e-04 
  1.395406936075252e-02  6.931763709018785e-04 
  6.430065951224278e-03  7.313034125193099e-04 
  2.079217766043900e-03  6.909427274447116e-04 
  1.000360828066360e-02  4.921443459110260e-04 
  1.718417462679443e-02  2.283760725527551e-04 
  2.178645289020985e-02  7.702389915730110e-04 
  2.175679288018309e-02  1.719943774828169e-03 
  1.493320501130571e-02  2.908845802708617e-03 
  2.913409468740527e-03  4.137377515930531e-03 
  1.032571008924211e-02  4.940353211489688e-03 
  1.722331233619972e-02  5.446129952260985e-03 
  1.732935415543493e-02  5.591784166219674e-03 
  1.260669591476182e-02  5.527968377363003e-03 
  5.642002540474769e-03  5.474013321880964e-03 
  4.031415649632601e-03  5.146545302395615e-03 
  1.209096815613633e-02  5.323700928898637e-03 
  1.989471066157326e-02  5.599331113112050e-03 
  2.580559501884137e-02  6.107071434862713e-03 
  2.764116079634830e-02  6.888981206884375e-03 
  2.278952783672479e-02  8.012026923114075e-03 
  1.066294888596227e-02  9.246640009701781e-03 
  6.759339767065051e-03  1.034634843267517e-02 
  1.774086035346909e-02  1.093230526289193e-02 
  2.161749550647889e-02  1.117088806246805e-02 
  1.875519255791930e-02  1.097174612707203e-02 
  1.195251857727049e-02  1.070139266822633e-02 
  4.887120274574756e-03  1.053860434675006e-02 
  8.398550295532227e-03  1.024217518842049e-02 
  1.675291856325729e-02  1.035586308529045e-02 
  2.367525837987977e-02  1.070154297857206e-02 
  2.672613928140062e-02  1.138832886660049e-02 
  2.205360681142537e-02  1.260187739492322e-02 
  8.304657525882084e-03  1.397433660320828e-02 
  1.651595258376655e-02  1.515565114276831e-02 
  3.522582533725330e-02  1.582452562678011e-02 
  4.502934993971399e-02  1.612368110250522e-02 
  4.559314779763367e-02  1.593554789676625e-02 
  4.056887152095059e-02  1.550772710615489e-02 
  3.256906398401624e-02  1.485494335201320e-02 
  2.394783611207421e-02  1.444965074123481e-02 
  1.600837050941453e-02  1.429409618028144e-02 
  1.085067929007157e-02  1.450552827691988e-02 
  9.902725195447498e-03  1.516146263657351e-02 
  1.633527602564909e-02  1.644764599369320e-02 
  3.855394534574590e-02  1.846901780598918e-02 
  7.622265592263702e-02  2.044352821598690e-02 
  1.188019522473158e-01  2.222728663286147e-02 
  1.506860773055563e-01  2.309207716089817e-02 
  1.687410034424804e-01  2.335784649611337e-02 
  1.762791011516759e-01  2.331663369607574e-02 
  1.795384317612924e-01  2.338522215628826e-02 
  1.825910463464018e-01  2.388893011737568e-02 
  1.883728581791483e-01  2.565674453928343e-02 
  2.007418292750625e-01  2.741345977037630e-02 
  2.278960392535106e-01  3.204583188388353e-02 
  2.809373149656070e-01  3.765063454666423e-02 
  3.767940857401593e-01  4.653664819608429e-02 
  5.265743221573533e-01  5.560751657875448e-02 
  7.099261561240593e-01  6.383102229620535e-02 
  8.543381055336108e-01  6.768144152089704e-02 
  8.955025510419032e-01  6.580322063597230e-02 
  8.229888993082459e-01  5.870222328417760e-02 
  6.843705732712263e-01  4.884852448666676e-02 
  5.333470869272937e-01  3.969315316639946e-02 
  4.019067751435236e-01  3.245063129581997e-02 
  3.006950489676000e-01  2.761387788705599e-02 
  1.203542905993470e-01  1.247546235364215e-01 
  2.196439409295739e-01  1.299783740779653e-01 
  3.424376652633239e-01  1.364061338752761e-01 
  4.855439279750321e-01  1.387219068760867e-01 
  6.342409476544582e-01  1.377307302099168e-01 
  7.447059562071293e-01  1.299731217101129e-01 
  7.578736844439842e-01  1.171300557511765e-01 
  6.588038483066516e-01  9.821008795764928e-02 
  4.973601408761260e-01  7.943251254161683e-02 
  3.453803914345879e-01  6.288816170860265e-02 
  2.449453376332789e-01  5.102999784594602e-02 
  1.884222898535779e-01  4.333907621805286e-02 
  1.617473325962644e-01  3.773708933940514e-02 
  1.500009043375035e-01  3.482254433590624e-02 
  1.459015572845369e-01  3.266233659292288e-02 
  1.453672676290680e-01  3.112809190196161e-02 
  1.443591204643495e-01  2.962239031109667e-02 
  1.409228369155588e-01  2.824546962788074e-02 
  1.288411751625392e-01  2.692335948448208e-02 
  1.037962891896410e-01  2.479060353890573e-02 
  6.699720380600897e-02  2.204088862335169e-02 
  3.058423185646453e-02  2.052255602830084e-02 
  7.868293969984929e-03  1.858694226799994e-02 
  9.250249086335529e-03  1.806815260544574e-02 
  9.006118922682061e-03  1.749760063594531e-02 
  6.188427072604155e-03  1.756834090005575e-02 
  1.034588692214124e-02  1.765469015621036e-02 
  1.883486567888680e-02  1.793940357032436e-02 
  2.718231102068158e-02  1.796208511489357e-02 
  3.377373001788861e-02  1.798835915118448e-02 
  3.528834797869895e-02  1.745408151897357e-02 
  2.856760138684760e-02  1.673378944039939e-02 
  1.266467581471249e-02  1.552066588820192e-02 
  1.064563146174593e-02  1.415660778789987e-02 
  2.631184047239581e-02  1.330280270282098e-02 
  3.289128019074139e-02  1.260346036596055e-02 
  3.126768494803850e-02  1.239753519868825e-02 
  2.490278547532507e-02  1.236040781641178e-02 
  1.626300432035838e-02  1.249481556722285e-02 
  7.153343454254272e-03  1.245194948010884e-02 
  4.239263651432551e-03  1.285347626716740e-02 
  1.056990362227153e-02  1.257992494480477e-02 
  1.481317240212426e-02  1.244120797264903e-02 
  1.330974170304028e-02  1.178750798657961e-02 
  4.777789122630409e-03  1.077679446319587e-02 
  1.115023517441996e-02  9.753646242430122e-03 
  2.526396886078777e-02  8.686024499821634e-03 
  3.256833281007184e-02  7.992998841067038e-03 
  3.254456922350984e-02  7.513334942407454e-03 
  2.742382174736197e-02  7.336027488661938e-03 
  1.982451527935680e-02  7.362368484958716e-03 
  1.138482547338471e-02  7.313882012119340e-03 
  2.934011943344796e-03  7.142310886587614e-03 
  5.452142865550027e-03  7.131988759070145e-03 
  1.119630775194248e-02  6.866643493198106e-03 
  1.262712057077877e-02  6.139036987522100e-03 
  7.450958206312194e-03  5.406232263508419e-03 
  4.383238250924596e-03  4.357319944455136e-03 
  1.760546609937304e-02  3.151586634351505e-03 
  2.617800988559698e-02  2.519335173048871e-03 
  2.767288748985062e-02  1.798084718153510e-03 
  2.368916633482702e-02  1.687748380778354e-03 
  1.706584030514263e-02  1.390590153803447e-03 
  8.931970445173125e-03  1.465072275505506e-03 
  8.428820930175862e-04  1.257377110158784e-03 
  7.031125136657821e-03  1.256375763739930e-03 
  1.340837283094818e-02  9.615282533889031e-04 
  1.658858060445314e-02  5.763315569988829e-04 
  1.427234474293617e-02  4.925292191620672e-04 
  5.584142949905027e-03  1.499771166785825e-03 
  7.184033145051751e-03  2.428024977017272e-03 
  1.777611402428408e-02  3.449015133835593e-03 
  2.191230313761257e-02  4.094051014991725e-03 
  1.993475843625563e-02  4.489723543785316e-03 
  1.428754059542057e-02  4.816460467072451e-03 
  6.660338889349868e-03  4.987992019949092e-03 
  1.955663712085853e-03  4.985411945927292e-03 
  9.822984920989510e-03  5.271362102879267e-03 
  1.720769213269089e-02  5.302134007422623e-03 
  2.181354888026550e-02  5.840724209900626e-03 
  2.162472171822377e-02  6.452525804200231e-03 
  1.459536557478903e-02  7.381548030829669e-03 
  2.450975541286001e-03  8.595943455098176e-03 
  1.092853449381252e-02  9.550306286434199e-03 
  1.789644942159221e-02  1.040342282925682e-02 
  1.789577362155066e-02  1.090684898538204e-02 
  1.306372493179509e-02  1.105947598716599e-02 
  5.895249326924448e-03  1.121021004449460e-02 
  3.866657254664360e-03  1.137230503264692e-02 
  1.202983241648980e-02  1.128068702015912e-02 
  1.985849250783795e-02  1.146273361869809e-02 
  2.585219525471342e-02  1.171741063560260e-02 
  2.757291153112290e-02  1.226582742344871e-02 
  2.250097708494784e-02  1.316011395796792e-02 
  1.013634135027405e-02  1.428708570590004e-02 
  7.235328059099467e-03  1.525897283979318e-02 
  1.840056791901577e-02  1.650879786393216e-02 
  2.195229738368766e-02  1.685193789740398e-02 
  1.898467546125408e-02  1.729825918559984e-02 
  1.221616042633421e-02  1.733796811752799e-02 
  4.942728746909830e-03  1.734717061763683e-02 
  8.461088299951729e-03  1.729032871739543e-02 
  1.680171939804187e-02  1.724753957017202e-02 
  2.395464159309614e-02  1.739030704431116e-02 
  2.669915566098303e-02  1.782483014097539e-02 
  2.187906091195331e-02  1.868881005207323e-02 
  7.968938540131481e-03  1.984454747843130e-02 
  1.697541214825046e-02  2.114760061980877e-02 
  3.572100567747854e-02  2.244591686249121e-02 
  4.549852601844361e-02  2.322586781411327e-02 
  4.591733006300472e-02  2.369155409092918e-02 
  4.065400884991986e-02  2.382834612867555e-02 
  3.245754197230796e-02  2.375856193474550e-02 
  2.352259479379425e-02  2.366844630645111e-02 
  1.540026263662244e-02  2.355595142039626e-02 
  1.016867172807795e-02  2.376445998543481e-02 
  9.395802457860815e-03  2.406888655795697e-02 
  1.569580980127812e-02  2.528767492624930e-02 
  3.805450501867553e-02  2.709581696855143e-02 
  7.658730320033023e-02  2.947246767208457e-02 
  1.193847151042966e-01  3.200693957817254e-02 
  1.510251853398530e-01  3.404776039341190e-02 
  1.685645623682393e-01  3.576015149653554e-02 
  1.751967628595544e-01  3.712244307864893e-02 
  1.775063023950269e-01  3.829293459838104e-02 
  1.797798763429072e-01  3.941629049543085e-02 
  1.851479796580445e-01  4.093166395933642e-02 
  1.972998374155541e-01  4.287008553283033e-02 
  2.228975666579468e-01  4.588786479089059e-02 
  2.760112140588901e-01  5.003714823496683e-02 
  3.756024594530232e-01  5.628690900004424e-02 
  5.282387753011129e-01  6.360721050437033e-02 
  7.149266351919739e-01  6.952971512318584e-02 
  8.661693809478952e-01  7.204091994207154e-02 
  9.075829475128232e-01  6.964570677030597e-02 
  8.293973193545136e-01  6.214861432650397e-02 
  6.856011341961782e-01  5.248323541651617e-02 
  5.300975870575393e-01  4.284670209927094e-02 
  3.998369052779540e-01  3.492495458117312e-02 
  2.989813354260903e-01  2.965046440784900e-02 
  1.184324401267791e-01  1.070246213530041e-01 
  2.202900986299023e-01  1.127468196003198e-01 
  3.457322379247394e-01  1.181231038122565e-01 
  4.952736551394795e-01  1.216036609989197e-01 
  6.527934338115756e-01  1.211455176507273e-01 
  7.681653748156780e-01  1.164293170535830e-01 
  7.844916535846570e-01  1.045576226417682e-01 
  6.823623047006894e-01  8.721644890244548e-02 
  5.147972015139032e-01  6.898475877545686e-02 
  3.606238764062156e-01  5.202628911150563e-02 
  2.541580251973892e-01  3.878589344477087e-02 
  1.957783785695658e-01  2.982500670659882e-02 
  1.670777343386698e-01  2.416763760247372e-02 
  1.538994179666414e-01  2.030199890428249e-02 
  1.490329943668283e-01  1.850961135507978e-02 
  1.476103729005357e-01  1.779979702575237e-02 
  1.466039518791105e-01  1.698342587211575e-02 
  1.425907743116304e-01  1.716439498862869e-02 
  1.302688794310228e-01  1.655848694524289e-02 
  1.048667182930850e-01  1.558262789260203e-02 
  6.793302086839130e-02  1.418199082261658e-02 
  3.069453279870879e-02  1.248464650260426e-02 
  7.958910617231446e-03  1.102700953228955e-02 
  9.075579749021578e-03  9.880006947993637e-03 
  8.801914130601324e-03  9.381471207056130e-03 
  6.164905550549334e-03  9.496005336315453e-03 
  1.055367770727791e-02  9.459110524735441e-03 
  1.908446445565535e-02  9.857205257433591e-03 
  2.758773701662870e-02  1.035586308529045e-02 
  3.402078084928187e-02  1.088085567993078e-02 
  3.539810615897732e-02  1.099381437882851e-02 
  2.853194166240842e-02  1.074428945829268e-02 
  1.224825381224505e-02  9.877235303345992e-03 
  1.091443169692229e-02  8.848737258769807e-03 
  2.684750162723550e-02  7.887443294983802e-03 
  3.321047042247072e-02  6.903000422986105e-03 
  3.145154812422454e-02  6.726730059499116e-03 
  2.483921561598834e-02  6.278914220832965e-03 
  1.595482986266021e-02  6.186175690158712e-03 
  7.099129971896726e-03  6.465194577391711e-03 
  4.204867133246444e-03  6.596060797666797e-03 
  1.065808862923464e-02  6.895873721348504e-03 
  1.478551742291248e-02  6.963194879811560e-03 
  1.316661471693149e-02  6.830942820208052e-03 
  4.533597157874628e-03  6.197537310594367e-03 
  1.146814901288824e-02  5.262851913738720e-03 
  2.564782119836395e-02  4.210088740335445e-03 
  3.283969215944232e-02  3.384391144363738e-03 
  3.276311056057938e-02  2.632330100952561e-03 
  2.764066117878399e-02  2.192370501618453e-03 
  2.002829720463074e-02  2.116540338618721e-03 
  1.146632579667407e-02  1.931682743048176e-03 
  3.057080165766927e-03  2.139801068272713e-03 
  5.420114702933132e-03  2.129980610423262e-03 
  1.096925234337447e-02  2.009592494309734e-03 
  1.232580314573790e-02  1.966343559285759e-03 
  7.059142149966910e-03  1.330473105364839e-03 
  4.940236924510093e-03  6.101832756382525e-04 
  1.820918999514603e-02  9.056084163161938e-04 
  2.656466095476636e-02  1.803438139542320e-03 
  2.823212559436978e-02  2.549914391077890e-03 
  2.416758904254066e-02  3.173768898967139e-03 
  1.724488399997029e-02  3.409078486383119e-03 
  9.204059708833244e-03  3.667070420462147e-03 
  8.969102296769518e-04  3.726069060261649e-03 
  6.992109603368055e-03  3.705235360158571e-03 
  1.321401749214812e-02  3.805673709087313e-03 
  1.639343931567669e-02  3.991956498416951e-03 
  1.405410608378146e-02  4.429145527078392e-03 
  5.219009980498409e-03  5.126403068229555e-03 
  7.593048560570722e-03  6.348083782898363e-03 
  1.811730215291019e-02  7.285691871639538e-03 
  2.236125516429370e-02  8.308223098240058e-03 
  2.025571731154845e-02  9.165534574262051e-03 
  1.456285171515253e-02  9.410931233475542e-03 
  6.835917730154756e-03  9.822163293433887e-03 
  1.881701483817697e-03  9.900378537222941e-03 
  9.841033889197841e-03  1.007988436561396e-02 
  1.696653578253781e-02  1.003721553247253e-02 
  2.167230866110542e-02  1.019715686037228e-02 
  2.144659879147089e-02  1.065825974693425e-02 
  1.420537089363579e-02  1.147293808837902e-02 
  2.072776266896068e-03  1.244998705872935e-02 
  1.144006988219602e-02  1.365090360737234e-02 
  1.821216504461361e-02  1.458393768583762e-02 
  1.819058966579638e-02  1.550136705522450e-02 
  1.321238217436323e-02  1.602902292356514e-02 
  6.038799735754577e-03  1.641074699499040e-02 
  3.895827576187332e-03  1.663492702414067e-02 
  1.182751281767310e-02  1.660728351939743e-02 
  1.982901664697033e-02  1.665757586927296e-02 
  2.570591856426629e-02  1.670044140410883e-02 
  2.730859944418702e-02  1.707219253699622e-02 
  2.236051888810837e-02  1.752678664532686e-02 
  9.733160329996417e-03  1.855644590846780e-02 
  7.572624589990559e-03  1.986315355542675e-02 
  1.874242913138932e-02  2.107016322567948e-02 
  2.223113711975384e-02  2.224303780552361e-02 
  1.904156665700110e-02  2.291750316500245e-02 
  1.217975990709361e-02  2.342130825476029e-02 
  4.932946181987063e-03  2.358671720148268e-02 
  8.430764873261817e-03  2.365395956087710e-02 
  1.674240052956934e-02  2.353015294061253e-02 
  2.378313096475625e-02  2.350943273224657e-02 
  2.670486749240016e-02  2.357335790651870e-02 
  2.173856025484617e-02  2.421062215984479e-02 
  7.955203200942460e-03  2.528086328209869e-02 
  1.674355516589847e-02  2.665931891605997e-02 
  3.523207545263334e-02  2.831764610940827e-02 
  4.476419483969341e-02  2.979041477611478e-02 
  4.514179013324916e-02  3.095370576310852e-02 
  3.992320303063757e-02  3.179570434447861e-02 
  3.192320063087504e-02  3.220700198160834e-02 
  2.312823691367554e-02  3.231129764892281e-02 
  1.521513735702501e-02  3.242468009602345e-02 
  1.023862006234835e-02  3.248829724587660e-02 
  9.400115230052910e-03  3.272329292597633e-02 
  1.571695744836969e-02  3.357124905891826e-02 
  3.775172731369808e-02  3.531310859756927e-02 
  7.534252612520748e-02  3.797668042518869e-02 
  1.173018947888733e-01  4.134507651588380e-02 
  1.485480575961590e-01  4.436137511940855e-02 
  1.651726464970504e-01  4.736172916627854e-02 
  1.721959875158688e-01  4.995253698136487e-02 
  1.745273230376691e-01  5.229857432146849e-02 
  1.770100510669685e-01  5.421519822412080e-02 
  1.823305648414112e-01  5.566740799389103e-02 
  1.948918047791592e-01  5.727050992493522e-02 
  2.219431151291084e-01  5.911674315478611e-02 
  2.761478570452237e-01  6.173315172381576e-02 
  3.731839673196556e-01  6.555619675197297e-02 
  5.254652218881481e-01  7.039557327288486e-02 
  7.168053322988611e-01  7.468803782958261e-02 
  8.682317780855806e-01  7.598188262648123e-02 
  9.067333245950953e-01  7.254561220119511e-02 
  8.364690519417152e-01  6.528379614689232e-02 
  6.920264235389415e-01  5.519733373843382e-02 
  5.352865453806781e-01  4.560512495474811e-02 
  4.038978834822504e-01  3.729177455004799e-02 
  2.997713179969737e-01  3.160567718636582e-02 
  1.183092298780623e-01  9.744220433537065e-02 
  2.218023929910114e-01  1.031621180078005e-01 
  3.520113585845588e-01  1.088368966719912e-01 
  5.037387119742437e-01  1.120213881320828e-01 
  6.645937111633160e-01  1.115389880530979e-01 
  7.816759990403129e-01  1.057000152583231e-01 
  7.987302403686831e-01  9.391546215599944e-02 
  7.002361495503868e-01  7.707827736968144e-02 
  5.336564678300364e-01  5.830713469146435e-02 
  3.773026690060777e-01  4.096373990795184e-02 
  2.689356199258961e-01  2.673241533307719e-02 
  2.074599540522639e-01  1.663058016365586e-02 
  1.757080169776402e-01  1.038898095202062e-02 
  1.589400983340741e-01  6.723800203846309e-03 
  1.517423576067567e-01  4.983604278430287e-03 
  1.483694809507055e-01  4.725496545305749e-03 
  1.459767624382176e-01  5.281802405117868e-03 
  1.407720637049266e-01  5.962730763586183e-03 
  1.278939283934563e-01  6.689062440695275e-03 
  1.031577895039104e-01  6.980099283778144e-03 
  6.752350498092453e-02  6.266244695753917e-03 
  3.195182930165467e-02  5.077919362686247e-03 
  8.995722034293788e-03  3.685286871271771e-03 
  7.819311730338925e-03  2.557424079663547e-03 
  7.769477751200243e-03  1.848959294005684e-03 
  6.242754801754706e-03  1.767428688158950e-03 
  1.092500708714411e-02  1.831859453258175e-03 
  1.880181509676030e-02  2.009053491082663e-03 
  2.658094258537517e-02  2.770433946227338e-03 
  3.242794870504273e-02  3.656324646910181e-03 
  3.354667856159717e-02  4.404804117327646e-03 
  2.695872988986436e-02  4.698422309515572e-03 
  1.149051852827609e-02  4.475859548462245e-03 
  1.077866631725455e-02  3.762233533014244e-03 
  2.575703258390792e-02  2.574831716010448e-03 
  3.188424791929279e-02  1.793655980857238e-03 
  3.034568374287011e-02  1.147694895308326e-03 
  2.412572245665928e-02  9.679977548105378e-04 
  1.598703321912587e-02  9.586011595709949e-04 
  7.543453670277825e-03  9.205900995920674e-04 
  3.726145225270568e-03  1.065240574133497e-03 
  9.418777276685539e-03  1.274514996694068e-03 
  1.330985816143856e-02  1.759072341099544e-03 
  1.180259561380263e-02  1.861013184772464e-03 
  3.657774074240019e-03  1.707465942875562e-03 
  1.199992488048022e-02  1.034238736839157e-03 
  2.529915567176927e-02  6.591704801942023e-04 
  3.211124376129900e-02  1.526922167043193e-03 
  3.207756748883669e-02  2.410231177723430e-03 
  2.731030041127525e-02  3.101096993879897e-03 
  2.003655843732281e-02  3.532355459642401e-03 
  1.168602812963432e-02  3.722835529309595e-03 
  3.756653397924629e-03  3.484640260295821e-03 
  4.402928950615015e-03  3.399835465985357e-03 
  9.604867483743451e-03  2.919012131954596e-03 
  1.083712611390728e-02  2.894134097810586e-03 
  5.772057879866334e-03  3.108338803150592e-03 
  5.647533001013430e-03  3.741744681267479e-03 
  1.797211038499792e-02  4.732890426316374e-03 
  2.612532653884875e-02  5.963885542739527e-03 
  2.736408793531358e-02  7.051650836398446e-03 
  2.359728986539373e-02  7.880700993761980e-03 
  1.720033982809018e-02  8.404272006154316e-03 
  9.359945659202456e-03  8.744213442236682e-03 
  1.530120653837358e-03  8.751148428781188e-03 
  6.024093131589350e-03  8.711015770687822e-03 
  1.200223780534377e-02  8.527587807928817e-03 
  1.492378306317999e-02  8.429533675896574e-03 
  1.269464110772711e-02  8.582465177605945e-03 
  4.151020014512198e-03  9.176434097984224e-03 
  8.067878093848447e-03  1.016880806133002e-02 
  1.797946138682244e-02  1.136564403277784e-02 
  2.177763313225573e-02  1.268614438699539e-02 
  1.986912661857524e-02  1.350556632344537e-02 
  1.430534635994142e-02  1.441967758705388e-02 
  6.941117997435394e-03  1.482190242811311e-02 
  1.537959423123394e-03  1.511243514157237e-02 
  9.048353878334643e-03  1.510920278395609e-02 
  1.603328555098578e-02  1.497178907244296e-02 
  2.037082779007093e-02  1.483322040836915e-02 
  2.006197003355728e-02  1.494275411026677e-02 
  1.316941329655637e-02  1.543828308024679e-02 
  1.799107141059637e-03  1.638341000952468e-02 
  1.146559579933547e-02  1.764683804730657e-02 
  1.798025833985024e-02  1.890971354686136e-02 
  1.770281689564675e-02  2.004877998829562e-02 
  1.289610847052756e-02  2.097938727417369e-02 
  5.879143725490566e-03  2.158178441676056e-02 
  3.717150775645429e-03  2.184205518318998e-02 
  1.156976205706638e-02  2.194730757511657e-02 
  1.903141709311547e-02  2.183169724266123e-02 
  2.468041041445726e-02  2.171842862929582e-02 
  2.616567407158811e-02  2.149628938617686e-02 
  2.116745413229432e-02  2.194333836715628e-02 
  9.034194312474731e-03  2.287871614135716e-02 
  7.664882953861882e-03  2.415712241073296e-02 
  1.825908781739106e-02  2.573707570412426e-02 
  2.142435358998970e-02  2.711976987489081e-02 
  1.840811112420371e-02  2.831517825350623e-02 
  1.159711669867462e-02  2.920835174396604e-02 
  4.822335005902180e-03  2.969044111381686e-02 
  8.434409397073626e-03  2.985892720528240e-02 
  1.645943515871369e-02  2.974327934773593e-02 
  2.305772883039069e-02  2.946186939863787e-02 
  2.556121112117796e-02  2.931221584543192e-02 
  2.060145895640570e-02  2.955664599477422e-02 
  7.477028350800768e-03  3.048433320644916e-02 
  1.678974605081334e-02  3.213656838779022e-02 
  3.453250849918578e-02  3.403477626336834e-02 
  4.340351254491794e-02  3.603417223152418e-02 
  4.365445567271804e-02  3.791979667533726e-02 
  3.847713059551156e-02  3.917104430066385e-02 
  3.069203800998978e-02  4.022789426887653e-02 
  2.225951909361136e-02  4.072208442921083e-02 
  1.473951615272413e-02  4.086556426847199e-02 
  1.007307522801912e-02  4.075846784117500e-02 
  9.503308492287421e-03  4.076286494336760e-02 
  1.592735930355626e-02  4.146832561339014e-02 
  3.740155230027534e-02  4.297299273768367e-02 
  7.436708821712530e-02  4.578677974505321e-02 
  1.145828650891772e-01  4.957894145037468e-02 
  1.452074261154724e-01  5.385311139791357e-02 
  1.611035933812884e-01  5.818058048256151e-02 
  1.679255298827876e-01  6.210942376592223e-02 
  1.709494576776001e-01  6.539994754619528e-02 
  1.738708700641408e-01  6.811019128741361e-02 
  1.800275318324091e-01  6.978976725815980e-02 
  1.941070804153341e-01  7.103445454889357e-02 
  2.233067893226698e-01  7.201191331034446e-02 
  2.792905410577173e-01  7.289950845873122e-02 
  3.817700698139005e-01  7.475038778399896e-02 
  5.400125180960789e-01  7.728964276843647e-02 
  7.292240399392339e-01  7.954750269382446e-02 
  8.789749077553256e-01  7.918256209009020e-02 
  9.192712489531527e-01  7.524449815447236e-02 
  8.396042482564419e-01  6.740697687965296e-02 
  6.930277540364754e-01  5.707572016505965e-02 
  5.349327992758294e-01  4.737342669622421e-02 
  4.010738781228915e-01  3.904132962933213e-02 
  3.001499168451350e-01  3.323507781902561e-02 
  1.172891198683474e-01  9.091054262904075e-02 
  2.195667772103794e-01  9.718156754909460e-02 
  3.526299352311710e-01  1.029388589733535e-01 
  5.116088840614889e-01  1.068193177934421e-01 
  6.756374705961539e-01  1.063011835610548e-01 
  7.987210446998938e-01  9.989318260334845e-02 
  8.195262660155554e-01  8.852676617187091e-02 
  7.213718275383404e-01  7.106551374913199e-02 
  5.519157368911712e-01  5.141376403363163e-02 
  3.924485035174269e-01  3.303401411362138e-02 
  2.805277170208602e-01  1.828166304231304e-02 
  2.153600172712472e-01  7.743097003043132e-03 
  1.801954735188991e-01  3.054883832099176e-03 
  1.617208358744612e-01  4.877924791290609e-03 
  1.524641466626652e-01  6.027392175634478e-03 
  1.475689806580298e-01  5.933191283118902e-03 
  1.438096328021474e-01  4.770206721309458e-03 
  1.377276626988283e-01  3.162485915448764e-03 
  1.248292402802191e-01  2.186323636531821e-03 
  1.010021753046442e-01  2.154049851396605e-03 
  6.646355657369130e-02  2.049683948131602e-03 
  3.205058990990396e-02  1.688094480968792e-03 
  9.608572632339218e-03  2.284105712685186e-03 
  7.266931682956328e-03  3.541520418094001e-03 
  7.197467746359348e-03  4.471430656006185e-03 
  6.232670636910573e-03  4.967272092313302e-03 
  1.049904331299244e-02  4.808063558108971e-03 
  1.788890580922924e-02  4.220640869467978e-03 
  2.513391125906267e-02  3.277135133538230e-03 
  3.065721343077634e-02  2.051415818288354e-03 
  3.164552662835487e-02  1.333361619791222e-03 
  2.511962069980337e-02  1.378574528798502e-03 
  1.027612260868630e-02  1.370216837771117e-03 
  1.142196111649324e-02  1.083957488418341e-03 
  2.557105682733478e-02  1.298546482025848e-03 
  3.145936682042755e-02  2.348690277455504e-03 
  3.012234493459036e-02  3.392980002393186e-03 
  2.420290674084524e-02  4.031430711983648e-03 
  1.642442700511952e-02  4.251103708511238e-03 
  8.138012964306472e-03  4.033357799355721e-03 
  3.325945491718636e-03  3.591124815388085e-03 
  7.997562217216295e-03  2.825389975826834e-03 
  1.149999965627795e-02  2.158055452790277e-03 
  9.933899852111079e-03  1.641418409538674e-03 
  2.990409249772166e-03  1.512788101488548e-03 
  1.255443369569658e-02  2.049836867958947e-03 
  2.525120032973140e-02  3.003123552364797e-03 
  3.200051571344868e-02  4.245172575946933e-03 
  3.179673865898421e-02  5.457953734997832e-03 
  2.716444756666081e-02  6.370457167098411e-03 
  2.025085329016493e-02  6.907081810332475e-03 
  1.220449257117476e-02  7.063900934773192e-03 
  4.516032174242980e-03  6.922561138092780e-03 
  3.191087974736342e-03  6.484143983514873e-03 
  8.050379937559096e-03  6.034013117997320e-03 
  9.338552773172427e-03  5.641077287947222e-03 
  4.499135545669167e-03  5.665841876861139e-03 
  6.424897113263637e-03  6.088239802321198e-03 
  1.839637599655715e-02  7.158640448625517e-03 
  2.603786838228945e-02  8.510370155926306e-03 
  2.736852406798065e-02  9.713403948736245e-03 
  2.351730639326998e-02  1.077001851736088e-02 
  1.730091320500055e-02  1.142887808497657e-02 
  9.987076519132356e-03  1.191952228667529e-02 
  2.471274440094172e-03  1.194821283107768e-02 
  4.840568578786483e-03  1.183075198268563e-02 
  1.063304807314158e-02  1.148676800940965e-02 
  1.352676756222641e-02  1.124325472326284e-02 
  1.135778327480276e-02  1.119338005884924e-02 
  3.259580622649282e-03  1.158100502356184e-02 
  8.524541460604614e-03  1.247555858548900e-02 
  1.788015697916748e-02  1.376937094734358e-02 
  2.162181650573925e-02  1.519003589049215e-02 
  1.968522247435340e-02  1.638533782933636e-02 
  1.423029087431529e-02  1.739804500758913e-02 
  7.158267561008286e-03  1.797148439020738e-02 
  1.131074281274323e-03  1.833280841852735e-02 
  8.250690143068918e-03  1.828300592483646e-02 
  1.486866673662985e-02  1.813989421122603e-02 
  1.879324508022051e-02  1.774353101585627e-02 
  1.854223484842809e-02  1.762153756343095e-02 
  1.185352383655036e-02  1.793636363248284e-02 
  1.669779701800324e-03  1.875539434839445e-02 
  1.152047742846846e-02  2.004339337069189e-02 
  1.749114247520450e-02  2.150638420127212e-02 
  1.721959875158688e-02  2.294214656981803e-02 
  1.259929014779251e-02  2.403889497228270e-02 
  5.922232146623699e-03  2.483898241414755e-02 
  3.541147993293061e-03  2.521373302467843e-02 
  1.080455357652193e-02  2.536389811570374e-02 
  1.808709115637062e-02  2.517194939601123e-02 
  2.329062416675534e-02  2.481224723924637e-02 
  2.471181974129176e-02  2.462650607589031e-02 
  1.996320779749383e-02  2.479395736110451e-02 
  8.558328994470048e-03  2.544434643273757e-02 
  7.509239005795066e-03  2.683023335814024e-02 
  1.750628229632305e-02  2.853954861643427e-02 
  2.060912376662038e-02  3.027385663853474e-02 
  1.755525642097377e-02  3.176342312995392e-02 
  1.129530929082061e-02  3.285774085025953e-02 
  4.778882223433729e-03  3.354953073726162e-02 
  7.977205451519202e-03  3.378422805019060e-02 
  1.544547530310792e-02  3.370758202357561e-02 
  2.178961101601203e-02  3.331807488742476e-02 
  2.404428557011902e-02  3.285785811997243e-02 
  1.948861056744403e-02  3.290815619721405e-02 
  7.096334479133015e-03  3.368921565895287e-02 
  1.627608043276017e-02  3.528899985865275e-02 
  3.304638265344625e-02  3.753474761496334e-02 
  4.173537089681802e-02  3.982293821703470e-02 
  4.202539241383112e-02  4.209784356989403e-02 
  3.708928638418499e-02  4.389499966029212e-02 
  2.983190431534184e-02  4.515948701987642e-02 
  2.199337743623674e-02  4.603124803676030e-02 
  1.505718642087735e-02  4.630083785121905e-02 
  1.067279646641838e-02  4.611224323748248e-02 
  1.007477434007195e-02  4.598377272954876e-02 
  1.672198684232658e-02  4.619165788717863e-02 
  3.784568561677003e-02  4.759284316071560e-02 
  7.310413241740367e-02  5.036873572118711e-02 
  1.113263389933028e-01  5.463859208314539e-02 
  1.402796512061013e-01  5.963263499548052e-02 
  1.563982457180036e-01  6.472288238294926e-02 
  1.635344397229787e-01  6.969241274248293e-02 
  1.670080200726230e-01  7.361864165954624e-02 
  1.709403651663722e-01  7.689060887981923e-02 
  1.788077248997616e-01  7.896797474375215e-02 
  1.946802868023117e-01  8.009553378099285e-02 
  2.256438376341759e-01  8.059678162711670e-02 
  2.851700602432395e-01  8.068009482938421e-02 
  3.891641512216126e-01  8.110684351054466e-02 
  5.466504719305056e-01  8.215524592284836e-02 
  7.358948733018795e-01  8.282826227139717e-02 
  8.851243273910336e-01  8.139701899441852e-02 
  9.247574257742677e-01  7.684893442148273e-02 
  8.489204143530696e-01  6.840269297772660e-02 
  6.990359760260185e-01  5.850265824335591e-02 
  5.413825799417940e-01  4.903780812505412e-02 
  4.048965043911511e-01  4.069318660981273e-02 
  3.016822284087318e-01  3.458465916311360e-02 
  1.167186558126224e-01  8.440875604502120e-02 
  2.217196209082263e-01  9.004663747145583e-02 
  3.575434507904304e-01  9.546230137707012e-02 
  5.202381868343513e-01  9.939335491758673e-02 
  6.879139672765057e-01  9.937930380511142e-02 
  8.099592645649053e-01  9.424613522070502e-02 
  8.290586929363243e-01  8.331643906955186e-02 
  7.316175712471329e-01  6.716194271864030e-02 
  5.662161824979842e-01  4.860080916703438e-02 
  4.066573510743001e-01  3.046757578020291e-02 
  2.941668482171008e-01  1.628697575951847e-02 
  2.252880611058501e-01  5.967044820641715e-03 
  1.857489756234359e-01  3.354969296401747e-03 
  1.643671320173220e-01  6.042488742985080e-03 
  1.518703092786810e-01  6.992000489005962e-03 
  1.446888541742745e-01  6.693646916413214e-03 
  1.393742288184907e-01  5.436427491600358e-03 
  1.321915294475109e-01  3.755724264551919e-03 
  1.193015613142626e-01  2.399948376349089e-03 
  9.606824951366769e-02  2.090620959034299e-03 
  6.394833293586302e-02  1.938537693608800e-03 
  3.228062445492875e-02  1.733846315921711e-03 
  1.088666044221482e-02  2.331359243902911e-03 
  6.492237926085814e-03  3.618159433097486e-03 
  6.693642714499255e-03  4.723145776819435e-03 
  6.116773193093348e-03  5.337565284727322e-03 
  9.580437177079576e-03  5.227383948956060e-03 
  1.591853979150779e-02  4.797205246738543e-03 
  2.221726664712299e-02  3.744785961207654e-03 
  2.703093245863906e-02  2.525574302512410e-03 
  2.750320002518333e-02  1.565126158435063e-03 
  2.147552439616005e-02  1.212549285371584e-03 
  8.288493999001598e-03  1.258956429153147e-03 
  1.171933253159047e-02  1.087847204381416e-03 
  2.475776164017840e-02  1.497652997292171e-03 
  3.045628847564687e-02  2.533315031329020e-03 
  2.935791964006154e-02  3.726802258447060e-03 
  2.413221730446309e-02  4.388166018731528e-03 
  1.708480504309903e-02  4.698191339851281e-03 
  9.489029075637537e-03  4.555039002821020e-03 
  3.572508554294811e-03  4.140766108145943e-03 
  5.586029531885431e-03  3.416819209127800e-03 
  8.496157944088371e-03  2.625860498307430e-03 
  7.139548980105080e-03  2.031659157255385e-03 
  2.933220944384852e-03  1.855313693575064e-03 
  1.360127831356566e-02  2.225413662561261e-03 
  2.502712008063790e-02  3.129287389552958e-03 
  3.112791467672989e-02  4.388515130159569e-03 
  3.118187867153101e-02  5.649551214793666e-03 
  2.701164773626931e-02  6.728192367593097e-03 
  2.067827360350099e-02  7.199888154397822e-03 
  1.337379701807593e-02  7.468851076387693e-03 
  6.229387217488008e-03  7.273367807532796e-03 
  1.537534527934579e-03  6.919326914258311e-03 
  5.453660858198603e-03  6.388789807657229e-03 
  6.431217943623490e-03  5.990730047745677e-03 
  2.084748775268916e-03  5.850392450613799e-03 
  7.841431037920546e-03  6.334100502573138e-03 
  1.857080703531819e-02  7.267438244261019e-03 
  2.551513540282265e-02  8.450676951154375e-03 
  2.665625150532834e-02  9.813612376962101e-03 
  2.339155413916121e-02  1.082208398597967e-02 
  1.755921220545151e-02  1.165267140748441e-02 
  1.064131691554897e-02  1.207857777193383e-02 
  3.758051500304630e-03  1.224880018378373e-02 
  2.926658352134531e-03  1.217813123992488e-02 
  8.123611156770481e-03  1.183329795730712e-02 
  1.063791038305329e-02  1.142587714330287e-02 
  8.750804417603919e-03  1.147686835207900e-02 
  1.287447349157321e-03  1.179593851025706e-02 
  8.994754769798210e-03  1.261570427111594e-02 
  1.761026038044732e-02  1.388093913711811e-02 
  2.102432819477719e-02  1.524568878023313e-02 
  1.913557767067020e-02  1.645623763018325e-02 
  1.430637739647366e-02  1.761998969174487e-02 
  7.767774820929915e-03  1.818295860400738e-02 
  1.146875901669606e-03  1.849640601276683e-02 
  6.355797873665340e-03  1.857901776517910e-02 
  1.244242917637907e-02  1.840435492617939e-02 
  1.622436011636390e-02  1.801388558500908e-02 
  1.585965104257456e-02  1.785737833939380e-02 
  9.863707323623220e-03  1.807847945378853e-02 
  1.835877196035967e-03  1.881755525714748e-02 
  1.140670677016661e-02  1.999459676247367e-02 
  1.696125280801132e-02  2.148000113620815e-02 
  1.668478548642099e-02  2.301289733510407e-02 
  1.248527398901257e-02  2.414172230188143e-02 
  6.184655698917845e-03  2.507762766544012e-02 
  2.932187765792019e-03  2.540225375019951e-02 
  9.492251301432865e-03  2.557081675463620e-02 
  1.607600665750594e-02  2.543402243282145e-02 
  2.098538191433450e-02  2.514005942975128e-02 
  2.227069536564888e-02  2.484895330652673e-02 
  1.768635049834480e-02  2.489289745138639e-02 
  7.279751043867830e-03  2.553612232119012e-02 
  7.698613685239415e-03  2.674265982473917e-02 
  1.686389064664564e-02  2.849329667323795e-02 
  1.972333391535344e-02  3.028525955032425e-02 
  1.693238276560980e-02  3.177555903940357e-02 
  1.111814739815399e-02  3.293357297271317e-02 
  5.067923812285205e-03  3.363699959623172e-02 
  7.293915494408091e-03  3.387992185911174e-02 
  1.398360917241522e-02  3.381969214735962e-02 
  1.978343622837983e-02  3.349735377632100e-02 
  2.175946821735236e-02  3.314693296532451e-02 
  1.717292516446114e-02  3.299873943709456e-02 
  6.297028767861429e-03  3.368328190171577e-02 
  1.639968957057007e-02  3.523384585448959e-02 
  3.189300033068696e-02  3.728576860321966e-02 
  3.997297549887193e-02  3.971317869901748e-02 
  4.022804037828778e-02  4.196231117585139e-02 
  3.586570544085989e-02  4.391564340978901e-02 
  2.931678063404080e-02  4.532852633051185e-02 
  2.216276172772044e-02  4.622138981604915e-02 
  1.575383989198879e-02  4.660138777084512e-02 
  1.187060154240337e-02  4.642330437859347e-02 
  1.162142215225333e-02  4.626317130398743e-02 
  1.871872341947136e-02  4.649239832730392e-02 
  3.893634464173464e-02  4.766176269469349e-02 
  7.222137081063081e-02  5.022836019714945e-02 
  1.084894299844380e-01  5.424246906801177e-02 
  1.355391093128085e-01  5.928406161856208e-02 
  1.513424733930999e-01  6.463279692133071e-02 
  1.589612529870168e-01  6.945618895646247e-02 
  1.639124445776572e-01  7.352185398026215e-02 
  1.692191960344645e-01  7.692087219523293e-02 
  1.790301301446136e-01  7.916978216797403e-02 
  1.969954871890428e-01  8.091713546889462e-02 
  2.313810179356208e-01  8.130065602802622e-02 
  2.945064612849118e-01  8.150148089271622e-02 
  4.023245899972600e-01  8.181116931259777e-02 
  5.620893767285335e-01  8.263370967964398e-02 
  7.513348391045388e-01  8.311876849514992e-02 
  9.007029338587572e-01  8.163921121866788e-02 
  9.369579001039358e-01  7.705177539450943e-02 
  8.542397518861015e-01  6.881362714856308e-02 
  7.030424154825002e-01  5.876318814203662e-02 
  5.396127807120014e-01  4.958718446815773e-02 
  4.040320595978518e-01  4.158035568158540e-02 
  3.010891304106809e-01  3.546368820399001e-02 
  1.169106371493269e-01  7.840491710715358e-02 
  2.218727812195532e-01  8.303178989520570e-02 
  3.619781677216037e-01  8.844247754555798e-02 
  5.296134152576087e-01  9.278830684396375e-02 
  7.035195611610550e-01  9.435812448094487e-02 
  8.285382779898361e-01  9.100639265845555e-02 
  8.497430620786027e-01  8.181485216933752e-02 
  7.498712919010180e-01  6.794409213525127e-02 
  5.808085185007175e-01  5.143763590251185e-02 
  4.172712639620513e-01  3.610576490422354e-02 
  3.021758673602458e-01  2.297261583234212e-02 
  2.294111792712234e-01  1.323852195464776e-02 
  1.870484558826795e-01  7.806182492928796e-03 
  1.634834813558981e-01  5.133682433836554e-03 
  1.498019709305629e-01  4.264582299461612e-03 
  1.415172489288071e-01  3.933265384234847e-03 
  1.352885609850587e-01  4.471314829198690e-03 
  1.272652770777986e-01  5.445168205564510e-03 
  1.142253315663080e-01  6.051539884744038e-03 
  9.213586709684736e-02  6.697845879438769e-03 
  6.125482132078970e-02  6.480215520848071e-03 
  3.121342152450726e-02  5.665070253596964e-03 
  1.051228501889181e-02  4.089199038442085e-03 
  6.502813181160630e-03  3.130791168003225e-03 
  7.036654495099021e-03  2.276211692990636e-03 
  5.951646488114177e-03  1.924596536928368e-03 
  8.203890921401683e-03  2.120198632208463e-03 
  1.360577163715433e-02  1.939924151878371e-03 
  1.945142295703811e-02  2.482480524136754e-03 
  2.354575806968846e-02  3.333672250559500e-03 
  2.413094764370899e-02  4.119123848891399e-03 
  1.825751547302666e-02  4.533858898413127e-03 
  6.430673016613387e-03  4.550609823443907e-03 
  1.264814475568970e-02  3.792887400605206e-03 
  2.512351363774646e-02  3.053842958229148e-03 
  3.061303072483140e-02  1.949167224264179e-03 
  2.979434054440945e-02  1.384967716038726e-03 
  2.497674140188291e-02  1.103983671508795e-03 
  1.828546577618540e-02  1.114728487744790e-03 
  1.132709198581810e-02  1.099054047552340e-03 
  4.793954716322562e-03  1.101364693069663e-03 
  3.888899119076352e-03  1.209737657891625e-03 
  6.162596420879407e-03  1.457947380742182e-03 
  5.027996044689151e-03  1.634602278674302e-03 
  4.100699330961854e-03  1.565241665646064e-03 
  1.485881506261692e-02  1.248211271515219e-03 
  2.571472459440689e-02  8.825012922512434e-04 
  3.139580893016364e-02  1.537474778062879e-03 
  3.156080539535015e-02  2.462416145123406e-03 
  2.767118305432555e-02  3.174192418460398e-03 
  2.183773177341392e-02  3.549415160836531e-03 
  1.496845159883641e-02  3.904879620466405e-03 
  8.055907620194404e-03  3.761461751106580e-03 
  2.086086090752744e-03  3.665836997280099e-03 
  3.284255057565214e-03  3.337446018991622e-03 
  4.166760873056341e-03  3.418744932998380e-03 
  1.195859828846422e-03  3.263771531993974e-03 
  9.060084065579250e-03  3.888127966162122e-03 
  1.928466181938514e-02  4.740169264820071e-03 
  2.578917964161411e-02  5.835524543651665e-03 
  2.711285037480402e-02  6.842881984218259e-03 
  2.396072349050932e-02  7.849696219033560e-03 
  1.855961988830530e-02  8.317197225112911e-03 
  1.210974860412428e-02  8.663226117524158e-03 
  5.250006334017477e-03  8.550651377950406e-03 
  1.038515128260599e-03  8.903503832957863e-03 
  6.032721510505497e-03  8.736168460705122e-03 
  8.366040783248076e-03  8.619131367272184e-03 
  6.722573007359806e-03  8.758965182602278e-03 
  3.029606873096529e-04  9.209597499391620e-03 
  9.964105733378942e-03  9.988421251654202e-03 
  1.812799936777502e-02  1.102481219241593e-02 
  2.127927746060548e-02  1.219781240820824e-02 
  1.977431633376880e-02  1.322746892722710e-02 
  1.515017074271462e-02  1.409807446014177e-02 
  8.958590336346215e-03  1.460901045888521e-02 
  2.293266238318783e-03  1.477456999987297e-02 
  4.892164787533160e-03  1.485317507059973e-02 
  1.038071403471909e-02  1.487693275612177e-02 
  1.403465778246330e-02  1.484461881093849e-02 
  1.364181411143292e-02  1.481566160465419e-02 
  8.106653814787057e-03  1.523124661461479e-02 
  2.614641062221190e-03  1.586746503534085e-02 
  1.192808643143293e-02  1.680218839736790e-02 
  1.706724124898078e-02  1.829633064119812e-02 
  1.691116501786160e-02  1.929968852296288e-02 
  1.298295277515026e-02  2.010682046034499e-02 
  7.165190268271554e-03  2.081151517409940e-02 
  2.459909769938153e-03  2.135444801723883e-02 
  7.851945515422835e-03  2.144792340393444e-02 
  1.400554545517433e-02  2.139292654640342e-02 
  1.858806478143028e-02  2.128359077290418e-02 
  1.971834574641704e-02  2.133307695514054e-02 
  1.560099606722550e-02  2.145697770762089e-02 
  5.989147753816845e-03  2.222502202354877e-02 
  8.036034218673190e-03  2.323734468344271e-02 
  1.670204415052609e-02  2.463159017032026e-02 
  1.944978376494091e-02  2.602456326094882e-02 
  1.713014848123363e-02  2.712781718130635e-02 
  1.159285963136387e-02  2.803465719775966e-02 
  5.689223920492224e-03  2.854378424565536e-02 
  6.105530110355849e-03  2.880289558306475e-02 
  1.210616468150973e-02  2.863043852180509e-02 
  1.732516890832358e-02  2.861306951677598e-02 
  1.898996338538184e-02  2.851806141807267e-02 
  1.482235557440937e-02  2.861588290304749e-02 
  5.646194405567809e-03  2.924574911000018e-02 
  1.672836236109820e-02  3.043530441922969e-02 
  3.123008220320398e-02  3.215586154261561e-02 
  3.901887354446016e-02  3.411145544561365e-02 
  3.960856217018586e-02  3.576939544497843e-02 
  3.585702692956234e-02  3.708049303160327e-02 
  2.986598738859399e-02  3.801475973881250e-02 
  2.315648181792901e-02  3.854557246138778e-02 
  1.732491758628978e-02  3.888802614059076e-02 
  1.363828549283292e-02  3.894254675541077e-02 
  1.385403490096292e-02  3.907734507780498e-02 
  2.125819455376948e-02  3.948468703121849e-02 
  4.076213071848608e-02  4.056752383511587e-02 
  7.199171629994362e-02  4.262968268711646e-02 
  1.061150608327062e-01  4.564655432900053e-02 
  1.325543783688696e-01  4.949986334818376e-02 
  1.484589304343689e-01  5.267544946375022e-02 
  1.567572468775189e-01  5.705914372490392e-02 
  1.626703785712957e-01  5.926037563167039e-02 
  1.694583320379174e-01  6.262502323408771e-02 
  1.802512675319094e-01  6.444134554855499e-02 
  2.003094448725299e-01  6.627540647601715e-02 
  2.369906583270232e-01  6.774067970353739e-02 
  3.030327921007697e-01  6.984908960420551e-02 
  4.111835458577699e-01  7.183997127369007e-02 
  5.696978459471146e-01  7.522323388016779e-02 
  7.602266281197704e-01  7.773559910482214e-02 
  9.061516328613094e-01  7.828405258636456e-02 
  9.441116949313213e-01  7.496082368097294e-02 
  8.595443251295043e-01  6.805950717408264e-02 
  7.091878350292002e-01  5.945363327977501e-02 
  5.462431166708053e-01  5.006315320792142e-02 
  4.097250127048973e-01  4.201038387743250e-02 
  3.033908490657909e-01  3.606624678143178e-02 
  1.190223655025514e-01  7.306711333552844e-02 
  2.275942194158978e-01  7.673386081520757e-02 
  3.691970543815899e-01  8.159405182366888e-02 
  5.403958776222310e-01  8.607665863537260e-02 
  7.131014628770003e-01  8.896510588901074e-02 
  8.398589939298055e-01  8.814852508246565e-02 
  8.568921758498553e-01  8.233120086829271e-02 
  7.563138915950124e-01  7.238845374972666e-02 
  5.875142805810969e-01  6.117863036485260e-02 
  4.244446144009710e-01  5.004600903690516e-02 
  3.057357522324267e-01  4.196204063570541e-02 
  2.321507159552661e-01  3.587385100081717e-02 
  1.876756926464740e-01  3.196730318423712e-02 
  1.622594603968625e-01  2.988504746916144e-02 
  1.475999387861932e-01  2.756777718769459e-02 
  1.385769911126880e-01  2.605760821321499e-02 
  1.314976911098951e-01  2.504166203703471e-02 
  1.234544864943246e-01  2.430450889498316e-02 
  1.101491949532720e-01  2.247238155121196e-02 
  8.862030234434169e-02  2.129318365856408e-02 
  5.953592798779090e-02  1.912633904174681e-02 
  3.069884438469257e-02  1.784482733022100e-02 
  1.018156005785784e-02  1.655359402610757e-02 
  6.458141069546025e-03  1.563072959355554e-02 
  7.514527487006380e-03  1.595839461536811e-02 
  6.129232240719931e-03  1.494641029729515e-02 
  6.905078614122323e-03  1.507126825648734e-02 
  1.131080141177756e-02  1.533788403924876e-02 
  1.669073751744363e-02  1.537840166657516e-02 
  2.065652568553387e-02  1.488656678090366e-02 
  2.115822481463139e-02  1.480738778136880e-02 
  1.568298501072450e-02  1.397105331600689e-02 
  5.290300327185765e-03  1.323004891827902e-02 
  1.383586058859018e-02  1.241159083388869e-02 
  2.570670876377765e-02  1.144301718080934e-02 
  3.125851393848972e-02  1.114269902587333e-02 
  3.078052176696206e-02  1.073197123603748e-02 
  2.637438414143243e-02  1.073740291323490e-02 
  2.008973589212203e-02  1.068598843922423e-02 
  1.322380624618484e-02  1.065498395351508e-02 
  6.858217867252006e-03  1.055913275273437e-02 
  3.122168784820592e-03  1.044305222772198e-02 
  4.017438871688219e-03  9.934037612525757e-03 
  3.302303823477218e-03  9.637536813901542e-03 
  5.825846362717468e-03  8.434540928917275e-03 
  1.615951333824123e-02  7.714868892426384e-03 
  2.644682109584730e-02  7.115235025977945e-03 
  3.215049970198105e-02  6.428994437484974e-03 
  3.249334168160214e-02  5.936154557693358e-03 
  2.899849957017442e-02  6.010484755764134e-03 
  2.327469118607120e-02  5.784613542721645e-03 
  1.653024069659117e-02  5.454948439923842e-03 
  9.981731358286344e-03  5.409583764519910e-03 
  3.946940026537480e-03  5.026656981115433e-03 
  1.461991768387961e-03  4.705236962405704e-03 
  1.946547372072081e-03  4.201962768308371e-03 
  2.616767440458907e-03  3.454367985175629e-03 
  1.081579575239709e-02  2.650661987390669e-03 
  2.050093069034031e-02  1.928563308854384e-03 
  2.672784089472173e-02  1.304361735671004e-03 
  2.806226215008592e-02  9.981913451908536e-04 
  2.531884134501948e-02  8.754535335871340e-04 
  2.018868246624449e-02  8.527699730993730e-04 
  1.393498730412948e-02  9.120789863359918e-04 
  7.408353162809183e-03  9.094214637289694e-04 
  1.175074974906106e-03  1.041787038953200e-03 
  3.739030238098371e-03  1.434878571899193e-03 
  6.060738238622594e-03  1.760920502491984e-03 
  4.326171454528039e-03  2.464841798008799e-03 
  2.071682404127992e-03  3.129981351371952e-03 
  1.123088492541451e-02  4.100368608516781e-03 
  1.901002234602442e-02  4.636954666422384e-03 
  2.224304176829921e-02  5.291079658608963e-03 
  2.082311163232069e-02  5.714597541318048e-03 
  1.657411803358113e-02  5.775677695830712e-03 
  1.062301702186335e-02  6.051151830119597e-03 
  4.058460536734539e-03  6.115123043805990e-03 
  2.735703508299419e-03  6.394024558506401e-03 
  8.105072936709260e-03  6.765126160237081e-03 
  1.166305241438644e-02  7.077573692759374e-03 
  1.131615343440294e-02  7.940781572062001e-03 
  6.066753891334487e-03  8.496234683282896e-03 
  3.812566937615570e-03  9.617512291013382e-03 
  1.310602003053864e-02  1.025172505132146e-02 
  1.806181656850593e-02  1.086036446332349e-02 
  1.807525268900161e-02  1.129574812955832e-02 
  1.438587152226478e-02  1.145210180273335e-02 
  8.635695637892474e-03  1.165221126033270e-02 
  2.886242234003948e-03  1.181488911362561e-02 
  5.876103373480646e-03  1.201561072888500e-02 
  1.179742777888349e-02  1.217235612590394e-02 
  1.626040570957086e-02  1.249955782490426e-02 
  1.728772825894296e-02  1.326601701533501e-02 
  1.330706497313441e-02  1.399690290631652e-02 
  4.596982255608203e-03  1.486981276204766e-02 
  9.168745697108344e-03  1.565714775536821e-02 
  1.768264497281983e-02  1.645484895110403e-02 
  2.048435187246088e-02  1.690258583284350e-02 
  1.825015794442396e-02  1.722847551450538e-02 
  1.316570068354852e-02  1.733819767139247e-02 
  7.039207661384625e-03  1.722694035270993e-02 
  4.898182669485155e-03  1.761017209010141e-02 
  9.999844055717130e-03  1.754299743995367e-02 
  1.487291778959926e-02  1.781636083962979e-02 
  1.637587359556524e-02  1.835382557144662e-02 
  1.242133793532350e-02  1.909457075936428e-02 
  5.459496317291775e-03  2.015942078863458e-02 
  1.794683117208647e-02  2.116370259805887e-02 
  3.219103775067741e-02  2.208009817143537e-02 
  3.982917652345751e-02  2.255710182509457e-02 
  4.070670757689872e-02  2.288021230769317e-02 
  3.718706709619425e-02  2.309072930340477e-02 
  3.144200463410971e-02  2.329318628887503e-02 
  2.533829437457981e-02  2.325078123879178e-02 
  1.964104213766562e-02  2.338645527282268e-02 
  1.597634305283581e-02  2.372147554955941e-02 
  1.631345229816527e-02  2.434459197525512e-02 
  2.382105694866700e-02  2.536385431384128e-02 
  4.321389649384353e-02  2.677659500798132e-02 
  7.353745190752821e-02  2.860074197739704e-02 
  1.070198227569061e-01  3.035616466763016e-02 
  1.330776972673302e-01  3.166895259901920e-02 
  1.489226745921692e-01  3.274883461510236e-02 
  1.577187503483652e-01  3.401140712496971e-02 
  1.637579441138759e-01  3.439925999289139e-02 
  1.712991379327531e-01  3.555396577332233e-02 
  1.832015009074406e-01  3.667447030679020e-02 
  2.045605710402645e-01  3.874726027355824e-02 
  2.424886565232776e-01  4.170944394214077e-02 
  3.090098529555282e-01  4.649759602657171e-02 
  4.199206455164848e-01  5.316790525203113e-02 
  5.821715489050505e-01  6.076439105260351e-02 
  7.704104719261998e-01  6.820985872038760e-02 
  9.145790046675955e-01  7.243303785941092e-02 
  9.482823720271876e-01  7.155936860993654e-02 
  8.628117034406374e-01  6.630282759279774e-02 
  7.088322643461267e-01  5.808387070370323e-02 
  5.454760379739793e-01  4.975251049630396e-02 
  4.070692784454109e-01  4.239487411180559e-02 
  3.016072850915998e-01  3.657437386866109e-02 
  1.225277129898573e-01  6.910167903423217e-02 
  2.306164738116447e-01  7.252627961457707e-02 
  3.749792856347360e-01  7.678713253228653e-02 
  5.490523154405830e-01  8.203179220784255e-02 
  7.240577016078650e-01  8.589068176373525e-02 
  8.520027124048882e-01  8.706011770770154e-02 
  8.691072591979808e-01  8.390164001262478e-02 
  7.641273199875841e-01  7.755108887318690e-02 
  5.908678736190753e-01  7.058258340496848e-02 
  4.232447476819308e-01  6.418266559715657e-02 
  3.039303550200831e-01  5.994728931024071e-02 
  2.289371264444223e-01  5.717777482405945e-02 
  1.855901733311916e-01  5.558233020995046e-02 
  1.602887445637561e-01  5.304019352654703e-02 
  1.456585818765256e-01  5.132360454236846e-02 
  1.373181764183325e-01  4.903876790111727e-02 
  1.306645049472958e-01  4.593031775888916e-02 
  1.229276777537298e-01  4.263407550504843e-02 
  1.101046668977408e-01  3.928141738727452e-02 
  8.858041841561688e-02  3.506524276750237e-02 
  5.893851338447226e-02  3.233144015262571e-02 
  2.904067304793797e-02  2.971809385861971e-02 
  8.765512781950252e-03  2.878201863269158e-02 
  7.594262896490694e-03  2.819159839437940e-02 
  9.034074701759926e-03  2.849622623175353e-02 
  6.979953467567898e-03  2.874104800027773e-02 
  6.000510877735831e-03  2.866101721606058e-02 
  9.976748568425391e-03  2.825875993476673e-02 
  1.546218543491157e-02  2.759862528732041e-02 
  1.959892393464369e-02  2.653257496763600e-02 
  2.030895967977389e-02  2.484875877006806e-02 
  1.479476009970539e-02  2.329861741947958e-02 
  4.827804524143706e-03  2.117456270070205e-02 
  1.515982812065876e-02  2.020775882330451e-02 
  2.760980741696649e-02  1.964429059684388e-02 
  3.326516847918173e-02  1.956484672957393e-02 
  3.287305583384124e-02  1.995904696079595e-02 
  2.829837695274511e-02  2.033427534443642e-02 
  2.183111550208542e-02  2.055328763224074e-02 
  1.478686055569341e-02  2.034374249345639e-02 
  8.098632227528680e-03  2.007323874516792e-02 
  3.438987738489084e-03  1.907254507692256e-02 
  3.390428791224014e-03  1.811220812676878e-02 
  2.915353532790717e-03  1.675990682944184e-02 
  6.675837048424580e-03  1.527364879019087e-02 
  1.743948185186670e-02  1.414909947836228e-02 
  2.804980376967155e-02  1.343173299442121e-02 
  3.405591297341488e-02  1.325850937373428e-02 
  3.453754210469734e-02  1.351846247980403e-02 
  3.091034321969914e-02  1.365841801058714e-02 
  2.504141279319374e-02  1.408120107115927e-02 
  1.833972956649683e-02  1.372053512659119e-02 
  1.145958070149017e-02  1.357180465421592e-02 
  5.319107007690470e-03  1.297078169521727e-02 
  1.417565475008000e-03  1.201510996723287e-02 
  1.246060064545992e-03  1.087877764111875e-02 
  3.532578141866899e-03  9.466042499946302e-03 
  1.187795368082742e-02  8.351468550296547e-03 
  2.196573183943928e-02  7.536866105858156e-03 
  2.858772049919307e-02  7.233045548851460e-03 
  3.001957070855890e-02  7.321508147452307e-03 
  2.717806152012170e-02  7.483988302074314e-03 
  2.203726415011203e-02  7.696884153444744e-03 
  1.548929058498497e-02  7.680399311235563e-03 
  8.771524431698772e-03  7.414281995415988e-03 
  2.487137395272306e-03  6.937273232100712e-03 
  2.592640657902414e-03  6.251840650343701e-03 
  5.049510473954006e-03  5.095827873407312e-03 
  3.420935433143917e-03  3.944123451979462e-03 
  3.166716080249377e-03  2.813375492687778e-03 
  1.255145656060503e-02  1.755566964968658e-03 
  2.060984745680905e-02  1.504700966749170e-03 
  2.419056028871662e-02  1.326313377374551e-03 
  2.270304590981485e-02  1.585113811109337e-03 
  1.840191106132101e-02  1.820961023079746e-03 
  1.238329096196822e-02  1.909037897810230e-03 
  5.696942385696747e-03  1.825274136328133e-03 
  1.567861252892276e-03  1.546987127698150e-03 
  6.792279166851270e-03  1.074483250713016e-03 
  1.037201956629934e-02  8.519617559763281e-04 
  1.020884540813834e-02  1.686554772933980e-03 
  5.013165328326213e-03  2.775633049504731e-03 
  5.161152924568318e-03  3.801207259466385e-03 
  1.470068349587338e-02  4.319654878753285e-03 
  2.002397882644257e-02  4.490571337400886e-03 
  2.011757492055350e-02  4.156247007930268e-03 
  1.632232336004172e-02  3.716673404643590e-03 
  1.052906186306358e-02  3.416934470195535e-03 
  4.161230541746455e-03  3.156746808033085e-03 
  4.413990329816888e-03  3.599751323038994e-03 
  1.030620145557555e-02  3.850386713010261e-03 
  1.495411538709845e-02  4.597405383050843e-03 
  1.617883617343544e-02  5.694687541272050e-03 
  1.232477011296466e-02  6.955760980373909e-03 
  3.896070683631208e-03  8.145892040929394e-03 
  1.083494166348649e-02  8.806606672920700e-03 
  1.961491485959183e-02  8.923566203457692e-03 
  2.259917979700074e-02  8.581349693310763e-03 
  2.045207267881165e-02  7.973477076824302e-03 
  1.525433843120989e-02  7.450371008713785e-03 
  8.649188802095821e-03  7.012718401806008e-03 
  4.477562713577000e-03  6.835639488976228e-03 
  8.551948509732558e-03  7.099949341223847e-03 
  1.340412216615272e-02  7.714559802545613e-03 
  1.529323201760388e-02  8.790164447794254e-03 
  1.136270750536591e-02  1.009879601501186e-02 
  5.726296446149623e-03  1.146292497621210e-02 
  1.955802862273262e-02  1.220381456540227e-02 
  3.410726750210698e-02  1.239380046755240e-02 
  4.205371599059027e-02  1.189614502507679e-02 
  4.332287078428367e-02  1.092125380425967e-02 
  3.984820173402908e-02  9.827206906894911e-03 
  3.417556690403324e-02  9.008020171161915e-03 
  2.775990831301949e-02  8.379276084420914e-03 
  2.175940308351456e-02  8.316732825010645e-03 
  1.792458574064741e-02  8.573220623166001e-03 
  1.791686524723159e-02  9.939816112859112e-03 
  2.531969543664934e-02  1.141693819420217e-02 
  4.458272164595564e-02  1.328870008913016e-02 
  7.508830092777637e-02  1.460653992073691e-02 
  1.095976462892336e-01  1.506075348390864e-02 
  1.362698184678674e-01  1.411855987640637e-02 
  1.526158280467402e-01  1.266903978570369e-02 
  1.615947426920122e-01  1.079516910765151e-02 
  1.682429510211668e-01  9.582198207849432e-03 
  1.753231550175205e-01  8.746141513568480e-03 
  1.871440299742709e-01  9.122400812588515e-03 
  2.076413182295344e-01  1.075619210261953e-02 
  2.449701834229255e-01  1.553907454081769e-02 
  3.106018065433878e-01  2.237317656395927e-02 
  4.194906423326763e-01  3.338693487557828e-02 
  5.799073688959943e-01  4.604211338262001e-02 
  7.672960763104215e-01  5.773491755743648e-02 
  9.096969264291022e-01  6.575329940886449e-02 
  9.469235713191800e-01  6.797886356495650e-02 
  8.637187098475091e-01  6.458515407913827e-02 
  7.124749956734375e-01  5.762427176850621e-02 
  5.502220965428175e-01  5.010236194166147e-02 
  4.104594202311423e-01  4.254961648638623e-02 
  3.034272125027939e-01  3.693238039120560e-02 
  1.278693705646600e-01  6.658717652019903e-02 
  2.368925360910181e-01  6.894948076488733e-02 
  3.837351457024721e-01  7.304003119313437e-02 
  5.541308476558142e-01  7.837323979221184e-02 
  7.286156199983113e-01  8.307205423789774e-02 
  8.524301015090083e-01  8.516980442923655e-02 
  8.651752305890001e-01  8.405807692049400e-02 
  7.588430787507510e-01  8.036828483300235e-02 
  5.834855797546441e-01  7.652627956629743e-02 
  4.175348953589850e-01  7.360722583161282e-02 
  2.988015715825345e-01  7.218385965929361e-02 
  2.252004621219985e-01  7.180880508046497e-02 
  1.833105149295440e-01  7.126467354039952e-02 
  1.603173322405715e-01  6.983328950282204e-02 
  1.469243666855391e-01  6.743850746375228e-02 
  1.392338484777417e-01  6.434665123081872e-02 
  1.338273343048496e-01  6.049333808673570e-02 
  1.263883014591341e-01  5.575884254527878e-02 
  1.137180299507001e-01  5.047006336623949e-02 
  9.128057714821301e-02  4.527927349602157e-02 
  6.020171000257700e-02  4.092737587088022e-02 
  2.866624625840999e-02  3.814712390701626e-02 
  7.793238679807849e-03  3.687219144217816e-02 
  8.832664354948986e-03  3.699177322446777e-02 
  1.024871526177457e-02  3.734195489223818e-02 
  7.751182767526260e-03  3.773519946703790e-02 
  5.791020167314379e-03  3.765163153844745e-02 
  9.734130793288099e-03  3.713380051271181e-02 
  1.572965789993432e-02  3.601183072008250e-02 
  2.024769440061554e-02  3.431503135034617e-02 
  2.108881258935530e-02  3.194350004518025e-02 
  1.565119589999896e-02  2.938831931711426e-02 
  4.805499953371872e-03  2.702518651936158e-02 
  1.584026443544017e-02  2.538314905249499e-02 
  2.923266955649577e-02  2.487332531596993e-02 
  3.537052266543370e-02  2.511440826763995e-02 
  3.485668063791085e-02  2.584594703447552e-02 
  3.010556120268654e-02  2.631714661699373e-02 
  2.319106415805101e-02  2.675282816134966e-02 
  1.571944387273870e-02  2.661576479542093e-02 
  8.535720334635569e-03  2.599648914653474e-02 
  3.423488925881058e-03  2.498382332001469e-02 
  3.433942567805614e-03  2.347558102821983e-02 
  2.890496696563034e-03  2.158609827793261e-02 
  6.700936884455396e-03  1.970776159637421e-02 
  1.829913989843898e-02  1.829144645212187e-02 
  2.976437567278962e-02  1.759014421136488e-02 
  3.615456806040339e-02  1.755732708827396e-02 
  3.668027874684589e-02  1.806876418664112e-02 
  3.288927327522787e-02  1.867787222176148e-02 
  2.667357194490706e-02  1.909900093576690e-02 
  1.961095203027752e-02  1.914606372199744e-02 
  1.236882734713842e-02  1.886003307378863e-02 
  5.670017213651128e-03  1.808236161043200e-02 
  1.485572246727559e-03  1.677618860473801e-02 
  1.253291595636724e-03  1.516916236906927e-02 
  3.669260345261382e-03  1.339938605717719e-02 
  1.282414669848378e-02  1.209560233031538e-02 
  2.354087641496242e-02  1.113403545674869e-02 
  3.056525880028968e-02  1.104152855658857e-02 
  3.225473494249795e-02  1.140773699557107e-02 
  2.933779890374079e-02  1.197344297061114e-02 
  2.380792125167563e-02  1.238320749236078e-02 
  1.702062202030175e-02  1.260295686964963e-02 
  9.969030561047705e-03  1.241201523549343e-02 
  3.329226381165608e-03  1.178734785140032e-02 
  2.040686903743563e-03  1.078865734917071e-02 
  4.901281284362129e-03  9.482448659602233e-03 
  3.205126517979396e-03  7.893600632618203e-03 
  3.896008783986422e-03  6.399761655803394e-03 
  1.405696383073465e-02  5.355975108585953e-03 
  2.279049864170258e-02  4.973819263328294e-03 
  2.661030653359971e-02  5.304292929921947e-03 
  2.533342315404062e-02  5.846655434818034e-03 
  2.056925571757747e-02  6.509789567665151e-03 
  1.423041538739144e-02  6.837219144503682e-03 
  7.187132101314254e-03  6.970700123855250e-03 
  1.192334683940504e-03  6.500664460595354e-03 
  6.241968567533628e-03  5.744060427036571e-03 
  1.007763274219233e-02  4.520303552277489e-03 
  9.966960276434379e-03  3.042713770530329e-03 
  4.393875300716670e-03  1.604253701450082e-03 
  6.457839950574328e-03  9.740445035398216e-04 
  1.670715021415593e-02  9.874082465468131e-04 
  2.258617180665412e-02  8.625524240175948e-04 
  2.276801020367847e-02  9.438511297712582e-04 
  1.881238800043164e-02  1.415776991130515e-03 
  1.261818461939097e-02  2.024072899011854e-03 
  5.707214920387887e-03  2.243243665198005e-03 
  3.463235522299836e-03  2.173653175650693e-03 
  9.483379437521738e-03  1.695296049520675e-03 
  1.447284221434531e-02  8.711015770687823e-04 
  1.592777739378474e-02  1.219288562685323e-03 
  1.183881618007729e-02  2.585884363244356e-03 
  3.441114925902969e-03  4.000774283910461e-03 
  1.274969886730790e-02  4.596363317629308e-03 
  2.228303166224355e-02  4.482252312964311e-03 
  2.557057401971182e-02  3.669649623591032e-03 
  2.326940761891379e-02  2.509052796440759e-03 
  1.760576811068770e-02  1.532660624113413e-03 
  1.051192557439011e-02  8.183402265575992e-04 
  4.779486919562270e-03  5.877307316732034e-04 
  7.660262944284194e-03  7.425873555872921e-04 
  1.294503346140508e-02  1.597052342017462e-03 
  1.508240773937745e-02  2.932723032648919e-03 
  1.119114125287292e-02  4.696072574421045e-03 
  6.184232052721780e-03  6.170001931673241e-03 
  2.181914494729869e-02  7.001317133267454e-03 
  3.759589927340655e-02  6.705702006711586e-03 
  4.615708008454967e-02  5.542680563543330e-03 
  4.708942391411488e-02  3.912968934484853e-03 
  4.317450602738232e-02  2.104254913790207e-03 
  3.675343860603700e-02  6.562435531751831e-04 
  2.975149045444500e-02  4.145427747159274e-04 
  2.318468914623253e-02  6.930993634715493e-04 
  1.870067692539609e-02  3.502279483273917e-04 
  1.826455844451292e-02  1.290112401475475e-03 
  2.549350666641104e-02  3.196105452373337e-03 
  4.578107933336769e-02  5.253148766790309e-03 
  7.819526888635052e-02  6.483682653864575e-03 
  1.141876873816259e-01  6.295819233469010e-03 
  1.422008942008071e-01  4.430684745777262e-03 
  1.586810908543458e-01  1.794195032783140e-03 
  1.672952951169022e-01  2.277750758857861e-03 
  1.731707657492586e-01  4.944012954067641e-03 
  1.792564235761733e-01  6.526083857595920e-03 
  1.896990156660457e-01  6.671811229686580e-03 
  2.086118994238769e-01  4.754108618963672e-03 
  2.430500570626249e-01  1.910925254340951e-03 
  3.066484525064219e-01  9.555466626253249e-03 
  4.151868858511002e-01  2.211048148403938e-02 
  5.742358169666366e-01  3.714924569853784e-02 
  7.656271531032961e-01  5.174463168348646e-02 
  9.100636696198394e-01  6.187021140954637e-02 
  9.443002993769081e-01  6.544952514986976e-02 
  8.613227679379168e-01  6.327309813678789e-02 
  7.081739990331086e-01  5.684760859923568e-02 
  5.474713254817516e-01  4.926463846380668e-02 
  4.105138626233364e-01  4.267390145677742e-02 
  3.044155460035489e-01  3.722622946168622e-02 
  1.339160335106659e-01  6.530209283640542e-02 
  2.421229615421021e-01  6.727220300046065e-02 
  3.875216114128974e-01  7.098676744997190e-02 
  5.620587683455904e-01  7.632125444798019e-02 
  7.383262806616679e-01  8.121026917861499e-02 
  8.629955918749055e-01  8.381610018244029e-02 
  8.728014867600026e-01  8.283992556680123e-02 
  7.590626588542834e-01  7.960985813394103e-02 
  5.774057140453407e-01  7.615018276393341e-02 
  4.077449372769379e-01  7.382544951223736e-02 
  2.895752416094615e-01  7.309567820865324e-02 
  2.196439409295739e-01  7.363742611675324e-02 
  1.808897786687875e-01  7.354546530662356e-02 
  1.596792475253951e-01  7.265499044602759e-02 
  1.485936078093064e-01  7.051222191937895e-02 
  1.427240718332042e-01  6.742131983712626e-02 
  1.381877441940423e-01  6.331421840378865e-02 
  1.317954834088198e-01  5.839939527206699e-02 
  1.190508984769436e-01  5.292608866273324e-02 
  9.549571338016553e-02  4.749875211386568e-02 
  6.201334065183145e-02  4.272912013009499e-02 
  2.757637507222880e-02  3.964955797159747e-02 
  6.673831345169243e-03  3.830729622161445e-02 
  1.077841565032585e-02  3.837480220414168e-02 
  1.200485385425904e-02  3.890723785577865e-02 
  8.666748168713998e-03  3.925396220647456e-02 
  5.738877140834129e-03  3.935732291006702e-02 
  1.020197435206794e-02  3.867951323174780e-02 
  1.696866701536178e-02  3.738916790079053e-02 
  2.226018284846451e-02  3.543462165148121e-02 
  2.347081268054598e-02  3.310980324767949e-02 
  1.757950440236582e-02  3.031306494682335e-02 
  5.074246693240511e-03  2.783943711267962e-02 
  1.673316823140816e-02  2.609527632527866e-02 
  3.119215120003905e-02  2.550600555872505e-02 
  3.767624630309939e-02  2.563524662822398e-02 
  3.691546789480998e-02  2.625066743412636e-02 
  3.145141052678040e-02  2.715346769339762e-02 
  2.402252076026595e-02  2.753881826209717e-02 
  1.583595202447328e-02  2.732114838397257e-02 
  8.125919719485638e-03  2.678228640511138e-02 
  3.035626793271269e-03  2.579503372405267e-02 
  4.209972678241003e-03  2.415034281737172e-02 
  3.436677878204097e-03  2.212823882341338e-02 
  6.238504279991828e-03  2.025401372778427e-02 
  1.867174155152997e-02  1.866863007059634e-02 
  3.139404145221329e-02  1.792815713473176e-02 
  3.839831149485832e-02  1.782086991331372e-02 
  3.894753061551092e-02  1.836784898109665e-02 
  3.479285581934240e-02  1.897691883042152e-02 
  2.808085502627745e-02  1.943243841410614e-02 
  2.029193803127116e-02  1.955013226816907e-02 
  1.237217423247660e-02  1.924191757655244e-02 
  5.330957587898508e-03  1.853676738180808e-02 
  1.215732921548669e-03  1.711968226223120e-02 
  1.844081781919113e-03  1.548796826173526e-02 
  3.159605981855198e-03  1.387789828180000e-02 
  1.305977297322600e-02  1.229551290599239e-02 
  2.496824271160672e-02  1.137943501437144e-02 
  3.278881922678130e-02  1.118556175824782e-02 
  3.455086521673893e-02  1.155465811811243e-02 
  3.135065561538700e-02  1.216822971930575e-02 
  2.534108918613195e-02  1.265506557813869e-02 
  1.803294164786848e-02  1.291209313625406e-02 
  1.048287065917368e-02  1.278704371795505e-02 
  3.291668393197428e-03  1.212186798635875e-02 
  2.475712032138984e-03  1.124906820535328e-02 
  5.572050930488067e-03  9.798397412581882e-03 
  3.806186174232264e-03  8.155599677044684e-03 
  3.994040619770292e-03  6.591166765176333e-03 
  1.521204240482701e-02  5.521036267306369e-03 
  2.479818681359354e-02  5.158910576893256e-03 
  2.894118286691359e-02  5.411701080549223e-03 
  2.749427532730448e-02  6.026007945916005e-03 
  2.241630759665393e-02  6.585929083957835e-03 
  1.555620212434019e-02  7.162876281331151e-03 
  7.886221617162025e-03  7.270323740436637e-03 
  1.276994060725798e-03  6.925258675340468e-03 
  6.456745631470391e-03  6.152554224883242e-03 
  1.069710545878386e-02  4.832056458421386e-03 
  1.064179840130729e-02  3.334366238973343e-03 
  4.548485110396875e-03  1.827699950183912e-03 
  7.431206459435230e-03  1.043751349486891e-03 
  1.873805146266749e-02  9.732743993407803e-04 
  2.512971581897934e-02  9.472783246117535e-04 
  2.520366957950218e-02  1.098746108713127e-03 
  2.089913577104965e-02  1.669454549545557e-03 
  1.420477069478479e-02  2.217557042197304e-03 
  6.688174218059933e-03  2.562085095294236e-03 
  3.156263676877115e-03  2.578722442969361e-03 
  9.463022601738844e-03  2.054304417299554e-03 
  1.496462634687912e-02  1.192292055044130e-03 
  1.664109796903287e-02  9.734667001789850e-04 
  1.230204120606960e-02  2.331166803559236e-03 
  3.371708551166220e-03  3.689369473387191e-03 
  1.451696492029243e-02  4.454253193104915e-03 
  2.501120854310295e-02  4.320231309521727e-03 
  2.845499262432243e-02  3.427870843009535e-03 
  2.600067228169952e-02  2.388626521106471e-03 
  1.969416296864878e-02  1.215283775652050e-03 
  1.201846290553616e-02  5.755226232411340e-04 
  5.226182572343928e-03  4.078416263831555e-04 
  7.452234756671382e-03  4.738895151505193e-04 
  1.333125321020909e-02  1.183048638286376e-03 
  1.585812648117006e-02  2.500541691900412e-03 
  1.170091507811271e-02  4.169457967002075e-03 
  6.423743294839847e-03  5.758540823653915e-03 
  2.359053430420208e-02  6.621902012542180e-03 
  4.060915730388182e-02  6.503554739633976e-03 
  4.965563355024526e-02  5.355551500925509e-03 
  5.060790710314811e-02  3.682820907575950e-03 
  4.614037048478702e-02  1.850384151262666e-03 
  3.915999046387796e-02  4.792429689574392e-04 
  3.134743260686016e-02  6.476553389718863e-04 
  2.386936564900652e-02  1.044521178325363e-03 
  1.864458527047747e-02  6.347152748082965e-04 
  1.783531061813132e-02  7.897262974127359e-04 
  2.476105685554963e-02  2.667299293919958e-03 
  4.583012348084599e-02  4.754340148144639e-03 
  8.034601238558627e-02  5.999587615881982e-03 
  1.191358937925722e-01  6.087279597768841e-03 
  1.482768418362415e-01  4.165607053055510e-03 
  1.651599251467035e-01  1.662753420854802e-03 
  1.731354608840808e-01  2.338446293347150e-03 
  1.775173791438316e-01  5.034168525010516e-03 
  1.825308715062353e-01  6.745752453592011e-03 
  1.909499844633858e-01  7.002513423190602e-03 
  2.075148722678926e-01  4.922597762970494e-03 
  2.398465784437079e-01  1.788071783945668e-03 
  2.993299529211108e-01  8.981682524655104e-03 
  4.035078865117940e-01  2.120314093180350e-02 
  5.621747395657519e-01  3.614585066563833e-02 
  7.521405050306609e-01  5.011992356440079e-02 
  8.970279544934202e-01  6.057118218569541e-02 
  9.392909271004213e-01  6.471802418911062e-02 
  8.590301906042004e-01  6.264426239468936e-02 
  7.099845160769038e-01  5.694225999883504e-02 
  5.499999846494418e-01  4.950422318518982e-02 
  4.124336364342213e-01  4.305967028146082e-02 
  3.057238903559746e-01  3.753833450477592e-02 
  1.411672736715400e-01  6.508992183381968e-02 
  2.505144764047140e-01  6.622310657959343e-02 
  3.957144208610166e-01  6.944573839663082e-02 
  5.708656708348822e-01  7.424462191852234e-02 
  7.408428219989048e-01  7.889881854501266e-02 
  8.617544353976999e-01  8.097935252124337e-02 
  8.651957498700878e-01  7.932198066951540e-02 
  7.481186429035767e-01  7.536435732112855e-02 
  5.647045374867481e-01  7.028037983449970e-02 
  3.972085858218192e-01  6.691789174284762e-02 
  2.827862751109723e-01  6.531938694295383e-02 
  2.156476984374687e-01  6.506632827897416e-02 
  1.802908255539024e-01  6.442248899621986e-02 
  1.621293260395541e-01  6.397104570706814e-02 
  1.522936611861543e-01  6.193853086399636e-02 
  1.477994702264160e-01  5.994573645083776e-02 
  1.444024551976623e-01  5.624566424034812e-02 
  1.385305241289956e-01  5.220317889214600e-02 
  1.254884708995098e-01  4.763416426694930e-02 
  1.007231217060909e-01  4.290010943113008e-02 
  6.467488681881942e-02  3.849430650553801e-02 
  2.834456049995364e-02  3.555319214774071e-02 
  6.548392876168918e-03  3.403146537775168e-02 
  1.160222083137166e-02  3.368867653588058e-02 
  1.256173066142063e-02  3.422333669799467e-02 
  8.486249134180347e-03  3.454383097763521e-02 
  5.817518558053843e-03  3.470708584622571e-02 
  1.150169713209551e-02  3.410329171889207e-02 
  1.906405039474872e-02  3.329281365737342e-02 
  2.492945460831725e-02  3.180201587236248e-02 
  2.646979497128974e-02  2.953069716680243e-02 
  1.991415932295147e-02  2.718758925123158e-02 
  5.689891400680329e-03  2.504629260789632e-02 
  1.693997743041964e-02  2.312615861470678e-02 
  3.236795989884329e-02  2.250503278765536e-02 
  3.918964932601629e-02  2.233616195828773e-02 
  3.820292161423866e-02  2.273059740542807e-02 
  3.237707247163069e-02  2.341580539020106e-02 
  2.428731342500342e-02  2.360648089353822e-02 
  1.560871235770002e-02  2.374727601023576e-02 
  7.238913337179757e-03  2.318696465488199e-02 
  2.930789502898071e-03  2.242847524782092e-02 
  5.625531066391984e-03  2.104623910099132e-02 
  4.438725389512082e-03  1.943559541919734e-02 
  5.245327719338261e-03  1.765619635580418e-02 
  1.885528396523289e-02  1.611759356374665e-02 
  3.246968888567086e-02  1.532244601876219e-02 
  3.995274076718206e-02  1.509298707034233e-02 
  4.044525495009563e-02  1.536646602233388e-02 
  3.597669193533031e-02  1.585815104195112e-02 
  2.878329291749741e-02  1.623637599626363e-02 
  2.046332149302550e-02  1.633900290541457e-02 
  1.210409649799601e-02  1.595442842494547e-02 
  4.572248513321009e-03  1.546051121010599e-02 
  1.670934505099083e-03  1.425438878830739e-02 
  2.797936651705486e-03  1.287161526081314e-02 
  2.365892063337832e-03  1.131943109164633e-02 
  1.326422033322484e-02  9.767089109530150e-03 
  2.595307832239991e-02  8.861792974334514e-03 
  3.450727996325484e-02  8.538676303405128e-03 
  3.627150929284804e-02  8.693419760962126e-03 
  3.290039615758850e-02  9.015495480441378e-03 
  2.641879636574557e-02  9.493578591454154e-03 
  1.870760223929208e-02  9.619590837019347e-03 
  1.051593825303596e-02  9.596020122582942e-03 
  2.960934343715615e-03  9.087591569913504e-03 
  3.389455038923167e-03  8.372383246776692e-03 
  6.535142732955612e-03  7.173621361693595e-03 
  4.562099230119489e-03  5.815228710235890e-03 
  4.022784585893726e-03  4.297354685550205e-03 
  1.613756956352640e-02  3.315340965831527e-03 
  2.649002861151908e-02  2.761614472486657e-03 
  3.103364782466024e-02  2.850191561889515e-03 
  2.937760095463219e-02  3.078529006826161e-03 
  2.397803983571537e-02  3.630406030901943e-03 
  1.658263063862165e-02  3.986296056577446e-03 
  8.457744810929084e-03  4.054460278525385e-03 
  1.321784873117241e-03  3.800167154904672e-03 
  6.982506961690988e-03  3.214477572327365e-03 
  1.158689916072951e-02  2.201266123290725e-03 
  1.148280070709711e-02  1.240663055537338e-03 
  4.873020376372806e-03  1.402259044926019e-03 
  7.952408436546340e-03  2.365596396716978e-03 
  2.039215048499546e-02  3.034394552305693e-03 
  2.717611848681271e-02  3.047027683607856e-03 
  2.726618501990783e-02  2.647657779055010e-03 
  2.266821522206700e-02  2.027076318545602e-03 
  1.564238703741269e-02  1.612765408972001e-03 
  7.389025704738478e-03  1.274437816967210e-03 
  3.049664591617054e-03  1.289111106088016e-03 
  9.837512050835644e-03  1.734463240431617e-03 
  1.575081125764906e-02  2.329548732443923e-03 
  1.757470433086642e-02  3.564743206239973e-03 
  1.276380108434009e-02  4.965693387160424e-03 
  3.409997239150118e-03  6.354513402209919e-03 
  1.622788896031764e-02  7.180861493294997e-03 
  2.736426750910454e-02  7.354399202255940e-03 
  3.107764685621251e-02  6.833829669821735e-03 
  2.806274354152631e-02  5.941318712068549e-03 
  2.139737398480128e-02  5.116544433335570e-03 
  1.278331166374285e-02  4.400685679127274e-03 
  5.302880340491626e-03  4.116772805296521e-03 
  7.838817930787275e-03  4.301246180734476e-03 
  1.425083551324880e-02  4.938813197539844e-03 
  1.693050168693941e-02  6.022268993338838e-03 
  1.244680189671163e-02  7.452331238227220e-03 
  6.478261540496029e-03  9.043798968545964e-03 
  2.526967331226078e-02  9.958999257687185e-03 
  4.352876819355045e-02  1.021394700050397e-02 
  5.303256432090839e-02  9.481445433716252e-03 
  5.358445616602820e-02  8.085662319677365e-03 
  4.853312738752278e-02  6.824819974206655e-03 
  4.073137558434212e-02  5.524655474881316e-03 
  3.198841910226731e-02  4.680859978515571e-03 
  2.368005339781134e-02  4.341799357112853e-03 
  1.790811717543073e-02  4.686751747608240e-03 
  1.636365171498516e-02  5.712093398764713e-03 
  2.371160640384264e-02  7.350660250409364e-03 
  4.560361046444115e-02  9.242641327252749e-03 
  8.246857254161068e-02  1.083279313852261e-02 
  1.230813149357524e-01  1.128916186404312e-02 
  1.538701855065616e-01  1.035763255443728e-02 
  1.704850209825211e-01  8.350742650591733e-03 
  1.776044844544848e-01  5.992616696922763e-03 
  1.810597128931032e-01  3.989953184597795e-03 
  1.842188332502367e-01  2.940540057812074e-03 
  1.905565043697224e-01  2.922017415216371e-03 
  2.047479100257520e-01  4.591743289756764e-03 
  2.342692447092827e-01  8.625368332707236e-03 
  2.918992488244608e-01  1.622704348576773e-02 
  3.948763078977308e-01  2.711033286810346e-02 
  5.534896795520493e-01  4.061947444624072e-02 
  7.436827832066161e-01  5.332835655105049e-02 
  8.953695637993661e-01  6.222249192269256e-02 
  9.347997280432884e-01  6.571478630905789e-02 
  8.565232917161216e-01  6.312831537239263e-02 
  7.069424771983720e-01  5.684476167260418e-02 
  5.475784869098087e-01  4.986876924304533e-02 
  4.109302642046757e-01  4.307889451893689e-02 
  3.070891535687996e-01  3.770374156923105e-02 
  1.492953314745274e-01  6.577741468877037e-02 
  2.569910669050467e-01  6.611024246861547e-02 
  4.023566905736187e-01  6.877052661588925e-02 
  5.760275131298263e-01  7.280641552883708e-02 
  7.511501829760558e-01  7.713938107533286e-02 
  8.713240016883544e-01  7.839738920104321e-02 
  8.722972983047317e-01  7.564975920645592e-02 
  7.494281074655530e-01  6.999619784220178e-02 
  5.610352867101693e-01  6.349028842488018e-02 
  3.914242042757479e-01  5.778486460177423e-02 
  2.773168301433880e-01  5.475991306611501e-02 
  2.127652888696219e-01  5.339508718792978e-02 
  1.796247502800991e-01  5.269860269084387e-02 
  1.631924180081547e-01  5.175636893659718e-02 
  1.557769431698689e-01  5.066374043398701e-02 
  1.523342039313042e-01  4.861051251569883e-02 
  1.496952008710941e-01  4.614836830202800e-02 
  1.444819775828311e-01  4.316500047238830e-02 
  1.310481750331516e-01  3.955589815152592e-02 
  1.048769931126891e-01  3.541486168720702e-02 
  6.668469626223422e-02  3.208473450951653e-02 
  2.802591673426581e-02  2.898124911647908e-02 
  6.324134202295013e-03  2.733316669694590e-02 
  1.303546498428721e-02  2.720730968706368e-02 
  1.350962759197862e-02  2.715242982861195e-02 
  8.509104894384577e-03  2.773303182318812e-02 
  6.086748780023866e-03  2.761672656598285e-02 
  1.279266795020104e-02  2.740525831645612e-02 
  2.111075557278805e-02  2.690136394307732e-02 
  2.744328067545913e-02  2.573630531216552e-02 
  2.887171468961259e-02  2.428020783970303e-02 
  2.202839104291145e-02  2.234320653255598e-02 
  6.429275371497407e-03  2.047014881822389e-02 
  1.725752961641332e-02  1.888984307108843e-02 
  3.370365707911244e-02  1.787516667407370e-02 
  4.080169239542994e-02  1.779455984342032e-02 
  3.934353036721128e-02  1.772034610263283e-02 
  3.300329317722751e-02  1.837744365997107e-02 
  2.435847961256745e-02  1.863123097913195e-02 
  1.512063142683120e-02  1.860674046749954e-02 
  6.372207763508771e-03  1.839034599040862e-02 
  3.417472490839108e-03  1.756587953179197e-02 
  6.969256958436029e-03  1.689250087139600e-02 
  5.776191423699795e-03  1.536337566340228e-02 
  4.570182861785475e-03  1.382178553570005e-02 
  1.900995668784669e-02  1.243704483661720e-02 
  3.351822619005200e-02  1.154445273491915e-02 
  4.139065769546675e-02  1.101561122694133e-02 
  4.175208109455213e-02  1.104410940015879e-02 
  3.694634891947286e-02  1.138882841801581e-02 
  2.942908622062106e-02  1.155993654089002e-02 
  2.070089046487476e-02  1.169550287405569e-02 
  1.177451364653472e-02  1.149150604891625e-02 
  3.859362097630747e-03  1.100397765937277e-02 
  2.461976353602656e-03  1.026944326672267e-02 
  3.801019322729628e-03  9.176398177869907e-03 
  1.761913273538422e-03  7.876963807332698e-03 
  1.320611659781114e-02  6.555585711822963e-03 
  2.688779741952831e-02  5.428685094934762e-03 
  3.573395016289917e-02  5.013063432878388e-03 
  3.764118414818837e-02  4.801361989444967e-03 
  3.407736667838397e-02  5.161219744264726e-03 
  2.732842023959720e-02  5.197498228740802e-03 
  1.902971032389128e-02  5.319505962300686e-03 
  1.064082565100825e-02  5.258155192499519e-03 
  2.509623239676502e-03  5.059585042345570e-03 
  4.002546419737073e-03  4.420787097059065e-03 
  7.313058160600709e-03  3.510287196390090e-03 
  5.220106065550800e-03  2.452671869263629e-03 
  3.919469392704667e-03  1.485329990367749e-03 
  1.695292643169419e-02  1.238005288775444e-03 
  2.786420953988710e-02  1.557809148573785e-03 
  3.261427864742219e-02  1.703691473947317e-03 
  3.089107183424262e-02  1.636758858130911e-03 
  2.509094262674972e-02  1.408189332271928e-03 
  1.730638565820605e-02  1.309907111693939e-03 
  8.707108923037138e-03  1.160711667497786e-03 
  1.313884161507201e-03  1.391245107209570e-03 
  7.592865858726358e-03  1.614460597134896e-03 
  1.227134814254780e-02  2.428178447518872e-03 
  1.210373000367966e-02  3.247635649221215e-03 
  5.082509831172888e-03  4.576452404273659e-03 
  8.588413133160930e-03  5.775870534395679e-03 
  2.167517324442552e-02  6.544685775933903e-03 
  2.878616281054788e-02  6.938044004104333e-03 
  2.884133621885378e-02  6.820505288417815e-03 
  2.398047202462597e-02  6.516841374130290e-03 
  1.640205928722895e-02  6.177010648284158e-03 
  7.829095260481755e-03  6.022809128905944e-03 
  3.143014447707465e-03  5.936733446935050e-03 
  1.025722134329633e-02  6.215252114680532e-03 
  1.638468616966355e-02  6.754806303715475e-03 
  1.835906153019061e-02  7.707512717661616e-03 
  1.336771960342968e-02  9.016838684266100e-03 
  3.298840952698640e-03  1.029667132353751e-02 
  1.701473256745738e-02  1.128145979519479e-02 
  2.892070179193258e-02  1.177422145596663e-02 
  3.263481291545126e-02  1.173439896568158e-02 
  2.956722576075753e-02  1.137554204577634e-02 
  2.229755928848306e-02  1.069349572134810e-02 
  1.332948982183003e-02  1.029073512584539e-02 
  5.376175375918582e-03  1.001175930295942e-02 
  8.148162420449538e-03  1.005588851773482e-02 
  1.496912370352878e-02  1.051210281716378e-02 
  1.792744411574282e-02  1.139264067748502e-02 
  1.331806184749244e-02  1.260430198971875e-02 
  6.421131697194862e-03  1.402832600762082e-02 
  2.613888014450352e-02  1.515679581337906e-02 
  4.528909343525631e-02  1.563774042916205e-02 
  5.504153377811979e-02  1.571534067384693e-02 
  5.551976604473393e-02  1.514844484477344e-02 
  4.999748714116756e-02  1.417182399387007e-02 
  4.173567361053089e-02  1.339480359412534e-02 
  3.237913387141748e-02  1.278800949322953e-02 
  2.358318062919995e-02  1.245249138652477e-02 
  1.692089682516121e-02  1.262621412058356e-02 
  1.542243602442557e-02  1.349570106820669e-02 
  2.247015547410977e-02  1.495315379134091e-02 
  4.474425458555827e-02  1.669890138491276e-02 
  8.297229014765468e-02  1.850014362325326e-02 
  1.256802185875223e-01  1.978701349655091e-02 
  1.568010358513980e-01  1.996641299369727e-02 
  1.736679498109315e-01  1.923699136308554e-02 
  1.799090570746812e-01  1.813358615369572e-02 
  1.822183783717401e-01  1.701423590223901e-02 
  1.842186211605892e-01  1.647980050221665e-02 
  1.896741198066784e-01  1.657827922094405e-02 
  2.024119167056287e-01  1.816478450305322e-02 
  2.296888838631568e-01  2.166644206983736e-02 
  2.847297700473417e-01  2.748436136373408e-02 
  3.859132832492188e-01  3.642949492261233e-02 
  5.437910148283680e-01  4.739330003072369e-02 
  7.353958544910860e-01  5.747886052666553e-02 
  8.872635232343805e-01  6.494679136057667e-02 
  9.316187643709388e-01  6.725530553604915e-02 
  8.569359790601379e-01  6.444984095976140e-02 
  7.085868319968309e-01  5.774905741090954e-02 
  5.507388677324991e-01  5.022319646356792e-02 
  4.151049644656045e-01  4.349898767442539e-02 
  3.071422612884034e-01  3.812640439605038e-02 
  1.588373845892059e-01  6.736764254951652e-02 
  2.664744210817112e-01  6.679173885083048e-02 
  4.116503863717422e-01  6.842584196286861e-02 
  5.812250551512352e-01  7.155281924113248e-02 
  7.547159482641254e-01  7.470358603858790e-02 
  8.726653402255471e-01  7.499555958602228e-02 
  8.726936730309479e-01  7.097462392548218e-02 
  7.444722726129552e-01  6.339305039691580e-02 
  5.557239671753940e-01  5.448415879243008e-02 
  3.879447038831765e-01  4.604149849459918e-02 
  2.753112938110490e-01  4.095564312189622e-02 
  2.132009950882905e-01  3.764096942985169e-02 
  1.810321367013688e-01  3.582000152478083e-02 
  1.655766064656434e-01  3.472552736938526e-02 
  1.591872122881429e-01  3.368605861485584e-02 
  1.563871183975449e-01  3.322568168166676e-02 
  1.540618566467980e-01  3.157622441736656e-02 
  1.486767049162896e-01  2.995813682804181e-02 
  1.350228365491566e-01  2.779376620461261e-02 
  1.082932973292062e-01  2.510944421916406e-02 
  6.872227489157592e-02  2.280850919818535e-02 
  2.883252168758929e-02  2.036466170308356e-02 
  6.427389624409910e-03  1.849289696685055e-02 
  1.278069519001815e-02  1.817313906834444e-02 
  1.303126802492928e-02  1.773179084723545e-02 
  8.044601347331513e-03  1.813431895339854e-02 
  6.576534115979236e-03  1.793609518446885e-02 
  1.401478137643932e-02  1.832937894516452e-02 
  2.265443197430919e-02  1.781065740906414e-02 
  2.916234727446906e-02  1.786619624355120e-02 
  3.048613211585718e-02  1.679810725965824e-02 
  2.328094888812871e-02  1.576309707099473e-02 
  6.829171628045545e-03  1.421372307961538e-02 
  1.717499927397632e-02  1.292687948569550e-02 
  3.411510225667685e-02  1.174926096218030e-02 
  4.109335759246725e-02  1.134720105596396e-02 
  3.970271236108516e-02  1.123708976130142e-02 
  3.306017342017931e-02  1.129300966949987e-02 
  2.409934435618535e-02  1.165071154822781e-02 
  1.454729270643385e-02  1.166214803785258e-02 
  5.673058700968240e-03  1.168929987280767e-02 
  3.961343266094148e-03  1.150294252966929e-02 
  7.786554494523291e-03  1.081920002277778e-02 
  6.417485962454282e-03  9.947711923154492e-03 
  4.149439409612337e-03  8.833489558010377e-03 
  1.919350001503415e-02  7.454799201126718e-03 
  3.377045230265019e-02  6.706470985183675e-03 
  4.202247498878111e-02  5.840185611717230e-03 
  4.234154270259712e-02  5.788888704140622e-03 
  3.716416053312106e-02  5.697844595447706e-03 
  2.943406383205893e-02  5.665187001341468e-03 
  2.046064297939721e-02  5.666264585719430e-03 
  1.137370546131626e-02  5.687906517284588e-03 
  3.355846807965325e-03  5.490303467156280e-03 
  2.859501491267665e-03  4.975630255658530e-03 
  4.220788371596027e-03  4.329743809965124e-03 
  1.525804977677448e-03  3.267892412543741e-03 
  1.346835879391141e-02  2.249946026324557e-03 
  2.728617922326849e-02  1.473044103571065e-03 
  3.634929795473181e-02  1.316724146906394e-03 
  3.831231787573317e-02  1.395596109191337e-03 
  3.451085963939150e-02  1.371064543862626e-03 
  2.752933859365011e-02  1.400410311817544e-03 
  1.919198419781488e-02  1.344952975275964e-03 
  1.058169226677007e-02  1.432452566919965e-03 
  2.368504571867742e-03  1.431066119774345e-03 
  4.393389192700024e-03  1.712010405634655e-03 
  7.631394898287187e-03  1.892400264161467e-03 
  5.339406395794935e-03  2.800511755408134e-03 
  4.094014036943338e-03  3.716710631942010e-03 
  1.736023610270655e-02  4.756842258141727e-03 
  2.860497531834090e-02  5.691412324694832e-03 
  3.338131011165043e-02  6.201736357971383e-03 
  3.169148044139490e-02  6.338374562668638e-03 
  2.567535324382373e-02  6.397912555516300e-03 
  1.761646346105319e-02  6.347386590139279e-03 
  8.859405445519553e-03  6.362522043534043e-03 
  1.359525874115423e-03  6.510830660875668e-03 
  7.683663329308261e-03  6.719758263027200e-03 
  1.245123492719506e-02  7.270518770332597e-03 
  1.230683923370215e-02  8.020501049788050e-03 
  5.059355276491487e-03  9.095636588232163e-03 
  8.950383155853964e-03  1.018113274596093e-02 
  2.238142465276948e-02  1.115541034056517e-02 
  2.961274912574250e-02  1.183383337641789e-02 
  2.973817942053941e-02  1.223382320289192e-02 
  2.451352279185061e-02  1.208951560012623e-02 
  1.682869647028980e-02  1.199843629530403e-02 
  8.001331748865900e-03  1.198776994800186e-02 
  3.113903340370787e-03  1.197394199568041e-02 
  1.052991771319478e-02  1.212167539762424e-02 
  1.672325751592397e-02  1.242425910716937e-02 
  1.858301927548211e-02  1.317301389737890e-02 
  1.336286027560918e-02  1.402478298995780e-02 
  3.442451080588876e-03  1.523513300390143e-02 
  1.765365468795777e-02  1.639349301607567e-02 
  2.967722418189223e-02  1.710932594473567e-02 
  3.359262001093778e-02  1.756064243490204e-02 
  3.029401787766203e-02  1.761794703384097e-02 
  2.283650705426547e-02  1.756002581390747e-02 
  1.361233966444434e-02  1.734096852645659e-02 
  5.307803388577842e-03  1.710324039487954e-02 
  8.407182545491698e-03  1.712530835273017e-02 
  1.529305066674360e-02  1.733381272007498e-02 
  1.834817938149691e-02  1.785933978205963e-02 
  1.351302646654801e-02  1.880110825269207e-02 
  6.503661472836915e-03  2.006207270672366e-02 
  2.668024893545272e-02  2.135519050369500e-02 
  4.626605048147826e-02  2.243767741975578e-02 
  5.618675845705699e-02  2.299024767664146e-02 
  5.643836545095236e-02  2.320602736303198e-02 
  5.043464025206446e-02  2.294468501129850e-02 
  4.166768068803657e-02  2.262869193346866e-02 
  3.209538039918111e-02  2.237525018479767e-02 
  2.301912850412222e-02  2.215842561683782e-02 
  1.634505654618574e-02  2.214571976542591e-02 
  1.454904969762397e-02  2.269551541418588e-02 
  2.183974570986124e-02  2.382846134922276e-02 
  4.471326436176303e-02  2.558357312281434e-02 
  8.355522775966850e-02  2.781514319039767e-02 
  1.265609940849942e-01  2.991415915901567e-02 
  1.579704580306441e-01  3.126042297315433e-02 
  1.747860538404794e-01  3.203042491173502e-02 
  1.810255715604999e-01  3.240014098599346e-02 
  1.826090837452417e-01  3.233336463621110e-02 
  1.839269958356690e-01  3.275025229698075e-02 
  1.882929143426328e-01  3.312913907169737e-02 
  1.998209996846367e-01  3.417816168946933e-02 
  2.262780760069898e-01  3.662578991749699e-02 
  2.814929856286333e-01  4.071302763466157e-02 
  3.822862497318849e-01  4.737046523024646e-02 
  5.408643757126206e-01  5.552159067286944e-02 
  7.338350100333431e-01  6.362682465776527e-02 
  8.880562546168501e-01  6.917205052111459e-02 
  9.298132429566670e-01  6.987050786420237e-02 
  8.561178011459646e-01  6.562210388177210e-02 
  7.072467775966681e-01  5.857433274622813e-02 
  5.489275491625324e-01  5.093579042998968e-02 
  4.131692838320808e-01  4.381727346094692e-02 
  3.074367478346055e-01  3.847232652006900e-02 
  1.692672456640594e-01  6.911863455053768e-02 
  2.753334821739595e-01  6.753766631170070e-02 
  4.167257888548508e-01  6.842899316190067e-02 
  5.902698861852728e-01  7.077553321894095e-02 
  7.659816705578446e-01  7.305190572890881e-02 
  8.820866055287809e-01  7.219867044313161e-02 
  8.824425224375939e-01  6.693304763404588e-02 
  7.521961000324543e-01  5.711995412875888e-02 
  5.608510372097302e-01  4.605685725145890e-02 
  3.896003849999084e-01  3.587877445327690e-02 
  2.756877870860563e-01  2.840972304625699e-02 
  2.127885118795563e-01  2.345308351186657e-02 
  1.814789790464592e-01  2.087791379262850e-02 
  1.667655259034521e-01  1.926625481695240e-02 
  1.607605292803913e-01  1.851688801138542e-02 
  1.581717710227973e-01  1.819482152915014e-02 
  1.561795896336012e-01  1.795419137302389e-02 
  1.509935261722510e-01  1.748935527474369e-02 
  1.371735339586120e-01  1.710577085411898e-02 
  1.096088136955099e-01  1.554951150436196e-02 
  6.922045941505563e-02  1.356376010378798e-02 
  2.876105266732624e-02  1.172939062835986e-02 
  6.368318524085996e-03  1.033629748278120e-02 
  1.310753956714256e-02  9.446481970158804e-03 
  1.308888425848290e-02  9.088282119594025e-03 
  7.847209140078363e-03  9.457378052041460e-03 
  6.901616564439256e-03  9.571064654773006e-03 
  1.475756916657910e-02  9.664761693800036e-03 
  2.336584424397748e-02  1.022769221035492e-02 
  3.004910403968926e-02  1.020643208360822e-02 
  3.119312441121220e-02  1.008285101344190e-02 
  2.368382957852033e-02  9.395296710547341e-03 
  7.020005095639926e-03  8.392410143354945e-03 
  1.747509427532783e-02  7.279723765491347e-03 
  3.490067104754394e-02  6.254880977045558e-03 
  4.176770639705375e-02  5.351892728530240e-03 
  3.993705417096757e-02  5.206238986179150e-03 
  3.315528209520505e-02  4.858592215483409e-03 
  2.394528041997856e-02  5.001893609157508e-03 
  1.435937962795136e-02  5.193802128233343e-03 
  5.447097229107933e-03  5.435501250583605e-03 
  4.268559380939801e-03  5.395757213440391e-03 
  8.217629889874043e-03  5.521458343611939e-03 
  6.774231397005955e-03  5.029393312714528e-03 
  4.167976171066265e-03  4.166377334940647e-03 
  1.938796947892955e-02  3.179508204589223e-03 
  3.459339432721834e-02  2.237121130942874e-03 
  4.254750787835743e-02  1.855236371666808e-03 
  4.272484318389697e-02  1.570248727022074e-03 
  3.745234172716583e-02  1.540902110511373e-03 
  2.958125378444375e-02  1.505124586190298e-03 
  2.048483062273245e-02  1.481478318691582e-03 
  1.138088087022580e-02  1.520336422626979e-03 
  3.163010454562934e-03  1.494187503822425e-03 
  3.062185018244337e-03  1.449359428258463e-03 
  4.364948031036998e-03  1.516331475478551e-03 
  1.582689887144765e-03  1.848303985569072e-03 
  1.366757693979206e-02  2.658478791497027e-03 
  2.782640663929281e-02  3.635527633103203e-03 
  3.700820553234604e-02  4.480906171044285e-03 
  3.871627601638050e-02  5.176160687447412e-03 
  3.491744657829009e-02  5.619127674633243e-03 
  2.795378221956867e-02  5.773058389041758e-03 
  1.937994889022552e-02  5.881779644095236e-03 
  1.068124255545371e-02  5.790660453650670e-03 
  2.487927252659140e-03  6.025311441288646e-03 
  4.270927776681909e-03  5.841262857755046e-03 
  7.469370934718731e-03  6.307489700053740e-03 
  5.071448006531721e-03  6.864448482457671e-03 
  4.209059619392256e-03  7.646856669969410e-03 
  1.780023874776553e-02  8.816924055163454e-03 
  2.895680739030999e-02  9.777454418677910e-03 
  3.378217266855998e-02  1.061516135464896e-02 
  3.200360690278395e-02  1.099543080887909e-02 
  2.590586376893037e-02  1.142726239898256e-02 
  1.770190792098079e-02  1.160171920280386e-02 
  8.984844751644754e-03  1.154800198872019e-02 
  1.383714294242812e-03  1.151160422731126e-02 
  7.684331242232417e-03  1.172057045881461e-02 
  1.235059490848656e-02  1.189765030445069e-02 
  1.209278906082762e-02  1.240877757541864e-02 
  4.778334816585341e-03  1.325323503850221e-02 
  9.193604721993773e-03  1.434192509702778e-02 
  2.256921622728484e-02  1.538309598880635e-02 
  2.995885612895734e-02  1.645015331810208e-02 
  2.984769700511214e-02  1.689361334565773e-02 
  2.478614450713754e-02  1.735848625954444e-02 
  1.694690431531096e-02  1.764032166200940e-02 
  8.136676084482515e-03  1.762830881777730e-02 
  3.083030899026026e-03  1.768256446268838e-02 
  1.030383456954530e-02  1.761733448547455e-02 
  1.648003491136427e-02  1.766385739952040e-02 
  1.842560587654248e-02  1.812542505924507e-02 
  1.310067362821786e-02  1.882252358531426e-02 
  3.474782114016577e-03  1.984801593783058e-02 
  1.779106217288755e-02  2.100857763875861e-02 
  2.995957700805248e-02  2.224858780421193e-02 
  3.365248407226332e-02  2.312214657917234e-02 
  3.028807188554038e-02  2.361945378198109e-02 
  2.287740325028670e-02  2.383316117632878e-02 
  1.360066919014720e-02  2.389297067136704e-02 
  5.300572479342718e-03  2.387175232998149e-02 
  8.217564609950635e-03  2.379984616951893e-02 
  1.524181469712779e-02  2.392497540543471e-02 
  1.825034074339552e-02  2.393753630564032e-02 
  1.339737696464727e-02  2.470642170711733e-02 
  6.654444808017318e-03  2.592513341394615e-02 
  2.659146272564200e-02  2.731348710938037e-02 
  4.598564447529225e-02  2.875167826628149e-02 
  5.569546412315275e-02  3.001498288150013e-02 
  5.591382171898746e-02  3.077944254931153e-02 
  5.003899485948581e-02  3.133571437758638e-02 
  4.133979106874681e-02  3.153697254332365e-02 
  3.176859640871191e-02  3.148925965173763e-02 
  2.268997813458202e-02  3.139285759597012e-02 
  1.635204325898587e-02  3.144088774467316e-02 
  1.446798092064755e-02  3.168493715008125e-02 
  2.159627889726365e-02  3.255345587084146e-02 
  4.459858474376835e-02  3.438690192607355e-02 
  8.275107177410909e-02  3.688201159173785e-02 
  1.250297541964313e-01  3.968025459541386e-02 
  1.562394233459085e-01  4.231581404740296e-02 
  1.730381356893357e-01  4.455855514828040e-02 
  1.790564118704513e-01  4.636988299039833e-02 
  1.804336054625527e-01  4.734404929416543e-02 
  1.824315623131663e-01  4.847571795890751e-02 
  1.867473412317169e-01  4.936296638377860e-02 
  1.988255201881726e-01  5.006951100965999e-02 
  2.258232884717692e-01  5.148812775332174e-02 
  2.806252384507947e-01  5.388892249537816e-02 
  3.806328592994314e-01  5.827097703392965e-02 
  5.388311908121718e-01  6.407122831967066e-02 
  7.298408663369802e-01  6.980992959337014e-02 
  8.806907346949212e-01  7.314816738224977e-02 
  9.253350811354071e-01  7.229839396612975e-02 
  8.525740845227920e-01  6.721318103812829e-02 
  7.079917994730125e-01  5.966957574638870e-02 
  5.514993785191666e-01  5.155533343393484e-02 
  4.161678025937405e-01  4.459441283123748e-02 
  3.099820009777461e-01  3.871182982758978e-02 
  1.819079281102659e-01  7.101819825942195e-02 
  2.879535104351538e-01  6.850454718720757e-02 
  4.287179598694367e-01  6.823196835773435e-02 
  5.954601155665663e-01  6.986124967307908e-02 
  7.669175520744573e-01  7.115567617463270e-02 
  8.828003107695669e-01  6.954102697299842e-02 
  8.820117634255931e-01  6.258685806514278e-02 
  7.542501884798419e-01  5.131470068035616e-02 
  5.646604597066003e-01  3.758576984101617e-02 
  3.947759864179057e-01  2.474258096052143e-02 
  2.823195982733402e-01  1.505393546787579e-02 
  2.179522352540331e-01  8.697693512078115e-03 
  1.857602245482654e-01  5.069714467180273e-03 
  1.698986693086547e-01  4.009248727181545e-03 
  1.625396526686845e-01  3.602099872656677e-03 
  1.590115157264712e-01  3.783338065311688e-03 
  1.560155108159189e-01  4.393251338279520e-03 
  1.501406277565110e-01  5.080960281623388e-03 
  1.360090719913553e-01  5.609922350121671e-03 
  1.085160376010958e-01  5.502665330125016e-03 
  6.884882413603942e-02  4.756959457050057e-03 
  2.873127026222309e-02  3.572099931349600e-03 
  6.452371694842065e-03  2.581802696175584e-03 
  1.197969406783075e-02  2.306057861413370e-03 
  1.204137765337860e-02  2.314606401949685e-03 
  7.187981941844135e-03  2.351924358223389e-03 
  7.105693612211418e-03  2.300396244918164e-03 
  1.489352083752008e-02  2.266120241362887e-03 
  2.316852455233922e-02  2.330935466740492e-03 
  2.942015641556582e-02  2.854043249336326e-03 
  3.052710548487930e-02  2.988873606633104e-03 
  2.295659261605271e-02  3.209469848192466e-03 
  6.413594931431921e-03  2.686939884652102e-03 
  1.738971351700202e-02  2.120198632208463e-03 
  3.425555256502704e-02  1.774053856695457e-03 
  4.083136299398169e-02  2.092970947765104e-03 
  3.919846652172700e-02  2.552996091951376e-03 
  3.257690169974229e-02  2.765080630690562e-03 
  2.372989012702956e-02  2.730689057427585e-03 
  1.427283441433094e-02  2.678428762248674e-03 
  5.549562890060864e-03  2.322040017512883e-03 
  3.819495277318404e-03  2.085883986479695e-03 
  7.563267786352882e-03  1.874415427098443e-03 
  5.964410517660831e-03  1.769315980153752e-03 
  4.650890100740059e-03  1.943890959564826e-03 
  1.989902636228920e-02  2.462377022967500e-03 
  3.440815828289907e-02  3.408770399843046e-03 
  4.216219644041764e-02  4.294775826676089e-03 
  4.244267298246704e-02  5.227843161461200e-03 
  3.717034802246309e-02  5.624863010734308e-03 
  2.938307389842948e-02  5.940238743294355e-03 
  2.043013222276241e-02  5.989764533959698e-03 
  1.171750985277938e-02  5.995233465554903e-03 
  3.685122484896935e-03  5.648164671149232e-03 
  2.356836347853739e-03  5.609075037689778e-03 
  3.527597103823579e-03  5.472933863054724e-03 
  2.362123103398856e-03  5.981063317218815e-03 
  1.429489689860533e-02  6.665341415930484e-03 
  2.799858138761821e-02  7.697500042976879e-03 
  3.695248312794246e-02  8.908353657636692e-03 
  3.853765880545957e-02  9.731123851199520e-03 
  3.467690090400239e-02  1.050128269828962e-02 
  2.778956043826343e-02  1.081912404105208e-02 
  1.948813266324230e-02  1.108111596918197e-02 
  1.100559881154075e-02  1.116465352329880e-02 
  2.998614090222433e-03  1.098545375010521e-02 
  3.387632005916977e-03  1.090854556450091e-02 
  6.588627086704220e-03  1.084985289619850e-02 
  4.301436117349390e-03  1.106559828630573e-02 
  5.063974701473233e-03  1.179832757549001e-02 
  1.810211115688689e-02  1.281430922969563e-02 
  2.910186872768816e-02  1.391171109245903e-02 
  3.363005498408249e-02  1.498029962875964e-02 
  3.176003171054318e-02  1.589492379065733e-02 
  2.586605087122143e-02  1.641521593283554e-02 
  1.795727887973370e-02  1.677842148650514e-02 
  9.245265284774413e-03  1.694580092036946e-02 
  1.553093053967432e-03  1.693058833387456e-02 
  6.811486926038572e-03  1.679849018682929e-02 
  1.139218364716219e-02  1.663874055819573e-02 
  1.114543766793121e-02  1.695053460412982e-02 
  4.060405686971566e-03  1.738229635328617e-02 
  9.570163938406710e-03  1.840193108746550e-02 
  2.249817949649863e-02  1.963107806160881e-02 
  2.956187847761350e-02  2.077981371908594e-02 
  2.950225601211123e-02  2.179334028216470e-02 
  2.459641870158115e-02  2.253430924636084e-02 
  1.701849993663688e-02  2.295870564668567e-02 
  8.195445704009152e-03  2.323333475750469e-02 
  2.935895054456012e-03  2.316351430369269e-02 
  9.712134258608294e-03  2.302560499213471e-02 
  1.564536240113884e-02  2.289250670185785e-02 
  1.751380973606060e-02  2.292111816091554e-02 
  1.231820641860136e-02  2.338877629296320e-02 
  3.588674158208694e-03  2.427688997144696e-02 
  1.788387095141692e-02  2.564194710646890e-02 
  2.941971948024274e-02  2.704417266189811e-02 
  3.310600126969956e-02  2.838057237540456e-02 
  2.971302219570657e-02  2.930689781085409e-02 
  2.240093662478299e-02  3.008915905103424e-02 
  1.344477929463343e-02  3.028741441954649e-02 
  5.375018673356273e-03  3.034660417462946e-02 
  8.127925745693229e-03  3.025186822694201e-02 
  1.479196693549222e-02  3.007571771729740e-02 
  1.738666664139853e-02  3.003774665248494e-02 
  1.268849834511883e-02  3.028371845957879e-02 
  6.753203352156426e-03  3.126303594851105e-02 
  2.616155037366527e-02  3.279955110548914e-02 
  4.500067492014420e-02  3.464804621482838e-02 
  5.434924649800244e-02  3.640123345856933e-02 
  5.458067186811132e-02  3.796215429400299e-02 
  4.882550876641837e-02  3.914324264720958e-02 
  4.020604249815450e-02  3.983060013007492e-02 
  3.094577954758765e-02  4.021626185543380e-02 
  2.236958501145534e-02  4.017435843326748e-02 
  1.611605264425325e-02  4.016091972256135e-02 
  1.450031468505954e-02  4.015895007604536e-02 
  2.169012362737406e-02  4.092444515020711e-02 
  4.423861556368473e-02  4.234985717402864e-02 
  8.190270159321240e-02  4.488513647389373e-02 
  1.230624274284503e-01  4.839798158773004e-02 
  1.536501106593911e-01  5.222883034484806e-02 
  1.696103800836814e-01  5.599525155166288e-02 
  1.757864425943279e-01  5.900116676159812e-02 
  1.774955941658476e-01  6.129492951904285e-02 
  1.795406021376229e-01  6.305696298887842e-02 
  1.853421844698792e-01  6.431191623579222e-02 
  1.985760544579564e-01  6.505288325528599e-02 
  2.271188222143882e-01  6.555835535422681e-02 
  2.845648979666424e-01  6.634222761359332e-02 
  3.870730435814567e-01  6.852751762464246e-02 
  5.467290210292004e-01  7.217235887961763e-02 
  7.352450805574254e-01  7.566356502418065e-02 
  8.856339925908204e-01  7.711157967714505e-02 
  9.293378541745392e-01  7.467498602492692e-02 
  8.518218528373926e-01  6.869809591287543e-02 
  7.068899827519625e-01  6.041238758288803e-02 
  5.496049396786074e-01  5.191681004481030e-02 
  4.154342297089449e-01  4.467582180164505e-02 
  3.093148903691506e-01  3.902543026817239e-02 
  1.953057939929387e-01  7.159787783722282e-02 
  2.981011334832286e-01  6.867130490219871e-02 
  4.353319852721352e-01  6.811268492228779e-02 
  6.027407128064566e-01  6.929613301156180e-02 
  7.739330218909258e-01  7.012028942538077e-02 
  8.937431523776049e-01  6.779755779746641e-02 
  8.965816113831391e-01  5.956810028156734e-02 
  7.672153394204121e-01  4.703641895629236e-02 
  5.761713740051853e-01  3.158403774497896e-02 
  4.031659327283248e-01  1.663185155067364e-02 
  2.876307921671642e-01  5.142964185524207e-03 
  2.219346830812988e-01  5.730081512384157e-03 
  1.876975817759935e-01  9.701389692643858e-03 
  1.705401251581884e-01  1.200009129192510e-02 
  1.618759489563211e-01  1.194001300981410e-02 
  1.576086421173918e-01  1.112741152869602e-02 
  1.538321738988024e-01  8.970510316635035e-03 
  1.475415451552964e-01  7.016724095856766e-03 
  1.336857994083109e-01  5.019919467575769e-03 
  1.062657538296991e-01  4.111303613977052e-03 
  6.711401604050009e-02  4.009209954496350e-03 
  2.819463179742696e-02  4.717755721523503e-03 
  6.357012675276130e-03  5.994927702897427e-03 
  1.189150375579414e-02  7.089317875983420e-03 
  1.187892464547844e-02  8.065365440709567e-03 
  7.174249520535967e-03  8.318121314817213e-03 
  6.828259653514250e-03  7.953485616328627e-03 
  1.424463506162200e-02  7.331866522844864e-03 
  2.229798029708416e-02  6.201120205472825e-03 
  2.833890904840273e-02  5.009060186521699e-03 
  2.923940813503511e-02  3.831323734352632e-03 
  2.179106606516366e-02  3.266968146121152e-03 
  5.597940490911167e-03  3.275171151768515e-03 
  1.839881604950170e-02  3.807522689232780e-03 
  3.439862454875570e-02  5.049573522838402e-03 
  4.077392102259311e-02  6.080460898345645e-03 
  3.904561586894761e-02  6.931959233729679e-03 
  3.237943582345484e-02  7.483298171474205e-03 
  2.381589063798145e-02  7.661835968882450e-03 
  1.475464712784871e-02  7.367107379948111e-03 
  6.194747047689772e-03  6.889326224146907e-03 
  3.171275171391479e-03  6.154789440298969e-03 
  6.368623534172235e-03  5.419132876593544e-03 
  4.768123299719914e-03  4.978941803018793e-03 
  5.848272190541054e-03  5.019339827637809e-03 
  2.045377985817426e-02  5.679167135820880e-03 
  3.477049131227786e-02  6.736702207345603e-03 
  4.223536263145675e-02  7.890061711082230e-03 
  4.218304025198085e-02  9.070255064079984e-03 
  3.715874411632090e-02  9.747642661098377e-03 
  2.951063994469099e-02  1.021278995672480e-02 
  2.086377436743859e-02  1.041039720073220e-02 
  1.210591380484027e-02  1.004314192539179e-02 
  4.458174129661144e-03  9.772134819310548e-03 
  1.457433766943496e-03  9.309489147667237e-03 
  2.483976182858642e-03  8.988845171912131e-03 
  3.349222710122283e-03  9.048423104218955e-03 
  1.504617911032539e-02  9.735740734669839e-03 
  2.857908218681740e-02  1.073797281157688e-02 
  3.703446518415873e-02  1.197305837708337e-02 
  3.844948059305980e-02  1.313014584181826e-02 
  3.462408277687282e-02  1.406634127569572e-02 
  2.788869401364797e-02  1.471611252660054e-02 
  1.982536890847839e-02  1.500325877471654e-02 
  1.159194808261525e-02  1.502255144717381e-02 
  3.801081026031983e-03  1.482063460144725e-02 
  2.479904903760567e-03  1.445168876740798e-02 
  5.387842321868217e-03  1.417425201004044e-02 
  3.095550029566646e-03  1.417547759819604e-02 
  5.874160077629913e-03  1.463596290189652e-02 
  1.840616993666706e-02  1.554904068792479e-02 
  2.914295108588994e-02  1.674318400146600e-02 
  3.335346646795145e-02  1.819247136444214e-02 
  3.145938130800473e-02  1.921892756717817e-02 
  2.582350732260603e-02  2.003776827783846e-02 
  1.815736096573075e-02  2.057227873641693e-02 
  9.789500375338125e-03  2.072158873815680e-02 
  2.016256021333254e-03  2.061541111612214e-02 
  5.710190897203479e-03  2.033003376810313e-02 
  1.021334323713165e-02  2.010069158377018e-02 
  9.892757818327621e-03  2.002063278725762e-02 
  3.099865333864656e-03  2.041206534658562e-02 
  1.018575034632516e-02  2.117814171059734e-02 
  2.259565719818142e-02  2.248065444324952e-02 
  2.922827786264418e-02  2.385591617026710e-02 
  2.910923065548094e-02  2.514772774887314e-02 
  2.430359824376879e-02  2.617537727280300e-02 
  1.682882240665432e-02  2.688766261556269e-02 
  8.718166870038605e-03  2.718763307248330e-02 
  2.713399417130195e-03  2.713898806309852e-02 
  8.806171262587342e-03  2.690660480421107e-02 
  1.434527332377683e-02  2.668038547965218e-02 
  1.583527746174013e-02  2.642663704765694e-02 
  1.119964681819384e-02  2.665651068419933e-02 
  3.732344538950174e-03  2.735042315783385e-02 
  1.747242268356435e-02  2.863594040993202e-02 
  2.862189125692346e-02  3.026261828889336e-02 
  3.196872953479880e-02  3.188804175258805e-02 
  2.885513279800196e-02  3.323519643545916e-02 
  2.194974237988262e-02  3.433321317044842e-02 
  1.345584350031877e-02  3.480929279459231e-02 
  5.647654589023822e-03  3.500928570996841e-02 
  7.347033623283513e-03  3.486033048354416e-02 
  1.341828084321401e-02  3.444932367040680e-02 
  1.585150410033914e-02  3.406486326200228e-02 
  1.137352083089608e-02  3.412906181665495e-02 
  7.031612465439663e-03  3.496708264540512e-02 
  2.581810884423910e-02  3.642529686981970e-02 
  4.346343809167644e-02  3.853998577299481e-02 
  5.240349193229832e-02  4.077825149486954e-02 
  5.263510908937893e-02  4.277803190036022e-02 
  4.740356207670043e-02  4.444729647807326e-02 
  3.956834879800901e-02  4.563400650793736e-02 
  3.087746779144249e-02  4.620902977738975e-02 
  2.269515103909263e-02  4.642349678748776e-02 
  1.708206725295226e-02  4.620351857450966e-02 
  1.585290391555358e-02  4.614836830202800e-02 
  2.313849605003818e-02  4.642003889370478e-02 
  4.486289832878204e-02  4.768542415777966e-02 
  7.988352624146434e-02  5.037020286804962e-02 
  1.189808116917632e-01  5.426223151510437e-02 
  1.484730832567851e-01  5.886162533214215e-02 
  1.642566750338080e-01  6.354479749141012e-02 
  1.710803292392604e-01  6.758638999386127e-02 
  1.745525820185090e-01  7.106026127924529e-02 
  1.774644949188668e-01  7.363002535008574e-02 
  1.852095929998959e-01  7.521164716430870e-02 
  2.003876385378952e-01  7.605956723034600e-02 
  2.315990253379642e-01  7.599816391010952e-02 
  2.897568270970885e-01  7.613531519051996e-02 
  3.942635040073777e-01  7.661583692017032e-02 
  5.511785746378002e-01  7.809877106055872e-02 
  7.371961821141034e-01  7.990317746438858e-02 
  8.859853226626586e-01  7.952493997932712e-02 
  9.302423931743178e-01  7.619774166703823e-02 
  8.560878381521906e-01  6.943677631529753e-02 
  7.103494153826041e-01  6.089096404548509e-02 
  5.533080355070067e-01  5.243768374848915e-02 
  4.182356774214692e-01  4.491406363779880e-02 
  3.115173769815264e-01  3.908385109469640e-02 
  2.091213757631969e-01  7.022411908960152e-02 
  3.120652261735680e-01  6.729379177488956e-02 
  4.489525858984048e-01  6.660418217214055e-02 
  6.129947815582204e-01  6.800229188440286e-02 
  7.822796402605990e-01  6.888389562331210e-02 
  8.990690082228532e-01  6.625603613259763e-02 
  8.992186949055692e-01  5.828771763007495e-02 
  7.713312508641480e-01  4.440736457005879e-02 
  5.854137615839876e-01  2.773360974108376e-02 
  4.149185269362357e-01  1.197032522415066e-02 
  2.981931257067394e-01  4.033088481010921e-03 
  2.290595100127395e-01  1.172985517378302e-02 
  1.918053988700314e-01  1.686419052311177e-02 
  1.716392378331069e-01  1.904073461553221e-02 
  1.605028237343515e-01  1.912376067219783e-02 
  1.540231238501647e-01  1.749689960895837e-02 
  1.489718727448141e-01  1.511012475304947e-02 
  1.414459208469505e-01  1.223736320245271e-02 
  1.272998750490782e-01  9.583889549420643e-03 
  1.009101327204575e-01  7.658758053168252e-03 
  6.453261698596721e-02  7.049960764544214e-03 
  2.808188958226548e-02  7.602257049609453e-03 
  6.516183823292417e-03  8.879121524087076e-03 
  1.053799473788059e-02  1.030544737731655e-02 
  1.098353598856453e-02  1.133653021820162e-02 
  7.108065602260635e-03  1.172777431572157e-02 
  6.390438024909875e-03  1.162294546249548e-02 
  1.270527815295327e-02  1.079239171810423e-02 
  1.986280949901667e-02  9.527046830256517e-03 
  2.507914216811891e-02  8.047344620373851e-03 
  2.577392600593402e-02  6.530820540384622e-03 
  1.839996205410096e-02  5.545028083111985e-03 
  4.626701460176286e-03  5.233620766225951e-03 
  1.888275365580704e-02  5.758809335401590e-03 
  3.395423713098300e-02  6.900493482154099e-03 
  4.024372543802014e-02  8.164652401604511e-03 
  3.831656136631542e-02  9.244411092317752e-03 
  3.228700622042013e-02  9.904693708171815e-03 
  2.431004581793382e-02  1.015925590370152e-02 
  1.577298997803273e-02  9.852275555588690e-03 
  7.772392559872113e-03  9.298207848403859e-03 
  2.743847230053750e-03  8.492731618026220e-03 
  4.154605362900892e-03  7.566519401551709e-03 
  2.898640309572166e-03  6.854781247992750e-03 
  7.567520870501093e-03  6.677699935489111e-03 
  2.149466977416559e-02  7.159910605629353e-03 
  3.466906086262467e-02  8.170736404803642e-03 
  4.159321369472913e-02  9.494042029943309e-03 
  4.157747655858122e-02  1.072715608868969e-02 
  3.682558268800804e-02  1.166900295981381e-02 
  2.969727683042392e-02  1.212494982228253e-02 
  2.150919354012310e-02  1.227752847346246e-02 
  1.327357864633865e-02  1.209933635370273e-02 
  6.252723544444059e-03  1.161839801089584e-02 
  1.330779577268988e-03  1.101842195902001e-02 
  9.025013856571622e-04  1.049924451393291e-02 
  5.486299059009029e-03  1.036930263891631e-02 
  1.644101885395182e-02  1.089287575340252e-02 
  2.874136747136731e-02  1.175634845600831e-02 
  3.661584638095428e-02  1.309025027531827e-02 
  3.793057945697045e-02  1.439222699141777e-02 
  3.439078407218075e-02  1.543928734279271e-02 
  2.804044343745922e-02  1.616997505752755e-02 
  2.056201290454061e-02  1.653564538265476e-02 
  1.271858736027060e-02  1.650271691825417e-02 
  5.411241010861631e-03  1.631440164430638e-02 
  4.632235466171322e-04  1.588610394967459e-02 
  3.225484634659814e-03  1.548461457946873e-02 
  1.010315410432986e-03  1.531986188617217e-02 
  7.440441858923343e-03  1.564825267042111e-02 
  1.923840563197831e-02  1.656148402420610e-02 
  2.909670610144527e-02  1.784616688950566e-02 
  3.297059444689585e-02  1.923271738881925e-02 
  3.128130965441255e-02  2.047395997784547e-02 
  2.589924341441788e-02  2.134390110609924e-02 
  1.862689761298765e-02  2.196945077920142e-02 
  1.060867579396424e-02  2.226476420009895e-02 
  3.164163579550987e-03  2.206118822398338e-02 
  3.913939221859078e-03  2.178181925717818e-02 
  7.980302930293962e-03  2.134270934527069e-02 
  7.580160954241228e-03  2.111679724393693e-02 
  1.930867965625704e-03  2.127888904390234e-02 
  1.100978979785796e-02  2.207828575330478e-02 
  2.253154265628566e-02  2.329141641618198e-02 
  2.865159656636896e-02  2.482869536759563e-02 
  2.860801516758889e-02  2.615712754165712e-02 
  2.411720513353250e-02  2.724705070884146e-02 
  1.721145665107378e-02  2.808688008027691e-02 
  9.291514893598522e-03  2.844011511999683e-02 
  2.722091236417376e-03  2.847993540842125e-02 
  7.146230618694399e-03  2.821285910488826e-02 
  1.228727214525108e-02  2.781279277456952e-02 
  1.393431992103537e-02  2.754293708026305e-02 
  9.223689555939985e-03  2.747592675697040e-02 
  4.512019598326714e-03  2.804979231367081e-02 
  1.767419846338998e-02  2.944523671276239e-02 
  2.785811503370067e-02  3.111242409002608e-02 
  3.106330617916750e-02  3.288554548029739e-02 
  2.818411987624420e-02  3.430082375402802e-02 
  2.165122520611914e-02  3.544290004879389e-02 
  1.361816924928383e-02  3.605754465232290e-02 
  6.190854930601533e-03  3.626338576801676e-02 
  6.225194532894961e-03  3.619649344027739e-02 
  1.145781952730307e-02  3.563341123963019e-02 
  1.365415024569822e-02  3.523642990560638e-02 
  9.403220655772889e-03  3.517516554231303e-02 
  7.923298676175991e-03  3.576554934278560e-02 
  2.551945982594609e-02  3.723527794421994e-02 
  4.200648838682219e-02  3.944801911812342e-02 
  5.045025635450832e-02  4.187620334392982e-02 
  5.081223258934634e-02  4.407793092719586e-02 
  4.611284074098838e-02  4.594086837737349e-02 
  3.891914827303182e-02  4.723876119415873e-02 
  3.086263320412130e-02  4.788309897400779e-02 
  2.348891884348772e-02  4.831920720429669e-02 
  1.841886553480904e-02  4.798630941402611e-02 
  1.777532611970415e-02  4.779118509401822e-02 
  2.529362219842482e-02  4.802775095945053e-02 
  4.587083833571331e-02  4.903976721733234e-02 
  7.959576797716471e-02  5.148304196089147e-02 
  1.160596689311812e-01  5.553688282358712e-02 
  1.441794542764491e-01  6.033952680145346e-02 
  1.595830926936437e-01  6.538939211310522e-02 
  1.669892743036088e-01  7.010323346941300e-02 
  1.711351923712615e-01  7.378538539108918e-02 
  1.764876325351742e-01  7.685455282779612e-02 
  1.856195550869344e-01  7.867625875627202e-02 
  2.034825996149686e-01  7.969049968508715e-02 
  2.373419069186041e-01  7.995643093398867e-02 
  2.992958378473007e-01  7.974240873158192e-02 
  4.054923146399013e-01  8.014846330578303e-02 
  5.640448358580015e-01  8.076257363222679e-02 
  7.515210980227898e-01  8.178331307136175e-02 
  8.983121575720530e-01  8.079166343587069e-02 
  9.363022723065658e-01  7.680787501811913e-02 
  8.575994175126620e-01  6.998387731181994e-02 
  7.111044188331103e-01  6.087021700013767e-02 
  5.523352711361369e-01  5.206349874586638e-02 
  4.173110911300603e-01  4.492919630624524e-02 
  3.122650488949871e-01  3.919954264663381e-02 
  2.222228828852084e-01  6.610814941544071e-02 
  3.217889875753519e-01  6.442317877283465e-02 
  4.560268116909597e-01  6.467669213871617e-02 
  6.232545782247018e-01  6.668089187481441e-02 
  7.965785860939478e-01  6.832878526595695e-02 
  9.135377058687280e-01  6.653008066336792e-02 
  9.174414916399748e-01  5.909100821413852e-02 
  7.885182100314421e-01  4.655132533153060e-02 
  5.990286269636029e-01  3.036821042244258e-02 
  4.247118488711802e-01  1.432059458274233e-02 
  3.036918081864918e-01  3.682282466399626e-03 
  2.318757476988869e-01  8.695535851167875e-03 
  1.914507523611934e-01  1.380406513947805e-02 
  1.693102213028115e-01  1.589580403095023e-02 
  1.566969803331805e-01  1.613808505259551e-02 
  1.492646879518171e-01  1.470425074722095e-02 
  1.434511147174859e-01  1.219997245136901e-02 
  1.355101504240176e-01  9.876427953639222e-03 
  1.211211476946411e-01  6.946785674126306e-03 
  9.615768018320518e-02  5.429646430764408e-03 
  6.154591424443259e-02  4.951368506727954e-03 
  2.690537362880150e-02  5.189795558109980e-03 
  6.301225580062161e-03  6.565251989977847e-03 
  1.071551817793962e-02  7.966161376662216e-03 
  1.153336210200352e-02  8.819161588344820e-03 
  7.799563125551099e-03  9.021500966807358e-03 
  5.576790467380324e-03  8.998165982253019e-03 
  1.057093925926599e-02  7.976902797670207e-03 
  1.718575148490760e-02  7.231273705522686e-03 
  2.204309017929088e-02  5.737434624734626e-03 
  2.243436220764193e-02  4.701462755257907e-03 
  1.542590410947719e-02  3.782990494110712e-03 
  4.313956657093911e-03  3.439116992650016e-03 
  2.006038562844066e-02  3.877962454247329e-03 
  3.442475652939855e-02  4.819655535652323e-03 
  4.027793784375428e-02  6.034477189719251e-03 
  3.874920773592139e-02  7.065557743021632e-03 
  3.310806333878139e-02  7.541335288632848e-03 
  2.537797571011651e-02  7.973511960158573e-03 
  1.739464129643454e-02  7.812918607654318e-03 
  9.667404206373681e-03  7.286732053266822e-03 
  3.664520684064668e-03  6.513027321500924e-03 
  2.743361739187807e-03  5.899571242716208e-03 
  2.607590723524587e-03  5.293082949445587e-03 
  9.530719267875383e-03  5.114427775449855e-03 
  2.272662926114454e-02  5.547222680727565e-03 
  3.523286237248305e-02  6.429149874084899e-03 
  4.201348207901005e-02  7.660412389386882e-03 
  4.195677292640732e-02  8.812843339405978e-03 
  3.735050063745630e-02  9.669653233719055e-03 
  3.054550273389228e-02  1.010029945515922e-02 
  2.279019952440963e-02  1.029531881609759e-02 
  1.491290761317612e-02  9.974283315100980e-03 
  7.986564940851410e-03  9.678162281563655e-03 
  3.279331550324785e-03  9.288044767628002e-03 
  2.456082085315867e-03  8.919522389783096e-03 
  7.276592883812344e-03  8.695727065387444e-03 
  1.779671220328136e-02  9.382855974098133e-03 
  2.948220267191913e-02  1.005774336735479e-02 
  3.699223551311181e-02  1.148129563884068e-02 
  3.826333564240432e-02  1.254033533767933e-02 
  3.488687967622222e-02  1.339780338012992e-02 
  2.877320748050023e-02  1.394290601732529e-02 
  2.156237661916769e-02  1.421140774050233e-02 
  1.404073612096522e-02  1.445919284400177e-02 
  7.052213104373356e-03  1.407300201986193e-02 
  1.551391570505073e-03  1.374225806910622e-02 
  1.183948133987485e-03  1.356952826552004e-02 
  1.082576579645934e-03  1.342703898872297e-02 
  9.046044657114553e-03  1.382848331415988e-02 
  2.025310327949695e-02  1.452240017909849e-02 
  2.963291514292030e-02  1.576425313691948e-02 
  3.336898351365995e-02  1.688256187130784e-02 
  3.164109301135160e-02  1.790621109282962e-02 
  2.646146151373256e-02  1.880096106335281e-02 
  1.949913416020229e-02  1.915206910068062e-02 
  1.190177613983111e-02  1.961039764245882e-02 
  4.573646317783153e-03  1.933122830728523e-02 
  2.352886497067012e-03  1.929633365686550e-02 
  6.174570836885124e-03  1.911810092808677e-02 
  5.763126831359534e-03  1.886692617123178e-02 
  1.865595465006855e-03  1.928547988565350e-02 
  1.217112933354133e-02  1.982052482835714e-02 
  2.306477792147839e-02  2.099301905618205e-02 
  2.895504054312023e-02  2.231043561298242e-02 
  2.886533667850827e-02  2.357570833307437e-02 
  2.448270938135222e-02  2.453519985841669e-02 
  1.795861861017770e-02  2.501100828047544e-02 
  1.044446207765354e-02  2.547542570610168e-02 
  3.543822224111381e-03  2.547870497399450e-02 
  5.490430233575882e-03  2.526988409776566e-02 
  1.025904600572538e-02  2.502305900539823e-02 
  1.149671266791572e-02  2.492027611685160e-02 
  7.297376056455701e-03  2.489593549153273e-02 
  5.397749518929793e-03  2.542116502915407e-02 
  1.789523176373252e-02  2.666371139969658e-02 
  2.776483375133741e-02  2.821466836876921e-02 
  3.083547035234813e-02  2.974693674803446e-02 
  2.813367572476880e-02  3.092081625458906e-02 
  2.214538461391130e-02  3.183856240735104e-02 
  1.453289304515483e-02  3.234283610432569e-02 
  7.271973328886129e-03  3.241235224452153e-02 
  5.116302656255403e-03  3.215462507154462e-02 
  9.350405112426187e-03  3.198656468999782e-02 
  1.138446109725689e-02  3.170507975470312e-02 
  7.633828120671013e-03  3.174974561558839e-02 
  9.139638688211349e-03  3.231930402822843e-02 
  2.582752421358510e-02  3.354020401799960e-02 
  4.133255738431354e-02  3.539468079325506e-02 
  4.937922589988030e-02  3.746759352074290e-02 
  5.005681089451615e-02  3.935882729032925e-02 
  4.588170807660925e-02  4.066596663576726e-02 
  3.931071358327618e-02  4.162783265329693e-02 
  3.194246866078040e-02  4.200456098549694e-02 
  2.522950776406299e-02  4.229852760313225e-02 
  2.067548602189070e-02  4.237674060282716e-02 
  2.054736933565227e-02  4.215348642334665e-02 
  2.806592287087494e-02  4.251477157257808e-02 
  4.779283328154911e-02  4.353021377860023e-02 
  7.928205112747411e-02  4.574183679338914e-02 
  1.137305599452879e-01  4.866385954682327e-02 
  1.407561007320345e-01  5.277326935826792e-02 
  1.561936333008082e-01  5.697634682962018e-02 
  1.643413602780849e-01  6.049768412387026e-02 
  1.697635613353921e-01  6.387999890176703e-02 
  1.762496557381160e-01  6.593688100880345e-02 
  1.871303058330639e-01  6.841564095137585e-02 
  2.069621738407765e-01  6.946200261110345e-02 
  2.434145460414726e-01  7.093184395815814e-02 
  3.079004881020616e-01  7.181913994185796e-02 
  4.150361515256467e-01  7.391502872239265e-02 
  5.743986722898083e-01  7.614336225487316e-02 
  7.581037193956337e-01  7.807346422056954e-02 
  8.995001236315032e-01  7.823841613951417e-02 
  9.396044768893648e-01  7.563176751845598e-02 
  8.612919286576064e-01  6.887746424624949e-02 
  7.130797070163032e-01  6.099830961360225e-02 
  5.575484045155609e-01  5.212446374553726e-02 
  4.220683410677752e-01  4.509737360125456e-02 
  3.150985664716165e-01  3.922130141138966e-02 
  2.340876368413802e-01  6.044027059001487e-02 
  3.337404347700518e-01  6.019675076314253e-02 
  4.645471792573964e-01  6.183879239918520e-02 
  6.274580960901880e-01  6.505223167292251e-02 
  7.962428166947463e-01  6.792041799908609e-02 
  9.135908207449310e-01  6.781353750261818e-02 
  9.154698110333325e-01  6.264753681326923e-02 
  7.909768581043861e-01  5.318659037991409e-02 
  6.049252008784066e-01  4.064080951737826e-02 
  4.303760818094990e-01  2.913529032027119e-02 
  3.075017398565077e-01  1.938841691871055e-02 
  2.326927902777045e-01  1.373459475803258e-02 
  1.900937452859047e-01  9.536248289394570e-03 
  1.661549283055039e-01  8.574956982109156e-03 
  1.523218225194098e-01  6.971049233803802e-03 
  1.439621511207596e-01  7.860597338898411e-03 
  1.374417661792046e-01  7.438159724253822e-03 
  1.291801627534759e-01  8.434270006855942e-03 
  1.152685758271034e-01  8.674625808541088e-03 
  9.129262133101247e-02  8.261660607373574e-03 
  5.862417949502965e-02  7.648898536582458e-03 
  2.571107749602613e-02  6.796741457051093e-03 
  6.156399260964405e-03  5.959300699764707e-03 
  1.086551529236652e-02  4.860479323727688e-03 
  1.225463632341985e-02  4.477784101171632e-03 
  9.112104199349529e-03  4.639419568939389e-03 
  5.509938194707809e-03  4.865715925801255e-03 
  8.100941152986520e-03  5.413319370619308e-03 
  1.397254694303428e-02  5.469315165316461e-03 
  1.834630365533263e-02  5.987223907519351e-03 
  1.876230222638723e-02  6.480061833819673e-03 
  1.231261294546448e-02  6.006209824095347e-03 
  5.230862177073132e-03  6.042953466561391e-03 
  2.126694350451657e-02  4.899414125811439e-03 
  3.484172730709216e-02  4.166684815985125e-03 
  4.073327013505806e-02  3.956755821487419e-03 
  3.973753535981384e-02  3.290692110696466e-03 
  3.441107398624265e-02  3.447013227784525e-03 
  2.730320169760249e-02  3.062854385289440e-03 
  1.954563018374346e-02  3.415356164289579e-03 
  1.194194529465645e-02  3.305327142886988e-03 
  5.990849746063053e-03  3.322195992385562e-03 
  3.344299988665702e-03  3.300667675379460e-03 
  4.342581994914154e-03  3.110878862299485e-03 
  1.184349626357757e-02  2.815492987574087e-03 
  2.438431878432152e-02  2.261075165771402e-03 
  3.632553567720356e-02  1.942350492304068e-03 
  4.260907217096752e-02  1.902991506795223e-03 
  4.281953801926566e-02  2.058579056252574e-03 
  3.869805409535852e-02  2.105370822860606e-03 
  3.205223567455191e-02  2.428640315266809e-03 
  2.458737003796761e-02  2.173345889059163e-03 
  1.706159102057583e-02  2.493070730638136e-03 
  1.029192179230148e-02  2.293888214016526e-03 
  5.638353845697113e-03  2.480708301586135e-03 
  4.766119502676117e-03  2.583651305097240e-03 
  9.527501534090450e-03  2.950014835280871e-03 
  1.948564236621881e-02  3.362053731929925e-03 
  3.069143024515627e-02  4.227070586166681e-03 
  3.780131668910532e-02  5.002012238606557e-03 
  3.921153351644300e-02  5.572874333915932e-03 
  3.616546282923495e-02  5.932226847058745e-03 
  3.032307760289021e-02  5.980407121838032e-03 
  2.331486887974494e-02  6.389213490791816e-03 
  1.596570231150774e-02  6.451715379033727e-03 
  9.193119963364841e-03  6.598714673481221e-03 
  3.777925829783676e-03  6.674427961650572e-03 
  1.329016819928428e-03  6.885977510949334e-03 
  3.307349016502260e-03  7.464037282096296e-03 
  1.080358087471281e-02  8.075608379482834e-03 
  2.151423843098490e-02  8.625251155700363e-03 
  3.048158018588783e-02  9.810337535084200e-03 
  3.423391179631864e-02  1.022954224049426e-02 
  3.277386250305957e-02  1.064897726890070e-02 
  2.793317661841250e-02  1.111173562656265e-02 
  2.113354862227959e-02  1.128923594791528e-02 
  1.370191841787292e-02  1.131111323216263e-02 
  6.466167156972537e-03  1.142498924721804e-02 
  1.447041469528994e-03  1.144024301789969e-02 
  3.929132978029373e-03  1.183791998070202e-02 
  3.612073071118206e-03  1.198957669135225e-02 
  3.302549056279094e-03  1.286086856893066e-02 
  1.357690494358873e-02  1.352324138176169e-02 
  2.407769880160122e-02  1.452270113377636e-02 
  2.983142005126032e-02  1.525570211411542e-02 
  2.992968715802878e-02  1.573840982277230e-02 
  2.591389694804661e-02  1.605509759942994e-02 
  1.948448706621570e-02  1.640227919265446e-02 
  1.204696302451241e-02  1.647745559742463e-02 
  5.021430745498826e-03  1.628069536099585e-02 
  3.782421533869016e-03  1.682055804446368e-02 
  8.167426358853589e-03  1.689892583681249e-02 
  9.528655536619222e-03  1.717991457401085e-02 
  5.608576234253136e-03  1.782980116409794e-02 
  6.806197189948088e-03  1.860339039934627e-02 
  1.921197785510847e-02  1.954547143328306e-02 
  2.863487735701632e-02  2.043736964655101e-02 
  3.173560466077523e-02  2.110762889506709e-02 
  2.924986576749279e-02  2.161726268623739e-02 
  2.345981739572918e-02  2.179071597281430e-02 
  1.617774096798473e-02  2.207277823714018e-02 
  8.704493942106773e-03  2.200403869484956e-02 
  4.675138996162580e-03  2.196852506520856e-02 
  7.593656141382933e-03  2.221007371655145e-02 
  9.279541692601654e-03  2.239955290993654e-02 
  6.077573606688256e-03  2.298912808632000e-02 
  1.055167065694424e-02  2.388037267105286e-02 
  2.696989634913868e-02  2.503465725916123e-02 
  4.195786945333851e-02  2.589686542800672e-02 
  5.003844757202149e-02  2.720980942300488e-02 
  5.086363890121660e-02  2.768867348695574e-02 
  4.704809868830814e-02  2.808056552728462e-02 
  4.081276113215953e-02  2.854571661112912e-02 
  3.375472136521734e-02  2.858857444366644e-02 
  2.733649798695029e-02  2.876472987564171e-02 
  2.298091557999241e-02  2.889139420544411e-02 
  2.285248998953629e-02  2.920580290147332e-02 
  3.042687689517919e-02  3.002199166176870e-02 
  4.981461491035476e-02  3.118867321496537e-02 
  8.029199102337449e-02  3.308268501729347e-02 
  1.138571549144570e-01  3.506995026658206e-02 
  1.401946295457565e-01  3.714266403255190e-02 
  1.560323061426346e-01  3.894035890479696e-02 
  1.647761788493769e-01  4.029451659517163e-02 
  1.708808428153649e-01  4.178327718784786e-02 
  1.781953747909951e-01  4.330168037377816e-02 
  1.900897403088235e-01  4.431500983244994e-02 
  2.107715442059958e-01  4.629552889698275e-02 
  2.482551275727313e-01  4.910058313719531e-02 
  3.150589544088015e-01  5.255698579909222e-02 
  4.225681181495036e-01  5.838893447598423e-02 
  5.843427060013625e-01  6.441361897879415e-02 
  7.680259202654458e-01  7.051561533320393e-02 
  9.095937705401106e-01  7.377784234417201e-02 
  9.431240667517012e-01  7.271845614700120e-02 
  8.628270011459717e-01  6.741008115713359e-02 
  7.146797509179152e-01  5.966175165539862e-02 
  5.559672727090053e-01  5.166601313202776e-02 
  4.195316956396157e-01  4.434762841955590e-02 
  3.142041937571326e-01  3.895564056124418e-02 
  2.423768167464733e-01  5.480966529707484e-02 
  3.390284369410383e-01  5.602184402017847e-02 
  4.685195067255821e-01  5.907312556087747e-02 
  6.314958885685287e-01  6.357714916391853e-02 
  7.994423064441941e-01  6.773358304538690e-02 
  9.188685291296825e-01  6.950564053997778e-02 
  9.248686900988964e-01  6.694718954952920e-02 
  7.992184064379149e-01  6.102183313681268e-02 
  6.097880754386577e-01  5.370768709251129e-02 
  4.331876108984902e-01  4.693186362229099e-02 
  3.072954482258191e-01  4.264150751476448e-02 
  2.304272449780214e-01  3.944413622324601e-02 
  1.867809273799591e-01  3.829420430689232e-02 
  1.625085358137440e-01  3.585250871131895e-02 
  1.487462677110121e-01  3.507961351997775e-02 
  1.404206494641789e-01  3.354603146534858e-02 
  1.343625778029343e-01  3.253601053357893e-02 
  1.266049620441664e-01  2.972672051531403e-02 
  1.126929966207849e-01  2.807786942264458e-02 
  8.913213869048997e-02  2.474208246143503e-02 
  5.614026100058207e-02  2.276129670140594e-02 
  2.374101199111812e-02  2.105105422787903e-02 
  5.804210137298206e-03  1.978320721755333e-02 
  1.325066509094400e-02  2.006538513508806e-02 
  1.466008294076772e-02  1.980284325848806e-02 
  1.124334604220952e-02  2.020756339789571e-02 
  6.315565990351754e-03  1.982753385057640e-02 
  6.462822486444672e-03  2.008752591236986e-02 
  1.188779691928172e-02  1.992069104764514e-02 
  1.648915032724362e-02  1.922667122695093e-02 
  1.688005189161598e-02  1.788683702680852e-02 
  1.085736723259415e-02  1.666080955056424e-02 
  6.092766400247125e-03  1.530418651922729e-02 
  2.291435712467893e-02  1.427915145296278e-02 
  3.688581021343200e-02  1.389726855391278e-02 
  4.276665935180747e-02  1.401935231596119e-02 
  4.183242849440796e-02  1.432063250333828e-02 
  3.657160558516297e-02  1.433946175528264e-02 
  2.932370740181612e-02  1.470671072131081e-02 
  2.141973420271512e-02  1.491248603576829e-02 
  1.370610729838734e-02  1.471187241713140e-02 
  7.486570650678810e-03  1.387577662922635e-02 
  4.270501978147175e-03  1.333491494670311e-02 
  5.338250843723216e-03  1.155019323378538e-02 
  1.302026811506435e-02  1.068371760233544e-02 
  2.577185489079523e-02  9.353434299200280e-03 
  3.795399336817493e-02  8.942900525612713e-03 
  4.472043582889476e-02  8.738746677159607e-03 
  4.485991303958815e-02  8.738363367032305e-03 
  4.070566717988999e-02  9.018997156460441e-03 
  3.405299599942855e-02  9.223922599157124e-03 
  2.630472266824571e-02  9.475942134295949e-03 
  1.857146770240995e-02  9.214905800573617e-03 
  1.170516600623213e-02  8.779030341352648e-03 
  6.779639125835334e-03  7.981336106299398e-03 
  5.855380571504531e-03  6.913510073816372e-03 
  1.055628792959516e-02  5.586121146060781e-03 
  2.090302920658456e-02  4.748372159719255e-03 
  3.232133773922876e-02  3.851812604528253e-03 
  3.972865179455792e-02  3.806905970534563e-03 
  4.121173773425040e-02  3.639532903423277e-03 
  3.797373605201924e-02  4.254876901875161e-03 
  3.212230322354979e-02  3.878345541791183e-03 
  2.503004482550798e-02  4.369951329238766e-03 
  1.757160885871091e-02  4.305790051612582e-03 
  1.052796608853477e-02  3.901144616269491e-03 
  5.070172406598428e-03  3.256532374290554e-03 
  2.276309062264074e-03  2.579454074810438e-03 
  4.378255252631460e-03  1.972774747039323e-03 
  1.192669401520653e-02  2.069055069962610e-03 
  2.307948041436562e-02  2.605333957283251e-03 
  3.230330272716305e-02  2.861514823334328e-03 
  3.620635267029574e-02  2.916239244058799e-03 
  3.472680092130345e-02  2.615230966445739e-03 
  2.977762301017829e-02  2.401913980491850e-03 
  2.298789090307436e-02  2.322348007553050e-03 
  1.536355351016493e-02  2.380038870729559e-03 
  7.988445513687931e-03  2.459564692268838e-03 
  2.155794588273179e-03  3.001351428632138e-03 
  2.935287717968673e-03  3.505897784849917e-03 
  2.630746052329247e-03  4.447282832275462e-03 
  4.510866532380922e-03  6.014955241296389e-03 
  1.520207172934030e-02  6.707203758558059e-03 
  2.594687606164840e-02  7.295935736198383e-03 
  3.178609868345314e-02  7.372612359933516e-03 
  3.198167660094162e-02  6.987877772897205e-03 
  2.784754583102498e-02  6.798168893814748e-03 
  2.142556717673154e-02  6.192838437196558e-03 
  1.391523923874102e-02  6.176240515830785e-03 
  6.492844881024857e-03  6.052039445913752e-03 
  3.017758816278831e-03  6.517570686212146e-03 
  6.880464800021500e-03  7.159640235358089e-03 
  8.419216496806436e-03  8.200928018371943e-03 
  4.659034510473559e-03  9.458151146467208e-03 
  7.982795932661468e-03  1.055515949130650e-02 
  2.083295267865419e-02  1.121382953593747e-02 
  3.065029277991740e-02  1.148610679692143e-02 
  3.389522158362079e-02  1.108523871850037e-02 
  3.143548949900263e-02  1.058497045146816e-02 
  2.556777744757761e-02  9.744792591200467e-03 
  1.801866982716308e-02  9.669538568622058e-03 
  1.032389139872730e-02  9.373115097639504e-03 
  4.943093523135197e-03  9.585974072350810e-03 
  6.562007574776164e-03  1.013926794327561e-02 
  8.220365490151340e-03  1.126917439958201e-02 
  5.534674407226939e-03  1.251056863915643e-02 
  1.160781231312415e-02  1.382306021925905e-02 
  2.842289281918322e-02  1.479822069719248e-02 
  4.382540390812332e-02  1.508860015602581e-02 
  5.221497535693816e-02  1.465036854671088e-02 
  5.322194322832371e-02  1.381620282029246e-02 
  4.944839244687477e-02  1.308982378124189e-02 
  4.303430835221782e-02  1.220482200350817e-02 
  3.593395978000644e-02  1.181392474326671e-02 
  2.928687120888245e-02  1.146885732348165e-02 
  2.483076372081005e-02  1.217239396360853e-02 
  2.439665739404880e-02  1.309271607528855e-02 
  3.196726839539733e-02  1.460172954081867e-02 
  5.139073479667404e-02  1.623702465002809e-02 
  8.193624882687434e-02  1.763393152362482e-02 
  1.159218296972729e-01  1.868688229212542e-02 
  1.430380159124929e-01  1.790609358607719e-02 
  1.590377516457669e-01  1.757508564282463e-02 
  1.682894446895314e-01  1.599856204843289e-02 
  1.741150562052119e-01  1.515541907832199e-02 
  1.812666160971889e-01  1.465460948905170e-02 
  1.929250748303881e-01  1.532910326968673e-02 
  2.139330226672876e-01  1.738972643540819e-02 
  2.510101177142111e-01  2.124677407976459e-02 
  3.175878486552487e-01  2.804051269224838e-02 
  4.254821326285774e-01  3.777301925197130e-02 
  5.843231293217005e-01  4.902899035593675e-02 
  7.667581085201139e-01  6.024204414371839e-02 
  9.071524490411329e-01  6.737612037613074e-02 
  9.429473131705788e-01  6.910104258717896e-02 
  8.639347189947728e-01  6.550100295741987e-02 
  7.166312251407372e-01  5.888212840472860e-02 
  5.593589319546982e-01  5.118693200627007e-02 
  4.217327495699115e-01  4.427937681315611e-02 
  3.149276027930085e-01  3.898345258960668e-02 
  2.486643790178708e-01  4.941444819323438e-02 
  3.466281484812788e-01  5.190871762307603e-02 
  4.738279524191348e-01  5.624280213271159e-02 
  6.326016602426228e-01  6.196280219650123e-02 
  7.966536079966031e-01  6.721501501736306e-02 
  9.113073591372941e-01  7.026809018229892e-02 
  9.146035386848544e-01  7.005081622395248e-02 
  7.898254568669947e-01  6.713400398325435e-02 
  6.034167721792317e-01  6.414589218822617e-02 
  4.272393811968280e-01  6.181375834780090e-02 
  3.030780451368543e-01  6.171032021850340e-02 
  2.269872573471310e-01  6.180614408484413e-02 
  1.839809586132471e-01  6.211577383367402e-02 
  1.604149821779544e-01  6.128236257624516e-02 
  1.475266318953987e-01  6.040507112068916e-02 
  1.400457318277416e-01  5.747576362086028e-02 
  1.345490938852013e-01  5.435391739275471e-02 
  1.275405329335552e-01  4.993501101362576e-02 
  1.142661454077827e-01  4.534743218418180e-02 
  9.027413326047756e-02  4.035417286031377e-02 
  5.678119487652691e-02  3.645734600331212e-02 
  2.202273116762350e-02  3.372737955200884e-02 
  6.500440349191122e-03  3.298698325447656e-02 
  1.564566501220255e-02  3.351017531984033e-02 
  1.708602066816226e-02  3.412035570163956e-02 
  1.314327901079515e-02  3.489283445566685e-02 
  7.198194499536346e-03  3.487238092433293e-02 
  5.776313121558033e-03  3.492680021568958e-02 
  1.142524251742336e-02  3.347404533702677e-02 
  1.651249227216217e-02  3.169660881364681e-02 
  1.730170398404531e-02  2.947304451207959e-02 
  1.102249542837631e-02  2.669001390211767e-02 
  6.329908428836827e-03  2.444707472547798e-02 
  2.410340662442781e-02  2.294117986990733e-02 
  3.898119309170477e-02  2.256612035007212e-02 
  4.538238620794666e-02  2.314067644305434e-02 
  4.429362529352539e-02  2.395643553033550e-02 
  3.880234094543951e-02  2.489735719237129e-02 
  3.112007087227674e-02  2.523876791117222e-02 
  2.271326026393533e-02  2.542139331432207e-02 
  1.456223808872444e-02  2.480958787271228e-02 
  7.914850705710668e-03  2.365646237173053e-02 
  4.333222378716886e-03  2.225436209174507e-02 
  5.344753463391412e-03  1.995612887897945e-02 
  1.330420803930002e-02  1.799159018007989e-02 
  2.677438952360171e-02  1.651191521699261e-02 
  3.993080608203337e-02  1.606025919364369e-02 
  4.708353125335132e-02  1.605517523289727e-02 
  4.739852503789550e-02  1.694352235529578e-02 
  4.292874846815358e-02  1.774642181261018e-02 
  3.596119188259055e-02  1.843205255324287e-02 
  2.789318950230876e-02  1.852632378684954e-02 
  1.973141710906083e-02  1.819473983384014e-02 
  1.242060719647650e-02  1.754381544247309e-02 
  7.147326592679882e-03  1.603892291051011e-02 
  6.024272763549733e-03  1.433488456371214e-02 
  1.087614220606277e-02  1.241733220214308e-02 
  2.198335268025310e-02  1.087661735254703e-02 
  3.434829446190200e-02  1.007244953121779e-02 
  4.235302917194151e-02  1.017042964791133e-02 
  4.398202057468102e-02  1.069946099859566e-02 
  4.056254793486453e-02  1.156722011661815e-02 
  3.445641403657358e-02  1.226019986270822e-02 
  2.678672859304898e-02  1.262151826179500e-02 
  1.884197951845465e-02  1.245433949341325e-02 
  1.141995459990450e-02  1.201460922645044e-02 
  5.443027485575466e-03  1.076809305614860e-02 
  2.490540035228792e-03  9.258888411626245e-03 
  4.678481078537110e-03  7.578305347089596e-03 
  1.282919414448664e-02  5.974014879936614e-03 
  2.461263874722347e-02  4.958723584860469e-03 
  3.467757162121556e-02  4.602639391107720e-03 
  3.892613884352236e-02  5.201695792119602e-03 
  3.735789760252881e-02  5.868952573074724e-03 
  3.218994816684394e-02  6.764624590458829e-03 
  2.491955756564846e-02  7.234278101868105e-03 
  1.689293369192367e-02  7.351315297246272e-03 
  8.979436371424081e-03  7.018998506448312e-03 
  2.634878704030989e-03  6.230081098296382e-03 
  2.768826401201806e-03  4.945435021460968e-03 
  2.593005138328176e-03  3.400913609018261e-03 
  4.898305042547790e-03  2.263463523075714e-03 
  1.648859980519372e-02  2.063008417557668e-03 
  2.810984995113262e-02  2.072714091515567e-03 
  3.466912073402341e-02  1.912965774538085e-03 
  3.485831799001985e-02  1.923325767302189e-03 
  3.055414444121092e-02  2.382964376369931e-03 
  2.359546700434188e-02  3.027461995219203e-03 
  1.566821157432688e-02  3.392980002393186e-03 
  7.676795600064278e-03  3.273630814194906e-03 
  2.923496830759119e-03  2.809139457876373e-03 
  6.826985451724124e-03  2.114961665370601e-03 
  8.334557120915140e-03  1.840602044095246e-03 
  4.455318717719139e-03  2.856584990970065e-03 
  9.010067143423613e-03  4.152473790873232e-03 
  2.294468909907820e-02  4.808950425027575e-03 
  3.358064065315160e-02  4.467118261088477e-03 
  3.701865857193136e-02  3.571522578516444e-03 
  3.439241537762835e-02  2.401913980491850e-03 
  2.796113699812329e-02  1.564240406046544e-03 
  2.003960363683837e-02  1.396136238797831e-03 
  1.166031753596002e-02  1.442850884424468e-03 
  5.391002427339412e-03  1.351153529373168e-03 
  6.288036114816617e-03  1.440694174201241e-03 
  8.241574283122966e-03  2.683589599137825e-03 
  5.595509370587101e-03  4.311527395916056e-03 
  1.256416344352549e-02  5.984949634309636e-03 
  3.065977245561972e-02  6.804985434978345e-03 
  4.739250094037065e-02  6.535325153424892e-03 
  5.609900098435944e-02  5.259771772144475e-03 
  5.686840888876534e-02  3.315802846210736e-03 
  5.282867002753455e-02  1.664216792991904e-03 
  4.589429230463007e-02  6.242402962303953e-04 
  3.802345070089548e-02  1.094779483490262e-03 
  3.070413220531771e-02  1.372951671026160e-03 
  2.544585378687081e-02  8.440280888923162e-04 
  2.452518417042460e-02  8.643240549669532e-04 
  3.192017233202056e-02  2.739201620979987e-03 
  5.213007231391163e-02  4.979558627943848e-03 
  8.459898010522615e-02  6.355130162839128e-03 
  1.204607124360838e-01  6.261893110387758e-03 
  1.484893914423817e-01  4.349733506382958e-03 
  1.650746280459477e-01  1.406110333887704e-03 
  1.734167837470189e-01  1.918164945552422e-03 
  1.787668251959000e-01  4.651475095075069e-03 
  1.848567346831598e-01  6.142542923912284e-03 
  1.953914147129634e-01  6.316463632485553e-03 
  2.147039959583892e-01  4.160600816829586e-03 
  2.500620155593779e-01  1.638260461774411e-03 
  3.136440674962160e-01  1.022696453717513e-02 
  4.203998741754338e-01  2.270033153257418e-02 
  5.836005296567242e-01  3.807853663340334e-02 
  7.695277354634679e-01  5.250927234151735e-02 
  9.131763963290698e-01  6.274951883730270e-02 
  9.496232244027176e-01  6.630093453783291e-02 
  8.679233597817364e-01  6.401029076925803e-02 
  7.148199707237938e-01  5.777890406457261e-02 
  5.560177773919154e-01  5.063955725960528e-02 
  4.196204811157954e-01  4.384088878456251e-02 
  3.142901189787072e-01  3.867104873220696e-02 
  2.533432732179432e-01  4.505667091260991e-02 
  3.483671354025087e-01  4.865919277658434e-02 
  4.770690883231841e-01  5.373457273768957e-02 
  6.353701789227164e-01  6.017746652987343e-02 
  8.004982325715623e-01  6.624909500887552e-02 
  9.169828797296896e-01  7.005805081124612e-02 
  9.176901650674217e-01  7.062748637010216e-02 
  7.891452147577944e-01  6.860480748837307e-02 
  5.956308416859871e-01  6.629786607161606e-02 
  4.163198106660249e-01  6.573449789860501e-02 
  2.920137001730689e-01  6.681123504238531e-02 
  2.199573493013089e-01  6.860915965602783e-02 
  1.803901116529682e-01  6.981599791680027e-02 
  1.589768828867238e-01  6.976686367730606e-02 
  1.481661777032328e-01  6.833445735033605e-02 
  1.425062058473230e-01  6.582327703498017e-02 
  1.381262837431944e-01  6.216903840466332e-02 
  1.321024363626543e-01  5.702499422932179e-02 
  1.191344536184784e-01  5.157278089975381e-02 
  9.400333842703469e-02  4.602524404582053e-02 
  5.807009377699187e-02  4.134472903531149e-02 
  2.107119554067314e-02  3.831014978582086e-02 
  8.200612245491078e-03  3.736853310216064e-02 
  1.884543981073132e-02  3.786567909462276e-02 
  1.969682731366349e-02  3.889433943374718e-02 
  1.484829978731438e-02  3.983800208479476e-02 
  7.884583872832583e-03  4.017516323377455e-02 
  5.761666642975945e-03  3.951295410211098e-02 
  1.231412697334741e-02  3.828699662475663e-02 
  1.829153815810442e-02  3.626987008630397e-02 
  1.958027230873335e-02  3.364774003786724e-02 
  1.286237382042438e-02  3.045505933740110e-02 
  6.021479711132522e-03  2.779931534276079e-02 
  2.568014534149215e-02  2.602121373769738e-02 
  4.204667203370226e-02  2.569914057537239e-02 
  4.866343121312203e-02  2.631518030257009e-02 
  4.715390643095287e-02  2.745628979032436e-02 
  4.081506358106029e-02  2.852722976226312e-02 
  3.244909040270944e-02  2.921000625682115e-02 
  2.304734099173802e-02  2.920565159196089e-02 
  1.423691779421486e-02  2.863933635078855e-02 
  6.858826661616519e-03  2.733948314881925e-02 
  3.102234886027524e-03  2.541519229583909e-02 
  4.029348463378076e-03  2.313513030827657e-02 
  1.258457424711746e-02  2.083504534573639e-02 
  2.774781736785401e-02  1.902355813833309e-02 
  4.219865193753658e-02  1.840193956186989e-02 
  4.993469221907122e-02  1.869288998550223e-02 
  5.016206162381451e-02  1.964610224803666e-02 
  4.527062885964634e-02  2.071060568064746e-02 
  3.761481042624949e-02  2.151836401626067e-02 
  2.877582458347953e-02  2.175520349625398e-02 
  1.996533848093025e-02  2.145836113469312e-02 
  1.181188819117151e-02  2.052228431424299e-02 
  5.973163152965462e-03  1.901759305592232e-02 
  4.757305346188958e-03  1.691302535744080e-02 
  1.021820772981597e-02  1.484431973021902e-02 
  2.246274502082777e-02  1.318637432464028e-02 
  3.636807611945866e-02  1.226231589529450e-02 
  4.529565846239755e-02  1.240920330948914e-02 
  4.688947037940051e-02  1.314728871007572e-02 
  4.314869122803188e-02  1.415102668735281e-02 
  3.626658622693020e-02  1.502023577810068e-02 
  2.811217044968167e-02  1.544895293121516e-02 
  1.951937139082231e-02  1.542903804757207e-02 
  1.127233475029448e-02  1.477333683704585e-02 
  4.760222769604469e-03  1.355012027007649e-02 
  1.481804049764348e-03  1.186583486407271e-02 
  3.708156691572119e-03  9.879313110877733e-03 
  1.296392701559587e-02  8.070988899519864e-03 
  2.631986015237570e-02  6.954026638753047e-03 
  3.756893010956946e-02  6.671927985047579e-03 
  4.209978494537221e-02  7.344883302627618e-03 
  4.030881931004425e-02  8.328364034150174e-03 
  3.434143014710563e-02  9.349043919633338e-03 
  2.640858776687343e-02  1.002993572654841e-02 
  1.763025635959868e-02  1.025957923754453e-02 
  9.060204020656772e-03  9.848892563956754e-03 
  2.247502985844821e-03  8.966740472416686e-03 
  3.561569121484881e-03  7.513298612299917e-03 
  3.460501783230510e-03  5.640849334541817e-03 
  4.692946220422512e-03  3.972623432898764e-03 
  1.781969134601891e-02  2.861361306516417e-03 
  3.076095592028557e-02  2.553496106547684e-03 
  3.776691643932079e-02  2.847073965249906e-03 
  3.785607447746546e-02  3.643115163001841e-03 
  3.309760947817555e-02  4.716636961693128e-03 
  2.545382344379168e-02  5.576186619950388e-03 
  1.678439445194790e-02  6.087239650934027e-03 
  8.210576981972360e-03  6.085815051892984e-03 
  2.941485943572971e-03  5.440853721949724e-03 
  7.474598637531583e-03  4.341143579663103e-03 
  9.353929177775755e-03  2.901336154976063e-03 
  5.010797215028279e-03  1.889665569004682e-03 
  9.760265405861524e-03  2.393709536398747e-03 
  2.527769837680548e-02  2.845956122047461e-03 
  3.690421972566661e-02  2.479783408850134e-03 
  4.048633621749363e-02  1.733962097319055e-03 
  3.746535286889927e-02  1.859357286310619e-03 
  3.044723627107769e-02  2.894018479893029e-03 
  2.170069171790628e-02  3.644616189580427e-03 
  1.245604381928088e-02  4.078493269942571e-03 
  5.471043620024359e-03  3.790654479326484e-03 
  6.802368850925925e-03  2.848574616538483e-03 
  9.208798652761125e-03  1.580453781742853e-03 
  6.019895846719227e-03  1.835247960014384e-03 
  1.288918263043534e-02  3.392209374447128e-03 
  3.293108784102522e-02  4.181050855023388e-03 
  5.092934929235728e-02  3.924175753049227e-03 
  6.030095321684337e-02  2.464379571229418e-03 
  6.108573128395815e-02  9.175858336617780e-04 
  5.595101602526602e-02  2.270588322639519e-03 
  4.829823134037305e-02  3.959105730277672e-03 
  3.955964424381861e-02  5.062552616639531e-03 
  3.129674183109796e-02  5.350544125501322e-03 
  2.512443056157195e-02  4.850273181274763e-03 
  2.361915615064900e-02  3.217094735567374e-03 
  3.085801440022905e-02  1.187362831755315e-03 
  5.210727085578631e-02  1.332051604512132e-03 
  8.687666227900268e-02  2.681162583237221e-03 
  1.255912917622053e-01  2.448050936974522e-03 
  1.554313529641956e-01  2.503276659329972e-04 
  1.717715669271361e-01  2.971929480200526e-03 
  1.795542451039132e-01  6.852084341404467e-03 
  1.836736165493190e-01  9.870339706571633e-03 
  1.882755510469237e-01  1.189395113731559e-02 
  1.972815072756258e-01  1.216461168295612e-02 
  2.139887428680099e-01  9.938620324809879e-03 
  2.463003774423595e-01  4.679242468482808e-03 
  3.066924800138741e-01  4.941240586699721e-03 
  4.126051813358386e-01  1.860701038415763e-02 
  5.696493122371736e-01  3.441289029536538e-02 
  7.558949212227684e-01  4.948920188758170e-02 
  9.050828325930604e-01  6.065146563490918e-02 
  9.443630309327186e-01  6.490419234306580e-02 
  8.659755441700471e-01  6.313753903143217e-02 
  7.167544160196313e-01  5.752094336165128e-02 
  5.587137086416714e-01  5.018796656547737e-02 
  4.212103434287144e-01  4.398511178131215e-02 
  3.145772976718166e-01  3.862379559069513e-02 
  2.564542362502939e-01  4.152978186634093e-02 
  3.528094241511960e-01  4.570794014541878e-02 
  4.801644769558846e-01  5.141033099582087e-02 
  6.380567058419844e-01  5.793241058515484e-02 
  7.996575230503551e-01  6.455196247547153e-02 
  9.093896924950106e-01  6.830036899843517e-02 
  9.064156124471259e-01  6.815721716013667e-02 
  7.760952535332443e-01  6.586799593089855e-02 
  5.815155431900020e-01  6.262182929783179e-02 
  4.043736306781194e-01  6.096238509217927e-02 
  2.846927302361523e-01  6.141532437687867e-02 
  2.145998318673071e-01  6.277779391256560e-02 
  1.787172723154719e-01  6.379623512562707e-02 
  1.603486571943192e-01  6.410203249609366e-02 
  1.513086398720673e-01  6.334684650963440e-02 
  1.472595528346859e-01  6.079996090261899e-02 
  1.443252363473873e-01  5.745331604331838e-02 
  1.392988648536749e-01  5.384233055791101e-02 
  1.260247014780268e-01  4.838698923377629e-02 
  1.009547894519830e-01  4.331392099096279e-02 
  6.143148692485674e-02  3.883241497360407e-02 
  2.216100886004385e-02  3.591231485401330e-02 
  8.977003145806083e-03  3.445144164623891e-02 
  1.997092254781627e-02  3.507586985434671e-02 
  2.067779271289891e-02  3.565432344901177e-02 
  1.504873613652816e-02  3.660206180327460e-02 
  7.362405396923975e-03  3.703890594403324e-02 
  6.701181446134590e-03  3.664369418331070e-02 
  1.456649879908276e-02  3.564222849125225e-02 
  2.141822010887831e-02  3.384429719184134e-02 
  2.319830624704584e-02  3.156305266718497e-02 
  1.580337433501519e-02  2.866368021505787e-02 
  4.651803138585523e-03  2.604282244417184e-02 
  2.586205180810556e-02  2.426103084588612e-02 
  4.361354890675311e-02  2.373048967994208e-02 
  5.094933587801943e-02  2.420449633771695e-02 
  4.939752359818722e-02  2.505171428929705e-02 
  4.223445334891656e-02  2.617453047847969e-02 
  3.300724884423603e-02  2.691889633496987e-02 
  2.279494388235200e-02  2.698147266271802e-02 
  1.306907280625200e-02  2.657644885155612e-02 
  5.165468022976126e-03  2.529087761532547e-02 
  2.199612998067909e-03  2.384451811507641e-02 
  2.290835092899901e-03  2.165018441499782e-02 
  1.115127375086171e-02  1.941768716658323e-02 
  2.763240765810437e-02  1.776979632462081e-02 
  4.360339723135524e-02  1.690424778326470e-02 
  5.237317193650548e-02  1.721657068622801e-02 
  5.265358272551357e-02  1.787963505194734e-02 
  4.710759443076382e-02  1.882506134043884e-02 
  3.885696510852025e-02  1.966423927130369e-02 
  2.914270615686390e-02  1.995192253714706e-02 
  1.938286974989667e-02  1.972986210896302e-02 
  1.054437462623873e-02  1.886153135896893e-02 
  4.375400653907608e-03  1.753133747850281e-02 
  2.885574074320377e-03  1.561651957813251e-02 
  8.930876367895073e-03  1.367489971138965e-02 
  2.225477856306211e-02  1.194278736528881e-02 
  3.775160996301835e-02  1.093666098380056e-02 
  4.747826907116670e-02  1.089572290670159e-02 
  4.932471418350223e-02  1.143184559514290e-02 
  4.518226280849263e-02  1.246936248257496e-02 
  3.775646945560868e-02  1.314547549733741e-02 
  2.881750833024924e-02  1.357365166877983e-02 
  1.941416996301616e-02  1.353998864069129e-02 
  1.063748540860356e-02  1.308755440337215e-02 
  3.354570530028279e-03  1.194878921670272e-02 
  7.720188019248953e-04  1.044420770272853e-02 
  2.313808048259258e-03  8.730392115907079e-03 
  1.253152363012409e-02  6.981331332190603e-03 
  2.730665650975132e-02  5.779837121867961e-03 
  3.977873127442361e-02  5.376618227129182e-03 
  4.485803313241904e-02  5.811378335048467e-03 
  4.278550155312301e-02  6.615852285431065e-03 
  3.636686190117458e-02  7.454488515498794e-03 
  2.777096859812430e-02  8.156215650266516e-03 
  1.814234316274466e-02  8.417517927212992e-03 
  8.827072169725407e-03  8.096173379335936e-03 
  1.794306487508178e-03  7.332755427006537e-03 
  4.982900066682557e-03  6.074105768153359e-03 
  4.923160873307453e-03  4.524345372278277e-03 
  4.167004096204128e-03  3.092585747048346e-03 
  1.849678409994294e-02  2.288341833152710e-03 
  3.296517817111784e-02  2.187363697066055e-03 
  4.079209659597317e-02  2.130596945178175e-03 
  4.074985121322003e-02  2.477050153774224e-03 
  3.544255136016961e-02  3.141265539401228e-03 
  2.705043026336411e-02  3.931531412672965e-03 
  1.758972207081501e-02  4.314109359978465e-03 
  8.150288413924026e-03  4.338486495977738e-03 
  3.409146601780637e-03  3.924830899504801e-03 
  9.006178024338249e-03  2.999156303749874e-03 
  1.097022606849356e-02  2.094857085263984e-03 
  6.021659265163517e-03  2.286378091624481e-03 
  9.901568068286234e-03  3.399450330006496e-03 
  2.728757091555989e-02  4.132332891029448e-03 
  4.001898112315425e-02  3.973354827133057e-03 
  4.379423327635613e-02  3.019183434758459e-03 
  4.020725991510395e-02  2.068246509223998e-03 
  3.237439992986352e-02  1.595743374786205e-03 
  2.269319930477992e-02  1.916201386186210e-03 
  1.270509384789036e-02  2.108414042261807e-03 
  5.087190809401245e-03  2.003507626749395e-03 
  7.973559280068421e-03  1.532892149345642e-03 
  1.094992708832411e-02  1.877534819998363e-03 
  6.999584767600679e-03  3.281565294542205e-03 
  1.282056536866825e-02  5.005246838636221e-03 
  3.470048759792662e-02  5.990035551761506e-03 
  5.457368469412058e-02  5.940277725452024e-03 
  6.443196515164368e-02  4.702427407867493e-03 
  6.471828905157490e-02  2.974122824983338e-03 
  5.886520046897818e-02  1.167105323486597e-03 
  5.003491627156943e-02  1.131557949477854e-03 
  4.024141815556728e-02  2.136682288257290e-03 
  3.082197241138553e-02  2.314221105518391e-03 
  2.374363062256944e-02  1.993263664445360e-03 
  2.157508062728249e-02  6.984913785426392e-04 
  2.887773836783791e-02  1.542520341981597e-03 
  5.124287964508994e-02  3.722912250803199e-03 
  8.933863803372401e-02  5.429532036629654e-03 
  1.311286008762843e-01  5.504898933423779e-03 
  1.622970131713130e-01  4.056771999695898e-03 
  1.783397187373421e-01  1.291229085020240e-03 
  1.849339634236302e-01  2.112766003372378e-03 
  1.876084422237754e-01  4.893483181241357e-03 
  1.900128304830156e-01  6.540102426601031e-03 
  1.969114985871839e-01  6.743904319189199e-03 
  2.105818697102585e-01  4.495885580673873e-03 
  2.400351136724902e-01  1.364826040122810e-03 
  2.980059445567436e-01  9.726923494100133e-03 
  4.018021232544451e-01  2.203565174016108e-02 
  5.638044214669231e-01  3.727336910496280e-02 
  7.548960924909134e-01  5.125528467979440e-02 
  9.078319797895901e-01  6.175278518504313e-02 
  9.466285039374942e-01  6.552707012114488e-02 
  8.654900459067909e-01  6.324964612157574e-02 
  7.152309962248584e-01  5.744928130495108e-02 
  5.551230074991529e-01  5.009195133651034e-02 
  4.189451599183862e-01  4.348950354507410e-02 
  3.140627487196695e-01  3.856104990813158e-02 
  2.595774593335559e-01  3.866642765689162e-02 
  3.539419810680588e-01  4.332005506558335e-02 
  4.806118530736896e-01  4.928042561529110e-02 
  6.371594480407577e-01  5.621019604631417e-02 
  8.020739794594886e-01  6.238320739727970e-02 
  9.158136817784294e-01  6.580656925825192e-02 
  9.105542533508262e-01  6.513723960097161e-02 
  7.764101912851884e-01  6.088770432868345e-02 
  5.770097841201983e-01  5.602813933293250e-02 
  3.957891435374404e-01  5.244029788290309e-02 
  2.762551782465249e-01  5.119220072072486e-02 
  2.094041707515086e-01  5.151924026257901e-02 
  1.762965353169773e-01  5.217418214268304e-02 
  1.609384733672947e-01  5.245513390344443e-02 
  1.538434913779678e-01  5.162908757950381e-02 
  1.514784935329170e-01  5.095069354093812e-02 
  1.499028111702084e-01  4.825166456045065e-02 
  1.459293094556150e-01  4.478442989246308e-02 
  1.324664132960734e-01  4.122418230211788e-02 
  1.053530413400514e-01  3.664743641556863e-02 
  6.431582241234497e-02  3.276720513525391e-02 
  2.199222790143658e-02  2.977778569100232e-02 
  1.074803389546175e-02  2.871192758614646e-02 
  2.211845956631954e-02  2.865057879838889e-02 
  2.209633153006095e-02  2.926276435046408e-02 
  1.544510899288353e-02  2.972941750080870e-02 
  6.889766084712006e-03  3.043075307147904e-02 
  7.855715148631400e-03  3.012809346732432e-02 
  1.700829294462026e-02  2.949841967144346e-02 
  2.433033996800997e-02  2.852942377152009e-02 
  2.631359750335559e-02  2.632857778165190e-02 
  1.854527071665768e-02  2.425698111004417e-02 
  3.871882571940587e-03  2.175567187278377e-02 
  2.618238938286955e-02  1.998562572374709e-02 
  4.540591976349874e-02  1.947718547835766e-02 
  5.300898363372111e-02  1.953380059323706e-02 
  5.092720917514509e-02  2.034435849083859e-02 
  4.328336105250648e-02  2.089331249858711e-02 
  3.317740599940967e-02  2.179275568111738e-02 
  2.238853247625502e-02  2.179202808798538e-02 
  1.167138452037593e-02  2.155703366752339e-02 
  3.328133030511724e-03  2.076992364634034e-02 
  3.468218714618521e-03  1.947245460198289e-02 
  2.422047340016153e-03  1.773471852513856e-02 
  9.716631383745036e-03  1.589079957177807e-02 
  2.786710970985562e-02  1.431470162377330e-02 
  4.554380668182111e-02  1.343427549263735e-02 
  5.483580550444005e-02  1.328862512335292e-02 
  5.478049816919838e-02  1.386722940091913e-02 
  4.862380346839931e-02  1.457819986340318e-02 
  3.958522587383879e-02  1.529752776100137e-02 
  2.919339660345204e-02  1.553387478197880e-02 
  1.876460934420574e-02  1.527064390535906e-02 
  9.303789532914348e-03  1.503868456007686e-02 
  2.484401469033009e-03  1.375377134607676e-02 
  9.762819892188089e-04  1.242499578278913e-02 
  7.465786692139928e-03  1.056313548066952e-02 
  2.227842462839051e-02  9.045379657124115e-03 
  3.923754505324758e-02  7.974436424126813e-03 
  4.964646462387988e-02  7.714096190943247e-03 
  5.147667385511504e-02  8.113390888413735e-03 
  4.694113944038406e-02  8.716679943883667e-03 
  3.891403609299417e-02  9.411973592702917e-03 
  2.935804807864792e-02  9.772023439144080e-03 
  1.916109955645839e-02  9.762967644143215e-03 
  9.809676313988739e-03  9.327709240978782e-03 
  2.162174929464602e-03  8.506674201336410e-03 
  2.112340750524642e-03  7.359326143577104e-03 
  1.159091516964416e-03  5.759001610765037e-03 
  1.193070692164356e-02  4.245405713023936e-03 
  2.827716899631720e-02  3.268739039734404e-03 
  4.180039900765684e-02  2.809677347068351e-03 
  4.702505664629382e-02  3.017641543659049e-03 
  4.475652683796408e-02  3.375610662378390e-03 
  3.773939444909904e-02  3.962919039493469e-03 
  2.835951356567849e-02  4.350119125289089e-03 
  1.823872299247344e-02  4.477245411053587e-03 
  8.274937597316493e-03  4.417860517207272e-03 
  1.867115040337390e-03  3.869641214875335e-03 
  6.641802042081309e-03  3.070172660249473e-03 
  6.384729132661919e-03  2.355082091467839e-03 
  3.536226117330471e-03  2.509785754942705e-03 
  1.917411498124948e-02  3.396562418394707e-03 
  3.497828623623001e-02  3.970697934934908e-03 
  4.307885755703353e-02  3.930067413418530e-03 
  4.307277747147115e-02  3.414123681494135e-03 
  3.707585093345332e-02  2.831167081258444e-03 
  2.816016708893568e-02  2.318342250167711e-03 
  1.797058758038094e-02  2.147195557776010e-03 
  7.802719187945769e-03  2.111495207326087e-03 
  4.054996907834046e-03  2.307520935767334e-03 
  1.031483600102474e-02  2.701036170422444e-03 
  1.276854399957797e-02  3.747984619351226e-03 
  7.035378664234903e-03  5.105570176686124e-03 
  9.870940347604194e-03  6.616314640218852e-03 
  2.856157992359220e-02  7.505478755343682e-03 
  4.238019272779228e-02  7.761277291579606e-03 
  4.640121765143974e-02  7.209130712264710e-03 
  4.229978669576741e-02  6.204544446568120e-03 
  3.388032575565395e-02  5.158484738392818e-03 
  2.339733953059941e-02  4.393521439377811e-03 
  1.243403906160941e-02  4.016950684534235e-03 
  4.899275112311132e-03  4.156363764941522e-03 
  9.295707022284588e-03  4.639497018858813e-03 
  1.278470399911671e-02  5.914127049941292e-03 
  8.229056181856481e-03  7.487917486059223e-03 
  1.231231101273096e-02  9.203512362216736e-03 
  3.567720118392869e-02  1.041382199635987e-02 
  5.731977505290907e-02  1.075415149148964e-02 
  6.752327176340327e-02  1.018663863286779e-02 
  6.760804493907077e-02  8.888020548636605e-03 
  6.092407966951324e-02  7.429919356444845e-03 
  5.119224520336404e-02  6.298169580581542e-03 
  4.053927031613200e-02  5.267435180335944e-03 
  3.019423823693155e-02  5.108458857373854e-03 
  2.237705232371901e-02  5.243983904156741e-03 
  1.943811858949345e-02  6.478789206562995e-03 
  2.657718181143621e-02  8.114969651808699e-03 
  5.024842774315544e-02  1.046023279579253e-02 
  9.030294779101408e-02  1.214747461008514e-02 
  1.339653019732463e-01  1.307934814665239e-02 
  1.661753022516308e-01  1.257880834166108e-02 
  1.830349088811117e-01  1.123635883453506e-02 
  1.886306135572797e-01  9.022503308814553e-03 
  1.898609621391188e-01  7.294009926258131e-03 
  1.911370493524399e-01  6.450715673022888e-03 
  1.953613858380038e-01  6.482987735403491e-03 
  2.072509964903924e-01  8.600527721042637e-03 
  2.338224341817828e-01  1.267147146707941e-02 
  2.892921688060751e-01  2.021699948368186e-02 
  3.912502493821368e-01  3.033131574356892e-02 
  5.545053330068709e-01  4.300244509270050e-02 
  7.450428090393661e-01  5.533497906819003e-02 
  8.991362916844846e-01  6.398979958970819e-02 
  9.436540917436668e-01  6.691643566356656e-02 
  8.656854683281234e-01  6.419094214949998e-02 
  7.152254791973665e-01  5.794641868049183e-02 
  5.568448114653326e-01  5.056669274009223e-02 
  4.207580923038653e-01  4.386306748402391e-02 
  3.135829398878542e-01  3.851576249564682e-02 
  2.609676515570935e-01  3.638921609384800e-02 
  3.558741373173133e-01  4.117601846524164e-02 
  4.837022163711225e-01  4.740262585937075e-02 
  6.410884127566943e-01  5.422737725659121e-02 
  7.992916524759733e-01  6.004420513363883e-02 
  9.091430589712890e-01  6.261082840770248e-02 
  9.007428581876816e-01  6.027431729726876e-02 
  7.642627230590084e-01  5.424851446326348e-02 
  5.665078437248962e-01  4.696656518486070e-02 
  3.896143349686498e-01  4.080637346828202e-02 
  2.720904365073692e-01  3.752045963884731e-02 
  2.073700953551960e-01  3.558107785514031e-02 
  1.761791569084829e-01  3.514411812557394e-02 
  1.625348996186392e-01  3.517427462166588e-02 
  1.574107098434711e-01  3.478014593988184e-02 
  1.553562491819248e-01  3.396461139586505e-02 
  1.546342802945779e-01  3.324120433754393e-02 
  1.505927546057398e-01  3.110363880678908e-02 
  1.373965024058850e-01  2.930393889093421e-02 
  1.092818094700878e-01  2.619752117125081e-02 
  6.673076864949339e-02  2.320965580526650e-02 
  2.294395474465285e-02  2.093486670369857e-02 
  1.030973203241240e-02  1.959021940503663e-02 
  2.218816962713830e-02  1.899602357976163e-02 
  2.183269900154668e-02  1.969593262618460e-02 
  1.485025042490912e-02  1.999413177135013e-02 
  6.138709435999357e-03  2.054966753551693e-02 
  9.214940330409883e-03  2.065858160328455e-02 
  1.894918245062050e-02  2.038572446695021e-02 
  2.687084522194696e-02  1.990682964769444e-02 
  2.874275727329860e-02  1.862087565424326e-02 
  2.068022584851784e-02  1.713184553363432e-02 
  3.653582154753596e-03  1.531878602773977e-02 
  2.547746580537577e-02  1.383218217105402e-02 
  4.573871164639776e-02  1.279894285432612e-02 
  5.339514587941699e-02  1.271926014590992e-02 
  5.123582426361559e-02  1.281365568763322e-02 
  4.345382663724739e-02  1.373263414344966e-02 
  3.290106281680604e-02  1.384173562414521e-02 
  2.156017975367969e-02  1.434150240241933e-02 
  1.064320010218466e-02  1.435151502472004e-02 
  2.285001173121314e-03  1.386592031320928e-02 
  4.857402895607561e-03  1.316137913906248e-02 
  3.522734213551625e-03  1.189629705101659e-02 
  8.571035173997318e-03  1.048325982955777e-02 
  2.758937278525597e-02  9.133837903562165e-03 
  4.592225199123392e-02  8.154675804434883e-03 
  5.574912140410866e-02  7.712866245375240e-03 
  5.573916100735875e-02  7.835873206643300e-03 
  4.940250006140695e-02  8.199310820237376e-03 
  3.991651593261650e-02  8.627793658325004e-03 
  2.899904710174862e-02  8.870148690891838e-03 
  1.804261480427093e-02  8.965314932288177e-03 
  8.080094264044329e-03  8.623172025094833e-03 
  1.129797806899870e-03  8.078382266535938e-03 
  6.594645085171717e-04  7.038174009728837e-03 
  6.532591137519085e-03  5.929265533161853e-03 
  2.212137293330988e-02  4.540638215589792e-03 
  3.974276029941671e-02  3.722451088430858e-03 
  5.088904810887798e-02  3.338448645652498e-03 
  5.282270988087627e-02  3.294312923553238e-03 
  4.783877799185154e-02  3.496307324406042e-03 
  3.941627482792091e-02  3.762580496669359e-03 
  2.932223887137847e-02  3.947244243026637e-03 
  1.877226720622058e-02  4.119393221280937e-03 
  8.966856659756372e-03  3.922442627515106e-03 
  1.044166432072457e-03  3.587196771109737e-03 
  3.319807695921693e-03  3.015793494226560e-03 
  8.973964090721444e-04  2.574485795570668e-03 
  1.163303346322149e-02  2.667684712408754e-03 
  2.858754277046607e-02  3.327549310920087e-03 
  4.280050836269549e-02  3.909387770026348e-03 
  4.832169139127488e-02  4.114231263424525e-03 
  4.598242036390022e-02  3.927565622084440e-03 
  3.863107800660118e-02  3.659598576565786e-03 
  2.879539414098256e-02  3.259344003745540e-03 
  1.810538763116364e-02  3.199186805826435e-03 
  7.883305869678394e-03  3.238931401294014e-03 
  2.388317590748826e-03  3.524537616143155e-03 
  7.686397274174179e-03  4.169111882196240e-03 
  7.303393949364661e-03  5.038059009820581e-03 
  3.184037891314274e-03  6.281148338149389e-03 
  1.944054238207729e-02  7.538636449850182e-03 
  3.573219351823653e-02  8.404079460423191e-03 
  4.454168860199006e-02  8.805372845418177e-03 
  4.436363539611816e-02  8.599066350829174e-03 
  3.811078789399947e-02  8.268629832464670e-03 
  2.861725196740671e-02  7.831097840354892e-03 
  1.798044050550224e-02  7.385783108915326e-03 
  7.404466581603403e-03  7.371728808577375e-03 
  4.650040413644072e-03  7.494234010654451e-03 
  1.169088873839341e-02  8.146203406599077e-03 
  1.385470481913856e-02  8.817233661797159e-03 
  7.860940831052902e-03  1.022961879255297e-02 
  9.903329463369564e-03  1.143465721558668e-02 
  2.966148412687957e-02  1.267528549333090e-02 
  4.394708031083026e-02  1.334512204837070e-02 
  4.794866030169763e-02  1.324503011248822e-02 
  4.371243277029220e-02  1.283206645263229e-02 
  3.460646008842668e-02  1.214096759629412e-02 
  2.341386863417510e-02  1.173493531406360e-02 
  1.205918554559303e-02  1.130703014454499e-02 
  4.904746064359905e-03  1.123450909073221e-02 
  1.067006038848417e-02  1.160584189695407e-02 
  1.429665467923110e-02  1.231096226124364e-02 
  9.207520137758558e-03  1.356321824441158e-02 
  1.197124247328944e-02  1.515214438230554e-02 
  3.692543985944208e-02  1.653279954146293e-02 
  5.905678183352742e-02  1.752085316516576e-02 
  6.962016967202045e-02  1.755085790068578e-02 
  6.922811833593921e-02  1.700033580442714e-02 
  6.191068046075242e-02  1.628470141307888e-02 
  5.139287072535455e-02  1.551785001654282e-02 
  3.999497018512542e-02  1.473541087466074e-02 
  2.902189238427651e-02  1.455274099563299e-02 
  2.049060716668263e-02  1.463669590721377e-02 
  1.755143287159388e-02  1.548985848240790e-02 
  2.474076233471117e-02  1.692153279611769e-02 
  4.916037390273690e-02  1.900210659506097e-02 
  9.103157930718828e-02  2.128744064280574e-02 
  1.361588508388893e-01  2.306904679528197e-02 
  1.694026802567143e-01  2.375147854956160e-02 
  1.856514635990517e-01  2.367260491581581e-02 
  1.904124001583763e-01  2.295839374900135e-02 
  1.905851144885914e-01  2.229996595406272e-02 
  1.901888171324854e-01  2.203349543973396e-02 
  1.930785716603340e-01  2.253207302053362e-02 
  2.034813345716995e-01  2.359642447114564e-02 
  2.285664470059551e-01  2.691423251456161e-02 
  2.836042778311840e-01  3.237865094986664e-02 
  3.852832044794562e-01  4.087497028988545e-02 
  5.518770413844527e-01  5.131455298498767e-02 
  7.478880214023709e-01  6.124962724486712e-02 
  9.067037822728587e-01  6.799954394226004e-02 
  9.487349013453873e-01  6.945939560262766e-02 
  8.676418213992871e-01  6.557044031097932e-02 
  7.148051574730050e-01  5.846118981927663e-02 
  5.533730153028346e-01  5.056268756523317e-02 
  4.175388852279954e-01  4.395438420238013e-02 
  3.132616473117205e-01  3.861188908655186e-02 
  2.628024607205098e-01  3.452715544274530e-02 
  3.578281699919761e-01  3.945818911835512e-02 
  4.848494165953238e-01  4.576814387590551e-02 
  6.425613916360017e-01  5.261868616570395e-02 
  8.060432164618793e-01  5.811549616844544e-02 
  9.169944926743255e-01  5.998182839514125e-02 
  9.061539280045821e-01  5.644276751068966e-02 
  7.685544249773033e-01  4.877831567935083e-02 
  5.663986080346050e-01  3.881935364798130e-02 
  3.893855468163588e-01  3.029207685385361e-02 
  2.700697406484660e-01  2.459969938843140e-02 
  2.068195683452192e-01  2.153611938240250e-02 
  1.767255237285710e-01  2.013469939008612e-02 
  1.637588113693545e-01  1.928316866799076e-02 
  1.587309360652798e-01  1.914687050256385e-02 
  1.577957955753355e-01  1.888649204231172e-02 
  1.572975388024801e-01  1.930854950604770e-02 
  1.534557539748304e-01  1.863377512250755e-02 
  1.401312923822250e-01  1.783580846888464e-02 
  1.115271816196480e-01  1.577745499395333e-02 
  6.792297934638111e-02  1.382937489816790e-02 
  2.258690511137135e-02  1.209709942246338e-02 
  1.092008521423392e-02  1.065329001498289e-02 
  2.282654212125975e-02  1.029516947034074e-02 
  2.200018725649946e-02  1.033614278260963e-02 
  1.459043792981353e-02  1.076878856294685e-02 
  5.688799498845185e-03  1.126108534769088e-02 
  1.005094918639021e-02  1.168360322721985e-02 
  2.027467388469057e-02  1.193400045318234e-02 
  2.828633805332193e-02  1.193681463981842e-02 
  3.031329021317170e-02  1.141363026934847e-02 
  2.192726308698571e-02  1.075865422890150e-02 
  3.632067218347195e-03  9.301826828095794e-03 
  2.590847957346890e-02  7.992191841853296e-03 
  4.646406768975207e-02  7.109962333978461e-03 
  5.437368005148924e-02  6.617392577911621e-03 
  5.179611391891832e-02  6.593824745047556e-03 
  4.364655566505234e-02  6.809069232937037e-03 
  3.271935451639998e-02  6.919482256307344e-03 
  2.108930303879178e-02  7.650631777320232e-03 
  9.977295324445008e-03  7.519996699822598e-03 
  2.038863857874113e-03  7.594364714170073e-03 
  5.820557412656143e-03  7.434348231894932e-03 
  4.227779001500780e-03  6.749412943215991e-03 
  7.942502814088939e-03  5.642655679572882e-03 
  2.756427838232711e-02  4.650666528860090e-03 
  4.639039574282026e-02  3.698496397363828e-03 
  5.629184424946555e-02  3.278983641304640e-03 
  5.630198767482712e-02  3.126476725495094e-03 
  4.985891545464792e-02  3.290807663478885e-03 
  3.992939936240640e-02  3.287342465970346e-03 
  2.887810740884282e-02  3.393210873321387e-03 
  1.756213565204138e-02  3.601251896518723e-03 
  7.327338876765372e-03  3.589660283698563e-03 
  3.959461526737151e-04  3.394519438677414e-03 
  1.498335010134627e-03  2.995651926352792e-03 
  5.732921926169653e-03  2.681279266910599e-03 
  2.211973284384900e-02  2.746325440536415e-03 
  4.038806321791741e-02  3.155476862043177e-03 
  5.191656825473563e-02  3.837099402334212e-03 
  5.366766217998844e-02  4.099173023512122e-03 
  4.871939396865325e-02  4.113616961402943e-03 
  3.983367974235791e-02  4.093975600479627e-03 
  2.936405828077420e-02  3.831708831775195e-03 
  1.869101462788593e-02  3.806869154667842e-03 
  8.421406426022297e-03  3.768741066282809e-03 
  8.182682069071078e-04  3.975358503001959e-03 
  4.288065172291635e-03  4.263889585513782e-03 
  1.412521046061327e-03  5.086273975168867e-03 
  1.135262068424344e-02  6.059163895902830e-03 
  2.919212616780735e-02  7.236470566416387e-03 
  4.370501034532145e-02  8.143158723761432e-03 
  4.924862133511127e-02  8.660103849811775e-03 
  4.666836945789223e-02  8.844657093152292e-03 
  3.892206982029339e-02  8.842113798497180e-03 
  2.889213778856511e-02  8.576802310528585e-03 
  1.798390614452223e-02  8.556199456399339e-03 
  7.383800044833312e-03  8.269556142584145e-03 
  2.682829835062655e-03  8.465777499308810e-03 
  8.370781915459582e-03  8.775487460822077e-03 
  8.013604919433925e-03  9.643892262997505e-03 
  3.040244611252538e-03  1.062359852575820e-02 
  1.967732131545829e-02  1.189879959498292e-02 
  3.661311480314229e-02  1.303606298097783e-02 
  4.540067683386911e-02  1.370059252542356e-02 
  4.504679813714210e-02  1.395072731658594e-02 
  3.863915563305198e-02  1.397098576013812e-02 
  2.890028511996482e-02  1.379983519958764e-02 
  1.812586651481274e-02  1.357612099791493e-02 
  7.216059863056644e-03  1.347048088646751e-02 
  4.939933212911654e-03  1.336691849677547e-02 
  1.214329029716865e-02  1.372365684039096e-02 
  1.452049017763812e-02  1.424834262792141e-02 
  8.307572257588930e-03  1.519855152019775e-02 
  9.816727311921217e-03  1.654955231155910e-02 
  2.994700032947122e-02  1.788857309944870e-02 
  4.454437065362313e-02  1.871473147078033e-02 
  4.867861658608831e-02  1.924384499071499e-02 
  4.404365249329766e-02  1.935290657107350e-02 
  3.481985252389076e-02  1.915102618137018e-02 
  2.341186317786039e-02  1.893639918168417e-02 
  1.189350959779377e-02  1.862215126341690e-02 
  5.001193722422583e-03  1.853006744288806e-02 
  1.143174760560812e-02  1.850091466592459e-02 
  1.511358620084734e-02  1.890440008706512e-02 
  9.892149639947527e-03  1.993370376878168e-02 
  1.141606879848824e-02  2.136481566060265e-02 
  3.674014173432237e-02  2.295496579690310e-02 
  5.944731271936202e-02  2.415022604039339e-02 
  6.998762035982763e-02  2.504629260789632e-02 
  6.932718678046723e-02  2.534633671593563e-02 
  6.200172569235349e-02  2.525933716698023e-02 
  5.132236102529687e-02  2.505918832783131e-02 
  3.940922799618229e-02  2.493006150765204e-02 
  2.811380170975640e-02  2.468874135866571e-02 
  1.959880208890920e-02  2.464144660458570e-02 
  1.625942665773899e-02  2.484760016535376e-02 
  2.345907465688199e-02  2.631590742791827e-02 
  4.812903758531282e-02  2.801536596282525e-02 
  9.022740716545517e-02  3.057155293309325e-02 
  1.361452135175748e-01  3.328707618550805e-02 
  1.692833431968304e-01  3.538185920685312e-02 
  1.850821677072449e-01  3.687934932136602e-02 
  1.895178310252553e-01  3.769939667513015e-02 
  1.888755653831222e-01  3.830328747735101e-02 
  1.882762446809650e-01  3.876571066506292e-02 
  1.907097853653949e-01  3.936625940996150e-02 
  2.007106083947153e-01  4.050979542534726e-02 
  2.255104010774443e-01  4.253744494409044e-02 
  2.794904850389738e-01  4.616893429872158e-02 
  3.812811872881391e-01  5.211152108637995e-02 
  5.455127145527630e-01  5.966179286829088e-02 
  7.444437315509578e-01  6.719715712920103e-02 
  9.035969937745202e-01  7.201202108923788e-02 
  9.486368204420116e-01  7.157934994775637e-02 
  8.702830545508059e-01  6.719291000254472e-02 
  7.160141868892358e-01  5.956162665210621e-02 
  5.575999515744470e-01  5.116698181335687e-02 
  4.215607586177706e-01  4.414201459295138e-02 
  3.133436711771782e-01  3.860253718600667e-02 
  2.639519515700453e-01  3.298694527683046e-02 
  3.602915506128194e-01  3.789629914866723e-02 
  4.884743091839734e-01  4.423767564413929e-02 
  6.454863717469504e-01  5.084163401137704e-02 
  8.061588525025263e-01  5.585191906340026e-02 
  9.139310395293114e-01  5.671577879613288e-02 
  9.028623174856070e-01  5.185737748684023e-02 
  7.630954733981501e-01  4.209399062500713e-02 
  5.651133634856657e-01  2.980990898117746e-02 
  3.893395094692822e-01  1.901123805371277e-02 
  2.727192710338238e-01  1.064589552874107e-02 
  2.100751234238210e-01  6.384321514967831e-03 
  1.801545675030818e-01  4.288227820081372e-03 
  1.660257410499356e-01  4.088006710259380e-03 
  1.606193179411853e-01  4.037206836456370e-03 
  1.589479852500784e-01  4.175079985096000e-03 
  1.575251229914849e-01  4.925370444482518e-03 
  1.530186187374635e-01  5.308912286310089e-03 
  1.391885874287970e-01  5.924296690668168e-03 
  1.105646453931596e-01  5.688061062671446e-03 
  6.772122842609433e-02  4.787460458673433e-03 
  2.313351772329144e-02  3.666144258975441e-03 
  1.003150577192832e-02  3.259112110062538e-03 
  2.181147960325754e-02  3.163794742368469e-03 
  2.114339763058614e-02  3.183167558391070e-03 
  1.393152399754272e-02  3.171881836610854e-03 
  5.427284991627854e-03  3.129635071852682e-03 
  1.052480910167189e-02  3.302169790551453e-03 
  2.045505386002996e-02  3.509940060088592e-03 
  2.827989074986701e-02  3.829782849816934e-03 
  3.001762151407146e-02  4.187944329958559e-03 
  2.164302082739828e-02  4.044719417953793e-03 
  3.691927613629991e-03  3.555384297448701e-03 
  2.557458395467077e-02  2.986833062022376e-03 
  4.567745804427455e-02  2.808290947367637e-03 
  5.339095970270430e-02  2.955060317829025e-03 
  5.106183023371935e-02  3.215631319959291e-03 
  4.301406899401712e-02  3.260613707689411e-03 
  3.230565697486694e-02  3.178853400686249e-03 
  2.090509412861829e-02  3.039401685705052e-03 
  9.987506555339353e-03  2.885853630168739e-03 
  2.003919066220491e-03  2.896482773993540e-03 
  5.554851808300394e-03  2.838638573605817e-03 
  3.977690859730115e-03  2.847843044514115e-03 
  8.391018476333839e-03  2.834208851212159e-03 
  2.753079023188448e-02  3.196453934450913e-03 
  4.599122499866673e-02  3.922134205108351e-03 
  5.579998438087365e-02  4.759460753721580e-03 
  5.596487362002189e-02  5.226227369623975e-03 
  4.941156135541107e-02  5.493231477483554e-03 
  3.965299793238945e-02  5.791431180569115e-03 
  2.876330108618752e-02  5.444898019162340e-03 
  1.769237057820136e-02  5.432689699258742e-03 
  7.679227384293474e-03  5.067442156059906e-03 
  7.268630253386416e-04  4.960573055829226e-03 
  9.585963640287956e-04  5.040715077801391e-03 
  6.235649951634488e-03  5.547685080870177e-03 
  2.209918600857011e-02  6.408815218293706e-03 
  4.019102917721956e-02  7.348697152189594e-03 
  5.153823926437311e-02  8.445323694992965e-03 
  5.344066790875161e-02  9.154367645561412e-03 
  4.844432704577294e-02  9.670043995863712e-03 
  3.952202853373542e-02  9.753419413203271e-03 
  2.929076924092531e-02  9.880472187381972e-03 
  1.863346094160157e-02  9.661837968905840e-03 
  8.548482508016094e-03  9.453640868528072e-03 
  9.065126677499928e-04  9.361369769500543e-03 
  4.138561634095549e-03  9.354855854388304e-03 
  1.207650115886489e-03  9.806219270600070e-03 
  1.159583767883917e-02  1.071606156463392e-02 
  2.907732679029124e-02  1.176582677225151e-02 
  4.396743977443834e-02  1.292068087283738e-02 
  4.946521230055602e-02  1.385887571259129e-02 
  4.686286406642226e-02  1.447367278349249e-02 
  3.911368441484875e-02  1.482491117761289e-02 
  2.880377948290696e-02  1.492388521274342e-02 
  1.815012320303457e-02  1.481859060864830e-02 
  7.534947442281332e-03  1.470782825771329e-02 
  2.748466370183559e-03  1.445006996885119e-02 
  8.105314621243150e-03  1.445549773530182e-02 
  7.686397274174179e-03  1.478466369060259e-02 
  3.161672831877398e-03  1.549162765260766e-02 
  1.982172868720444e-02  1.660666213616632e-02 
  3.648858124410767e-02  1.789192833645360e-02 
  4.527737365608755e-02  1.892855014800627e-02 
  4.499142797424719e-02  1.964699117170221e-02 
  3.860614854443446e-02  2.017321188193124e-02 
  2.891408326711899e-02  2.017298195308365e-02 
  1.800851812781387e-02  2.032194632702286e-02 
  7.194120822831995e-03  1.997036718057608e-02 
  4.900977710660564e-03  1.978143530395877e-02 
  1.188901369646285e-02  1.974368893374896e-02 
  1.426912286123687e-02  1.978909803501080e-02 
  8.015371893903566e-03  2.052528754511017e-02 
  1.018192227268567e-02  2.154462553199071e-02 
  2.992458438907591e-02  2.299521635108016e-02 
  4.444099023892833e-02  2.435807985951165e-02 
  4.828546602921267e-02  2.536489389844997e-02 
  4.383919566456042e-02  2.606395997244177e-02 
  3.441059065963845e-02  2.632946290387424e-02 
  2.288378597936828e-02  2.640402589489300e-02 
  1.143210823052736e-02  2.620492071202565e-02 
  4.958894597702387e-03  2.601112582933288e-02 
  1.123568557980463e-02  2.569902814414814e-02 
  1.488300670368016e-02  2.569332142635383e-02 
  9.783787859253596e-03  2.632908096392314e-02 
  1.169544975154813e-02  2.751678560029926e-02 
  3.672281606331700e-02  2.927766923314936e-02 
  5.866398721958127e-02  3.081880535988454e-02 
  6.920051513120393e-02  3.248860395630699e-02 
  6.839872045313609e-02  3.355588134161681e-02 
  6.094295765487125e-02  3.442152046176691e-02 
  5.016437172531272e-02  3.469699791524997e-02 
  3.843895986176826e-02  3.468767168562390e-02 
  2.740274235199575e-02  3.458850968718172e-02 
  1.888700856966403e-02  3.441662263619746e-02 
  1.571045009057373e-02  3.454829346603583e-02 
  2.293465583617172e-02  3.527309759542083e-02 
  4.746275870633000e-02  3.709397714111803e-02 
  8.908618830991823e-02  4.001310926076325e-02 
  1.345464915001706e-01  4.312310759344483e-02 
  1.669455231378504e-01  4.684878692468781e-02 
  1.825238947780335e-01  4.969070403238644e-02 
  1.867216718979149e-01  5.216914270210041e-02 
  1.862592832382896e-01  5.403200083464683e-02 
  1.856820521905510e-01  5.563913889914102e-02 
  1.889107739862218e-01  5.632653683292309e-02 
  1.992340335084886e-01  5.699044524930623e-02 
  2.248084479819529e-01  5.806558422011730e-02 
  2.796457525621205e-01  5.979258092664664e-02 
  3.846757660970791e-01  6.335385554265356e-02 
  5.515816725097106e-01  6.842749632426602e-02 
  7.530931153505420e-01  7.359965015701292e-02 
  9.118214980687595e-01  7.630895390651939e-02 
  9.541186332120433e-01  7.441640744075617e-02 
  8.709147128095325e-01  6.865841130259032e-02 
  7.175567883390351e-01  6.038759031208027e-02 
  5.555878342287357e-01  5.166485918061557e-02 
  4.186443914528290e-01  4.423809327626185e-02 
  3.134275568329454e-01  3.874479345049919e-02 
  2.651548207423723e-01  3.160821712758349e-02 
  3.613174839754758e-01  3.683544747427513e-02 
  4.884733531442956e-01  4.301758247254932e-02 
  6.461926700368382e-01  4.973179101835329e-02 
  8.131737062006192e-01  5.451431382938564e-02 
  9.245712343793471e-01  5.462932067228674e-02 
  9.131228850381895e-01  4.882755748620624e-02 
  7.738871355503169e-01  3.716245531435572e-02 
  5.697133907257342e-01  2.359431102084186e-02 
  3.920023561461860e-01  9.610962882263031e-03 
  2.753788787960664e-01  4.127519179574422e-03 
  2.117887208690053e-01  9.310527774516686e-03 
  1.805109606129703e-01  1.313241806925291e-02 
  1.659547079513398e-01  1.457485188522210e-02 
  1.595470128244141e-01  1.399424103910514e-02 
  1.573149430412709e-01  1.284843110157967e-02 
  1.557044688524912e-01  1.039356771823734e-02 
  1.506551309813399e-01  8.302598754938575e-03 
  1.369894990018956e-01  6.576492058272082e-03 
  1.080646067447858e-01  5.493422475160916e-03 
  6.593608808677409e-02  5.606572596873598e-03 
  2.272273885883426e-02  6.361022034943227e-03 
  1.000834522498982e-02  7.545221611361280e-03 
  2.124603180980827e-02  8.592633731375334e-03 
  2.053102478966781e-02  9.218682335965714e-03 
  1.345079727947753e-02  9.097830682063344e-03 
  5.292607981191699e-03  8.753112292324462e-03 
  1.010054080252118e-02  7.845153581153046e-03 
  1.986273860863914e-02  6.726614668419564e-03 
  2.720090648486857e-02  5.595363429070339e-03 
  2.907063560601649e-02  4.656750823088862e-03 
  2.068113537193121e-02  4.170419571128478e-03 
  3.480981998397005e-03  4.297896472309970e-03 
  2.619010727913989e-02  5.005167892962532e-03 
  4.601596429358843e-02  6.096713683838744e-03 
  5.353887945720445e-02  7.024426134029970e-03 
  5.089646591326494e-02  7.852626657497317e-03 
  4.275888554620728e-02  7.998087480566594e-03 
  3.218241474087104e-02  8.088666880056444e-03 
  2.101048256764477e-02  7.718257258192317e-03 
  1.044197688207054e-02  7.163531088605809e-03 
  2.199612998067909e-03  6.474551653672610e-03 
  4.734878916081088e-03  5.713405519410459e-03 
  3.263226186163885e-03  5.493769703179881e-03 
  8.749951129077701e-03  5.586084488001113e-03 
  2.795244665775827e-02  6.397609088909182e-03 
  4.621281005242842e-02  7.426643892520443e-03 
  5.595533850499935e-02  8.622788820773641e-03 
  5.563711183838130e-02  9.687220829290983e-03 
  4.918408851127059e-02  1.026408642025628e-02 
  3.952931853297089e-02  1.052770483168079e-02 
  2.882504058029701e-02  1.044890546554043e-02 
  1.798912863737345e-02  1.012013020157485e-02 
  8.243152365592086e-03  9.654173511625369e-03 
  1.423035313071718e-03  9.204239272075188e-03 
  2.805352746082521e-04  8.897686504039548e-03 
  6.958197914391936e-03  9.074262743004925e-03 
  2.250905059558363e-02  9.753728216666202e-03 
  4.022111699478951e-02  1.082848377154163e-02 
  5.129690672906986e-02  1.213025973089874e-02 
  5.307152013594044e-02  1.323282594070856e-02 
  4.818664919584934e-02  1.403776119215009e-02 
  3.955120115318995e-02  1.449313040900350e-02 
  2.948128623487774e-02  1.444848961078097e-02 
  1.917860335718303e-02  1.451411801401578e-02 
  9.261370903595408e-03  1.407962377259308e-02 
  1.311452989316869e-03  1.379105530231162e-02 
  3.103997246796772e-03  1.348996428908470e-02 
  9.848509935419805e-04  1.351634909386590e-02 
  1.205358895680945e-02  1.404931338455045e-02 
  2.940003364228393e-02  1.519450652580366e-02 
  4.371108909213671e-02  1.647564592333660e-02 
  4.914949697596649e-02  1.778412900301975e-02 
  4.652306590937649e-02  1.880292656898101e-02 
  3.886614596562459e-02  1.944653367467761e-02 
  2.896834455181107e-02  1.973791389191417e-02 
  1.825143127185373e-02  1.976236653747930e-02 
  7.926093248118750e-03  1.951466049168360e-02 
  2.443683899138007e-03  1.911490966803480e-02 
  7.475327554660539e-03  1.881763108308913e-02 
  7.019517763159712e-03  1.873725857007870e-02 
  3.570928688179668e-03  1.921831245731774e-02 
  2.026246265257031e-02  2.011486628900584e-02 
  3.675787760847823e-02  2.150195506839758e-02 
  4.512780679397647e-02  2.294595565823717e-02 
  4.491643481384822e-02  2.406157214254958e-02 
  3.838452117254658e-02  2.490055058254184e-02 
  2.884018403477367e-02  2.527423387996064e-02 
  1.812143257002524e-02  2.543468128636514e-02 
  7.398329632098774e-03  2.527523778217721e-02 
  4.538944551617657e-03  2.495613349002920e-02 
  1.140445740218424e-02  2.455869016279075e-02 
  1.367937097181344e-02  2.435657117799819e-02 
  7.548013658540346e-03  2.459115345942544e-02 
  1.025831610180617e-02  2.549333189232943e-02 
  2.983341210987969e-02  2.692024450005336e-02 
  4.369042580777760e-02  2.856358732898426e-02 
  4.766885028249555e-02  3.014950595734567e-02 
  4.314869122803188e-02  3.139405754535315e-02 
  3.387917899376633e-02  3.189220154614783e-02 
  2.286445623354762e-02  3.242143998853118e-02 
  1.156386937818416e-02  3.221952251508424e-02 
  4.894595734306771e-03  3.188862548612101e-02 
  1.063930667223142e-02  3.139517440692288e-02 
  1.416131154899346e-02  3.108061115628948e-02 
  9.099098729872825e-03  3.122394332642747e-02 
  1.165539717590327e-02  3.223882093172431e-02 
  3.576591807077659e-02  3.393958284069545e-02 
  5.736815427088531e-02  3.601633357411248e-02 
  6.736234190941069e-02  3.822045914854116e-02 
  6.676194449617998e-02  4.007191984754581e-02 
  5.951927430280671e-02  4.146361850218926e-02 
  4.918687455368145e-02  4.232351704546444e-02 
  3.789175559209172e-02  4.258227888934561e-02 
  2.734579019073557e-02  4.258971167647223e-02 
  1.916881770936908e-02  4.244190315059113e-02 
  1.639307128374023e-02  4.221771755012138e-02 
  2.340212675762906e-02  4.253779265411906e-02 
  4.715700637427684e-02  4.412533849749845e-02 
  8.746933552975997e-02  4.712248121720757e-02 
  1.311139427629407e-01  5.101546505287445e-02 
  1.623875305086168e-01  5.552094506852857e-02 
  1.775872480721013e-01  5.998809906507686e-02 
  1.821705952365801e-01  6.371470108907733e-02 
  1.827264544265047e-01  6.695337902239652e-02 
  1.833034450908913e-01  6.897818297721139e-02 
  1.874357495922016e-01  7.045413707242582e-02 
  1.995101877747278e-01  7.103236097493126e-02 
  2.276441411343118e-01  7.116211545654896e-02 
  2.847049561189247e-01  7.181062390822431e-02 
  3.883247554092083e-01  7.306879578735787e-02 
  5.538176945175699e-01  7.578273937707428e-02 
  7.531155717750529e-01  7.887791095555900e-02 
  9.113948650645601e-01  7.954116544094200e-02 
  9.556558603752514e-01  7.662004452114583e-02 
  8.753214626289100e-01  6.962964003417482e-02 
  7.204455735417450e-01  6.096677184622686e-02 
  5.588563981407707e-01  5.192639826850426e-02 
  4.220212090584539e-01  4.449108530971068e-02 
  3.148830818773789e-01  3.892514598296404e-02 
  2.666627646428785e-01  3.074539662866935e-02 
  3.652557213022560e-01  3.586602112945760e-02 
  4.936554401641348e-01  4.246084180540696e-02 
  6.522221254535522e-01  4.887123905100621e-02 
  8.167055885230782e-01  5.359603351213837e-02 
  9.255119430447114e-01  5.353466014734277e-02 
  9.123413889829661e-01  4.662222006636579e-02 
  7.743389003021165e-01  3.397751790477422e-02 
  5.754831039565821e-01  1.823193651801053e-02 
  4.001575610428091e-01  4.277253102580169e-03 
  2.827044712719320e-01  1.069973446634571e-02 
  2.176885453823079e-01  1.874391689243140e-02 
  1.829349884784602e-01  2.322663258408308e-02 
  1.662168613667992e-01  2.506547274519062e-02 
  1.576961270505257e-01  2.446652553287099e-02 
  1.535793330958144e-01  2.245532266978768e-02 
  1.505474928528880e-01  1.955529401588203e-02 
  1.447236567539531e-01  1.612364583270343e-02 
  1.307084688850247e-01  1.313834766742859e-02 
  1.030454042603372e-01  1.104291044066487e-02 
  6.258699171046669e-02  1.040357853640314e-02 
  2.177817971801705e-02  1.089510575128381e-02 
  9.112592029848052e-03  1.217678253368968e-02 
  1.961983394594979e-02  1.349905603141176e-02 
  1.962997865547293e-02  1.428408743798390e-02 
  1.318825322563135e-02  1.458771097198907e-02 
  5.504895477742297e-03  1.406960970018531e-02 
  8.683039513947183e-03  1.299466087229623e-02 
  1.735768198901813e-02  1.153998647973601e-02 
  2.408426667779283e-02  9.794585236553983e-03 
  2.531264785658593e-02  8.245254210949035e-03 
  1.727247518334398e-02  7.181940453383504e-03 
  4.087145770618618e-03  6.900302817107132e-03 
  2.637558964486743e-02  7.510213789085736e-03 
  4.504412732110996e-02  8.620169390394866e-03 
  5.220130105082976e-02  9.943858827068393e-03 
  4.996625239244634e-02  1.090689293487939e-02 
  4.245695342559733e-02  1.151434001781048e-02 
  3.269352717165587e-02  1.163757921051701e-02 
  2.198803539388519e-02  1.120042752013957e-02 
  1.178065336268624e-02  1.049835852276458e-02 
  3.654310765812676e-03  9.586470716938340e-03 
  2.586928809364336e-03  8.586084336380048e-03 
  1.756262091848659e-03  7.823624535477079e-03 
  1.077708051283225e-02  7.694957933683895e-03 
  2.876985859845336e-02  8.223227397465366e-03 
  4.575481749282662e-02  9.442089223449706e-03 
  5.465445618100290e-02  1.080930198204163e-02 
  5.472251227823465e-02  1.206663705357918e-02 
  4.862616029288370e-02  1.290650785339597e-02 
  3.968594511028710e-02  1.337400557804683e-02 
  2.942342516859726e-02  1.331027106453270e-02 
  1.926685936656465e-02  1.295912115174811e-02 
  1.019000571019567e-02  1.233403282797729e-02 
  3.659233113763862e-03  1.164143318758988e-02 
  2.428793418496111e-03  1.105389156545253e-02 
  9.021795474975369e-03  1.092683789115562e-02 
  2.368680459685299e-02  1.146134406306388e-02 
  3.998585413380168e-02  1.249265941359530e-02 
  5.032104801218834e-02  1.389045270183372e-02 
  5.218220509217470e-02  1.523475238859284e-02 
  4.769114807364903e-02  1.616254138787546e-02 
  3.952975542955929e-02  1.685294486588261e-02 
  3.003998609973192e-02  1.711236165107343e-02 
  2.023827194846529e-02  1.705748114925218e-02 
  1.073982926730209e-02  1.666836300539581e-02 
  3.304857417882290e-03  1.607966883145689e-02 
  1.031099977483489e-03  1.551099650543861e-02 
  2.529131305938995e-03  1.529066241062012e-02 
  1.341268969964631e-02  1.563096353735844e-02 
  2.963061239197982e-02  1.650607256312489e-02 
  4.278811234011427e-02  1.806375773460617e-02 
  4.803640827645677e-02  1.945165911182241e-02 
  4.568310635723562e-02  2.079102257624407e-02 
  3.858457112746378e-02  2.162180269642947e-02 
  2.928674308168790e-02  2.209515487109628e-02 
  1.923707230639654e-02  2.228490823068628e-02 
  9.358367103103176e-03  2.193606377110071e-02 
  2.003735891084353e-03  2.139936320729494e-02 
  5.344631627958535e-03  2.091252870051778e-02 
  4.895810251510558e-03  2.050827583307877e-02 
  4.834732247145038e-03  2.076405879757396e-02 
  2.049984972119341e-02  2.167436835942520e-02 
  3.596744824661830e-02  2.295400912754551e-02 
  4.416016397822890e-02  2.454675285467270e-02 
  4.382528785979698e-02  2.607443760634468e-02 
  3.781146264967614e-02  2.709912386281348e-02 
  2.872579635863161e-02  2.772455601353042e-02 
  1.861625749542480e-02  2.796529468001178e-02 
  8.433438405702163e-03  2.783289940780931e-02 
  3.543033244571524e-03  2.747076160143863e-02 
  9.565788566096517e-03  2.680543442153965e-02 
  1.164117525217391e-02  2.640259415220041e-02 
  6.048036136495177e-03  2.638438344740294e-02 
  1.085712473518645e-02  2.715015729335881e-02 
  2.949155535245995e-02  2.864384731042261e-02 
  4.294374619187595e-02  3.044346631525298e-02 
  4.648435159080203e-02  3.234757660291943e-02 
  4.214031497339078e-02  3.379578199781429e-02 
  3.340294260944730e-02  3.485970439192353e-02 
  2.287716357042923e-02  3.542417951272364e-02 
  1.205243581606014e-02  3.542987335997009e-02 
  4.816924922516949e-03  3.506774581869901e-02 
  9.288536186524688e-03  3.446430698183016e-02 
  1.242723117752961e-02  3.386590221091199e-02 
  7.772761238477911e-03  3.375691498706500e-02 
  1.231784336835505e-02  3.447693896269393e-02 
  3.541713911852533e-02  3.608138501856175e-02 
  5.574985951979633e-02  3.844732687317829e-02 
  6.526076004156683e-02  4.112740899040971e-02 
  6.457741067653465e-02  4.334585261851530e-02 
  5.778269949498893e-02  4.529378872782736e-02 
  4.807834697409862e-02  4.650098474690183e-02 
  3.752758586987782e-02  4.711578702538259e-02 
  2.756093693694391e-02  4.716120032223412e-02 
  2.001352450808454e-02  4.681309445963320e-02 
  1.756693229073438e-02  4.652301477162075e-02 
  2.476202326917333e-02  4.660041668283292e-02 
  4.751344575997115e-02  4.780357206910864e-02 
  8.608601955446900e-02  5.059322921320990e-02 
  1.273595973524215e-01  5.491241575598986e-02 
  1.573189819692447e-01  6.057155178312110e-02 
  1.724385758355605e-01  6.560248641754741e-02 
  1.775166433973885e-01  7.061135573333430e-02 
  1.788314827220564e-01  7.437246911397884e-02 
  1.811060370075822e-01  7.708308720857276e-02 
  1.864843870291694e-01  7.921667324939202e-02 
  2.007938825739011e-01  8.003423534427305e-02 
  2.315593796266325e-01  7.988910393823861e-02 
  2.912371868217318e-01  7.956134200526820e-02 
  3.986558370795751e-01  7.982595997443589e-02 
  5.665965520805951e-01  8.125922949444031e-02 
  7.664484095817766e-01  8.238024894167303e-02 
  9.233783281613677e-01  8.180475532109768e-02 
  9.633426259833535e-01  7.794987982941340e-02 
  8.785030575836708e-01  7.033992485191015e-02 
  7.214839551029198e-01  6.136244417428707e-02 
  5.578048388568410e-01  5.189521314098042e-02 
  4.209034421001053e-01  4.427873448850725e-02 
  3.150016853328134e-01  3.866300004833480e-02 
  2.666404768767859e-01  2.984753361617017e-02 
  3.642958948905379e-01  3.513229736266554e-02 
  4.931897901219757e-01  4.174102889518352e-02 
  6.554617110806085e-01  4.855090168331706e-02 
  8.202521499330596e-01  5.369694154705015e-02 
  9.319956329221896e-01  5.396910301475484e-02 
  9.244502141113299e-01  4.748658080161541e-02 
  7.856636809353216e-01  3.469441347974463e-02 
  5.872105198895624e-01  1.851404222967309e-02 
  4.085107856055336e-01  4.258036206827164e-03 
  2.877738502016743e-01  1.107141678116823e-02 
  2.192276241990022e-01  2.000468881246854e-02 
  1.824486807322492e-01  2.427963200191188e-02 
  1.635482974223293e-01  2.605275767602705e-02 
  1.538553942261295e-01  2.578756585130553e-02 
  1.484947424218302e-01  2.320545562785151e-02 
  1.445711971756660e-01  2.032552396757032e-02 
  1.383392533548176e-01  1.697117454064483e-02 
  1.243703416557157e-01  1.323663367842387e-02 
  9.730284247985826e-02  1.119164948801112e-02 
  5.829253972955728e-02  1.003702139738996e-02 
  1.913441669074399e-02  1.035197107879677e-02 
  9.990419560719456e-03  1.175426831111916e-02 
  2.037221389665477e-02  1.290931951387181e-02 
  2.033532311134770e-02  1.396570936937968e-02 
  1.414472236180252e-02  1.415780251081263e-02 
  6.443921294928550e-03  1.377645411343030e-02 
  6.946951668055885e-03  1.256078407569903e-02 
  1.482113719294784e-02  1.120562797846407e-02 
  2.113159980728892e-02  9.171966292419587e-03 
  2.210818435335426e-02  7.879932548780744e-03 
  1.419425089179593e-02  6.621628325701292e-03 
  6.103039451843533e-03  6.264970783271607e-03 
  2.800769235579751e-02  6.710324153477065e-03 
  4.525720480594948e-02  7.847772414337338e-03 
  5.206278274847046e-02  8.934656286770197e-03 
  4.998612574589235e-02  1.017000110242182e-02 
  4.298197600429050e-02  1.064724260772525e-02 
  3.345873578121063e-02  1.069619101371113e-02 
  2.340384307017790e-02  1.026535800457829e-02 
  1.362758744184851e-02  9.633838242636706e-03 
  5.739910588454820e-03  8.718487515576974e-03 
  1.922176119322827e-03  7.697344072047188e-03 
  2.962332664357544e-03  6.845770726890864e-03 
  1.259557729494299e-02  6.721609066559643e-03 
  2.992530788879218e-02  6.982370665373609e-03 
  4.625499383126266e-02  8.073874602811630e-03 
  5.484905220915039e-02  9.407501581470114e-03 
  5.486709636160349e-02  1.038986608569370e-02 
  4.911643956127500e-02  1.142942020669851e-02 
  4.042628909408519e-02  1.159659926948184e-02 
  3.057644056662665e-02  1.187893210243744e-02 
  2.049638533956793e-02  1.134361818079270e-02 
  1.205024362648597e-02  1.100624940922445e-02 
  5.762334661439459e-03  1.027040335003800e-02 
  4.560398323795212e-03  9.767668232708525e-03 
  1.110435218461212e-02  9.591283983755181e-03 
  2.508595144701532e-02  1.010838559072566e-02 
  4.064543982036924e-02  1.113125802733499e-02 
  5.043286929988270e-02  1.245872644000584e-02 
  5.230868199329235e-02  1.370844676946538e-02 
  4.792076885352882e-02  1.477989163984666e-02 
  4.023283882002628e-02  1.530754165800090e-02 
  3.100162276560387e-02  1.556853509477606e-02 
  2.149691688771870e-02  1.550244859741883e-02 
  1.236773090505619e-02  1.517274119419276e-02 
  5.166198361883716e-03  1.449467059322266e-02 
  1.855385795411618e-03  1.391163101044308e-02 
  4.345558265786989e-03  1.390485133738504e-02 
  1.504563692415850e-02  1.407974048339135e-02 
  3.046584143380247e-02  1.499617155251462e-02 
  4.301801606073092e-02  1.616566408059135e-02 
  4.799910365776250e-02  1.756557213779572e-02 
  4.576666085549595e-02  1.889161776966901e-02 
  3.897644969570513e-02  1.973086840217771e-02 
  3.005773680922327e-02  1.998450980375883e-02 
  2.031339096760847e-02  2.019724575992212e-02 
  1.088179969340375e-02  1.996963835587988e-02 
  3.225120734499988e-03  1.943412760534325e-02 
  3.119312441121222e-03  1.893579311426355e-02 
  2.798301642411245e-03  1.876791163557930e-02 
  6.916566826664588e-03  1.884974806292385e-02 
  2.157039894054371e-02  1.961660738420187e-02 
  3.625029768953943e-02  2.088603733523389e-02 
  4.392076312314042e-02  2.247538293672923e-02 
  4.382297704841257e-02  2.390910393833645e-02 
  3.798467609119699e-02  2.458783839316442e-02 
  2.944670986904852e-02  2.552733630831766e-02 
  1.964304345342985e-02  2.564487579485794e-02 
  9.900841940296166e-03  2.558229778873670e-02 
  3.056533621740791e-03  2.512715680712899e-02 
  7.102049212888015e-03  2.465681916330661e-02 
  9.278567411543944e-03  2.427270065755945e-02 
  4.431555343603325e-03  2.421561760792048e-02 
  1.215569031912614e-02  2.470684553110803e-02 
  2.968968756405446e-02  2.617079707502699e-02 
  4.220364656482144e-02  2.781148316036756e-02 
  4.571361089787854e-02  2.957902810270020e-02 
  4.183613708374870e-02  3.104960645589528e-02 
  3.366275663553359e-02  3.202816078144797e-02 
  2.359212047853371e-02  3.235085029850892e-02 
  1.331210937990060e-02  3.262978784004253e-02 
  5.382131163277693e-03  3.206335769565501e-02 
  7.410664078504302e-03  3.173249717063553e-02 
  1.015907057493513e-02  3.127054856930748e-02 
  6.234554523717868e-03  3.091381830181251e-02 
  1.347079035748836e-02  3.169352538376303e-02 
  3.535617113653918e-02  3.315844075025358e-02 
  5.437920165293580e-02  3.526620275006841e-02 
  6.370261013476236e-02  3.785358356032312e-02 
  6.323520449800585e-02  4.004230321997278e-02 
  5.706513215545800e-02  4.178133861036393e-02 
  4.804212704618251e-02  4.284739764506804e-02 
  3.794474402050003e-02  4.379521371653478e-02 
  2.865950119071240e-02  4.361501739281314e-02 
  2.162137839274109e-02  4.362830092419455e-02 
  1.972630425741293e-02  4.331465902876761e-02 
  2.669806753887939e-02  4.348842206506953e-02 
  4.856850408605418e-02  4.463166102785295e-02 
  8.502408704999730e-02  4.701492525526815e-02 
  1.242234473792641e-01  5.113123116192288e-02 
  1.528921815207645e-01  5.626938907749021e-02 
  1.680769379278811e-01  6.111720008130142e-02 
  1.740765926856793e-01  6.590800257522217e-02 
  1.764608949020375e-01  6.942210849983443e-02 
  1.797220142631814e-01  7.235395076208197e-02 
  1.873794359808303e-01  7.495889917469967e-02 
  2.039923952309783e-01  7.589927893631512e-02 
  2.374369349514209e-01  7.643868374410293e-02 
  2.992716150597281e-01  7.720335966927983e-02 
  4.091203925369080e-01  7.804937865000575e-02 
  5.753676331808939e-01  7.956419076588736e-02 
  7.741102667222499e-01  8.115433997485860e-02 
  9.283927223513796e-01  8.086088681412629e-02 
  9.705726015264925e-01  7.694819732220613e-02 
  8.869242458579301e-01  6.989473296683799e-02 
  7.295744684106926e-01  6.081268796939367e-02 
  5.624743563067793e-01  5.201154444198033e-02 
  4.249921686628619e-01  4.427352486619295e-02 
  3.160172775568217e-01  3.864982216593596e-02 
  2.668600280715106e-01  2.916201976662915e-02 
  3.660747946016560e-01  3.477686664463182e-02 
  4.960933750167325e-01  4.169268360811106e-02 
  6.569297460903621e-01  4.890602325163035e-02 
  8.216667773073076e-01  5.447954226566812e-02 
  9.302584580300378e-01  5.565543096022652e-02 
  9.214484150740586e-01  5.080045475332776e-02 
  7.863878183427541e-01  4.047162571246790e-02 
  5.920705061874444e-01  2.727713480424711e-02 
  4.142518221182927e-01  1.431327449147435e-02 
  2.916796816949650e-01  5.592822676466585e-03 
  2.210771347809339e-01  4.896910313227198e-03 
  1.814397452206843e-01  7.236433075687685e-03 
  1.598151796674840e-01  8.526238956003388e-03 
  1.482462025531650e-01  7.897030220821352e-03 
  1.418357885008868e-01  7.334291214292282e-03 
  1.369269792795193e-01  5.324240933271445e-03 
  1.301093859944656e-01  4.462226386562605e-03 
  1.157474887515229e-01  3.747905655193418e-03 
  9.018828475375490e-02  3.689408126236214e-03 
  5.427917365813520e-02  3.686594747600951e-03 
  1.747060430354318e-02  3.504202942772180e-03 
  1.028681968754129e-02  3.521532898757527e-03 
  2.070356229202260e-02  3.742900223089356e-03 
  2.112722840049106e-02  3.827741493325501e-03 
  1.592899505241128e-02  3.759227421792211e-03 
  8.388711861958956e-03  3.623859071285094e-03 
  4.852417690533180e-03  3.446936239343948e-03 
  1.121933917174052e-02  3.439079378272997e-03 
  1.695584654272243e-02  3.789960206290928e-03 
  1.762606134841414e-02  4.078801308926726e-03 
  1.027660531761665e-02  4.546566524663617e-03 
  8.334557120915140e-03  4.206006117325157e-03 
  2.926736524185284e-02  3.875649998839634e-03 
  4.587575528044402e-02  3.403763289569478e-03 
  5.251968678228232e-02  3.238200235252618e-03 
  5.089519438028427e-02  3.256069003488898e-03 
  4.435542321223261e-02  3.277867920645173e-03 
  3.535058274105426e-02  3.281063608961911e-03 
  2.564794521687438e-02  3.296585165588126e-03 
  1.642011435543511e-02  3.506744705803722e-03 
  8.847188435551441e-03  3.375419461076147e-03 
  4.428940311534197e-03  3.595050952506384e-03 
  6.005311332271951e-03  3.681011718285941e-03 
  1.563345174177196e-02  3.603294427057994e-03 
  3.156926185011315e-02  3.203501635127430e-03 
  4.673596639696764e-02  3.157208402840160e-03 
  5.515202048500537e-02  3.299473540726579e-03 
  5.542077279776434e-02  3.464034829288705e-03 
  5.033485563736476e-02  3.609956760291131e-03 
  4.202648105715483e-02  3.560700126583155e-03 
  3.267426502738941e-02  3.737432002448200e-03 
  2.311437619880930e-02  3.448129356447532e-03 
  1.457767881622517e-02  3.545370689884415e-03 
  8.664625118358353e-03  3.363595788223844e-03 
  7.610612803088133e-03  3.435151536021205e-03 
  1.362613311765216e-02  3.491493999525003e-03 
  2.678265810670537e-02  3.817803748228298e-03 
  4.152934460727259e-02  4.322081978035713e-03 
  5.111160600560442e-02  4.756535583073818e-03 
  5.305382828058804e-02  5.760658096798725e-03 
  4.905269550430142e-02  6.064246552763776e-03 
  4.167636446871269e-02  6.297746859387298e-03 
  3.295297488586766e-02  6.155135245017609e-03 
  2.374648739230367e-02  6.224534093016609e-03 
  1.496681627013878e-02  6.120668381319398e-03 
  8.011539483444380e-03  6.321813797554495e-03 
  4.581971962485893e-03  6.429226113409932e-03 
  7.190172792572930e-03  6.652976662220656e-03 
  1.707398821700103e-02  7.038674792775756e-03 
  3.148126153804878e-02  8.094285151980851e-03 
  4.343092482267808e-02  8.786115336339766e-03 
  4.850839187648705e-02  9.677321067219014e-03 
  4.669366115071845e-02  1.030779683287379e-02 
  4.038296730644342e-02  1.059971772569218e-02 
  3.183782031610259e-02  1.055739327929280e-02 
  2.232868399179168e-02  1.059409590139021e-02 
  1.339008325674883e-02  1.062617832938424e-02 
  5.635499004126885e-03  1.022345759606280e-02 
  2.024095630624694e-03  1.073809149269414e-02 
  2.068279737929302e-03  1.076874640974092e-02 
  9.048778914254143e-03  1.136352312280848e-02 
  2.301482237239171e-02  1.196273548766219e-02 
  3.665771389887659e-02  1.314263055909548e-02 
  4.429537445384032e-02  1.396377846096220e-02 
  4.447891936983461e-02  1.479467229867584e-02 
  3.926343823383502e-02  1.493328143647433e-02 
  3.106295212795177e-02  1.526613680773047e-02 
  2.173849268085672e-02  1.520674978392154e-02 
  1.226022886564105e-02  1.516935622230159e-02 
  4.173749474412340e-03  1.507165866891719e-02 
  4.707105989336468e-03  1.503895465973929e-02 
  6.401378802193013e-03  1.520333096961833e-02 
  3.336581806494078e-03  1.586662107183285e-02 
  1.384959990288318e-02  1.661617662605800e-02 
  3.025793094367769e-02  1.770725330573322e-02 
  4.231036066323731e-02  1.895323074800137e-02 
  4.607424500333902e-02  1.961486620008752e-02 
  4.260286219632971e-02  2.074269349351919e-02 
  3.493482542639634e-02  2.074750366612023e-02 
  2.535226567777950e-02  2.082391104988421e-02 
  1.542620247580016e-02  2.086974535522337e-02 
  6.934494010346324e-03  2.059153156763337e-02 
  5.551995780354362e-03  2.081405510416293e-02 
  7.617966830708822e-03  2.071700161972374e-02 
  5.226974451770825e-03  2.118454301496521e-02 
  1.522565123251072e-02  2.230419482730702e-02 
  3.586042872177214e-02  2.333234825402094e-02 
  5.407114639007578e-02  2.491565736989377e-02 
  6.321575473669817e-02  2.651606347654199e-02 
  6.327155052721346e-02  2.761272705324283e-02 
  5.762876032117131e-02  2.849737779802051e-02 
  4.909918432931140e-02  2.890021342587088e-02 
  3.962121391952664e-02  2.934514433866994e-02 
  3.091441462319479e-02  2.944932195595793e-02 
  2.413203949236995e-02  2.955907912167288e-02 
  2.256350831483016e-02  2.967053313447246e-02 
  2.967667409560166e-02  3.072137149412984e-02 
  5.050015689228102e-02  3.186105483197237e-02 
  8.494823843606064e-02  3.416295272671593e-02 
  1.226786893121964e-01  3.706613046223316e-02 
  1.504446773933784e-01  4.017323913982596e-02 
  1.658753977925522e-01  4.342822707743892e-02 
  1.723877008085079e-01  4.609580460350039e-02 
  1.758551645842978e-01  4.845789560730380e-02 
  1.803886371182785e-01  5.051155052344577e-02 
  1.889601075139365e-01  5.244300271341644e-02 
  2.071150115409275e-01  5.416009282310769e-02 
  2.422802858427512e-01  5.657463360380878e-02 
  3.068586198350907e-01  5.951487146721577e-02 
  4.183732197509460e-01  6.384988949990310e-02 
  5.880985076890014e-01  6.896727234726335e-02 
  7.881129747372863e-01  7.378177516543372e-02 
  9.401347968865232e-01  7.581254919049873e-02 
  9.800100454172785e-01  7.379247044148690e-02 
  8.906114563698773e-01  6.782990362417099e-02 
  7.294676341295512e-01  5.955935007676868e-02 
  5.628705511386483e-01  5.115064918652326e-02 
  4.230354158840261e-01  4.362387597919817e-02 
  3.148925438579677e-01  3.815605358293852e-02 
  2.672745009871585e-01  2.880570773574060e-02 
  3.649583692516139e-01  3.446935445657637e-02 
  4.946283758716947e-01  4.152716658151238e-02 
  6.564755071594224e-01  4.934351121056149e-02 
  8.252459038653548e-01  5.571627201394277e-02 
  9.357600010201206e-01  5.861230488193379e-02 
  9.287347109581637e-01  5.622312099369987e-02 
  7.935296841580254e-01  4.963014568121939e-02 
  5.948809030589488e-01  4.070617074999466e-02 
  4.134295144398119e-01  3.334071813635462e-02 
  2.896946183316882e-01  2.716871824946744e-02 
  2.173916592738944e-01  2.410340233021335e-02 
  1.761058883140686e-01  2.230308040159750e-02 
  1.543303628871589e-01  2.218215317948957e-02 
  1.425638540070595e-01  2.212465462976445e-02 
  1.367116507722174e-01  2.271473110285636e-02 
  1.320587637515903e-01  2.131031159866258e-02 
  1.252080141092327e-01  2.154331839205530e-02 
  1.111513462987381e-01  2.006210735272573e-02 
  8.614104328871430e-02  1.908324605386685e-02 
  5.037629544936659e-02  1.748466436404453e-02 
  1.437390358283098e-02  1.636731534729008e-02 
  1.309046510619075e-02  1.588906896289074e-02 
  2.361029032172673e-02  1.601604019230399e-02 
  2.427893192304016e-02  1.651130690676079e-02 
  1.886944937800501e-02  1.644672194030222e-02 
  1.092950334615966e-02  1.703718345987186e-02 
  4.381660024476210e-03  1.749040033137638e-02 
  8.832726385948694e-03  1.748920224664395e-02 
  1.447089783409220e-02  1.738826699036289e-02 
  1.529572360878908e-02  1.707115084911259e-02 
  8.064779120760696e-03  1.619951640542405e-02 
  1.029247278614756e-02  1.494071391665957e-02 
  3.182001114135462e-02  1.400587512814417e-02 
  4.828333695245271e-02  1.408131779503230e-02 
  5.503071776844119e-02  1.319511561982655e-02 
  5.345003296248176e-02  1.414663342472288e-02 
  4.660918697159274e-02  1.473590795076779e-02 
  3.757523257536956e-02  1.534320013617677e-02 
  2.783301972443789e-02  1.504589234257759e-02 
  1.831518785007330e-02  1.526828999377868e-02 
  1.040465842654462e-02  1.483927386533378e-02 
  5.990786291969039e-03  1.418517996538859e-02 
  7.551720841628824e-03  1.345819293488967e-02 
  1.727089633315663e-02  1.196385525311332e-02 
  3.348499029291661e-02  1.116962261566871e-02 
  4.895350333910590e-02  1.047174239441731e-02 
  5.727663264020666e-02  1.043954810886103e-02 
  5.772685232845817e-02  1.070042925368683e-02 
  5.242481147504317e-02  1.095475956226237e-02 
  4.422324198904866e-02  1.149111709099231e-02 
  3.470862645131769e-02  1.194020683630388e-02 
  2.504900199684541e-02  1.197216931030410e-02 
  1.642765136069897e-02  1.202746910493490e-02 
  1.028207760379254e-02  1.064462827791776e-02 
  9.041485234014782e-03  1.023917109372626e-02 
  1.532027557819099e-02  8.710557460756625e-03 
  2.845444226129349e-02  7.924257872887431e-03 
  4.334747725309959e-02  7.149437929117878e-03 
  5.321106207367899e-02  7.078615129505423e-03 
  5.534569269740581e-02  7.331328843008193e-03 
  5.147242475072077e-02  7.452216269614373e-03 
  4.419436797013011e-02  8.205971418868960e-03 
  3.505850781263700e-02  8.361252715358295e-03 
  2.563013108436040e-02  8.228230514767827e-03 
  1.663896381868526e-02  8.344615880031093e-03 
  9.465753209300662e-03  7.641773303316636e-03 
  5.933416395950813e-03  7.032244304731759e-03 
  8.498710337272043e-03  5.693839881070072e-03 
  1.853786979103057e-02  4.803095258827904e-03 
  3.311311042304933e-02  4.199614243366995e-03 
  4.566620557346852e-02  3.894290543117309e-03 
  5.080705562568805e-02  4.015910265084487e-03 
  4.906794585519100e-02  3.743132063783681e-03 
  4.281078362236201e-02  4.248945885912276e-03 
  3.409285939468120e-02  4.508363759010835e-03 
  2.452865457876700e-02  4.550727704342064e-03 
  1.517527526035865e-02  4.621471189862887e-03 
  7.304064125049729e-03  4.139073133113991e-03 
  2.812582870022566e-03  3.823235499131392e-03 
  3.099803950220534e-03  3.354853035626749e-03 
  1.043079301192732e-02  3.336636912545956e-03 
  2.466120125357927e-02  3.668110837002670e-03 
  3.867331293773799e-02  4.102600701980400e-03 
  4.651887757618391e-02  4.097826814816009e-03 
  4.680032590255671e-02  3.816265225622712e-03 
  4.160756280197661e-02  3.690677098976430e-03 
  3.341369679410447e-02  3.302707783902546e-03 
  2.396017453933076e-02  3.202884295369422e-03 
  1.416368232174720e-02  3.154397718859336e-03 
  5.797341414073749e-03  3.304556259058751e-03 
  3.762609324014356e-03  3.384160873521735e-03 
  5.182118948130410e-03  4.329705925637362e-03 
  3.675398869163251e-03  5.162067747856300e-03 
  1.539970769112387e-02  6.198462812344877e-03 
  3.188837784765227e-02  6.845691912496431e-03 
  4.421035756107385e-02  7.203968414407593e-03 
  4.824802909694892e-02  6.911855497481469e-03 
  4.500436904930013e-02  6.337645601983083e-03 
  3.740197859797582e-02  5.694380061386457e-03 
  2.771597924061108e-02  5.323471704102441e-03 
  1.765900694554124e-02  4.868606224565587e-03 
  8.751226559220006e-03  5.014604660934195e-03 
  4.937987967845768e-03  5.483679323035354e-03 
  6.214743050440349e-03  6.538597438510899e-03 
  5.276683886006620e-03  7.751800728421973e-03 
  1.672866280792310e-02  9.246176938231505e-03 
  3.696074592520357e-02  1.038986608569370e-02 
  5.551508094359948e-02  1.090665812104815e-02 
  6.496563344419644e-02  1.096785373096349e-02 
  6.532366265777335e-02  1.013904148449058e-02 
  5.995229011841308e-02  9.660412028358373e-03 
  5.168221606670870e-02  9.140157933356801e-03 
  4.233061004943886e-02  8.652595472779960e-03 
  3.359123160953426e-02  8.880009900858975e-03 
  2.673878550308870e-02  9.296823800431833e-03 
  2.487087285879057e-02  1.016418708024565e-02 
  3.194964061539628e-02  1.201087369494177e-02 
  5.242323619941907e-02  1.400537687884387e-02 
  8.634682585912591e-02  1.598535185472975e-02 
  1.235122625478793e-01  1.742084433075128e-02 
  1.518282993187220e-01  1.807754286521110e-02 
  1.672922134520643e-01  1.807289186085036e-02 
  1.748533178061938e-01  1.770451564686405e-02 
  1.788008493079254e-01  1.763840051906717e-02 
  1.835959418151502e-01  1.787216848566838e-02 
  1.926669300384603e-01  1.882421827367321e-02 
  2.111074828139264e-01  2.112372719000883e-02 
  2.465176263475272e-01  2.522952360181014e-02 
  3.117157004969964e-01  3.152130578177174e-02 
  4.221726818746791e-01  4.006370874745453e-02 
  5.875397138021157e-01  5.160220978305027e-02 
  7.868342887161278e-01  6.164551001449108e-02 
  9.351523668198224e-01  6.838359840202603e-02 
  9.767106592318568e-01  6.969723511427321e-02 
  8.902538845790423e-01  6.538739716206400e-02 
  7.313282121914804e-01  5.832693426758083e-02 
  5.665810271156767e-01  5.025659374994292e-02 
  4.259846278581303e-01  4.313206489874691e-02 
  3.171885323120048e-01  3.786975975726359e-02 
  2.672277945174519e-01  2.833185431826612e-02 
  3.659987712601734e-01  3.412073674412586e-02 
  4.967168324621419e-01  4.155011690035713e-02 
  6.586495165285096e-01  4.977596059995679e-02 
  8.248477182667607e-01  5.694149954039864e-02 
  9.331700192002228e-01  6.114837918482321e-02 
  9.211129271906046e-01  6.148421039170197e-02 
  7.821175431676454e-01  5.905488117528430e-02 
  5.859565689922736e-01  5.589112482429114e-02 
  4.076841501434228e-01  5.433897599707761e-02 
  2.831809780398620e-01  5.397518629830602e-02 
  2.108533606690018e-01  5.474108485788276e-02 
  1.713819884387284e-01  5.536424731566497e-02 
  1.501801996598291e-01  5.556242601203188e-02 
  1.393192177686296e-01  5.531441198211856e-02 
  1.339846287939094e-01  5.346266455496209e-02 
  1.299706309866813e-01  5.196983643892523e-02 
  1.237701386286518e-01  4.745443423676227e-02 
  1.102448922603210e-01  4.396115558659675e-02 
  8.496186310669340e-02  3.962529422927782e-02 
  4.897514464985098e-02  3.657210853896187e-02 
  1.192274422790452e-02  3.464909134956973e-02 
  1.584293634879464e-02  3.427964375912583e-02 
  2.678515274805795e-02  3.554926697363249e-02 
  2.720169566457910e-02  3.668705915642427e-02 
  2.169516349736277e-02  3.812976248428637e-02 
  1.316612813404786e-02  3.857965592113802e-02 
  5.018939694063115e-03  3.861858882225923e-02 
  7.566916251987901e-03  3.760657655253045e-02 
  1.360728958507882e-02  3.586579402262124e-02 
  1.469411814487181e-02  3.360760390346292e-02 
  7.320532572819646e-03  3.098317713891241e-02 
  1.150200037372924e-02  2.873681287498529e-02 
  3.386732359527809e-02  2.752838287599797e-02 
  5.110090332795449e-02  2.720869109169453e-02 
  5.831270359083339e-02  2.860359366885830e-02 
  5.654192984062828e-02  2.943511249931438e-02 
  4.948484649246934e-02  3.083324259872603e-02 
  3.997947873701412e-02  3.161276624300918e-02 
  2.960873325004991e-02  3.214851005147590e-02 
  1.962621162228926e-02  3.152915633908628e-02 
  1.113759386966170e-02  3.046356673227039e-02 
  6.263605219987885e-03  2.873226742716930e-02 
  7.844714226271097e-03  2.638388528334420e-02 
  1.798542386579089e-02  2.424423304692290e-02 
  3.505772075079654e-02  2.267757176617356e-02 
  5.146555699591159e-02  2.233574022877794e-02 
  6.062535258290508e-02  2.270109729285889e-02 
  6.104665573659432e-02  2.399306607357927e-02 
  5.562246448156601e-02  2.521685667215184e-02 
  4.677133620257652e-02  2.644014910774518e-02 
  3.684777573264816e-02  2.673164592338688e-02 
  2.625701954083581e-02  2.665500387518307e-02 
  1.726530788607415e-02  2.569162947578054e-02 
  1.067795846897184e-02  2.453966049558309e-02 
  9.392340472540627e-03  2.202271710225963e-02 
  1.563800426977944e-02  1.996286178985123e-02 
  2.968105456848240e-02  1.843744339534105e-02 
  4.578368315373274e-02  1.745646692925796e-02 
  5.624771408755683e-02  1.784751476842952e-02 
  5.865707159152880e-02  1.903118583234331e-02 
  5.459611342740235e-02  2.023830329313688e-02 
  4.677480410954078e-02  2.132880383658721e-02 
  3.724649643215069e-02  2.181820911998981e-02 
  2.734926298661989e-02  2.206793265776685e-02 
  1.790391788680705e-02  2.148566252540662e-02 
  1.009574278733330e-02  2.015958093406785e-02 
  6.214437539989936e-03  1.845165178008332e-02 
  8.749951129077701e-03  1.632202730317422e-02 
  1.936378613412723e-02  1.429679039372033e-02 
  3.503510935330905e-02  1.326428058132645e-02 
  4.842002701067507e-02  1.305470011762790e-02 
  5.436255716708045e-02  1.393120233797478e-02 
  5.243181327276310e-02  1.549862962723676e-02 
  4.583965362823222e-02  1.639765519660256e-02 
  3.662114150099683e-02  1.737277919976692e-02 
  2.642056053892015e-02  1.789870251835950e-02 
  1.660067232915123e-02  1.764679131902028e-02 
  8.076936664673951e-03  1.663793027667322e-02 
  3.026448425412058e-03  1.508967374629929e-02 
  3.154197457805321e-03  1.295591678791607e-02 
  1.092652785857960e-02  1.085267006237467e-02 
  2.612520021200055e-02  9.481025180208007e-03 
  4.136063782052043e-02  9.126059584997648e-03 
  4.986645867398502e-02  9.652905398747882e-03 
  5.053393616044107e-02  1.095010289154733e-02 
  4.501258218999518e-02  1.228812300419731e-02 
  3.626579292004906e-02  1.349193064373274e-02 
  2.622164161564270e-02  1.398211436286579e-02 
  1.583607053170466e-02  1.402262758074825e-02 
  6.777936212808220e-03  1.348384029442885e-02 
  3.549110142441473e-03  1.198060086940181e-02 
  5.078317237936458e-03  1.042541375740628e-02 
  3.831467335197149e-03  8.019264720107475e-03 
  1.632317652866138e-02  6.496389414154717e-03 
  3.423167319705690e-02  5.689180332331291e-03 
  4.777672510633793e-02  6.041374386857742e-03 
  5.210568112615446e-02  7.318347880540117e-03 
  4.871168216623644e-02  8.807646993774064e-03 
  4.069029864679414e-02  1.036398915826513e-02 
  3.046912113181373e-02  1.146935644591843e-02 
  1.954362079250401e-02  1.194459695526840e-02 
  9.822200098768370e-03  1.148946218252470e-02 
  4.986913409286291e-03  1.053975704636622e-02 
  6.160285319201204e-03  8.599220792855619e-03 
  5.378787381647005e-03  6.446402225850470e-03 
  1.744525722507827e-02  4.519378341676096e-03 
  3.942283273476251e-02  3.558581773219977e-03 
  5.915874842186041e-02  3.611919811962019e-03 
  6.899790071414777e-02  4.683208571896261e-03 
  6.947990682528317e-02  6.410355279808170e-03 
  6.374618919632470e-02  8.547152444952485e-03 
  5.482662687202890e-02  9.930691714760303e-03 
  4.486721133784827e-02  1.113603532733060e-02 
  3.534974435443022e-02  1.118529647760367e-02 
  2.803923608847060e-02  1.038358924657506e-02 
  2.545139712223148e-02  8.581775516529349e-03 
  3.228474997162894e-02  6.067251531952212e-03 
  5.312998305192923e-02  3.326701622436267e-03 
  8.844379664864482e-02  1.770818701962674e-03 
  1.273862864727181e-01  1.420282873063848e-03 
  1.566372238632520e-01  2.328316146880285e-03 
  1.729701760217845e-01  4.966462950380805e-03 
  1.797199244579153e-01  7.895990188304555e-03 
  1.831288328005453e-01  1.028996742697954e-02 
  1.869678902064081e-01  1.142522469738298e-02 
  1.952080294199755e-01  1.123555422323453e-02 
  2.122999429070754e-01  8.544262845365044e-03 
  2.466594321637430e-01  2.758610595820332e-03 
  3.096929559851581e-01  6.443475773864783e-03 
  4.185241059874188e-01  1.995299988266894e-02 
  5.856213175811991e-01  3.589483406393717e-02 
  7.819758257927655e-01  5.088926753696871e-02 
  9.348293247806928e-01  6.156604423033580e-02 
  9.742678633044324e-01  6.535931621696545e-02 
  8.880347842129148e-01  6.286775470713035e-02 
  7.287118424157383e-01  5.660879364473571e-02 
  5.631285256486837e-01  4.921684837531372e-02 
  4.233295913755984e-01  4.234585928260144e-02 
  3.173779330045108e-01  3.740658401034403e-02 
  2.665666581198762e-01  2.803750732154036e-02 
  3.636714242386671e-01  3.393225718351731e-02 
  4.939965630675263e-01  4.148931360839085e-02 
  6.568585803914225e-01  4.980689289835025e-02 
  8.209803781297812e-01  5.772779243668813e-02 
  9.315026127426727e-01  6.277437536947271e-02 
  9.208106366796571e-01  6.420041715604446e-02 
  7.804247382014361e-01  6.333062878668030e-02 
  5.755074862913111e-01  6.259128244660771e-02 
  3.944469727775330e-01  6.357872289520171e-02 
  2.732403464841857e-01  6.627977111595131e-02 
  2.032869862121022e-01  6.931403000351487e-02 
  1.656294185965751e-01  7.158497044666479e-02 
  1.469544113171003e-01  7.263884833972722e-02 
  1.382840617488119e-01  7.194162610459086e-02 
  1.343879958780907e-01  6.980952773626874e-02 
  1.319190840957309e-01  6.657777084058829e-02 
  1.269854690210480e-01  6.188066183766523e-02 
  1.137882916871280e-01  5.654590380058232e-02 
  8.735235689348213e-02  5.076957174158295e-02 
  4.900577112436863e-02  4.628100700752856e-02 
  9.237667524426540e-03  4.371672301624846e-02 
  2.041719738465008e-02  4.388571718129711e-02 
  3.151298025710787e-02  4.538424865375343e-02 
  3.135060147476952e-02  4.720702696383212e-02 
  2.448015861238437e-02  4.890212146107839e-02 
  1.465954285330149e-02  4.967070795218723e-02 
  5.097825640946971e-03  4.943278170795544e-02 
  8.220243404870735e-03  4.810901332688738e-02 
  1.521452952669055e-02  4.573225853567874e-02 
  1.694860964892755e-02  4.269115453734852e-02 
  9.082087408892672e-03  3.906101731731151e-02 
  1.171052397012011e-02  3.614223038993333e-02 
  3.641656910027172e-02  3.449477368885528e-02 
  5.499709210378471e-02  3.462506122461632e-02 
  6.246823384444603e-02  3.595534414998230e-02 
  6.031566596507230e-02  3.778307496854643e-02 
  5.233480705482799e-02  3.950163302193377e-02 
  4.193915030902785e-02  4.046839217078584e-02 
  3.053930697048663e-02  4.090027235642744e-02 
  1.939119739670822e-02  4.013434688488383e-02 
  1.006924544850514e-02  3.882324208434448e-02 
  4.493787970875601e-03  3.632947735182195e-02 
  5.914211172651426e-03  3.346557566424099e-02 
  1.708334955405645e-02  3.072518100240772e-02 
  3.634540205180985e-02  2.872849002567960e-02 
  5.485926407887920e-02  2.836278350639486e-02 
  6.464748400461656e-02  2.925952692032179e-02 
  6.480058512027281e-02  3.100889925141889e-02 
  5.851545379257185e-02  3.275272584634829e-02 
  4.895203800614586e-02  3.411716218293787e-02 
  3.775932111275915e-02  3.474890710050683e-02 
  2.649938392993482e-02  3.440726877531543e-02 
  1.635040548026862e-02  3.330401549973330e-02 
  9.090043831731526e-03  3.144793621897152e-02 
  7.436616354551083e-03  2.879961950616197e-02 
  1.438326318915588e-02  2.601116475970189e-02 
  3.062135309509703e-02  2.390159867460485e-02 
  4.850230489727416e-02  2.316964074905237e-02 
  6.016081033887904e-02  2.352752805733978e-02 
  6.258534165125962e-02  2.518254391643517e-02 
  5.791750267173889e-02  2.674092955999508e-02 
  4.916772652909671e-02  2.837999731282139e-02 
  3.892649736816151e-02  2.902592040478602e-02 
  2.781947804285879e-02  2.928984341990264e-02 
  1.757574639350319e-02  2.848733022856304e-02 
  9.030485037258250e-03  2.710810130737513e-02 
  4.735001570362810e-03  2.475763751530505e-02 
  7.453936305869008e-03  2.215831847160980e-02 
  1.923190156067091e-02  1.980723708731240e-02 
  3.705294888930076e-02  1.839627529316252e-02 
  5.194859155928574e-02  1.848704294163631e-02 
  5.831690639209268e-02  1.967702557085004e-02 
  5.618907431356695e-02  2.140459919482422e-02 
  4.877981258251491e-02  2.323850044099469e-02 
  3.871681982007165e-02  2.440680042907604e-02 
  2.769968481277341e-02  2.481821828405385e-02 
  1.682225172438927e-02  2.462654009868930e-02 
  7.391337399216503e-03  2.328382626040379e-02 
  2.412808629000978e-03  2.138618158526046e-02 
  2.547729861343041e-03  1.883654077348065e-02 
  1.048743488502242e-02  1.632148236084843e-02 
  2.748490418884002e-02  1.472669525856895e-02 
  4.447594427010911e-02  1.433534337240635e-02 
  5.410243692355252e-02  1.523147457938986e-02 
  5.445645639193623e-02  1.686839064398181e-02 
  4.843187440328849e-02  1.877869680432822e-02 
  3.886937230805920e-02  2.033496128950533e-02 
  2.796138487337633e-02  2.120844855133914e-02 
  1.664625056037415e-02  2.129726084074904e-02 
  6.498559166841537e-03  2.048165988300563e-02 
  4.304839632347958e-03  1.898735629745125e-02 
  6.611294106345858e-03  1.652944607515123e-02 
  3.626475747191158e-03  1.408640270712628e-02 
  1.677801109968198e-02  1.187188688474810e-02 
  3.699926760633270e-02  1.111169596877236e-02 
  5.176602614852321e-02  1.173966759030029e-02 
  5.656398876972831e-02  1.333465242344929e-02 
  5.268018936002892e-02  1.570932953496643e-02 
  4.385269388527099e-02  1.767980008891873e-02 
  3.253606502618166e-02  1.903826641959074e-02 
  2.093881632887584e-02  1.961171394349410e-02 
  1.009507331589422e-02  1.921931699942551e-02 
  5.113627364894176e-03  1.786342578463560e-02 
  7.251371033096278e-03  1.565325643478302e-02 
  5.415979070244856e-03  1.297382393749952e-02 
  1.751405573271525e-02  1.050540137628476e-02 
  4.142293118682525e-02  9.209363177377482e-03 
  6.327306570189739e-02  9.535440268376867e-03 
  7.424485738709709e-02  1.140662463028168e-02 
  7.448481224536414e-02  1.394937340893381e-02 
  6.811467321031466e-02  1.668834425479549e-02 
  5.812826057666142e-02  1.882029168384547e-02 
  4.686091640843000e-02  2.012526696192490e-02 
  3.618927871997712e-02  2.034197423957601e-02 
  2.779673759978641e-02  1.945839207859869e-02 
  2.415058067564130e-02  1.723906471515629e-02 
  3.030052667666910e-02  1.447395106547534e-02 
  5.233341523658281e-02  1.123231824978326e-02 
  9.008798587543285e-02  9.145120872735847e-03 
  1.322253810867972e-01  9.153249488264679e-03 
  1.637807959441919e-01  1.143843477338756e-02 
  1.801566208798306e-01  1.490981998525090e-02 
  1.861436936515818e-01  1.921973963084969e-02 
  1.881866353234735e-01  2.232005960312359e-02 
  1.905060741375078e-01  2.433666141479349e-02 
  1.966875530405215e-01  2.433569759345831e-02 
  2.111838861423967e-01  2.142689049021339e-02 
  2.415215723564420e-01  1.522935989869206e-02 
  3.004154245659177e-01  4.758576439470203e-03 
  4.050653806967179e-01  1.022734602927893e-02 
  5.703778835598612e-01  2.836120310354286e-02 
  7.687725667662921e-01  4.504985526216410e-02 
  9.240484170006135e-01  5.762878986269118e-02 
  9.697539949487894e-01  6.288131278881924e-02 
  8.897783357474184e-01  6.125942273370870e-02 
  7.335472230931167e-01  5.571539322439022e-02 
  5.645021201385715e-01  4.839288902615337e-02 
  4.273584321392802e-01  4.217593798530097e-02 
  3.183674268777081e-01  3.691558881973102e-02 
  2.663208862484467e-01  2.784973069936211e-02 
  3.647449413490081e-01  3.369460736421884e-02 
  4.938059600231475e-01  4.128115596410094e-02 
  6.528651362120467e-01  4.977966848105299e-02 
  8.155777654217063e-01  5.728836793670274e-02 
  9.183066459025557e-01  6.231248914492924e-02 
  9.030043187038322e-01  6.370438831475163e-02 
  7.595327895145109e-01  6.270396446286031e-02 
  5.597905688736670e-01  6.170615702632323e-02 
  3.775330941032312e-01  6.232954405371865e-02 
  2.606425868863658e-01  6.505577426264887e-02 
  1.945636600221535e-01  6.838786567553481e-02 
  1.619018373432884e-01  7.147206004718119e-02 
  1.463191357853836e-01  7.247131638319261e-02 
  1.398280745399280e-01  7.216268767718806e-02 
  1.379556295367307e-01  7.051522565058939e-02 
  1.371310424211938e-01  6.751017752303869e-02 
  1.331146569790621e-01  6.306097773141493e-02 
  1.203789296220548e-01  5.774589940944035e-02 
  9.244253095309969e-02  5.232379675116894e-02 
  5.025431728346641e-02  4.762553309792173e-02 
  8.242486174866018e-03  4.508212719574209e-02 
  2.364517743687273e-02  4.488610282405748e-02 
  3.486274083039193e-02  4.620991290768062e-02 
  3.380527921710229e-02  4.817502514411636e-02 
  2.579313180191419e-02  4.968338187915652e-02 
  1.462732892107949e-02  5.070040750577885e-02 
  4.345194062006231e-03  5.062803830321123e-02 
  1.046233513284259e-02  4.934636309556998e-02 
  1.868523556486527e-02  4.723648792937116e-02 
  2.078573218881821e-02  4.420933680523156e-02 
  1.225730597480719e-02  4.077734071971878e-02 
  1.030061315631652e-02  3.752724218481854e-02 
  3.759771291166421e-02  3.583243733216419e-02 
  5.821791227766616e-02  3.571894310666579e-02 
  6.629264960396883e-02  3.690219079913203e-02 
  6.351580802160320e-02  3.883279945974882e-02 
  5.456699996214907e-02  4.058339265634748e-02 
  4.289981579261795e-02  4.175800577370003e-02 
  3.023459304206188e-02  4.207434366864549e-02 
  1.786484190946626e-02  4.170266410143328e-02 
  7.450470120861630e-03  4.023659299248372e-02 
  1.643464499709450e-03  3.775520215674623e-02 
  3.119190700421487e-03  3.509636596523803e-02 
  1.569890377044539e-02  3.236024119957484e-02 
  3.695436783614935e-02  3.018289896821127e-02 
  5.746897845650704e-02  2.956751324304623e-02 
  6.821756719924983e-02  3.041007911443287e-02 
  6.838226432321066e-02  3.210183069900155e-02 
  6.113264369698135e-02  3.376739825814879e-02 
  5.047924810056804e-02  3.527829195263864e-02 
  3.816093239434454e-02  3.584304108064898e-02 
  2.571880154957807e-02  3.576786354315557e-02 
  1.452516509608791e-02  3.455196491139606e-02 
  6.486708430537492e-03  3.269868970108153e-02 
  4.720173119921537e-03  3.015351186148216e-02 
  1.261831245959131e-02  2.732387563689431e-02 
  3.059249356614246e-02  2.529341676252273e-02 
  5.083502334951857e-02  2.424330637943354e-02 
  6.383030613924646e-02  2.464703319504182e-02 
  6.629004706689760e-02  2.603485120927634e-02 
  6.092729223210867e-02  2.775637203743173e-02 
  5.156084514716656e-02  2.921135818445780e-02 
  3.993462654126237e-02  3.015308833519237e-02 
  2.787368112302419e-02  3.042486080560378e-02 
  1.624623673602487e-02  2.974320058844382e-02 
  6.906234606784739e-03  2.820738329686201e-02 
  2.267558381347701e-03  2.608556513474309e-02 
  5.300265531998210e-03  2.353615687033771e-02 
  1.849453333323348e-02  2.115400243460352e-02 
  3.845501874358399e-02  1.968037865041551e-02 
  5.531147975670091e-02  1.946298061093218e-02 
  6.231606582228708e-02  2.064128593575355e-02 
  5.992116899490228e-02  2.243636775880870e-02 
  5.162940586757551e-02  2.409149771706984e-02 
  4.032084986244894e-02  2.540610858972810e-02 
  2.814163185593422e-02  2.598432263362440e-02 
  1.620047981484261e-02  2.568608409030037e-02 
  5.827668337609335e-03  2.448497133961694e-02 
  2.907391573405328e-03  2.258326080239208e-02 
  2.959111824248680e-03  2.000299378434820e-02 
  9.258332576110088e-03  1.753414727443078e-02 
  2.815718455256804e-02  1.588533580701729e-02 
  4.735397901694376e-02  1.527641859029180e-02 
  5.801667394354226e-02  1.606106353125126e-02 
  5.846714365156583e-02  1.771503236022702e-02 
  5.157385885557149e-02  1.958494697226038e-02 
  4.102990650815961e-02  2.111244834455881e-02 
  2.882200089799930e-02  2.205683782456979e-02 
  1.628397501561671e-02  2.213921409041181e-02 
  5.362500273873238e-03  2.138876456295903e-02 
  6.078547676213356e-03  1.988815289250021e-02 
  9.019121289470834e-03  1.763928389390590e-02 
  4.135887122325006e-03  1.504091649067343e-02 
  1.666095829862533e-02  1.287080765093856e-02 
  3.931801892442085e-02  1.190877938906455e-02 
  5.603590332714563e-02  1.227649383308211e-02 
  6.115938045738770e-02  1.393812965216305e-02 
  5.660544088797494e-02  1.605740273393633e-02 
  4.658979262510564e-02  1.806923224745792e-02 
  3.411758854737704e-02  1.946055402081257e-02 
  2.092271924179083e-02  2.009899767711539e-02 
  8.952270110407560e-03  1.974570070866550e-02 
  6.064748243366038e-03  1.843601912595873e-02 
  9.726357477798384e-03  1.629156104238954e-02 
  6.274543396847196e-03  1.374622347375325e-02 
  1.655394574093765e-02  1.131261351217177e-02 
  4.357993993883365e-02  9.906502420824319e-03 
  6.766312121480100e-02  1.001476355009692e-02 
  7.951383081216179e-02  1.157145178216227e-02 
  7.931365746595870e-02  1.409225522198559e-02 
  7.170947242747883e-02  1.655817430412776e-02 
  6.027908166990956e-02  1.871734519895433e-02 
  4.754845691318323e-02  1.995793482260500e-02 
  3.533192723688440e-02  2.040478626463661e-02 
  2.552420225728002e-02  1.935652754905519e-02 
  2.104859090558674e-02  1.744167541006048e-02 
  2.697762275554076e-02  1.463985920401005e-02 
  5.051539780471972e-02  1.148845824151708e-02 
  9.217303278133250e-02  9.149556640595389e-03 
  1.378205813070229e-01  8.875117264921102e-03 
  1.710288704152824e-01  1.069788684720547e-02 
  1.878071305906563e-01  1.401453846851016e-02 
  1.922683402879318e-01  1.789276878901707e-02 
  1.925425092722020e-01  2.092320210086103e-02 
  1.923949318023756e-01  2.284755860580424e-02 
  1.960277600417074e-01  2.259450077259863e-02 
  2.070359804583890e-01  1.966462640700947e-02 
  2.341278232401464e-01  1.367771027027769e-02 
  2.894287222846134e-01  3.123048652848601e-03 
  3.936787539041977e-01  1.153767629292154e-02 
  5.582569356831374e-01  2.814319176933263e-02 
  7.613617023803788e-01  4.479536709961131e-02 
  9.219640295481117e-01  5.702849361231729e-02 
  9.671942976741676e-01  6.206809268738350e-02 
  8.859792025140073e-01  6.051332268941182e-02 
  7.296008434319604e-01  5.470584743853424e-02 
  5.630170246729094e-01  4.783125763530791e-02 
  4.261900706922614e-01  4.158940431404110e-02 
  3.181174755220098e-01  3.662058687943285e-02 
  2.666298862359353e-01  2.746160082119075e-02 
  3.637586901615781e-01  3.325984339505118e-02 
  4.920902693992367e-01  4.087774216183075e-02 
  6.544670365274712e-01  4.927600039142592e-02 
  8.190589822117128e-01  5.660690365110346e-02 
  9.216837431334189e-01  6.130161976802433e-02 
  9.050297955775176e-01  6.155364847406986e-02 
  7.542184939101471e-01  5.929670347709796e-02 
  5.457885587085439e-01  5.645886588147667e-02 
  3.656889835850146e-01  5.562314618362684e-02 
  2.498996957470045e-01  5.673160886520842e-02 
  1.871382773467215e-01  5.943037217779054e-02 
  1.577583035230177e-01  6.206790689547709e-02 
  1.451065368918492e-01  6.346947412631243e-02 
  1.414761645141168e-01  6.399909017457829e-02 
  1.415987525595996e-01  6.300597695263796e-02 
  1.427088733051889e-01  6.064515355012495e-02 
  1.399633656852597e-01  5.670591336014662e-02 
  1.272007808617630e-01  5.257020250962066e-02 
  9.764740973551231e-02  4.773987197326081e-02 
  5.201239803035620e-02  4.328697128126010e-02 
  6.685014096339743e-03  4.106043537482228e-02 
  2.726386215854481e-02  4.036306153350707e-02 
  3.872217803201930e-02  4.130880198584154e-02 
  3.645273155544666e-02  4.299612828555661e-02 
  2.695592425628303e-02  4.445812575868591e-02 
  1.438812749074978e-02  4.592310559787736e-02 
  3.745107406172469e-03  4.584539300213585e-02 
  1.339245289069922e-02  4.507423867300688e-02 
  2.265503969023335e-02  4.333526932386231e-02 
  2.527928448696802e-02  4.082871860903953e-02 
  1.571604006797457e-02  3.773370067004480e-02 
  9.117271283333624e-03  3.494971994033272e-02 
  3.921809348050594e-02  3.314511269664217e-02 
  6.168684766147085e-02  3.284915481828504e-02 
  6.965688950976036e-02  3.377995370186587e-02 
  6.625739047990073e-02  3.548229072716790e-02 
  5.618731477141855e-02  3.693512303137668e-02 
  4.327723217371992e-02  3.839033041619531e-02 
  2.949793928399169e-02  3.864990226107289e-02 
  1.602939855637655e-02  3.827410112531830e-02 
  4.656602611431060e-03  3.731396501418140e-02 
  2.687691249639034e-03  3.523743599245929e-02 
  9.725742733456832e-04  3.267970669324428e-02 
  1.372768728277871e-02  2.998763733998395e-02 
  3.748006862284477e-02  2.822698548971461e-02 
  6.046395166163219e-02  2.735292029705259e-02 
  7.179644279859146e-02  2.789425071204325e-02 
  7.142979888987636e-02  2.919290405954102e-02 
  6.352704837106089e-02  3.073823312146189e-02 
  5.141364888973925e-02  3.204671735517416e-02 
  3.798656096451040e-02  3.272930249400861e-02 
  2.439391618953483e-02  3.279994005514607e-02 
  1.227858235204164e-02  3.188901097638785e-02 
  3.408173751690103e-03  3.017880924721428e-02 
  1.531821734796468e-03  2.789521095041436e-02 
  1.066508024267914e-02  2.546494837092964e-02 
  3.093106526662388e-02  2.339666732970362e-02 
  5.285279115984177e-02  2.233774094314208e-02 
  6.704041242689765e-02  2.250927463415020e-02 
  6.958984631344077e-02  2.359238517507486e-02 
  6.368992351936217e-02  2.511268794171606e-02 
  5.302710009078807e-02  2.647226489829836e-02 
  4.032929010058384e-02  2.723676978374934e-02 
  2.705335474526467e-02  2.775968923773799e-02 
  1.466835213812087e-02  2.704802131496812e-02 
  4.304779167989243e-03  2.605048120465030e-02 
  2.063538981483654e-03  2.400411230624920e-02 
  2.898274911068228e-03  2.155614270350245e-02 
  1.762842967179109e-02  1.938375893121696e-02 
  3.987111926433902e-02  1.774433998289929e-02 
  5.848379920688208e-02  1.750627111550135e-02 
  6.588097644457044e-02  1.834312391919244e-02 
  6.289291546729837e-02  1.977314722499980e-02 
  5.370540887867251e-02  2.122848493892446e-02 
  4.121782085862383e-02  2.238221689719300e-02 
  2.799990948290815e-02  2.299347970775072e-02 
  1.499057623512737e-02  2.276086694491877e-02 
  3.932110622379711e-03  2.187432951289189e-02 
  5.276259867567351e-03  2.034039348047467e-02 
  5.090288265876732e-03  1.801650514301095e-02 
  7.926824214514122e-03  1.575207968137804e-02 
  2.901113549261602e-02  1.391567733058431e-02 
  5.010523200080223e-02  1.333218710636909e-02 
  6.165246955034120e-02  1.373101210459170e-02 
  6.161434377425657e-02  1.511285967908339e-02 
  5.408888481060430e-02  1.665830655730442e-02 
  4.244704652979852e-02  1.795496446736666e-02 
  2.920956755784718e-02  1.891472145069223e-02 
  1.560743113544037e-02  1.903603523541412e-02 
  4.298093683545184e-03  1.853561072257320e-02 
  8.314803254588436e-03  1.722350557661686e-02 
  1.166523997316116e-02  1.529690959475946e-02 
  5.463384011531252e-03  1.291652235697907e-02 
  1.645512089461254e-02  1.087080611492257e-02 
  4.124364379511883e-02  9.673777627984433e-03 
  5.929769710668490e-02  9.835065350572145e-03 
  6.458761939396641e-02  1.092641521176712e-02 
  5.961012429241035e-02  1.264400474068649e-02 
  4.848389783018734e-02  1.442923145974825e-02 
  3.487569551556970e-02  1.561467502294251e-02 
  2.071322044972647e-02  1.611860490103562e-02 
  7.958970177178372e-03  1.614135912023898e-02 
  7.700375035643914e-03  1.500606592254611e-02 
  1.239727050158363e-02  1.306987999516314e-02 
  7.839912712152885e-03  1.092784056212204e-02 
  1.541727529572037e-02  8.404272006154316e-03 
  4.436648550183599e-02  7.075646868460700e-03 
  7.063108494345728e-02  6.772558264993902e-03 
  8.335643403826488e-02  7.695768588397545e-03 
  8.289811920445488e-02  9.433152381222438e-03 
  7.444190482716154e-02  1.150397819859597e-02 
  6.192278453020566e-02  1.325308398169097e-02 
  4.789632889581515e-02  1.434023604432068e-02 
  3.420013161380233e-02  1.449951581494816e-02 
  2.320370724077005e-02  1.386018573093003e-02 
  1.790715024163842e-02  1.214828018990152e-02 
  2.372265961274585e-02  9.607958089944087e-03 
  4.836617883725926e-02  6.440202156795506e-03 
  9.240495872364152e-02  4.201576738505947e-03 
  1.411343174835087e-01  3.190675224049537e-03 
  1.765351648175555e-01  3.546488859925445e-03 
  1.932217127155590e-01  5.965656592696602e-03 
  1.966035599167491e-01  8.105611793490002e-03 
  1.953725420946613e-01  1.050262961606437e-02 
  1.928447532107265e-01  1.174591354706567e-02 
  1.937919252850054e-01  1.104853765098901e-02 
  2.028008997075117e-01  8.670888467771354e-03 
  2.260491755319356e-01  3.458296697944966e-03 
  2.785277862426962e-01  5.613195262545339e-03 
  3.792619968975199e-01  1.794148556409322e-02 
  5.460874267806517e-01  3.318263347570278e-02 
  7.489845813477968e-01  4.773687660778138e-02 
  9.145532078056332e-01  5.845462785919731e-02 
  9.630387834733699e-01  6.249973846371118e-02 
  8.847125284423784e-01  6.050855058277662e-02 
  7.309077677221900e-01  5.480898380015309e-02 
  5.664768642997250e-01  4.780165135491812e-02 
  4.257212487447684e-01  4.128254376669362e-02 
  3.178743077295018e-01  3.626550671813862e-02 
  2.654021442849575e-01  2.713944736723087e-02 
  3.632255393957929e-01  3.315529145689912e-02 
  4.925913455749500e-01  4.038224878136507e-02 
  6.507759238484667e-01  4.844134019726213e-02 
  8.145499612836952e-01  5.534695086118949e-02 
  9.126310224635750e-01  5.876638824541888e-02 
  8.892521571527739e-01  5.775071958631416e-02 
  7.401061744155345e-01  5.351693096601245e-02 
  5.352795815590441e-01  4.818351181429690e-02 
  3.565716636972741e-01  4.446123787358257e-02 
  2.427430907703833e-01  4.329971122892931e-02 
  1.837605057114548e-01  4.426640977760403e-02 
  1.564967155793661e-01  4.558093714084589e-02 
  1.463676591950138e-01  4.683126078953036e-02 
  1.442476103967650e-01  4.734497591970159e-02 
  1.457781308222723e-01  4.760219729370047e-02 
  1.476700858534217e-01  4.627900361090267e-02 
  1.455289102836139e-01  4.428138031417879e-02 
  1.324928607527428e-01  4.132428994132886e-02 
  1.016449431668910e-01  3.832648137740752e-02 
  5.386457373861126e-02  3.504005667987872e-02 
  6.560243768305074e-03  3.294939540140072e-02 
  2.846574321751776e-02  3.218571415901716e-02 
  4.013877160842435e-02  3.259497107646452e-02 
  3.707871521770838e-02  3.404068180208240e-02 
  2.678132916519959e-02  3.505422742879987e-02 
  1.326014207674273e-02  3.638432731857147e-02 
  4.084411378293074e-03  3.649650690918450e-02 
  1.621250889518597e-02  3.642678982816602e-02 
  2.621800110144953e-02  3.532070390252592e-02 
  2.891121393489027e-02  3.365035498095355e-02 
  1.862160573676776e-02  3.137479522695123e-02 
  7.614621616435265e-03  2.921562624715498e-02 
  3.952458124565777e-02  2.752445002810532e-02 
  6.323824042343894e-02  2.699884589466141e-02 
  7.138118072086992e-02  2.755972628668456e-02 
  6.765126586634551e-02  2.863948802356078e-02 
  5.694322073105219e-02  2.993568842642604e-02 
  4.310036294846169e-02  3.100701433209993e-02 
  2.847966177939666e-02  3.141546916916454e-02 
  1.402688147789518e-02  3.160375599106528e-02 
  1.987570660888600e-03  3.080836493478132e-02 
  5.565366600725831e-03  2.956258453770022e-02 
  3.367334247606470e-03  2.776030286736764e-02 
  1.201360303222402e-02  2.544842446848836e-02 
  3.770195123624503e-02  2.382310418311943e-02 
  6.160067589728448e-02  2.272174596463822e-02 
  7.389456167945885e-02  2.274658739867641e-02 
  7.334414114357925e-02  2.355626058804589e-02 
  6.473487703266458e-02  2.473145685024118e-02 
  5.180934805660906e-02  2.562531425209708e-02 
  3.740112170147015e-02  2.637051734493629e-02 
  2.305007417967555e-02  2.656989572491916e-02 
  1.018083097841136e-02  2.601259324507276e-02 
  1.007154917100232e-03  2.495581744211522e-02 
  1.299237590398196e-03  2.324254069333846e-02 
  8.889064906794298e-03  2.130111563573428e-02 
  3.041278399271117e-02  1.931663172546206e-02 
  5.460302803606387e-02  1.819439629860229e-02 
  6.906706122898278e-02  1.794437762296379e-02 
  7.187416749462573e-02  1.850776600301445e-02 
  6.529290286332885e-02  1.956049090617368e-02 
  5.388863429570071e-02  2.069374056089518e-02 
  4.025788708038319e-02  2.126237385233797e-02 
  2.618755348899955e-02  2.186923795078956e-02 
  1.285186566388866e-02  2.140382788421397e-02 
  2.367106932679900e-03  2.070799731503923e-02 
  4.122698994667673e-03  1.928131278978961e-02 
  1.758267818792200e-03  1.746732496463493e-02 
  1.708492502813345e-02  1.556606716408576e-02 
  4.079574583376960e-02  1.406888079841191e-02 
  6.045258514005277e-02  1.352308724749070e-02 
  6.820377725429159e-02  1.378334732412827e-02 
  6.500078138110368e-02  1.468048487736142e-02 
  5.494629675564134e-02  1.582652798401242e-02 
  4.187594564061929e-02  1.674068405162817e-02 
  2.743112235992508e-02  1.725269918095123e-02 
  1.351801977350977e-02  1.719905360183269e-02 
  2.756427838232709e-03  1.665881096170466e-02 
  7.581806169015196e-03  1.542935068546199e-02 
  7.325395500714412e-03  1.374380232053181e-02 
  6.722026610403339e-03  1.187750850303247e-02 
  2.936417322351203e-02  1.014358446739432e-02 
  5.197283740867572e-02  9.426915191437072e-03 
  6.405347227241145e-02  9.250458305603556e-03 
  6.412153013178636e-02  1.011612646585193e-02 
  5.591619713927665e-02  1.110896375993025e-02 
  4.338929337257497e-02  1.212086600016518e-02 
  2.921108089113206e-02  1.282960395274933e-02 
  1.460496522952588e-02  1.312802968289920e-02 
  3.692537609152163e-03  1.290462087723145e-02 
  1.075344027529802e-02  1.210218534866554e-02 
  1.425970783368923e-02  1.054526140806681e-02 
  6.843333848947318e-03  8.751955484063285e-03 
  1.627249239979410e-02  6.933922767168136e-03 
  4.274380475130478e-02  5.818504171264695e-03 
  6.183824810123854e-02  5.506287075470047e-03 
  6.735060129307829e-02  5.990111411357983e-03 
  6.162389251782976e-02  7.043025324803893e-03 
  4.968249841683064e-02  8.174354161580452e-03 
  3.504597343069718e-02  9.137998869682943e-03 
  1.979759462351679e-02  9.520074565779617e-03 
  6.688784859513095e-03  9.731696360265343e-03 
  9.658165150389307e-03  8.920407619753556e-03 
  1.499392131308880e-02  7.747103355389212e-03 
  9.780080452390583e-03  5.826049899583267e-03 
  1.475222329415108e-02  4.222296721038785e-03 
  4.579973101535052e-02  3.172191156095933e-03 
  7.307648127797582e-02  2.965344124774930e-03 
  8.603603298045012e-02  2.918166046224626e-03 
  8.514646601412855e-02  3.203423078121715e-03 
  7.565982411700788e-02  4.138033478727128e-03 
  6.206985450436132e-02  5.051614486453387e-03 
  4.710431335038175e-02  5.736894983565236e-03 
  3.261482310631750e-02  5.975478663336615e-03 
  2.073425461686673e-02  5.621591061650989e-03 
  1.494901326882564e-02  4.345225304560476e-03 
  2.070082611646636e-02  2.598015573068050e-03 
  4.657442237238046e-02  2.434763878202848e-03 
  9.309208928478895e-02  4.609264706115270e-03 
  1.437209493814109e-01  6.249219078931677e-03 
  1.795096612515790e-01  6.578031517522767e-03 
  1.960585459336849e-01  6.031244713212368e-03 
  1.985731052930612e-01  4.813187165807322e-03 
  1.954774105457615e-01  3.743901377878332e-03 
  1.918158883028331e-01  3.279059898593771e-03 
  1.908435899129870e-01  3.747558318953475e-03 
  1.970704813537490e-01  5.941932309328065e-03 
  2.185030116997113e-01  1.043785717618771e-02 
  2.688914093137408e-01  1.752767250205563e-02 
  3.711056593466983e-01  2.782276579603032e-02 
  5.376871745461529e-01  4.034931813894922e-02 
  7.462131144818055e-01  5.276063939148351e-02 
  9.154351359595869e-01  6.147454881914170e-02 
  9.654376411207706e-01  6.421355292184056e-02 
  8.832663338050973e-01  6.114488746073004e-02 
  7.286019468759661e-01  5.439766397723193e-02 
  5.615707478594943e-01  4.739835834201302e-02 
  4.239902574388699e-01  4.096012279990220e-02 
  3.171743272528449e-01  3.587654394647002e-02 
  2.640691255904312e-01  2.685853992484932e-02 
  3.612706890167927e-01  3.259101228725409e-02 
  4.897547732082292e-01  3.982158572836971e-02 
  6.523369479358296e-01  4.784443165989744e-02 
  8.135317882146313e-01  5.424139495670081e-02 
  9.157334477769178e-01  5.679367867720034e-02 
  8.931915943791107e-01  5.448281644675958e-02 
  7.426535773354613e-01  4.811147813593265e-02 
  5.308908342447867e-01  4.028600942490296e-02 
  3.494805635638825e-01  3.394994304208054e-02 
  2.374325339062967e-01  3.044061693760077e-02 
  1.797472800693306e-01  2.903023155994788e-02 
  1.541747941970419e-01  2.993029862714234e-02 
  1.457104761495110e-01  3.051390220407414e-02 
  1.455909826856446e-01  3.167847014868981e-02 
  1.479005971175466e-01  3.234256800576067e-02 
  1.509058852539055e-01  3.226831590423326e-02 
  1.494726992783778e-01  3.177979562907163e-02 
  1.361340382025261e-01  3.024452025313712e-02 
  1.043506304760283e-01  2.857078348320018e-02 
  5.470865997544656e-02  2.611626399502878e-02 
  5.540630359436071e-03  2.431602045233661e-02 
  3.025251098951528e-02  2.349479716341692e-02 
  4.154576185689599e-02  2.390640650594102e-02 
  3.826970613424596e-02  2.481470976402417e-02 
  2.685837463921927e-02  2.583863100918299e-02 
  1.255582856738322e-02  2.707274545913399e-02 
  4.730929512026660e-03  2.781136789165467e-02 
  1.832253995346919e-02  2.813790765471019e-02 
  2.870003176266069e-02  2.790140993994581e-02 
  3.148374798436050e-02  2.671547190428514e-02 
  2.061914617006827e-02  2.546683356272535e-02 
  6.879129376899860e-03  2.344942781263189e-02 
  4.035482119546720e-02  2.194915978092932e-02 
  6.509222655969352e-02  2.123514104770739e-02 
  7.351458795386220e-02  2.123587938590323e-02 
  6.912104213714645e-02  2.191980569057218e-02 
  5.753564384514992e-02  2.281598118317384e-02 
  4.315239230586458e-02  2.357170243494386e-02 
  2.750363382854441e-02  2.418446864608925e-02 
  1.243574268907132e-02  2.458375674793374e-02 
  8.777663492584276e-04  2.448200317940229e-02 
  7.875284961406362e-03  2.379298879105535e-02 
  5.438224440762034e-03  2.255248745954198e-02 
  1.098262050966956e-02  2.073638272961474e-02 
  3.786591689215610e-02  1.907039330657238e-02 
  6.301021004959051e-02  1.803383326454276e-02 
  7.568784278357363e-02  1.775104397974069e-02 
  7.503111103349409e-02  1.810165569166431e-02 
  6.564807977482492e-02  1.877053279097689e-02 
  5.211480023414825e-02  1.981628547025319e-02 
  3.696244806964845e-02  2.020495558018220e-02 
  2.180096297651933e-02  2.053345590905551e-02 
  8.337170388843299e-03  2.035606832921498e-02 
  1.576430494855378e-03  1.981485734392275e-02 
  3.336946757719218e-03  1.853542293231236e-02 
  7.537562519519356e-03  1.695191827581344e-02 
  3.052825828327691e-02  1.526236375205630e-02 
  5.558520700704020e-02  1.411032120259341e-02 
  7.097616461168980e-02  1.353941811405074e-02 
  7.363604040826130e-02  1.379236367359920e-02 
  6.646543896768105e-02  1.433426073947683e-02 
  5.461070427721428e-02  1.503006123571460e-02 
  4.005587078104517e-02  1.561894695641464e-02 
  2.543011226123688e-02  1.590705563415332e-02 
  1.127871252487635e-02  1.600636993597871e-02 
  1.743681570452920e-03  1.552674605376224e-02 
  6.174752823243946e-03  1.466839512132360e-02 
  2.244160310839768e-03  1.314239905664158e-02 
  1.638243401455516e-02  1.164419983259288e-02 
  4.194467438884665e-02  1.016692336506591e-02 
  6.234171241185289e-02  9.413089760190566e-03 
  7.031853713780116e-02  9.257692471740532e-03 
  6.649380376199768e-02  9.779799472630805e-03 
  5.587656207575142e-02  1.047078157219384e-02 
  4.186094010098056e-02  1.118117513380349e-02 
  2.684451904271900e-02  1.155022913749992e-02 
  1.233862392551260e-02  1.179078037750612e-02 
  2.805595313174982e-03  1.149269152569911e-02 
  9.495716223213659e-03  1.076929069470659e-02 
  8.995844244275110e-03  9.530860215342378e-03 
  5.868994835804029e-03  8.062822517169707e-03 
  3.002218365715500e-02  6.696575968489125e-03 
  5.374143730417860e-02  5.807528503419149e-03 
  6.599504470252361e-02  5.508596984052398e-03 
  6.577448061304583e-02  5.701311237376033e-03 
  5.683795938764232e-02  6.242789625840451e-03 
  4.366921925143569e-02  6.701003580662231e-03 
  2.865735986470220e-02  7.368453548049603e-03 
  1.366697114110890e-02  7.458686440331281e-03 
  3.865135978777140e-03  7.525427913986396e-03 
  1.254823742472931e-02  7.041716721163729e-03 
  1.623123170176837e-02  6.160990654214396e-03 
  8.131207189602403e-03  5.036941999780529e-03 
  1.581521962711843e-02  4.017683301498583e-03 
  4.361640606050633e-02  3.782259740533173e-03 
  6.359207224623979e-02  3.871030115338197e-03 
  6.899413551404271e-02  3.824429416389535e-03 
  6.273327020943416e-02  3.603294427057994e-03 
  5.019537202524041e-02  3.610573580642668e-03 
  3.487094985691306e-02  3.750601301573871e-03 
  1.905371335455459e-02  3.888281956433958e-03 
  5.901994865877819e-03  3.928681755215569e-03 
  1.150947933185887e-02  3.758690791754445e-03 
  1.712929849221364e-02  3.386895133182198e-03 
  1.135772835518437e-02  3.363248444455802e-03 
  1.385938398414495e-02  4.401839467079822e-03 
  4.620971897646595e-02  5.793776661407654e-03 
  7.420815385430661e-02  6.768091945127817e-03 
  8.744254262059852e-02  7.154902994300916e-03 
  8.629318076549712e-02  6.847541137266606e-03 
  7.631284195892503e-02  6.211055357284114e-03 
  6.196045914866451e-02  5.470240240785001e-03 
  4.617647505454049e-02  4.977402940188586e-03 
  3.092273704414128e-02  4.710897988833626e-03 
  1.845247507517735e-02  4.911353567022644e-03 
  1.298842758529834e-02  5.722378100530530e-03 
  1.842323438639733e-02  7.353550004669225e-03 
  4.448748733489973e-02  1.009471239220387e-02 
  9.227940324977707e-02  1.288736265819092e-02 
  1.435743726734085e-01  1.569777680929002e-02 
  1.800944077318327e-01  1.752139982480312e-02 
  1.961107620935662e-01  1.851196199485600e-02 
  1.981513234710761e-01  1.860401153011169e-02 
  1.942138856826436e-01  1.891444707032177e-02 
  1.894906900748697e-01  1.935702896863217e-02 
  1.879923069547984e-01  2.054385542015305e-02 
  1.933656500121843e-01  2.174280395308510e-02 
  2.140279429139207e-01  2.508256232199137e-02 
  2.641532007272792e-01  3.016552582184322e-02 
  3.652697247597971e-01  3.811785906641083e-02 
  5.300388796986806e-01  4.826001471568141e-02 
  7.382290436854341e-01  5.813717169061541e-02 
  9.075654979594088e-01  6.463145753257664e-02 
  9.604589931643903e-01  6.596685053645948e-02 
  8.828307004990199e-01  6.214523004516821e-02 
  7.275113569972330e-01  5.501417441660463e-02 
  5.644943862972576e-01  4.739556992888836e-02 
  4.267114803417628e-01  4.074645683169026e-02 
  3.172183686591902e-01  3.553829188418936e-02 
  2.634208382228443e-01  2.680947750390749e-02 
  3.612667377200114e-01  3.262620795551014e-02 
  4.921787142185536e-01  3.979817432553241e-02 
  6.481686585191454e-01  4.725997635377983e-02 
  8.085967238138131e-01  5.308603022494376e-02 
  9.078722201187894e-01  5.474381382193216e-02 
  8.846577314532853e-01  5.072077723896460e-02 
  7.346943116980956e-01  4.194517397024759e-02 
  5.279990332723037e-01  3.166583904852079e-02 
  3.512022401295685e-01  2.294117986990733e-02 
  2.388844757254824e-01  1.654015594957050e-02 
  1.813748546339569e-01  1.346219416227510e-02 
  1.559888575598428e-01  1.212017386865807e-02 
  1.469578966213096e-01  1.277117776544143e-02 
  1.461336316662523e-01  1.368359935817679e-02 
  1.487697822589041e-01  1.498573505208290e-02 
  1.514506101694599e-01  1.657646610741494e-02 
  1.496103632425012e-01  1.764151385062226e-02 
  1.361281452781834e-01  1.773644800129334e-02 
  1.043089748983053e-01  1.752390943328649e-02 
  5.523132694523187e-02  1.619458599474341e-02 
  5.869907768045103e-03  1.515026048793309e-02 
  2.993813740958513e-02  1.402894136306004e-02 
  4.139546613779876e-02  1.419835726908967e-02 
  3.774547781104232e-02  1.449066111609621e-02 
  2.627130989502714e-02  1.549170256144967e-02 
  1.180739595622875e-02  1.641487575947676e-02 
  5.296256101975576e-03  1.738487010092985e-02 
  1.889934823799290e-02  1.845207452558439e-02 
  2.944767947585065e-02  1.905159102212867e-02 
  3.185021199706287e-02  1.895566173135045e-02 
  2.065658038352562e-02  1.838040599264779e-02 
  6.702211480493043e-03  1.724187332367252e-02 
  4.026712541726583e-02  1.605544325608630e-02 
  6.457541075997965e-02  1.506240774714378e-02 
  7.329667558057985e-02  1.469431515161631e-02 
  6.887648529788799e-02  1.487482277290313e-02 
  5.732045477278602e-02  1.532652507247444e-02 
  4.252520122945602e-02  1.604543331755327e-02 
  2.697330898647663e-02  1.636596243501431e-02 
  1.171969278367860e-02  1.725882201416921e-02 
  1.325249281294148e-03  1.754839898183370e-02 
  8.524904595257621e-03  1.731593911060299e-02 
  5.855139239512849e-03  1.679494360956887e-02 
  1.070585673460720e-02  1.575727628804677e-02 
  3.796534732579303e-02  1.427445382229161e-02 
  6.326000579635839e-02  1.319045722820196e-02 
  7.579881695935535e-02  1.233033284218812e-02 
  7.494153379716288e-02  1.233333278389717e-02 
  6.550713073078145e-02  1.243045998899130e-02 
  5.176159821839384e-02  1.290207612512983e-02 
  3.657081823730202e-02  1.336191177804422e-02 
  2.138247521864135e-02  1.363188770931614e-02 
  7.722134779348329e-03  1.407507928780309e-02 
  2.133003545668675e-03  1.396412089235437e-02 
  3.739151633106561e-03  1.339303334156407e-02 
  7.347394813743150e-03  1.225249686321144e-02 
  3.077979176548178e-02  1.112301953603267e-02 
  5.590099361874231e-02  9.766167081348120e-03 
  7.140877408736998e-02  9.045534825239883e-03 
  7.376846173396605e-02  8.773060008882330e-03 
  6.665200640380063e-02  8.758542667690522e-03 
  5.424355910953523e-02  9.121478735121683e-03 
  3.985373487682754e-02  9.508137421993549e-03 
  2.506456243850084e-02  9.884746817255076e-03 
  1.095770684340248e-02  1.006521138092116e-02 
  1.967696791071939e-03  1.013819055828920e-02 
  6.547176175907342e-03  9.775719913473362e-03 
  2.396886820332597e-03  8.926760848365932e-03 
  1.645457150870080e-02  7.814267067757166e-03 
  4.200222793210209e-02  6.575917409088446e-03 
  6.276499193745012e-02  5.768820820677471e-03 
  7.065467895710147e-02  5.405847624418678e-03 
  6.669984541278524e-02  5.405923554239266e-03 
  5.572645638349897e-02  5.511023970282157e-03 
  4.168548198656252e-02  5.797706819280365e-03 
  2.660465168322790e-02  6.080538603163503e-03 
  1.185449689857848e-02  6.203315929935563e-03 
  3.104728135852350e-03  6.388789807657229e-03 
  1.013299847691863e-02  6.166380221647212e-03 
  9.366566640964125e-03  5.606994111500323e-03 
  5.939068404321414e-03  4.862058724530261e-03 
  2.989363843287894e-02  4.315380551845090e-03 
  5.382221011936286e-02  4.266584978575119e-03 
  6.643195409155728e-02  4.450287823544530e-03 
  6.602901632571727e-02  4.579224651092706e-03 
  5.691932974189178e-02  4.533510751256915e-03 
  4.330292445815676e-02  4.386011842856224e-03 
  2.842441775490225e-02  4.244786486096963e-03 
  1.301121272529265e-02  4.231309080546874e-03 
  4.242972113041608e-03  4.165954765412369e-03 
  1.326355606144555e-02  4.051996392171379e-03 
  1.683107585812876e-02  4.079955253172779e-03 
  8.275974186125887e-03  4.390132216742690e-03 
  1.599791287838222e-02  5.238319092890603e-03 
  4.437888405969821e-02  6.363368884243741e-03 
  6.411273107691172e-02  7.405388545620880e-03 
  6.925326882655670e-02  7.905271681870456e-03 
  6.271320227404789e-02  8.126599366835772e-03 
  4.978118465107035e-02  7.807372488865728e-03 
  3.429809724579795e-02  7.446438379523562e-03 
  1.816817805042826e-02  7.030166324851306e-03 
  5.403826259099235e-03  6.758809409172840e-03 
  1.248466453768552e-02  6.522616578922849e-03 
  1.818919912431178e-02  6.847038975260680e-03 
  1.201414660956618e-02  7.723957936284613e-03 
  1.352609637108544e-02  9.358632640215961e-03 
  4.656450894436501e-02  1.116403655879181e-02 
  7.474486767522660e-02  1.285586490427082e-02 
  8.769419128231259e-02  1.413885693295440e-02 
  8.578144888308641e-02  1.472585432774898e-02 
  7.511983535244633e-02  1.495893413636645e-02 
  6.049997948303654e-02  1.486961588904805e-02 
  4.447728073607245e-02  1.460492899840412e-02 
  2.911578993550652e-02  1.448815888364203e-02 
  1.682250350160276e-02  1.447048208808509e-02 
  1.124523219663829e-02  1.476575472330370e-02 
  1.678834662369101e-02  1.627014599656323e-02 
  4.334351991749132e-02  1.867459964610105e-02 
  9.123632369788533e-02  2.191226139259320e-02 
  1.438593777180397e-01  2.569520577517570e-02 
  1.795878401592943e-01  2.884017889666445e-02 
  1.947365077166086e-01  3.132478147555115e-02 
  1.962441762070187e-01  3.335747352436973e-02 
  1.915979585297366e-01  3.491320753416469e-02 
  1.864984717554002e-01  3.610145452902978e-02 
  1.844372454150119e-01  3.727895244611713e-02 
  1.896808238964468e-01  3.865259889421198e-02 
  2.105909372114775e-01  4.058173868319750e-02 
  2.619198584572101e-01  4.389229101502101e-02 
  3.647309580102496e-01  4.926484264906969e-02 
  5.340783550372282e-01  5.673615494896397e-02 
  7.445198434812592e-01  6.360911452605859e-02 
  9.147432793057870e-01  6.810468679401420e-02 
  9.634644116732878e-01  6.782401573822049e-02 
  8.805233503182618e-01  6.268140173947499e-02 
  7.242422846664729e-01  5.495663082751424e-02 
  5.585529210498799e-01  4.694479533411459e-02 
  4.201679070420270e-01  4.019215106035246e-02 
  3.159404827274500e-01  3.508989349137433e-02 
  2.617001836281572e-01  2.668670162774712e-02 
  3.584095122333863e-01  3.253662485822780e-02 
  4.884731844316056e-01  3.969461554314167e-02 
  6.488983612424712e-01  4.699135303890747e-02 
  8.117588411422447e-01  5.267950069566798e-02 
  9.156828438747039e-01  5.343301742588040e-02 
  8.943405602376119e-01  4.848531260136410e-02 
  7.454619437410959e-01  3.777032745334505e-02 
  5.337113360984457e-01  2.491792360459067e-02 
  3.555326806652027e-01  1.383394994660083e-02 
  2.409897257075305e-01  5.990380375850445e-03 
  1.823668838951017e-01  4.727497414515445e-03 
  1.562610640817133e-01  5.715561471531983e-03 
  1.466637136055833e-01  6.122822225569542e-03 
  1.451242964644622e-01  5.296666758286664e-03 
  1.475411204972044e-01  4.819579517232956e-03 
  1.501055421321538e-01  5.260003098707869e-03 
  1.481670306187679e-01  7.093285659034668e-03 
  1.345756008044871e-01  8.342846440931534e-03 
  1.024671666042152e-01  9.145049277791511e-03 
  5.337831096048253e-02  8.820506005602139e-03 
  4.842754210287308e-03  8.260001952900107e-03 
  3.087424011108616e-02  7.344534919182833e-03 
  4.183814082205603e-02  6.909467048422208e-03 
  3.806319828608928e-02  7.073145631217055e-03 
  2.640774254891429e-02  7.635919653110426e-03 
  1.195367867284537e-02  8.362251979600424e-03 
  5.040332970040490e-03  9.713062874152793e-03 
  1.862257908898678e-02  1.089214464424639e-02 
  2.909251570072745e-02  1.224467464744463e-02 
  3.177097021153671e-02  1.298268141578748e-02 
  2.065171758463715e-02  1.323224550550619e-02 
  7.283582224914118e-03  1.254622870440619e-02 
  4.118906441920926e-02  1.155323746729355e-02 
  6.560456759587645e-02  1.044705665701091e-02 
  7.358794538722820e-02  9.807799973788042e-03 
  6.899090268972191e-02  9.667847694636598e-03 
  5.734980259864991e-02  9.573797780595207e-03 
  4.244618644467048e-02  1.005096012448027e-02 
  2.676144608806677e-02  1.070323966059662e-02 
  1.193678103531393e-02  1.146400323653525e-02 
  1.025934247020521e-03  1.221983945059694e-02 
  8.348899386848282e-03  1.270947759898343e-02 
  5.815998386579510e-03  1.268749254290342e-02 
  1.098116399336755e-02  1.197301702367619e-02 
  3.832707948514128e-02  1.090766396343767e-02 
  6.371119153251990e-02  9.622518395187100e-03 
  7.617245929027994e-02  8.688145791741103e-03 
  7.531991606451094e-02  8.144238813580522e-03 
  6.572502006653157e-02  8.077687542987565e-03 
  5.176553744854150e-02  8.172968969009889e-03 
  3.650943208077271e-02  8.562094167976427e-03 
  2.125850293345807e-02  8.953298212036415e-03 
  7.626291957712193e-03  9.449987847165093e-03 
  2.315569803057724e-03  9.905967527520886e-03 
  3.801930970588684e-03  9.934924018288164e-03 
  7.480677416033216e-03  9.260238026634402e-03 
  3.124131655315218e-02  8.327171324663048e-03 
  5.663667217069416e-02  7.161411016430259e-03 
  7.181778018153263e-02  6.254727593412084e-03 
  7.419012065511799e-02  5.669037763599351e-03 
  6.672676610177049e-02  5.591128194974482e-03 
  5.444976721297572e-02  5.546608335745553e-03 
  4.009750750743450e-02  5.665647493558289e-03 
  2.488455205074918e-02  5.982253328372350e-03 
  1.095369331816560e-02  6.224113447785769e-03 
  1.964901469166951e-03  6.561746526104482e-03 
  6.442522995594543e-03  6.555237031356229e-03 
  2.395367359676357e-03  6.251569303035128e-03 
  1.701820016221353e-02  5.572411758888894e-03 
  4.294941742779040e-02  4.826435981238281e-03 
  6.347174339718784e-02  4.479401076149529e-03 
  7.105718154450077e-02  4.508748387435486e-03 
  6.705810513387835e-02  4.714443659302150e-03 
  5.589686839769380e-02  4.739858753394917e-03 
  4.174127180745249e-02  4.820271495527244e-03 
  2.637438414143243e-02  4.686636278432311e-03 
  1.164238689203098e-02  4.609995484526286e-03 
  3.172004007798199e-03  4.564398983719843e-03 
  1.030061315631652e-02  4.555270801583175e-03 
  9.310047084315480e-03  4.469312272125147e-03 
  6.197053954964072e-03  4.431184673383035e-03 
  3.040201908978713e-02  4.936963313548081e-03 
  5.431236038167718e-02  5.825589113392602e-03 
  6.670451447111760e-02  6.765126160237081e-03 
  6.608953974009595e-02  7.341033399743897e-03 
  5.691132244140015e-02  7.754306265780128e-03 
  4.329436033053246e-02  7.845962896084330e-03 
  2.826258147756202e-02  7.589396627998983e-03 
  1.299493248204932e-02  7.288655941657701e-03 
  4.272083448529776e-03  6.815189717661599e-03 
  1.332997630341757e-02  6.525619544034786e-03 
  1.667245014249874e-02  6.470585795123980e-03 
  8.311707039783628e-03  6.795320578730304e-03 
  1.631157425067260e-02  8.047726341159580e-03 
  4.444786217338331e-02  9.496506066268454e-03 
  6.394049990299935e-02  1.100733160108682e-02 
  6.897681347504020e-02  1.224021228639674e-02 
  6.238101363534490e-02  1.298529887555446e-02 
  4.945203607331153e-02  1.313453493555327e-02 
  3.391673806175929e-02  1.312352189032778e-02 
  1.780796434185729e-02  1.277340993080617e-02 
  5.436218790381399e-03  1.228076440751308e-02 
  1.244911352586732e-02  1.184823883380961e-02 
  1.788314003671341e-02  1.166781407278459e-02 
  1.193744620183466e-02  1.214054687163847e-02 
  1.352378561038991e-02  1.339241504192825e-02 
  4.567076406752688e-02  1.543532044204516e-02 
  7.361480692583260e-02  1.764293970838796e-02 
  8.638028395849662e-02  1.959896331475864e-02 
  8.466235160174845e-02  2.110493893960618e-02 
  7.397266706769957e-02  2.211171357098113e-02 
  5.945909262513196e-02  2.255295222907280e-02 
  4.340193351720197e-02  2.276795634342205e-02 
  2.820186162622975e-02  2.262014841053956e-02 
  1.636432052558649e-02  2.239516672607788e-02 
  1.080175387494687e-02  2.248485027614493e-02 
  1.623110276269757e-02  2.329561069640215e-02 
  4.219021391531860e-02  2.546633513141672e-02 
  8.969015558279698e-02  2.900462133624246e-02 
  1.406609115015857e-01  3.344211992933925e-02 
  1.755533726610340e-01  3.770277358243992e-02 
  1.901179739136056e-01  4.177825535108154e-02 
  1.914153568521974e-01  4.552019355070189e-02 
  1.872151444664112e-01  4.826918321670702e-02 
  1.825834997583437e-01  5.049133457312723e-02 
  1.814347110360702e-01  5.217656688673826e-02 
  1.877693822069868e-01  5.348874398818583e-02 
  2.099383006007412e-01  5.418961930490118e-02 
  2.626559705380014e-01  5.588515373838455e-02 
  3.667939193320421e-01  5.907641055690595e-02 
  5.371928546603510e-01  6.389259832839263e-02 
  7.484563500422365e-01  6.841502657607795e-02 
  9.182307392368758e-01  7.069253409986628e-02 
  9.664751175995518e-01  6.895272752518075e-02 
  8.876814150661911e-01  6.311110002740838e-02 
  7.279853294287950e-01  5.489997541919574e-02 
  5.642756079865990e-01  4.669901281751476e-02 
  4.241926872744161e-01  3.950436179232143e-02 
  3.154935445422886e-01  3.452284274415844e-02 
  2.620593306249474e-01  2.687587422559462e-02 
  3.604434412582299e-01  3.278072088766789e-02 
  4.907249928621668e-01  4.023566652135799e-02 
  6.499963641698651e-01  4.741979804061863e-02 
  8.126217223815230e-01  5.255436584781777e-02 
  9.127407226888286e-01  5.317287588358513e-02 
  8.924667140143009e-01  4.696181788068704e-02 
  7.438867571672934e-01  3.481110426243118e-02 
  5.370840774828873e-01  2.044087111989723e-02 
  3.608079327229499e-01  7.334832489203743e-03 
  2.471148402727239e-01  6.574759177982323e-03 
  1.865229937405240e-01  1.247197552723148e-02 
  1.578101662573289e-01  1.568530435166297e-02 
  1.456591017339361e-01  1.600968916547839e-02 
  1.427777150327033e-01  1.472277076054564e-02 
  1.431375328585098e-01  1.232004800336065e-02 
  1.441268441815682e-01  8.793319433694043e-03 
  1.409464777633957e-01  5.868339080314879e-03 
  1.274492626925345e-01  4.627980815604190e-03 
  9.664307220648378e-02  4.955834560592195e-03 
  4.990814490653149e-02  5.392253487468118e-03 
  4.334255683751276e-03  5.072449710200794e-03 
  2.954850939743412e-02  4.642693355845613e-03 
  4.052613878506720e-02  4.465655328579869e-03 
  3.725130805997507e-02  4.576645247717433e-03 
  2.658630161295640e-02  4.659483734277053e-03 
  1.273645241537270e-02  5.017415879862207e-03 
  3.797555042885324e-03  5.587969152567478e-03 
  1.619239081787515e-02  6.952295130808244e-03 
  2.587949380266485e-02  8.507174672625722e-03 
  2.805236799315384e-02  9.926685210643892e-03 
  1.704548753266824e-02  1.072469252769681e-02 
  9.372343070466896e-03  1.072334058810229e-02 
  4.166359849717963e-02  9.914133211110674e-03 
  6.467264562022706e-02  8.825287251409368e-03 
  7.262358394621403e-02  7.637727333115914e-03 
  6.796753623008778e-02  7.229812760949368e-03 
  5.691210870580751e-02  7.032513102727891e-03 
  4.271281329892927e-02  7.302677133395176e-03 
  2.759575797531456e-02  7.775449409421323e-03 
  1.311981851014934e-02  8.623213721929092e-03 
  1.159273684170362e-03  9.596521707011928e-03 
  6.001119533660783e-03  1.046596793884376e-02 
  3.117367672278475e-03  1.110549574363056e-02 
  1.311124785512177e-02  1.093269418591021e-02 
  3.910147383445411e-02  1.007237415531537e-02 
  6.315376945515822e-02  8.912779247240904e-03 
  7.506113504772345e-02  7.642655785307414e-03 
  7.418488492900498e-02  6.882315852990721e-03 
  6.496089912805215e-02  6.539174849217008e-03 
  5.184964382169834e-02  6.399958384370811e-03 
  3.692356087757155e-02  6.661221114611140e-03 
  2.218743905004090e-02  7.113120238975442e-03 
  9.233530272376354e-03  7.788156142853351e-03 
  8.836617922282155e-04  8.251612023365076e-03 
  1.467339732107984e-03  8.851551489617082e-03 
  9.966898312236776e-03  8.787076350857679e-03 
  3.232285599654831e-02  7.975630949873710e-03 
  5.651246191646544e-02  6.927335952985011e-03 
  7.115316572908434e-02  5.905424207796387e-03 
  7.322932438938855e-02  5.255573933947321e-03 
  6.619353539628267e-02  4.972897411079003e-03 
  5.407295794511909e-02  4.981175002836269e-03 
  4.010151473951741e-02  4.975283126362725e-03 
  2.573374999073598e-02  5.139692066937995e-03 
  1.204472052237353e-02  5.353279883123377e-03 
  2.155672479779673e-03  5.647393504778596e-03 
  4.446686146204941e-03  5.904345325552987e-03 
  2.052538099838738e-03  5.918671686851249e-03 
  1.858854629442665e-02  5.479136247538005e-03 
  4.317093227888368e-02  4.852122982333919e-03 
  6.293995489884445e-02  4.560853789707739e-03 
  7.014070509918185e-02  4.803135626302270e-03 
  6.634983961121373e-02  5.384397327222713e-03 
  5.563261538771677e-02  5.631371129523382e-03 
  4.181177237112235e-02  5.798320938614814e-03 
  2.696583528344583e-02  5.610767852658526e-03 
  1.278197539989424e-02  5.386052719047576e-03 
  2.748588198004115e-03  5.012832000967799e-03 
  8.256159555377061e-03  4.824086094854955e-03 
  7.193331540291022e-03  4.671847952337164e-03 
  7.900139814324978e-03  4.737551019575016e-03 
  3.132386022538178e-02  5.200000674885534e-03 
  5.426100425652063e-02  6.219836949692659e-03 
  6.587396843652357e-02  7.521192425476724e-03 
  6.513848108662582e-02  8.656445517857193e-03 
  5.638379811335933e-02  9.426261855218764e-03 
  4.319184215900673e-02  9.746795407601856e-03 
  2.847066933513028e-02  9.728465654541829e-03 
  1.354955641033643e-02  9.291623420568546e-03 
  3.854925393905419e-03  8.704935349242691e-03 
  1.161620124533567e-02  7.957609071130854e-03 
  1.479379265142682e-02  7.660102835554904e-03 
  6.606916640892260e-03  7.753343051055525e-03 
  1.742769807299803e-02  8.607650998637768e-03 
  4.455615718443975e-02  1.015101337492669e-02 
  6.317680769767917e-02  1.208855525699629e-02 
  6.775299961004318e-02  1.374961697079674e-02 
  6.126404632163884e-02  1.510769644230321e-02 
  4.857840232508998e-02  1.589472981494370e-02 
  3.368450947333963e-02  1.605100758600864e-02 
  1.809293101765841e-02  1.589869397742140e-02 
  5.612405316755002e-03  1.516974218971701e-02 
  1.120487271417466e-02  1.456079038916117e-02 
  1.651704786640570e-02  1.388756804917621e-02 
  1.021850771995265e-02  1.400010039423206e-02 
  1.442519117049403e-02  1.495838820546146e-02 
  4.578483752633380e-02  1.693855271313748e-02 
  7.253359906448417e-02  1.946247644681069e-02 
  8.420562959551746e-02  2.207115953775983e-02 
  8.218652676380174e-02  2.446290619609164e-02 
  7.197404770063499e-02  2.606854548247292e-02 
  5.776659608736746e-02  2.713278977994853e-02 
  4.262772715735208e-02  2.750862290870426e-02 
  2.806791982894253e-02  2.754625097232504e-02 
  1.644782313660754e-02  2.725456156060128e-02 
  1.147550026606080e-02  2.687683653882577e-02 
  1.698440657074391e-02  2.736613090102229e-02 
  4.268759400102376e-02  2.907105213679085e-02 
  8.831349603613313e-02  3.252568861787262e-02 
  1.371687172737298e-01  3.765687701697652e-02 
  1.701872722011126e-01  4.322554224408268e-02 
  1.844909543296678e-01  4.878483045527267e-02 
  1.859347770539104e-01  5.354205058063796e-02 
  1.822923431772676e-01  5.761680209905375e-02 
  1.790886560566006e-01  6.049857565725929e-02 
  1.792736981285875e-01  6.283360101596368e-02 
  1.883095204403889e-01  6.403952470962153e-02 
  2.133193871768481e-01  6.448629118849426e-02 
  2.695889749226317e-01  6.523322504466314e-02 
  3.766742891665972e-01  6.634426697257248e-02 
  5.503948066380675e-01  6.907942278094978e-02 
  7.610318404178052e-01  7.155431030258536e-02 
  9.277561189161834e-01  7.210895469634833e-02 
  9.706289207757424e-01  6.931608889282632e-02 
  8.835470422345177e-01  6.238076552013443e-02 
  7.236038641221724e-01  5.414187601612819e-02 
  5.572403769997814e-01  4.572366140153122e-02 
  4.196525122615691e-01  3.872565303061209e-02 
  3.148148262808985e-01  3.366390945283948e-02 
  2.607909265764490e-01  2.718658764187842e-02 
  3.586295963333536e-01  3.329958338262137e-02 
  4.888205747946264e-01  4.064209624792717e-02 
  6.526976174268011e-01  4.816042934996899e-02 
  8.163926335960975e-01  5.381848275301667e-02 
  9.189065080394858e-01  5.446232782688430e-02 
  9.057402701891697e-01  4.828043229014935e-02 
  7.571540110355194e-01  3.592120938965081e-02 
  5.480257654990026e-01  2.037316722810998e-02 
  3.686439215633024e-01  6.809873585507576e-03 
  2.516663366296498e-01  7.966774048553187e-03 
  1.876630313934896e-01  1.504570006712301e-02 
  1.560898370999105e-01  1.816947589040706e-02 
  1.423175397176899e-01  1.883688775858040e-02 
  1.375927901087079e-01  1.717182089238921e-02 
  1.370482604345635e-01  1.405909611516613e-02 
  1.374310856857465e-01  1.005862691476069e-02 
  1.342222693620109e-01  6.304061626109847e-03 
  1.205801798711599e-01  4.664952757974327e-03 
  9.074940314332842e-02  5.340878521060303e-03 
  4.528825918700869e-02  6.017071885419910e-03 
  4.053111743986751e-03  6.190682057673026e-03 
  3.104890420139929e-02  5.233121884518410e-03 
  4.163431535174971e-02  5.024423636451740e-03 
  3.835903979632337e-02  4.985491153969590e-03 
  2.825650068626959e-02  5.048688780121986e-03 
  1.496146005367884e-02  5.720722083999017e-03 
  2.964823725610825e-03  6.861175055117030e-03 
  1.288365323956025e-02  8.437697472256474e-03 
  2.231652796309872e-02  9.965815667716336e-03 
  2.415737146065328e-02  1.177637834522841e-02 
  1.342594387557520e-02  1.303675038025495e-02 
  1.210682952982794e-02  1.344452304824358e-02 
  4.276203625340066e-02  1.282255144021606e-02 
  6.501492671897803e-02  1.176428128558439e-02 
  7.286960701287896e-02  1.050667503490557e-02 
  6.861181017024703e-02  9.628174438349598e-03 
  5.781588493417443e-02  9.320350613998845e-03 
  4.426201462825600e-02  9.558358162598698e-03 
  2.945873728517162e-02  1.007310938435296e-02 
  1.526917165282463e-02  1.130753133708436e-02 
  3.634680804380414e-03  1.185340163289207e-02 
  3.226336247206868e-03  1.299923814299499e-02 
  3.628847999149673e-04  1.380229482657738e-02 
  1.520936482466701e-02  1.370948213614071e-02 
  4.086636196687333e-02  1.319800838671636e-02 
  6.410537977246350e-02  1.184550144371447e-02 
  7.566158369061803e-02  1.048214106525032e-02 
  7.489125827280148e-02  9.342149222301690e-03 
  6.577904702940858e-02  8.764590908522996e-03 
  5.282088548061759e-02  8.731431475507801e-03 
  3.829820569592936e-02  8.939550868952191e-03 
  2.404805615505764e-02  9.657022649564282e-03 
  1.128540183307512e-02  1.013191528711397e-02 
  2.580547023802841e-03  1.113156688117876e-02 
  1.791450561051561e-03  1.158223573636687e-02 
  1.210038608148773e-02  1.164509001708157e-02 
  3.393460336061906e-02  1.086375718093779e-02 
  5.712901384411074e-02  9.805836552928044e-03 
  7.154472642895039e-02  8.725347853554060e-03 
  7.372902272267752e-02  7.121822575762967e-03 
  6.676152175360843e-02  6.825935025289985e-03 
  5.501052343673529e-02  6.486416772381765e-03 
  4.129683109005824e-02  6.593248581346117e-03 
  2.737922352471197e-02  6.879662764606002e-03 
  1.413773468936757e-02  7.221104833875888e-03 
  3.724564738587623e-03  7.834641884697768e-03 
  2.638525084473956e-03  8.353397538726173e-03 
  3.872491537484274e-03  8.496122195033420e-03 
  2.062917344750167e-02  8.070719434006758e-03 
  4.449867477712655e-02  7.230079122001306e-03 
  6.353840043655114e-02  6.063325035502284e-03 
  7.044422205141031e-02  5.314074638832369e-03 
  6.654881511470589e-02  4.974898219223702e-03 
  5.624049408148016e-02  4.859132033756586e-03 
  4.272824718400329e-02  4.892135754476707e-03 
  2.834431249114125e-02  4.904807305695905e-03 
  1.433609688608135e-02  4.921212290875768e-03 
  3.358581777900803e-03  5.268128988678795e-03 
  6.309974110692130e-03  5.277410781803753e-03 
  4.905476249634935e-03  5.454488745618028e-03 
  1.004724696188431e-02  5.148778987041342e-03 
  3.263985925429519e-02  4.686714516581877e-03 
  5.469979231151679e-02  4.500623152627586e-03 
  6.590161799376552e-02  4.981290846934312e-03 
  6.544169318246257e-02  5.675546680098109e-03 
  5.671793066499561e-02  6.462383842685320e-03 
  4.402359732055437e-02  6.678937815983476e-03 
  2.975483712844215e-02  6.681631190754363e-03 
  1.510738083833380e-02  6.448404167736286e-03 
  3.927126829597757e-03  6.000741242624150e-03 
  9.508723685007410e-03  5.582307425275073e-03 
  1.237885361827257e-02  5.059469707421694e-03 
  4.994812930854785e-03  4.998081689136807e-03 
  1.907115857884798e-02  5.535477629568077e-03 
  4.478527315078811e-02  6.651938877878955e-03 
  6.281719320551105e-02  8.407697928841915e-03 
  6.732594800827728e-02  9.992120206123563e-03 
  6.107959902967084e-02  1.163607736268854e-02 
  4.891570051449250e-02  1.223505285982257e-02 
  3.432003541861117e-02  1.245942212591455e-02 
  1.927062398433921e-02  1.249331240549803e-02 
  6.554835201979005e-03  1.170747799044659e-02 
  9.378301213920196e-03  1.117670787632445e-02 
  1.400153587102781e-02  1.045953915420019e-02 
  8.338449010027844e-03  1.036456787562040e-02 
  1.600605767164134e-02  1.126254398255829e-02 
  4.584129495549948e-02  1.295214506787928e-02 
  7.121240078146444e-02  1.540574482169176e-02 
  8.217862631212483e-02  1.834497819981166e-02 
  8.061027029150188e-02  2.045973950782157e-02 
  7.080934504481688e-02  2.269024315859641e-02 
  5.716924771016595e-02  2.349613885121334e-02 
  4.274726931962310e-02  2.429711448318713e-02 
  2.913985439507013e-02  2.415038730398819e-02 
  1.797605869134189e-02  2.428221219714928e-02 
  1.295882656104984e-02  2.381001669929656e-02 
  1.913965377460755e-02  2.392150778583888e-02 
  4.372550936816804e-02  2.573861063069048e-02 
  8.730106210646270e-02  2.899237544147037e-02 
  1.326635233586992e-01  3.381599339548278e-02 
  1.650828953926819e-01  4.007711954331852e-02 
  1.789767952558060e-01  4.565095318835272e-02 
  1.811396095898768e-01  5.094053478839604e-02 
  1.788513519553470e-01  5.531228500846762e-02 
  1.764316425586417e-01  5.910891669634057e-02 
  1.788977495470014e-01  6.149045406152016e-02 
  1.896179414238600e-01  6.341943228322172e-02 
  2.173603513257750e-01  6.457830621715878e-02 
  2.766073890999914e-01  6.540070802478544e-02 
  3.870783466660730e-01  6.663573616583811e-02 
  5.607845982428757e-01  6.858135319006724e-02 
  7.696126143023101e-01  7.068116514022930e-02 
  9.296597477838191e-01  7.092719746839679e-02 
  9.739556411593211e-01  6.770454128763780e-02 
  8.859728784048144e-01  6.102612580607228e-02 
  7.251166498970061e-01  5.243259471050024e-02 
  5.582343767705246e-01  4.447387284023025e-02 
  4.190123054174574e-01  3.790338091492901e-02 
  3.131018454344635e-01  3.291631805067476e-02 
  2.595983796481255e-01  2.772090471184336e-02 
  3.588843558372977e-01  3.419664500538733e-02 
  4.896707666118091e-01  4.198587901575430e-02 
  6.515330897867723e-01  5.002289819475744e-02 
  8.153311356676437e-01  5.620652686074299e-02 
  9.195208417930357e-01  5.791969283432338e-02 
  9.026391732918347e-01  5.311775971244266e-02 
  7.565266429397514e-01  4.225854599044328e-02 
  5.505025403050731e-01  2.916725442548453e-02 
  3.734636843602976e-01  1.654200127639678e-02 
  2.537376874255822e-01  8.424259764877024e-03 
  1.871026020779653e-01  4.586003163738001e-03 
  1.531561453250013e-01  4.705891935891078e-03 
  1.369509746479951e-01  4.834523214766831e-03 
  1.303907181756198e-01  5.276678085920868e-03 
  1.287219847179932e-01  6.371652030070784e-03 
  1.280707424959898e-01  9.739785668532714e-03 
  1.239099772876730e-01  1.163653687271079e-02 
  1.107143022543358e-01  1.521842120377403e-02 
  8.188556074338305e-02  1.661309696855812e-02 
  3.938467602704347e-02  1.791815338634582e-02 
  5.454269303893659e-03  1.804835812965759e-02 
  3.265122858702642e-02  1.761440185031874e-02 
  4.326543527991857e-02  1.732356021620114e-02 
  4.093369293523859e-02  1.765322473311145e-02 
  3.142576997983704e-02  1.825686272196135e-02 
  1.876801437335538e-02  1.948754585002160e-02 
  5.534491533004672e-03  2.102606002987223e-02 
  8.070674413199955e-03  2.269439972572056e-02 
  1.659781338570524e-02  2.468678018305415e-02 
  1.843947183710951e-02  2.490590917428116e-02 
  8.213130573809187e-03  2.607301773184726e-02 
  1.596217534999106e-02  2.612280749395072e-02 
  4.490130644361875e-02  2.520888575073157e-02 
  6.604905789978126e-02  2.480785700962054e-02 
  7.390983408680635e-02  2.354169885961774e-02 
  7.033761324295985e-02  2.387753003354558e-02 
  6.012646585037257e-02  2.351647371404864e-02 
  4.684936160962059e-02  2.464229203059983e-02 
  3.280541434037297e-02  2.488400041995468e-02 
  1.890962547941179e-02  2.586046918526346e-02 
  7.552755527055391e-03  2.628436866603160e-02 
  1.260341908062559e-03  2.702776287273054e-02 
  4.009475161364173e-03  2.677662583569332e-02 
  1.893751663655554e-02  2.648975551311821e-02 
  4.314285460274526e-02  2.574762350346038e-02 
  6.516898056056920e-02  2.529129981823347e-02 
  7.662408074905692e-02  2.364194213294038e-02 
  7.600479244548948e-02  2.366154506361438e-02 
  6.759930444964030e-02  2.252714476810211e-02 
  5.503332811630340e-02  2.339977869177056e-02 
  4.103153623170672e-02  2.401828534066747e-02 
  2.709138931804060e-02  2.382807453959012e-02 
  1.456771301951516e-02  2.469813442272786e-02 
  6.305901423236692e-03  2.420348759302236e-02 
  5.366755714188616e-03  2.462458102908908e-02 
  1.557072653553573e-02  2.394792558702437e-02 
  3.623552661684654e-02  2.336153902035979e-02 
  5.850877122832503e-02  2.195069119053653e-02 
  7.253794993009223e-02  2.102066736935988e-02 
  7.491473151030759e-02  2.054550639522450e-02 
  6.873130301297156e-02  1.986300491202879e-02 
  5.729546222137309e-02  2.018164906332112e-02 
  4.406632948651015e-02  2.049059407984778e-02 
  3.027743478521720e-02  2.072897844782180e-02 
  1.712054270853476e-02  2.109276431549401e-02 
  7.084422886225961e-03  2.108671605277970e-02 
  3.071361438860117e-03  2.145974712160561e-02 
  7.351346229307803e-03  2.027519547612514e-02 
  2.348734231181482e-02  2.006230137144306e-02 
  4.607364029504997e-02  1.863015851013246e-02 
  6.448144739401937e-02  1.751050011153622e-02 
  7.161259763626432e-02  1.673406108597174e-02 
  6.838863371431755e-02  1.621753896278634e-02 
  5.837866070240857e-02  1.649085602301327e-02 
  4.529390109022053e-02  1.651882110905358e-02 
  3.122028960748226e-02  1.680680843557214e-02 
  1.744282916657551e-02  1.735168080653741e-02 
  5.920651212056829e-03  1.716262249692431e-02 
  3.475208192402069e-03  1.722139586899798e-02 
  2.951029000035381e-03  1.706441286075915e-02 
  1.278039207863886e-02  1.616504619363578e-02 
  3.470132257159826e-02  1.556260160974024e-02 
  5.587826685389725e-02  1.396239274455534e-02 
  6.703423034346935e-02  1.304187549876984e-02 
  6.653338620854703e-02  1.231215147692971e-02 
  5.849328031558079e-02  1.253621552505791e-02 
  4.619713335654799e-02  1.167936012998670e-02 
  3.211094800717620e-02  1.205227964757130e-02 
  1.790380039510343e-02  1.263157194483262e-02 
  5.772425378159867e-03  1.267570723694058e-02 
  6.485671941204339e-03  1.259664238386720e-02 
  8.909849687189561e-03  1.242176045718409e-02 
  3.903668474403660e-03  1.187542742844474e-02 
  2.140708469814237e-02  1.084970050274054e-02 
  4.613720988969609e-02  9.436620718222953e-03 
  6.339880578872593e-02  8.299285408003079e-03 
  6.797105759460867e-02  6.950328795281195e-03 
  6.237390397971654e-02  6.765394094735510e-03 
  5.052616981486029e-02  6.364408542636896e-03 
  3.639450587457423e-02  6.400073329703448e-03 
  2.166665546400973e-02  6.567019411141932e-03 
  8.644263112193948e-03  6.455026061128048e-03 
  6.894019021883979e-03  6.414435611231703e-03 
  1.065042963356192e-02  6.256034715333611e-03 
  5.992670889063454e-03  5.936812049000524e-03 
  1.852090172786460e-02  4.658790165245445e-03 
  4.688370529627899e-02  3.822234692084563e-03 
  7.097841179131871e-02  3.557272622900259e-03 
  8.211383343365949e-02  4.446359257895547e-03 
  8.063719780958604e-02  5.664804155997813e-03 
  7.164608721147257e-02  6.468625373972229e-03 
  5.859026703376403e-02  7.177818955101340e-03 
  4.443795628285343e-02  7.416516205163903e-03 
  3.108963170877283e-02  7.660527042128804e-03 
  2.039038506613837e-02  7.823892957043933e-03 
  1.589915075684997e-02  8.341150360306675e-03 
  2.221788309929625e-02  9.098641426269722e-03 
  4.616717784636101e-02  1.114158300171486e-02 
  8.676052620795785e-02  1.441371398523766e-02 
  1.307327742598369e-01  1.862010604324284e-02 
  1.611644971097821e-01  2.338492331032295e-02 
  1.751301732770594e-01  2.834375269277613e-02 
  1.782332709498018e-01  3.185439418695968e-02 
  1.771149526540125e-01  3.605765673700960e-02 
  1.762939373343654e-01  3.912024806278966e-02 
  1.797380093200854e-01  4.194591283159718e-02 
  1.924076021826435e-01  4.433049696857613e-02 
  2.226389408968121e-01  4.719019804849081e-02 
  2.851096896594621e-01  5.036173111896344e-02 
  3.973903597267447e-01  5.460166674779381e-02 
  5.728066184791135e-01  5.923306422520802e-02 
  7.792203345442561e-01  6.351443659041937e-02 
  9.408486744481687e-01  6.554172236775167e-02 
  9.788368874621207e-01  6.395302624014951e-02 
  8.858008187573709e-01  5.818258330480650e-02 
  7.224411534906302e-01  5.029095120948475e-02 
  5.547475940597821e-01  4.232613862578806e-02 
  4.174290575754575e-01  3.616164263610171e-02 
  3.113019043076161e-01  3.158195788033697e-02 
  2.584170874597393e-01  2.850284755295223e-02 
  3.566859703094243e-01  3.508727171156286e-02 
  4.895703158994681e-01  4.348961870425151e-02 
  6.542383190566845e-01  5.222350905226098e-02 
  8.216417092505486e-01  5.954582270567134e-02 
  9.314335506811748e-01  6.280371729586669e-02 
  9.114617067862565e-01  6.049383257201441e-02 
  7.614767144333933e-01  5.395593837813690e-02 
  5.520684485932159e-01  4.420936734397007e-02 
  3.704940837940202e-01  3.695117900246368e-02 
  2.499692731426044e-01  3.049056696181758e-02 
  1.804771513153126e-01  2.977308587048057e-02 
  1.448343008968924e-01  3.051879275154461e-02 
  1.284137348427434e-01  3.073488553286630e-02 
  1.219538955264142e-01  3.361507619473899e-02 
  1.205033102894366e-01  3.605111489567170e-02 
  1.203043074516520e-01  3.673508930709907e-02 
  1.169107582879003e-01  3.955457750166198e-02 
  1.038418166810980e-01  3.883356397257938e-02 
  7.590718348931511e-02  3.963018502787164e-02 
  3.394177321631291e-02  3.924806950846495e-02 
  9.798493917624084e-03  3.945807554872096e-02 
  3.772358229612577e-02  3.987947203080006e-02 
  4.835335103234816e-02  4.124194132143321e-02 
  4.609721918608285e-02  4.287477461019885e-02 
  3.635445407725268e-02  4.441341317211826e-02 
  2.343841703871052e-02  4.640844320152512e-02 
  9.622913398469584e-03  4.585868530017154e-02 
  4.345134531598538e-03  4.785845232146117e-02 
  1.301321866337226e-02  4.701897419899639e-02 
  1.504278254094643e-02  4.720741284400709e-02 
  4.914226588750306e-03  4.602083031371722e-02 
  1.937679200068831e-02  4.513793637130319e-02 
  4.837991236768908e-02  4.432864435073068e-02 
  6.975466821819526e-02  4.412113236082964e-02 
  7.786131376798126e-02  4.485832468092006e-02 
  7.427946676381805e-02  4.594675027525957e-02 
  6.435887253906294e-02  4.737890289628946e-02 
  5.088814000016295e-02  4.831517423073733e-02 
  3.620161349786516e-02  4.878708836511227e-02 
  2.219867880419409e-02  4.925293325711239e-02 
  1.039481171902093e-02  4.861933898493712e-02 
  3.771606081779220e-03  4.790050587472715e-02 
  6.408918183115017e-03  4.671180507850616e-02 
  2.143400991990691e-02  4.508448364067842e-02 
  4.535650450727835e-02  4.447113871407080e-02 
  6.821908300675981e-02  4.239187247056334e-02 
  8.012109523791131e-02  4.325993872973018e-02 
  7.971282072276556e-02  4.405313297057231e-02 
  7.150899548414577e-02  4.573451732829946e-02 
  5.884272509796670e-02  4.686541315260707e-02 
  4.431336472494735e-02  4.714602150918497e-02 
  3.003926328585537e-02  4.736755302989378e-02 
  1.718459800987033e-02  4.662407191874195e-02 
  8.526061822105585e-03  4.608602488500352e-02 
  7.503710623646524e-03  4.436715184280901e-02 
  1.776578808288012e-02  4.265607094037666e-02 
  3.873901530912259e-02  4.114262051984345e-02 
  6.178190955900396e-02  4.026167140189033e-02 
  7.600582499676545e-02  3.991038800736776e-02 
  7.878806370160717e-02  4.046253611107799e-02 
  7.233270846738628e-02  4.133806558936368e-02 
  6.098959190038334e-02  4.224595674164058e-02 
  4.719711770388015e-02  4.320944121040171e-02 
  3.312660867205559e-02  4.428208385512647e-02 
  1.962214259259668e-02  4.265645399710559e-02 
  9.175618056688040e-03  4.264051585073021e-02 
  4.776146366032491e-03  4.109937806701659e-02 
  9.289201366099514e-03  3.944314171867663e-02 
  2.548292801229290e-02  3.757876472201421e-02 
  4.877973957478450e-02  3.645229279583245e-02 
  6.763758261017556e-02  3.646396575748372e-02 
  7.510336178431895e-02  3.620640040921078e-02 
  7.204726139111620e-02  3.735782643218448e-02 
  6.200769352516660e-02  3.803287009087587e-02 
  4.861164048755228e-02  3.927321453715030e-02 
  3.412677721872873e-02  3.971166991862004e-02 
  1.998891298204847e-02  3.972376920718228e-02 
  8.126283649225297e-03  3.906205615332732e-02 
  2.870805220873459e-03  3.777047530160244e-02 
  3.332691987647898e-03  3.601152391626244e-02 
  1.476613305223201e-02  3.425945895054912e-02 
  3.719569067303658e-02  3.292818173365270e-02 
  5.876560036420671e-02  3.273223420726089e-02 
  7.017827313074500e-02  3.179342752300994e-02 
  7.036308580317559e-02  3.265986986992703e-02 
  6.244641736601312e-02  3.412062282376134e-02 
  4.977565428207678e-02  3.492421876715435e-02 
  3.565597588653489e-02  3.553978531199319e-02 
  2.075594816198426e-02  3.618071124303455e-02 
  8.001999637575752e-03  3.560741530839796e-02 
  4.978707101405158e-03  3.462324349331533e-02 
  7.073361876720036e-03  3.296357073910160e-02 
  4.610109886757005e-03  3.146730502939781e-02 
  2.352508370502280e-02  2.939794343949854e-02 
  4.869527551318469e-02  2.865489358713604e-02 
  6.654548235192637e-02  2.813698117401137e-02 
  7.139996146306235e-02  2.868874828407602e-02 
  6.587531840607389e-02  2.965489905243933e-02 
  5.422617575838351e-02  3.074979324368946e-02 
  3.982954336541941e-02  3.170273642433256e-02 
  2.479496373172053e-02  3.211704646298582e-02 
  1.104042081911778e-02  3.215717210577361e-02 
  5.643154976793918e-03  3.110529324449197e-02 
  8.808418236227585e-03  2.942864052162979e-02 
  5.503437989339767e-03  2.722124598031663e-02 
  2.022994385108728e-02  2.515088665317234e-02 
  4.865418782657078e-02  2.329834113881453e-02 
  7.324750353122289e-02  2.257967049612578e-02 
  8.445553694125053e-02  2.200410709428736e-02 
  8.368206283200469e-02  2.290814640458195e-02 
  7.461267789621448e-02  2.332831119081309e-02 
  6.179369676719989e-02  2.369266697417987e-02 
  4.737610225064404e-02  2.390193439329787e-02 
  3.378497698204425e-02  2.333077148684919e-02 
  2.270219905934924e-02  2.263336358304253e-02 
  1.800985546065610e-02  2.062361534617296e-02 
  2.410821341619661e-02  1.817436726643925e-02 
  4.730250359299023e-02  1.484512811654518e-02 
  8.770660034929008e-02  1.165806171389984e-02 
  1.311211131079888e-01  9.171966292419587e-03 
  1.615246383631043e-01  7.198079683016933e-03 
  1.757727418925176e-01  6.413629970122152e-03 
  1.794699646927138e-01  3.639918000152162e-03 
  1.783090874468416e-01  3.658711369767533e-03 
  1.779445443423201e-01  1.868445996504806e-03 
  1.810970506206235e-01  2.412002757657866e-03 
  1.944717746525886e-01  5.711210271218918e-03 
  2.257042970198475e-01  1.087380899277881e-02 
  2.881803585546009e-01  1.817051974766142e-02 
  4.016305383475771e-01  2.778240576877055e-02 
  5.751794052163327e-01  3.907518114488218e-02 
  7.796536696824049e-01  4.890082656331998e-02 
  9.373710302297534e-01  5.610664499447106e-02 
  9.747074316960724e-01  5.749956378921892e-02 
  8.850816307688550e-01  5.414942508541676e-02 
  7.217108383073220e-01  4.743405469238035e-02 
  5.547533421804941e-01  4.027892303412381e-02 
  4.174916822326464e-01  3.446981479765635e-02 
  3.100196897932808e-01  3.026427328767238e-02 
  2.574134453037428e-01  2.949025989725762e-02 
  3.574915059608601e-01  3.662189811027841e-02 
  4.905498275473536e-01  4.527064164221825e-02 
  6.558352829839180e-01  5.503854571448345e-02 
  8.206157108667138e-01  6.368585738919091e-02 
  9.249054262362782e-01  6.919430475236839e-02 
  9.041432146258385e-01  7.026701423212772e-02 
  7.500050322843762e-01  6.876124001608562e-02 
  5.395063085951463e-01  6.706162919968124e-02 
  3.580402711648180e-01  6.670161510515946e-02 
  2.389082941571927e-01  6.960976217885248e-02 
  1.704832544884675e-01  7.191497768025124e-02 
  1.352689214893353e-01  7.500987642761935e-02 
  1.195131593987692e-01  7.850507810234532e-02 
  1.145103461199722e-01  7.959026486972479e-02 
  1.142658428345318e-01  8.011687480227665e-02 
  1.151111194346144e-01  7.955852998469626e-02 
  1.123039876665480e-01  7.715767810382756e-02 
  1.001382568952989e-01  7.441101867490220e-02 
  7.197420514085801e-02  7.114858216971442e-02 
  2.898178480241927e-02  6.864573350809675e-02 
  1.553299052653271e-02  6.878847001015137e-02 
  4.459542194120095e-02  6.990357710077023e-02 
  5.544477525100009e-02  7.283249706286003e-02 
  5.282823819839573e-02  7.707299754157179e-02 
  4.236845987619599e-02  7.894873033259095e-02 
  2.834662623660721e-02  8.148893651345732e-02 
  1.326853050900061e-02  8.205551961756155e-02 
  2.352339100007814e-03  8.158179375414737e-02 
  1.135128498965492e-02  7.974725628011228e-02 
  1.377928958576288e-02  7.685533147399026e-02 
  3.730399355152351e-03  7.353117400333055e-02 
  2.161067974114246e-02  7.078573566887564e-02 
  5.265649255042650e-02  6.926764141105304e-02 
  7.536044900692303e-02  6.994972315611885e-02 
  8.430444572213330e-02  7.247794147949585e-02 
  8.066588954730350e-02  7.523222390718318e-02 
  6.978195419119483e-02  7.773465939813559e-02 
  5.552006646716303e-02  8.005859239680807e-02 
  3.958001253148825e-02  8.078618504754856e-02 
  2.430378851226384e-02  8.012146838440874e-02 
  1.165898590788534e-02  7.898842422872764e-02 
  4.557237132573500e-03  7.589303136086091e-02 
  6.998609748573095e-03  7.349940104781599e-02 
  2.274340459711580e-02  6.916267784993020e-02 
  4.871326368729376e-02  6.778676367481382e-02 
  7.300246544122406e-02  6.731807677095934e-02 
  8.592148558269358e-02  6.906347873101114e-02 
  8.577750846783692e-02  7.193331086904337e-02 
  7.714904018842003e-02  7.438343841736302e-02 
  6.347465913850588e-02  7.683904348536555e-02 
  4.817801775867778e-02  7.797302801532952e-02 
  3.260601525287724e-02  7.777092241359805e-02 
  1.869806552481373e-02  7.645617199744786e-02 
  9.202414209344423e-03  7.406421088180419e-02 
  7.900993915929791e-03  7.067485074568684e-02 
  1.863704601000097e-02  6.723354333513304e-02 
  4.119113675430704e-02  6.520508269021376e-02 
  6.575078274863459e-02  6.409693310565262e-02 
  8.177592727286204e-02  6.492244991357142e-02 
  8.478917847121224e-02  6.801919691112060e-02 
  7.815480383668036e-02  6.995826013208105e-02 
  6.627630339720576e-02  7.261146514751216e-02 
  5.151235171638899e-02  7.328553286688826e-02 
  3.614175415284531e-02  7.407071723606327e-02 
  2.164229075846914e-02  7.308743994645529e-02 
  1.013075067927838e-02  7.108931835752355e-02 
  5.080748848153687e-03  6.816716774245768e-02 
  9.815330493378870e-03  6.464723431749918e-02 
  2.744108805308744e-02  6.199311369838345e-02 
  5.217619173260769e-02  5.992366949098421e-02 
  7.273589336975070e-02  6.048014169852239e-02 
  8.129521376561767e-02  6.253602895022829e-02 
  7.817485373885977e-02  6.482196619238564e-02 
  6.744099628667279e-02  6.777960756487626e-02 
  5.318863284113966e-02  6.886421480637761e-02 
  3.737637921235984e-02  7.014228344449032e-02 
  2.206017368253865e-02  6.977734649492869e-02 
  9.310292543212161e-03  6.788285508165894e-02 
  3.194978039255781e-03  6.505225414117123e-02 
  3.577370961434237e-03  6.158919816353547e-02 
  1.596126387019402e-02  5.885850813496153e-02 
  3.985257863424099e-02  5.603319673586295e-02 
  6.352297470297526e-02  5.611849945888903e-02 
  7.614304270060866e-02  5.784821997668385e-02 
  7.646230349233148e-02  6.031656490284663e-02 
  6.796090873436823e-02  6.308997422822142e-02 
  5.476925423127243e-02  6.532716326399773e-02 
  3.906712727246028e-02  6.630633904753538e-02 
  2.332386007741443e-02  6.610013553720340e-02 
  9.563478313296283e-03  6.505711495474488e-02 
  4.605916149337896e-03  6.285936652011911e-02 
  7.019030464510368e-03  5.947430832833103e-02 
  5.363167086440344e-03  5.593841415092184e-02 
  2.583353436356765e-02  5.332245053102359e-02 
  5.281845304495681e-02  5.213925243188047e-02 
  7.214104472874731e-02  5.356992643776635e-02 
  7.774312206732967e-02  5.592366171766466e-02 
  7.175860335044719e-02  5.871204397825983e-02 
  5.961104392397408e-02  6.137780456398135e-02 
  4.410509149746893e-02  6.328433924929970e-02 
  2.761320565268883e-02  6.291928807738457e-02 
  1.263641927668117e-02  6.274608738609706e-02 
  5.519602178367098e-03  6.069960291297438e-02 
  8.804164072462589e-03  5.755633080063644e-02 
  5.639388668971817e-03  5.365599464636624e-02 
  2.192161152831923e-02  5.054253843242378e-02 
  5.216561446719534e-02  4.864140377027257e-02 
  7.821745434826202e-02  4.869204895668760e-02 
  9.056495535665200e-02  5.066134317756927e-02 
  8.935728757484478e-02  5.371807608483652e-02 
  7.973123246771087e-02  5.616417061844043e-02 
  6.577952413597617e-02  5.836447052320070e-02 
  5.032567137751780e-02  5.920287535849593e-02 
  3.557812260311836e-02  5.898014012313801e-02 
  2.340791476397418e-02  5.701924992921480e-02 
  1.770579482788868e-02  5.376179988707456e-02 
  2.354149706891823e-02  4.900888251720611e-02 
  4.736661258809147e-02  4.463381407351773e-02 
  8.915946983154513e-02  4.087704094047120e-02 
  1.345082670253475e-01  3.931010917706789e-02 
  1.663895998742271e-01  4.042056687964027e-02 
  1.808429269001781e-01  4.242580094569325e-02 
  1.837977232533233e-01  4.447956691585149e-02 
  1.819231123639913e-01  4.610084650606400e-02 
  1.805472290071718e-01  4.596867120678463e-02 
  1.827133277098724e-01  4.418087369776264e-02 
  1.948540681405695e-01  3.889541413890890e-02 
  2.246357776661081e-01  3.143784366886281e-02 
  2.865953748575250e-01  1.880068833321109e-02 
  3.987640767777340e-01  3.648429427490628e-03 
  5.733562848237987e-01  1.539230817682334e-02 
  7.808350099688269e-01  3.265578664956369e-02 
  9.385399798078312e-01  4.469969913603954e-02 
  9.727095446273974e-01  4.989045905347577e-02 
  8.814949474871954e-01  4.876404799033766e-02 
  7.180261766970850e-01  4.379705916778999e-02 
  5.497516954012701e-01  3.758134768063769e-02 
  4.121780662249529e-01  3.260606575248721e-02 
  3.075907190746950e-01  2.864203690574706e-02 
  2.555227526871764e-01  3.040984454232484e-02 
  3.549212704131099e-01  3.772568637476961e-02 
  4.883653889370981e-01  4.709348714912852e-02 
  6.538039308836280e-01  5.730369148809182e-02 
  8.202571550043177e-01  6.723143019881074e-02 
  9.283016606594302e-01  7.408096824851496e-02 
  9.019245894096968e-01  7.785039133455987e-02 
  7.432127943117270e-01  7.967008857455538e-02 
  5.259497795014686e-01  8.226555841050516e-02 
  3.394412963581104e-01  8.736955022768669e-02 
  2.204917159771488e-01  9.394228077900335e-02 
  1.552340639954209e-01  1.013096465063198e-01 
  1.235369507174665e-01  1.071040146298379e-01 
  1.114288189447427e-01  1.099938237941951e-01 
  1.091544830970742e-01  1.123731357670429e-01 
  1.115779113168139e-01  1.116538749839808e-01 
  1.148901449529276e-01  1.090459775231949e-01 
  1.138852363327058e-01  1.049459419638329e-01 
  1.027155219520874e-01  9.901916278131778e-02 
  7.313518720076159e-02  9.348233464374985e-02 
  2.623883976362759e-02  8.975844083750553e-02 
  2.278636644768964e-02  8.899833872016899e-02 
  5.377207273028021e-02  9.088720541242862e-02 
  6.477711135861165e-02  9.500279882778878e-02 
  6.059680514224265e-02  1.000130680241947e-01 
  4.827895679736247e-02  1.031102286692568e-01 
  3.214400799124042e-02  1.055673087174803e-01 
  1.534209181192078e-02  1.064891596863635e-01 
  2.090643475246623e-03  1.049414353447653e-01 
  1.300841930886791e-02  1.014189126491483e-01 
  1.648058514744914e-02  9.761032302502988e-02 
  5.516076459246375e-03  9.282810824395943e-02 
  2.213832339881033e-02  8.829527224955458e-02 
  5.682501739917130e-02  8.737027446365453e-02 
  8.264421852348607e-02  8.837159631198882e-02 
  9.190733587803304e-02  9.198874630682816e-02 
  8.778628636033274e-02  9.578945448808315e-02 
  7.542292612310221e-02  9.950112704303832e-02 
  5.930175925111947e-02  1.017967470047133e-01 
  4.190032362876159e-02  1.025583204514464e-01 
  2.478719180425859e-02  1.022068256182883e-01 
  1.041486697803291e-02  9.962721726441473e-02 
  1.855872247281660e-03  9.591126079110218e-02 
  4.164025950237485e-03  9.163637482967180e-02 
  2.176213636711915e-02  8.699135588531501e-02 
  5.084704600800204e-02  8.459719240533990e-02 
  7.905523379474784e-02  8.469455685220853e-02 
  9.331122208694427e-02  8.691977631334145e-02 
  9.334186572990164e-02  9.130631172160447e-02 
  8.326954227210925e-02  9.447035557690978e-02 
  6.796140166634826e-02  9.781807231541199e-02 
  5.088814000016295e-02  9.822612238574213e-02 
  3.363752839445242e-02  9.852911910103027e-02 
  1.777271707463911e-02  9.687380316003290e-02 
  6.909881146857149e-03  9.349661764062972e-02 
  5.050665741341031e-03  8.911025777880890e-02 
  1.727016064621992e-02  8.448233329136534e-02 
  4.258001179183440e-02  8.128325749392794e-02 
  7.046306454414561e-02  8.042942242797163e-02 
  8.871644432784144e-02  8.215954964043398e-02 
  9.224542314310091e-02  8.528548037769090e-02 
  8.490521721313379e-02  8.911176589361186e-02 
  7.129232485684243e-02  9.225699401465109e-02 
  5.480474701952825e-02  9.430914335211027e-02 
  3.757566085265375e-02  9.486421122420310e-02 
  2.159372555291051e-02  9.359873947696043e-02 
  8.371873883570160e-03  9.094308868691646e-02 
  3.114390223292091e-03  8.667892170263203e-02 
  7.708763595463981e-03  8.232107820722062e-02 
  2.725317326955208e-02  7.878997269995199e-02 
  5.551180224714845e-02  7.643217177827490e-02 
  7.914894444912922e-02  7.768179458926393e-02 
  8.882813161324357e-02  7.999181482234252e-02 
  8.512485347510822e-02  8.409065784528830e-02 
  7.318783956217370e-02  8.766523473021492e-02 
  5.714068302539146e-02  9.001432932278819e-02 
  3.982820440859880e-02  9.083420092019219e-02 
  2.251750549372057e-02  9.034213504982222e-02 
  8.072741153483358e-03  8.825060675448151e-02 
  3.849333837520171e-03  8.453619573862317e-02 
  3.504197515534098e-03  7.993135956214939e-02 
  1.532051722232813e-02  7.583332525339830e-02 
  4.253249184158386e-02  7.343540595198862e-02 
  6.922805457451525e-02  7.315971416177031e-02 
  8.362038781136599e-02  7.561924727195074e-02 
  8.388013627637121e-02  7.882619257764625e-02 
  7.426248495037621e-02  8.287192938504079e-02 
  5.940113282297459e-02  8.574187965666276e-02 
  4.228635752538170e-02  8.771586490322411e-02 
  2.462698678684780e-02  8.732063796374107e-02 
  8.963998545060550e-03  8.616169818387923e-02 
  6.189093266971605e-03  8.305906730898185e-02 
  9.522514165321580e-03  7.895373870041701e-02 
  4.601785564122701e-03  7.426082163013133e-02 
  2.647034047006065e-02  7.066520122742417e-02 
  5.700382227418332e-02  6.958678948827988e-02 
  7.925743758669448e-02  7.138189941488896e-02 
  8.531914160616923e-02  7.472316349663578e-02 
  7.879918530083341e-02  7.911417433808748e-02 
  6.499535607618218e-02  8.265256770190767e-02 
  4.769856651375808e-02  8.478705486151279e-02 
  2.948487068415261e-02  8.593960436162824e-02 
  1.252872790226593e-02  8.470785801668529e-02 
  6.365401869910497e-03  8.192574511829476e-02 
  1.141679564251676e-02  7.791045667689013e-02 
  6.595190239563048e-03  7.299023299815474e-02 
  2.130608608318759e-02  6.875307074532280e-02 
  5.523970840242138e-02  6.688388631208524e-02 
  8.461182790001925e-02  6.756630199696680e-02 
  9.840366580185461e-02  7.024549060081207e-02 
  9.689741190872103e-02  7.463034512461640e-02 
  8.602837655180413e-02  7.867572433968437e-02 
  7.060582425684418e-02  8.167193590889713e-02 
  5.329145494640869e-02  8.298442708130305e-02 
  3.633756547989082e-02  8.278389381933743e-02 
  2.228450170144923e-02  8.041470998420712e-02 
  1.537296814893241e-02  7.640862773193670e-02 
  2.017701781137339e-02  7.099001206761080e-02 
  4.511388491942182e-02  6.516683817426018e-02 
  9.008658569835394e-02  6.128221441317700e-02 
  1.396632607427195e-01  6.029511113756960e-02 
  1.745387162542799e-01  6.274431755304086e-02 
  1.891557847392725e-01  6.667351476147389e-02 
  1.909340467797387e-01  7.082281749471382e-02 
  1.871095168613191e-01  7.387393790037335e-02 
  1.828893546182333e-01  7.488001108126972e-02 
  1.822127771539851e-01  7.325052639894286e-02 
  1.909372781749732e-01  6.797289231768108e-02 
  2.170675864329806e-01  5.853577194229655e-02 
  2.746810680299712e-01  4.386061329046276e-02 
  3.823388040671828e-01  2.386273673898857e-02 
  5.556590951547443e-01  1.918896275910038e-03 
  7.617815979457397e-01  1.943024604047994e-02 
  9.254157302353669e-01  3.517107964183142e-02 
  9.659843209618505e-01  4.319982126817894e-02 
  8.771943533224774e-01  4.391228637051174e-02 
  7.154348266921629e-01  4.011612722762071e-02 
  5.484229586367628e-01  3.488409415374115e-02 
  4.116281122633672e-01  3.023373136981020e-02 
  3.067699583516554e-01  2.681610206960972e-02 
  2.530536625264798e-01  3.173349820124121e-02 
  3.515576294555486e-01  3.961546883372968e-02 
  4.872300631628655e-01  4.931013028432712e-02 
  6.483123240494034e-01  6.011689618270293e-02 
  8.138699758113179e-01  7.072431503381368e-02 
  9.132139296948771e-01  7.851545467739290e-02 
  8.808471984042754e-01  8.295852085350743e-02 
  7.155628372044088e-01  8.589147284979218e-02 
  4.974482156336966e-01  8.984213212265085e-02 
  3.159290251276389e-01  9.649887493429449e-02 
  1.997588951822536e-01  1.049002564702905e-01 
  1.396298036710501e-01  1.136933857979747e-01 
  1.133341201425552e-01  1.205620988641847e-01 
  1.053193153866105e-01  1.251697687853481e-01 
  1.066094192048041e-01  1.274756543681063e-01 
  1.121676257770937e-01  1.270995169521499e-01 
  1.183081946977286e-01  1.241921941516546e-01 
  1.192039584367271e-01  1.195505146392102e-01 
  1.078064455684018e-01  1.131563160506786e-01 
  7.620327340166949e-02  1.070523979895375e-01 
  2.360299027095787e-02  1.024733065503840e-01 
  2.892404159245779e-02  1.011603678726774e-01 
  6.357366914161043e-02  1.034065383796573e-01 
  7.385780173153775e-02  1.080744166415723e-01 
  6.808185454245821e-02  1.126740486903648e-01 
  5.322237214823791e-02  1.168571526360642e-01 
  3.464341348605507e-02  1.191410024710575e-01 
  1.488604670895141e-02  1.195843645203639e-01 
  3.857054072840152e-03  1.182210602654713e-01 
  1.762533285363445e-02  1.150114953310315e-01 
  2.193266611718371e-02  1.102055839203617e-01 
  9.789074356728864e-03  1.048732676502986e-01 
  2.201149433837716e-02  1.007449533263241e-01 
  6.177862348419579e-02  9.873544775716588e-02 
  9.066425085106626e-02  1.001649664741085e-01 
  1.008186266927858e-01  1.035180660967270e-01 
  9.529453108632818e-02  1.077332967727792e-01 
  8.103319773184722e-02  1.118745625097017e-01 
  6.263834541681451e-02  1.145453332309417e-01 
  4.252873131606116e-02  1.154199149627027e-01 
  2.302764244067634e-02  1.148040475795775e-01 
  6.544197948471648e-03  1.126133686769008e-01 
  3.441660499363815e-03  1.084930953587219e-01 
  1.198412491998979e-03  1.035033008001461e-01 
  1.949888497558766e-02  9.902112360114601e-02 
  5.362608933970202e-02  9.602797041635971e-02 
  8.536222514789653e-02  9.581370850066673e-02 
  1.017396940685634e-01  9.849911988910048e-02 
  1.013106209838664e-01  1.025417913353832e-01 
  8.938829989584354e-02  1.065623771504255e-01 
  7.195186036031669e-02  1.094675378453820e-01 
  5.227556403174052e-02  1.110040437692457e-01 
  3.268386645898155e-02  1.109306352485145e-01 
  1.485602348809819e-02  1.090649488446509e-01 
  2.756671252964902e-03  1.056806072238004e-01 
  2.200281652763788e-03  1.010577908002277e-01 
  1.407021155443215e-02  9.598793527722460e-02 
  4.356553757626095e-02  9.293674334011806e-02 
  7.616200655080453e-02  9.167439446380339e-02 
  9.664859108071316e-02  9.328629612008710e-02 
  1.005153241108822e-01  9.667678512197860e-02 
  9.185216078683689e-02  1.009895297625748e-01 
  7.633491518223573e-02  1.044363896700403e-01 
  5.765549131687961e-02  1.061900315906505e-01 
  3.794674486919557e-02  1.070834858065397e-01 
  1.961235642861019e-02  1.058102523134202e-01 
  5.211719426443939e-03  1.030788939814880e-01 
  4.364094813040933e-03  9.917766974617645e-02 
  4.310674469776140e-03  9.408842528393177e-02 
  2.632289051269574e-02  8.977277499360263e-02 
  5.906560100672920e-02  8.795611734287198e-02 
  8.637808616406302e-02  8.858074937364116e-02 
  9.710836172311063e-02  9.151774277648107e-02 
  9.285809662038003e-02  9.522935657641259e-02 
  7.907182769842701e-02  9.910941210349199e-02 
  6.083667605132822e-02  1.020117270037851e-01 
  4.086483760323524e-02  1.033513609805295e-01 
  2.151581628575767e-02  1.025868040068237e-01 
  5.604383262402791e-03  1.003358305539184e-01 
  7.627869903662997e-03  9.671886691115671e-02 
  6.615063650872197e-03  9.219309609261231e-02 
  1.306968219666654e-02  8.749005710578478e-02 
  4.439194026142054e-02  8.482169563312418e-02 
  7.557820574218592e-02  8.458181495622302e-02 
  9.225138123786926e-02  8.684206661842309e-02 
  9.212285257225179e-02  9.023853790179295e-02 
  8.101176185535811e-02  9.440675063397312e-02 
  6.404860533449819e-02  9.774953497530893e-02 
  4.426177002799968e-02  9.960660779334901e-02 
  2.443056030035566e-02  9.970421074874303e-02 
  7.174858283304417e-03  9.850315705820495e-02 
  9.829488691551985e-03  9.540114782998396e-02 
  1.433214942372590e-02  9.079941490185481e-02 
  5.246481881370102e-03  8.595154744567277e-02 
  2.685054327744819e-02  8.223279468002483e-02 
  6.225905541886288e-02  8.090894718119726e-02 
  8.735684234667637e-02  8.218075938325473e-02 
  9.408263609562048e-02  8.617174745847933e-02 
  8.633363509912348e-02  9.015791300267906e-02 
  7.026590227888951e-02  9.437373645017542e-02 
  5.055126493955703e-02  9.671135096273692e-02 
  2.980460203994627e-02  9.757999690466664e-02 
  1.078990515976091e-02  9.683024930155136e-02 
  9.291759863894978e-03  9.396681354658773e-02 
  1.636274745115898e-02  8.973676309626577e-02 
  9.898046217903118e-03  8.456646951052336e-02 
  2.011987959335420e-02  8.004946800159769e-02 
  5.903580334259526e-02  7.760974384017072e-02 
  9.263018413672808e-02  7.834521018101687e-02 
  1.072428204780599e-01  8.150299160268172e-02 
  1.049974924499021e-01  8.565986783773483e-02 
  9.232303594791250e-02  9.013690670806510e-02 
  7.384362826783328e-02  9.340343540525951e-02 
  5.417099683288645e-02  9.488314032489661e-02 
  3.459588361159192e-02  9.466134045136027e-02 
  1.854575966173470e-02  9.226315467813297e-02 
  1.054230987226926e-02  8.816836758208671e-02 
  1.472468718765615e-02  8.239636447370058e-02 
  4.155348255020871e-02  7.649585444774637e-02 
  9.159307242676080e-02  7.224841934278554e-02 
  1.469085348244974e-01  7.091538254664671e-02 
  1.837394353343183e-01  7.308469687012213e-02 
  1.981437040708363e-01  7.708219976184372e-02 
  1.978167795896788e-01  8.174979080714813e-02 
  1.912903568675723e-01  8.487183654623856e-02 
  1.834272172018079e-01  8.598731735954079e-02 
  1.794587041234117e-01  8.415189495851030e-02 
  1.837747867081400e-01  7.841944241223225e-02 
  2.047317399469553e-01  6.896971795702699e-02 
  2.573129402345841e-01  5.350291569757633e-02 
  3.638578737849344e-01  3.301902917540643e-02 
  5.372813025974901e-01  1.001452949540261e-02 
  7.493357061048872e-01  1.252562196070434e-02 
  9.147271664497724e-01  2.893668322391883e-02 
  9.561527476274760e-01  3.779554829712670e-02 
  8.690219124894663e-01  3.915559700160733e-02 
  7.089317506626397e-01  3.612263310181721e-02 
  5.434081871894618e-01  3.173261407769080e-02 
  4.072136500353082e-01  2.761730841935786e-02 
  3.030238260329666e-01  2.464611383155114e-02 
  2.486380135261256e-01  3.315647479265352e-02 
  3.476245001286467e-01  4.139518711154321e-02 
  4.809192679665116e-01  5.125547351158932e-02 
  6.456558307389151e-01  6.293500919721484e-02 
  8.144228075227070e-01  7.362954216438468e-02 
  9.152456583013686e-01  8.150071147355875e-02 
  8.801976959009984e-01  8.568213903075313e-02 
  7.045224348675390e-01  8.802643223648263e-02 
  4.766222663112282e-01  9.092082127674442e-02 
  2.901681075931155e-01  9.616865674650771e-02 
  1.778004178905956e-01  1.041015270118427e-01 
  1.232827823577339e-01  1.127892866719519e-01 
  1.026431631890759e-01  1.200421596190326e-01 
  9.934113723038135e-02  1.251500709055448e-01 
  1.046955872788826e-01  1.278626055132309e-01 
  1.141418552827993e-01  1.283636920612405e-01 
  1.230801813201689e-01  1.262948379511674e-01 
  1.265420096615784e-01  1.222191615388749e-01 
  1.158335262136655e-01  1.166151834993407e-01 
  8.051528367091754e-02  1.108923916150723e-01 
  2.266865366846055e-02  1.062731736092236e-01 
  3.610455340594849e-02  1.049180716882006e-01 
  7.323352306684429e-02  1.068241756251325e-01 
  8.336718310708367e-02  1.111830414145076e-01 
  7.511826999194790e-02  1.158392534602473e-01 
  5.746540573281214e-02  1.196896508255942e-01 
  3.602026282585170e-02  1.223272605322436e-01 
  1.359659549792120e-02  1.229965557100898e-01 
  7.401608798911984e-03  1.221994496562808e-01 
  2.367209948712537e-02  1.189505076955326e-01 
  2.871438224319925e-02  1.146882431350426e-01 
  1.519879395218831e-02  1.099789198563333e-01 
  2.117018617798564e-02  1.055725471721270e-01 
  6.581022526544419e-02  1.034627815403824e-01 
  9.813732758631279e-02  1.044219862902813e-01 
  1.090791078880625e-01  1.076903528649069e-01 
  1.022931558788281e-01  1.116861961944969e-01 
  8.572919138105420e-02  1.157607281797966e-01 
  6.482111204962562e-02  1.184853484262977e-01 
  4.249864929330948e-02  1.194483898808836e-01 
  2.059538085133755e-02  1.192470379114851e-01 
  2.248535907724804e-03  1.171909298025448e-01 
  9.347300986876472e-03  1.133354439104014e-01 
  6.599866902910720e-03  1.087432979295646e-01 
  1.677819653813833e-02  1.040506146430982e-01 
  5.494246337809515e-02  1.013540832978644e-01 
  9.104153622966800e-02  1.007812869780337e-01 
  1.097631791612147e-01  1.028875557451057e-01 
  1.083628771193060e-01  1.068332277692050e-01 
  9.478701075326527e-02  1.104896251046573e-01 
  7.531169590664816e-02  1.134836903302142e-01 
  5.322041139970489e-02  1.152943964014250e-01 
  3.128828993441570e-02  1.152853042357727e-01 
  1.135711379661561e-02  1.137444853417815e-01 
  4.189854845165216e-03  1.105229453482795e-01 
  6.422042530240238e-03  1.062558867466146e-01 
  1.048907467674865e-02  1.015701631381723e-01 
  4.373966247200325e-02  9.824640097825366e-02 
  8.095171005190333e-02  9.690703367131709e-02 
  1.037733238509561e-01  9.842923279095087e-02 
  1.078822330636987e-01  1.012095164665934e-01 
  9.790054903520959e-02  1.050357643095663e-01 
  8.021517353432893e-02  1.083977705432142e-01 
  5.938818153244058e-02  1.105632636767186e-01 
  3.759906778683172e-02  1.111606941261398e-01 
  1.683094990490084e-02  1.102981174405619e-01 
  3.206220431957532e-03  1.081963225684435e-01 
  9.270363794234685e-03  1.042818915127204e-01 
  3.720675353015132e-03  9.970918122397956e-02 
  2.466831737973264e-02  9.556597610115050e-02 
  6.183800604240425e-02  9.335803454795298e-02 
  9.290111520148917e-02  9.365529798424184e-02 
  1.045863670317584e-01  9.602383570025869e-02 
  9.946021126136079e-02  1.000117669020708e-01 
  8.371171268154984e-02  1.035199133966674e-01 
  6.327415111376025e-02  1.059428007623619e-01 
  4.154320774260254e-02  1.071613929004319e-01 
  1.957497550923179e-02  1.071367332529956e-01 
  3.917220127833443e-03  1.050388842697309e-01 
  1.271877186107567e-02  1.018789593073448e-01 
  1.141806937411480e-02  9.759750153311701e-02 
  1.052912247339025e-02  9.316964699087887e-02 
  4.595483142947994e-02  9.018309794676366e-02 
  8.131994521309237e-02  8.976052829390169e-02 
  9.979118443888257e-02  9.142914321468312e-02 
  9.946562762777181e-02  9.473807369685316e-02 
  8.682677640272125e-02  9.870173798697374e-02 
  6.773775163726160e-02  1.017970868790053e-01 
  4.571416351348343e-02  1.034504418660297e-01 
  2.361570294818799e-02  1.039322788834093e-01 
  5.234509319686985e-03  1.029876266633296e-01 
  1.463042618651135e-02  1.000040641452733e-01 
  1.987642285195600e-02  9.606995781501848e-02 
  8.216471011831020e-03  9.163919173031793e-02 
  2.647878037204417e-02  8.774157986564002e-02 
  6.647248694058590e-02  8.599897004385981e-02 
  9.461279609097135e-02  8.724423723125026e-02 
  1.017739727094496e-01  9.034823025471432e-02 
  9.289250561335938e-02  9.403600058364203e-02 
  7.479105809357124e-02  9.755940658288209e-02 
  5.276448788479794e-02  1.001950808378290e-01 
  2.961382989157817e-02  1.011001034546250e-01 
  8.781434723694005e-03  1.004165508581718e-01 
  1.358705168236234e-02  9.818602991902764e-02 
  2.199673016720509e-02  9.424274992946767e-02 
  1.459432715323119e-02  8.934220153919964e-02 
  1.794081125971001e-02  8.510670957562005e-02 
  6.183326472805850e-02  8.247087455035296e-02 
  9.877065353547140e-02  8.238998048687113e-02 
  1.152780648290850e-01  8.470829687368717e-02 
  1.120517716035061e-01  8.863354096803183e-02 
  9.727280227115070e-02  9.264635767181073e-02 
  7.672865358413955e-02  9.533262465777680e-02 
  5.429327975642731e-02  9.690086413820542e-02 
  3.267772227119366e-02  9.696917484148011e-02 
  1.430006387542826e-02  9.478178862454031e-02 
  8.036521804710694e-03  9.089465592645733e-02 
  9.662662872002573e-03  8.580263001289248e-02 
  3.647606469992853e-02  8.000182606440656e-02 
  9.190490222894682e-02  7.523794066808562e-02 
  1.515000853039154e-01  7.326375097327367e-02 
  1.911783140549329e-01  7.437122756953624e-02 
  2.055400829086714e-01  7.715199312545133e-02 
  2.030932911168567e-01  8.050526798137701e-02 
  1.934957486146163e-01  8.303842437557819e-02 
  1.827866095680083e-01  8.373439754673408e-02 
  1.751624364186191e-01  8.163051754966789e-02 
  1.746151524166464e-01  7.616647380368963e-02 
  1.913612403853918e-01  6.741724482297259e-02 
  2.390889349315025e-01  5.372124265345930e-02 
  3.415820002585085e-01  3.480995004193832e-02 
  5.140072886687379e-01  1.315491359898390e-02 
  7.275177226209433e-01  8.051078293460861e-03 
  8.985565770253613e-01  2.409327568346261e-02 
  9.463919278636954e-01  3.295371641210749e-02 
  8.598583784357905e-01  3.477575359638743e-02 
  7.045388195089075e-01  3.217619609275561e-02 
  5.392895779118114e-01  2.832545860091348e-02 
  4.049205120507417e-01  2.477505059136352e-02 
  3.012287900564544e-01  2.233072894313660e-02 
  2.449211429072650e-01  3.496003429535403e-02 
  3.443996309263986e-01  4.388768265944356e-02 
  4.761971889388466e-01  5.446513695215779e-02 
  6.377627906676347e-01  6.640835156372885e-02 
  8.019099965141537e-01  7.746401447537536e-02 
  8.982027437501849e-01  8.468851155882198e-02 
  8.571344040729297e-01  8.820068336701381e-02 
  6.776141671301809e-01  8.868501626280627e-02 
  4.525104649877917e-01  8.941342892408137e-02 
  2.680410295337772e-01  9.194195836683068e-02 
  1.584448498812893e-01  9.751323176905494e-02 
  1.097862945818984e-01  1.042791902210080e-01 
  9.396862614765808e-02  1.106275004688171e-01 
  9.519755127763402e-02  1.157968511943156e-01 
  1.040366063987617e-01  1.188012198498834e-01 
  1.161634166946651e-01  1.208764648078652e-01 
  1.275630743226608e-01  1.203306464889548e-01 
  1.323084639183224e-01  1.178735327967586e-01 
  1.214226137746286e-01  1.141604836411359e-01 
  8.398550295532227e-02  1.096194705129943e-01 
  2.158169632820209e-02  1.060563679476189e-01 
  4.159085777237367e-02  1.049908012247335e-01 
  8.142168343050446e-02  1.062093130793397e-01 
  9.012902591370305e-02  1.098216210664495e-01 
  8.023504072257816e-02  1.138903427628663e-01 
  6.033248691471353e-02  1.175749763336065e-01 
  3.648348590436726e-02  1.201843447452756e-01 
  1.179159019687214e-02  1.212967459150009e-01 
  1.136920578493361e-02  1.210789510908903e-01 
  2.896937511725235e-02  1.194902308037471e-01 
  3.468255449809143e-02  1.158663430321819e-01 
  1.920273229093992e-02  1.116949402137632e-01 
  2.083957834018689e-02  1.080529802937015e-01 
  6.943766005990791e-02  1.060562458457833e-01 
  1.046693018412476e-01  1.064108347329250e-01 
  1.160262824381081e-01  1.088680264150456e-01 
  1.078701735283308e-01  1.124265283056988e-01 
  8.958223166955852e-02  1.159421367719847e-01 
  6.638575172212237e-02  1.182545064919294e-01 
  4.169903238219264e-02  1.195063411273276e-01 
  1.768452410658676e-02  1.198752014471818e-01 
  3.183552581799571e-03  1.182102674710324e-01 
  1.523835466619079e-02  1.153641711041773e-01 
  1.181152918464214e-02  1.116352116249864e-01 
  1.412168687070192e-02  1.075937637783280e-01 
  5.685899476926225e-02  1.045769328011160e-01 
  9.668979231134739e-02  1.041527520764980e-01 
  1.159630494530557e-01  1.055314972922110e-01 
  1.146301280043095e-01  1.085351348052149e-01 
  9.937013443683290e-02  1.118470412605972e-01 
  7.763822134934539e-02  1.143430572521787e-01 
  5.319495273839622e-02  1.161313567811750e-01 
  2.915929887891801e-02  1.164624306802232e-01 
  7.773484328853947e-03  1.153901664976023e-01 
  8.794866010329539e-03  1.130701712685295e-01 
  1.146997251900500e-02  1.095901067572644e-01 
  7.339009964704307e-03  1.057729824010388e-01 
  4.423952215524701e-02  1.025602096629253e-01 
  8.505870715093393e-02  1.008314470799305e-01 
  1.101669249698749e-01  1.016615788014253e-01 
  1.145220932127727e-01  1.039241904216032e-01 
  1.030590245049948e-01  1.069600137293944e-01 
  8.379438683701912e-02  1.099690694240416e-01 
  6.070693790868557e-02  1.118825226545075e-01 
  3.665851999941767e-02  1.125969301386341e-01 
  1.438119673152086e-02  1.123318858585261e-01 
  5.712257510783122e-03  1.103494568839861e-01 
  1.434758569500263e-02  1.074013523894004e-01 
  7.136812341453232e-03  1.035790801786540e-01 
  2.346315595961764e-02  9.998829204023722e-02 
  6.485509164701365e-02  9.742248429886757e-02 
  9.865481292313774e-02  9.748668441362331e-02 
  1.114092183894538e-01  9.908201953668727e-02 
  1.050592696547349e-01  1.018752881186644e-01 
  8.774878814893827e-02  1.048277465496930e-01 
  6.531132993216096e-02  1.073033670955025e-01 
  4.114421941846123e-02  1.085792031261891e-01 
  1.769814615895591e-02  1.086378594791002e-01 
  5.603895490908724e-03  1.072585817224702e-01 
  1.745169351621056e-02  1.047122038094156e-01 
  1.594279006635510e-02  1.013957378739490e-01 
  8.556750666936411e-03  9.746345439331243e-02 
  4.772427366062622e-02  9.449757200327699e-02 
  8.613595583629390e-02  9.338663999861999e-02 
  1.061990733716149e-01  9.470377700193965e-02 
  1.054506903765046e-01  9.714916003897980e-02 
  9.142568593307822e-02  1.003320186018344e-01 
  7.023102023228349e-02  1.027415941495096e-01 
  4.632943750439735e-02  1.043767572065473e-01 
  2.174098554929475e-02  1.051614340989331e-01 
  4.987276852911311e-03  1.046297409349442e-01 
  1.912713298415095e-02  1.024843379706200e-01 
  2.479398461444014e-02  9.916149140392037e-02 
  1.126911153686851e-02  9.504719398412506e-02 
  2.639947421749308e-02  9.160048011793849e-02 
  7.039535078166481e-02  8.969643865990674e-02 
  1.008710931562926e-01  8.994446647002191e-02 
  1.084138649736747e-01  9.204635599883150e-02 
  9.793294787335015e-02  9.517376499941625e-02 
  7.770779349250098e-02  9.825770135197422e-02 
  5.356901703700703e-02  1.002558907624277e-01 
  2.838948585654226e-02  1.012498410272806e-01 
  6.784321609304896e-03  1.011179950713491e-01 
  1.813699892976383e-02  9.947721085339979e-02 
  2.785824973995519e-02  9.632075985752316e-02 
  1.909431475837452e-02  9.222598450873623e-02 
  1.663464463033741e-02  8.825795290403428e-02 
  6.421664725854076e-02  8.537422021901914e-02 
  1.048115822911955e-01  8.441400388341945e-02 
  1.216089748321705e-01  8.578681616341952e-02 
  1.179644717825309e-01  8.855110806306629e-02 
  1.008088655325653e-01  9.150890318938956e-02 
  7.794257102124068e-02  9.374512661902652e-02 
  5.312335895387837e-02  9.492126120690381e-02 
  2.922049894897950e-02  9.511388037238022e-02 
  1.013889621204632e-02  9.341266233643239e-02 
  1.014569791925825e-02  9.018061651253242e-02 
  8.379895972762454e-03  8.578982857083081e-02 
  3.241123109222599e-02  8.012127467381923e-02 
  9.163379588494305e-02  7.534774338267750e-02 
  1.553465194758648e-01  7.238705364644106e-02 
  1.970308257104512e-01  7.162111040879321e-02 
  2.101721066452088e-01  7.275145777060009e-02 
  2.055912264755378e-01  7.448461889255022e-02 
  1.932855455156515e-01  7.588151619882025e-02 
  1.793400462293143e-01  7.555366740270328e-02 
  1.685850765114477e-01  7.348956894137725e-02 
  1.646822065377689e-01  6.866569972297802e-02 
  1.771719549842036e-01  6.114907614555967e-02 
  2.222523580166056e-01  4.911671920327709e-02 
  3.246961038333308e-01  3.324205012305626e-02 
  5.006283935897993e-01  1.363338502687647e-02 
  7.175303530569667e-01  4.869414560068589e-03 
  8.905429653342616e-01  1.976621887141826e-02 
  9.381338949230948e-01  2.773888499582725e-02 
  8.534930271461308e-01  2.954833403875782e-02 
  6.949328272469545e-01  2.751663353734264e-02 
  5.323884528812970e-01  2.416251296120413e-02 
  3.971920317878909e-01  2.134090094460802e-02 
  2.954459407241685e-01  1.947541406777669e-02 
  2.399029439290790e-01  3.712317391918658e-02 
  3.365017501778110e-01  4.638748212442429e-02 
  4.677341476190497e-01  5.783196514604518e-02 
  6.300302868352387e-01  7.024477892105138e-02 
  7.928525500910080e-01  8.166142422247330e-02 
  8.933742435405270e-01  8.900305214868305e-02 
  8.488893350092871e-01  9.171840633844870e-02 
  6.701079608641085e-01  9.053789646785176e-02 
  4.362304502087265e-01  8.858969367784593e-02 
  2.521076518497965e-01  8.873676664105998e-02 
  1.436748913466512e-01  9.149745197851207e-02 
  9.809047269095968e-02  9.593624148195667e-02 
  8.600291615173337e-02  1.009708238946876e-01 
  9.036676332099858e-02  1.056283388574828e-01 
  1.021559407081009e-01  1.089897985851166e-01 
  1.168818366514936e-01  1.115885026393028e-01 
  1.305474602986690e-01  1.129725417543966e-01 
  1.371845892847887e-01  1.123517780911385e-01 
  1.263949950922122e-01  1.104944844761992e-01 
  8.643526689963246e-02  1.078904240396656e-01 
  1.997426591886487e-02  1.051204956627392e-01 
  4.761627605686422e-02  1.037451134628379e-01 
  8.862216947446265e-02  1.050277471625703e-01 
  9.740894223754072e-02  1.076513548443657e-01 
  8.540015862711438e-02  1.113084281824452e-01 
  6.303210013004480e-02  1.145805097438768e-01 
  3.706947005255227e-02  1.170044824723090e-01 
  1.068634712730480e-02  1.187640775783692e-01 
  1.393097867338472e-02  1.193318847483361e-01 
  3.308540287769941e-02  1.184100324138443e-01 
  3.919087206324757e-02  1.161292710617236e-01 
  2.237091910514586e-02  1.130842833191466e-01 
  2.054852614823703e-02  1.101615530637560e-01 
  7.390300152780203e-02  1.080096229488480e-01 
  1.112779528274808e-01  1.080536022984459e-01 
  1.223241699232287e-01  1.097721195697924e-01 
  1.128017863768390e-01  1.121092378180409e-01 
  9.255854678801675e-02  1.150587231005284e-01 
  6.770449878634356e-02  1.172803085841141e-01 
  4.103087016295708e-02  1.189737635408235e-01 
  1.543975758667484e-02  1.193559159632968e-01 
  6.699721923268701e-03  1.189740785805371e-01 
  1.995840252766741e-02  1.169500737456578e-01 
  1.620642886755532e-02  1.140476392637799e-01 
  1.270296721940182e-02  1.104145355586907e-01 
  5.888636917842368e-02  1.076147992827001e-01 
  1.013282232116096e-01  1.064947013584997e-01 
  1.224236792444065e-01  1.076617165767310e-01 
  1.198956502388672e-01  1.097329361816181e-01 
  1.030040918320669e-01  1.122182004490499e-01 
  7.940310350949592e-02  1.143353959264397e-01 
  5.345646392659537e-02  1.162531421349272e-01 
  2.786863691181713e-02  1.169636062252255e-01 
  5.260824055518251e-03  1.163230818997849e-01 
  1.264018782628516e-02  1.148647971608492e-01 
  1.541101443994022e-02  1.122151256269057e-01 
  5.118671718777606e-03  1.090587460773034e-01 
  4.479203330164364e-02  1.057126110934726e-01 
  8.849364369058264e-02  1.040934133942136e-01 
  1.154343142657096e-01  1.043072150225653e-01 
  1.195944504091298e-01  1.060399709293275e-01 
  1.071590185606053e-01  1.081315927297616e-01 
  8.627275709093069e-02  1.103482245591471e-01 
  6.149601547853192e-02  1.123614668062464e-01 
  3.646475730136250e-02  1.132944798881406e-01 
  1.273675888375896e-02  1.133995418630504e-01 
  8.270138397748301e-03  1.125404247668369e-01 
  1.810241335138121e-02  1.105556392290047e-01 
  9.821043335394259e-03  1.072128892870795e-01 
  2.256096009551653e-02  1.038483378969360e-01 
  6.677369012372511e-02  1.017290877492206e-01 
  1.034357641853214e-01  1.007816930794578e-01 
  1.168345331063710e-01  1.018969887576608e-01 
  1.098321606806694e-01  1.041275739599911e-01 
  9.109703195041258e-02  1.061527990052552e-01 
  6.697972766150138e-02  1.082038715083346e-01 
  4.128042190887597e-02  1.091770486555844e-01 
  1.674945295616841e-02  1.096888921091710e-01 
  7.647563246864288e-03  1.091583217482289e-01 
  2.088826301960208e-02  1.075277974485398e-01 
  1.922030067727197e-02  1.047456388757723e-01 
  7.428592360786824e-03  1.014471381540798e-01 
  4.903768136522486e-02  9.859764682479127e-02 
  8.997441412070543e-02  9.729442370600330e-02 
  1.111030361906183e-01  9.761821228205600e-02 
  1.105512041484191e-01  9.908156324817556e-02 
  9.484359937542661e-02  1.014567158235570e-01 
  7.245348459536241e-02  1.035295318070503e-01 
  4.726348347040944e-02  1.050590695068445e-01 
  2.127003611836544e-02  1.058145769604922e-01 
  5.821894448488320e-03  1.058385789184187e-01 
  2.242622511892645e-02  1.045896476707442e-01 
  2.842758896687660e-02  1.021488072692003e-01 
  1.400791434161303e-02  9.884167580248580e-02 
  2.592471121815003e-02  9.566946603084654e-02 
  7.283740713229646e-02  9.334842611504392e-02 
  1.052497026079155e-01  9.281422656905211e-02 
  1.129842943055911e-01  9.411915078835563e-02 
  1.018910123799413e-01  9.640650749035716e-02 
  8.028538186608980e-02  9.829013917222913e-02 
  5.474991854354171e-02  9.985376623034314e-02 
  2.773201506003821e-02  1.009801822083763e-01 
  6.302985780676981e-03  1.011567691627040e-01 
  2.114272092725188e-02  1.002417523366231e-01 
  3.155388783247333e-02  9.818529515628820e-02 
  2.244245057309151e-02  9.508091446184173e-02 
  1.501670943097630e-02  9.146041128244581e-02 
  6.500872933496687e-02  8.823646485230530e-02 
  1.081376001828957e-01  8.663188216757961e-02 
  1.258487271430331e-01  8.674836537476603e-02 
  1.214356152150196e-01  8.834637817809338e-02 
  1.034734971384166e-01  9.018584940764085e-02 
  7.893363032216372e-02  9.151835388795315e-02 
  5.259480840424306e-02  9.270673796529910e-02 
  2.729036393884622e-02  9.276769162258233e-02 
  8.582941992531425e-03  9.175925947089657e-02 
  1.377351154475445e-02  8.935315669544799e-02 
  1.055495721884645e-02  8.559869624856875e-02 
  2.830426797749493e-02  8.102071099435441e-02 
  8.940950229917487e-02  7.543750218144048e-02 
  1.562277497463296e-01  7.152847238021354e-02 
  1.984960081758569e-01  6.899698284856004e-02 
  2.120563966258701e-01  6.821547381088321e-02 
  2.056220702317293e-01  6.783565144348663e-02 
  1.917379931112401e-01  6.746780794656113e-02 
  1.760410204569879e-01  6.633268088653078e-02 
  1.624854499472141e-01  6.420857772082600e-02 
  1.568127161804101e-01  6.032207885058627e-02 
  1.665755582367398e-01  5.427150310779666e-02 
  2.093333036202072e-01  4.505178470240905e-02 
  3.084775602309289e-01  3.217769271383627e-02 
  4.815690610146439e-01  1.603433119994553e-02 
  6.994612785037023e-01  1.292423362667192e-03 
  8.746615337935324e-01  1.335548764764994e-02 
  9.285020723115965e-01  2.078948111961246e-02 
  8.457061277384319e-01  2.290968405911496e-02 
  6.926542086229173e-01  2.139424180303478e-02 
  5.289897139313746e-01  1.887751830224226e-02 
  3.927528791235068e-01  1.696570456205748e-02 
  2.900808954479775e-01  1.611914306968041e-02 
  2.315649514787529e-01  3.970451999351951e-02 
  3.288135662004474e-01  5.033792971134150e-02 
  4.577228331084437e-01  6.278779042472543e-02 
  6.175571828237704e-01  7.603243511550746e-02 
  7.772971536291609e-01  8.857397800399318e-02 
  8.717172244170480e-01  9.687814177759017e-02 
  8.280179990588912e-01  9.877690177315165e-02 
  6.503560390793233e-01  9.608241270322891e-02 
  4.211478882602954e-01  9.143655393805689e-02 
  2.395996489295320e-01  8.804162503930418e-02 
  1.359613372282079e-01  8.711740892326769e-02 
  9.177339064455146e-02  8.853032325852395e-02 
  8.166744662765034e-02  9.159750622382426e-02 
  8.709614388399277e-02  9.511141656650701e-02 
  9.961397656533949e-02  9.879647511535844e-02 
  1.148406064820630e-01  1.025122934845134e-01 
  1.287002757378894e-01  1.053888462316127e-01 
  1.360162438298088e-01  1.074316386360291e-01 
  1.250236366485741e-01  1.083351652208619e-01 
  8.392107287238480e-02  1.074468653686386e-01 
  1.594680293393894e-02  1.059563770219264e-01 
  5.317495455009384e-02  1.054812699802976e-01 
  9.364277550054811e-02  1.056962915597398e-01 
  1.017154857334251e-01  1.072226903470288e-01 
  8.836612835517453e-02  1.096838787487873e-01 
  6.519920156739184e-02  1.123033341163499e-01 
  3.810981384446107e-02  1.148954948588874e-01 
  1.082940827988309e-02  1.170897826945470e-01 
  1.455968661897646e-02  1.185584601476635e-01 
  3.383846291780838e-02  1.193517386636750e-01 
  3.997728786063432e-02  1.188309174046988e-01 
  2.248060927296465e-02  1.169849247394436e-01 
  2.203295651798829e-02  1.149879284317314e-01 
  7.720903552097291e-02  1.129946158470462e-01 
  1.151340753258714e-01  1.118986121196341e-01 
  1.259368648114780e-01  1.128123899692574e-01 
  1.156926256106816e-01  1.143272612662049e-01 
  9.446193277300284e-02  1.158169703341143e-01 
  6.831163457896561e-02  1.177904144861827e-01 
  4.099009995701577e-02  1.191856995843383e-01 
  1.501913695020488e-02  1.206482008679769e-01 
  7.666038170917971e-03  1.209119847226048e-01 
  2.110904945491477e-02  1.205166774474726e-01 
  1.684340251707483e-02  1.188735547831515e-01 
  1.282883375775203e-02  1.167924449186088e-01 
  6.142607665371624e-02  1.145346913976093e-01 
  1.059463080700611e-01  1.124170669450968e-01 
  1.262893207442741e-01  1.128105586752229e-01 
  1.227495694172358e-01  1.133351959943941e-01 
  1.049895990977857e-01  1.147607294301729e-01 
  8.043585404142144e-02  1.163135604425995e-01 
  5.369245074070106e-02  1.176443162638090e-01 
  2.736876353877935e-02  1.190368977243721e-01 
  4.644023699480627e-03  1.196817414930522e-01 
  1.380808899201912e-02  1.190160685103923e-01 
  1.663075927679084e-02  1.178598679020772e-01 
  4.966492424542290e-03  1.153721271713374e-01 
  4.639228111589612e-02  1.130691558936943e-01 
  9.251556967205686e-02  1.108218638404071e-01 
  1.196392763166549e-01  1.101804013428094e-01 
  1.232224181840084e-01  1.106592315446560e-01 
  1.095881832762941e-01  1.117841425834910e-01 
  8.782142452235858e-02  1.132408055233858e-01 
  6.250871589642346e-02  1.145507666175637e-01 
  3.634072835625664e-02  1.156656758956304e-01 
  1.222248259158434e-02  1.167418308438786e-01 
  9.511943837748294e-03  1.167966805569593e-01 
  1.921664544807532e-02  1.156291544947765e-01 
  1.049472776452327e-02  1.136787396639205e-01 
  2.329851964112657e-02  1.115372930011041e-01 
  6.953509900966602e-02  1.087602381795576e-01 
  1.070325389003395e-01  1.078924487377522e-01 
  1.203264703652660e-01  1.072372825015505e-01 
  1.125091069294587e-01  1.083429608430938e-01 
  9.288369364392089e-02  1.096223858659938e-01 
  6.810914483062828e-02  1.106893915057740e-01 
  4.163394147386827e-02  1.117951595253602e-01 
  1.642606463390145e-02  1.128545439236870e-01 
  8.089574470681508e-03  1.131802242263043e-01 
  2.178024583583141e-02  1.126885524083592e-01 
  1.998684881477291e-02  1.112203737074234e-01 
  7.496233870312743e-03  1.090780210134680e-01 
  5.024976411071733e-02  1.064112022635623e-01 
  9.323697556619542e-02  1.041974282376119e-01 
  1.148237106309198e-01  1.036038513284510e-01 
  1.133987656768543e-01  1.041513011721294e-01 
  9.729335450651386e-02  1.047082979203599e-01 
  7.376445319029763e-02  1.063155156654673e-01 
  4.744890859511935e-02  1.075613266186955e-01 
  2.133143280206195e-02  1.083042626581417e-01 
  6.243972438448197e-03  1.090372149165659e-01 
  2.316244106887476e-02  1.088838453393655e-01 
  2.956729043782890e-02  1.077288316938139e-01 
  1.450371567287023e-02  1.056676624036396e-01 
  2.716566416129530e-02  1.025173095269047e-01 
  7.608787012617296e-02  1.002982718166747e-01 
  1.089977360254470e-01  9.875296637978648e-02 
  1.160986921306556e-01  9.857543449337866e-02 
  1.040330850272141e-01  9.953520150518244e-02 
  8.151585298317074e-02  1.003428195088958e-01 
  5.492137825850570e-02  1.015273615336275e-01 
  2.771646745567584e-02  1.025581079173328e-01 
  6.144667359083319e-03  1.032660582591998e-01 
  2.253870853323803e-02  1.032659869255585e-01 
  3.309573476374127e-02  1.025139103937248e-01 
  2.346680299216681e-02  1.001828194739019e-01 
  1.507378016891200e-02  9.735674603648559e-02 
  6.695164119080541e-02  9.435431151141704e-02 
  1.107978230226316e-01  9.189728905370180e-02 
  1.281959123106964e-01  9.060621740141472e-02 
  1.228936738273217e-01  9.023971187723329e-02 
  1.032565540498682e-01  9.066339965389002e-02 
  7.824619495631251e-02  9.122891294955153e-02 
  5.127952307471579e-02  9.162858924011000e-02 
  2.528201748637771e-02  9.176492204349179e-02 
  8.012877020809312e-03  9.165935567075847e-02 
  1.621359712106658e-02  9.060303587225962e-02 
  1.269555020855903e-02  8.773352924171499e-02 
  2.601629972920744e-02  8.343898260962970e-02 
  8.853314199406792e-02  7.828106941149507e-02 
  1.557656807214686e-01  7.289260984925347e-02 
  1.982012446334765e-01  6.871772134299833e-02 
  2.099779915580525e-01  6.553736105800972e-02 
  2.027740509210330e-01  6.286166791298796e-02 
  1.873897696632127e-01  6.060118270103958e-02 
  1.706258301498292e-01  5.831139751145183e-02 
  1.565078506979284e-01  5.606800456128790e-02 
  1.497629297407976e-01  5.323511541927917e-02 
  1.592445864640097e-01  4.915942562723253e-02 
  2.008803365783151e-01  4.283595463897421e-02 
  3.013998122000208e-01  3.354194558108197e-02 
  4.755157184548142e-01  2.051520211609038e-02 
  6.942796364374918e-01  7.156059616840436e-03 
  8.705968217675712e-01  4.614656190811931e-03 
  9.186172096753665e-01  1.145622672567437e-02 
  8.345182283044142e-01  1.396628017195138e-02 
  6.783732705152699e-01  1.370801907221433e-02 
  5.165305673387519e-01  1.258246699861564e-02 
  3.836844755730436e-01  1.204957418982639e-02 
  2.843284891877727e-01  1.225777089864694e-02 
  2.239840676557163e-01  4.268117333770467e-02 
  3.176480381297924e-01  5.417179795445700e-02 
  4.454001688860223e-01  6.847081543295667e-02 
  6.038744811845856e-01  8.347110254385820e-02 
  7.682530221778491e-01  9.796159553106866e-02 
  8.652573106333199e-01  1.072625580455572e-01 
  8.261551745547744e-01  1.092646301397318e-01 
  6.445408943752716e-01  1.054463011155926e-01 
  4.166322915299058e-01  9.856472169854608e-02 
  2.351397095291742e-01  9.098051691731943e-02 
  1.306625192458518e-01  8.664433044415107e-02 
  8.801535142938480e-02  8.486195840630971e-02 
  7.732815127120569e-02  8.564209843500356e-02 
  8.268827411952870e-02  8.813524173096471e-02 
  9.504719997483113e-02  9.179816500936053e-02 
  1.099114854477593e-01  9.627468359584618e-02 
  1.242249204685476e-01  1.013206809712734e-01 
  1.312570010699916e-01  1.063116601271657e-01 
  1.210161904526065e-01  1.091804298959739e-01 
  8.030318623580812e-02  1.110483474393237e-01 
  1.105269987556634e-02  1.108622784496244e-01 
  5.865525502367151e-02  1.102065608919707e-01 
  9.886310070189408e-02  1.098767866553687e-01 
  1.055489159909513e-01  1.103322818033360e-01 
  9.125467597892074e-02  1.117254081810135e-01 
  6.746238292170438e-02  1.130237597332565e-01 
  3.998208861409990e-02  1.153194201503217e-01 
  1.262195354351021e-02  1.183118648960929e-01 
  1.312504579446201e-02  1.203516780575652e-01 
  3.287280983248465e-02  1.233925814397318e-01 
  3.884573358917098e-02  1.240734475899390e-01 
  2.104633492620264e-02  1.243034550075106e-01 
  2.502572554431027e-02  1.226641206978728e-01 
  8.092392285032193e-02  1.213776570333988e-01 
  1.196743637896935e-01  1.196845799738684e-01 
  1.293144709505103e-01  1.188245422693473e-01 
  1.181783378321067e-01  1.191166168258742e-01 
  9.612368849659218e-02  1.197300048235330e-01 
  6.974300043743073e-02  1.205866971311918e-01 
  4.227377945903150e-02  1.223077987577269e-01 
  1.616018124739263e-02  1.242052776523644e-01 
  6.777329136453691e-03  1.257525933159838e-01 
  2.012534932580836e-02  1.265177034501233e-01 
  1.589970356458782e-02  1.264660633498000e-01 
  1.482964747885259e-02  1.253565698614799e-01 
  6.464845157802158e-02  1.230274578063078e-01 
  1.096005105889013e-01  1.219412801582859e-01 
  1.297795838956298e-01  1.201221370573152e-01 
  1.254593194446941e-01  1.196828713657004e-01 
  1.064882469008355e-01  1.197440519778124e-01 
  8.148178368026873e-02  1.209275210061214e-01 
  5.503489945335540e-02  1.219603747049448e-01 
  2.847206899309706e-02  1.235597724997129e-01 
  5.395683008897729e-03  1.251775796296284e-01 
  1.334498922214405e-02  1.262620103777075e-01 
  1.582768423287196e-02  1.266606901249934e-01 
  6.104374610796329e-03  1.253833877729962e-01 
  4.870657902647194e-02  1.231873605512149e-01 
  9.623665677610267e-02  1.215381719899380e-01 
  1.232543277650440e-01  1.193584581415335e-01 
  1.260632726467795e-01  1.184589421418665e-01 
  1.117115756387345e-01  1.185005183337256e-01 
  8.916994060690711e-02  1.184547280471029e-01 
  6.360027263975221e-02  1.195166330601077e-01 
  3.764931919710783e-02  1.205398092842155e-01 
  1.338661975134924e-02  1.226660837033813e-01 
  8.715066942401777e-03  1.229200703100382e-01 
  1.820365631249994e-02  1.243767057854388e-01 
  9.036138468643228e-03  1.233972979537196e-01 
  2.556352430058089e-02  1.218154292769274e-01 
  7.314418031320132e-02  1.193873878208313e-01 
  1.105196440133862e-01  1.174104628201295e-01 
  1.230466168607081e-01  1.159237041911532e-01 
  1.145325360847085e-01  1.154482090266383e-01 
  9.437114565646997e-02  1.149551811097607e-01 
  6.926324386448014e-02  1.159466218982153e-01 
  4.312371104814217e-02  1.175328453216161e-01 
  1.793157873093115e-02  1.188609781764544e-01 
  6.862963313987188e-03  1.200307998170589e-01 
  2.005740654662136e-02  1.209450504463754e-01 
  1.827829689773652e-02  1.208762282290027e-01 
  9.183087603841839e-03  1.196877354514599e-01 
  5.331960548384386e-02  1.169680231345818e-01 
  9.608563782520851e-02  1.148900451210713e-01 
  1.169607857854126e-01  1.137307884640851e-01 
  1.149458185658717e-01  1.119172164347450e-01 
  9.850088383336110e-02  1.115800238746876e-01 
  7.504842413552952e-02  1.124050310708416e-01 
  4.908700981006782e-02  1.131118746008821e-01 
  2.308830109200144e-02  1.144089105272565e-01 
  5.416348217103659e-03  1.157524388049712e-01 
  2.125448700537304e-02  1.170506824117169e-01 
  2.747876293665446e-02  1.175693182882463e-01 
  1.264595631930581e-02  1.166983323750354e-01 
  2.913657689122885e-02  1.146451930643058e-01 
  7.786307971866642e-02  1.119628642191246e-01 
  1.110927141638670e-01  1.092605544397894e-01 
  1.178254148057159e-01  1.075857371787299e-01 
  1.049579470366801e-01  1.066819756946449e-01 
  8.233073212237035e-02  1.064099649154737e-01 
  5.615273025751906e-02  1.069457548054432e-01 
  2.915761031237290e-02  1.077055542658403e-01 
  6.583582427534839e-03  1.091046222515335e-01 
  2.040789106404315e-02  1.107361193566100e-01 
  3.087879379755869e-02  1.110171821942968e-01 
  2.182984124544693e-02  1.106382633024490e-01 
  1.678731452428642e-02  1.084498610708992e-01 
  6.787970986618523e-02  1.056749984181260e-01 
  1.112799514156801e-01  1.020093311469647e-01 
  1.282681784655427e-01  9.921058260610550e-02 
  1.219866141889756e-01  9.684834418701598e-02 
  1.031255855195271e-01  9.587550179906364e-02 
  7.788763685828860e-02  9.465574979390805e-02 
  5.147248401057383e-02  9.479632473177965e-02 
  2.579847753507128e-02  9.521105994432075e-02 
  7.919955243872049e-03  9.622967078162600e-02 
  1.524637429422776e-02  9.606899555958812e-02 
  1.246059490714258e-02  9.470437667847746e-02 
  2.518203814042416e-02  9.176565101945564e-02 
  8.562518589586948e-02  8.653525942660420e-02 
  1.521983090499332e-01  8.057973781943222e-02 
  1.931104506663906e-01  7.389483776754432e-02 
  2.047084535060983e-01  6.813203329830893e-02 
  1.968128849259339e-01  6.304510175291030e-02 
  1.818684340431689e-01  5.840387328065674e-02 
  1.657372495607612e-01  5.478044426177515e-02 
  1.528687897700640e-01  5.224962766775282e-02 
  1.477377148961571e-01  5.043386481435545e-02 
  1.582792841350694e-01  4.866254294567258e-02 
  2.009074666198004e-01  4.585310502191042e-02 
  2.987159946435822e-01  4.028033743008454e-02 
  4.703285339457135e-01  3.166749422343650e-02 
  6.826869126824674e-01  2.074242125294984e-02 
  8.561682675059707e-01  1.070566624769993e-02 
  9.054502174655261e-01  3.657480758161413e-03 
  8.218475737509120e-01  1.175192469821054e-03 
  6.669687366593917e-01  2.770741757791362e-03 
  5.070723473103983e-01  3.982675294101544e-03 
  3.752349023759122e-01  5.464770148697832e-03 
  2.755817333142945e-01  7.352393628074654e-03 
  2.138464905300219e-01  4.642134292231357e-02 
  3.050020633488925e-01  6.018483164318532e-02 
  4.309611062769358e-01  7.689957684190780e-02 
  5.879170123145794e-01  9.556965098663146e-02 
  7.453380234958801e-01  1.139605141613529e-01 
  8.399749360475833e-01  1.255432594655673e-01 
  8.007913574586841e-01  1.303758641468521e-01 
  6.314086502137213e-01  1.250614903972810e-01 
  4.120994428550210e-01  1.157746028828719e-01 
  2.341583652037715e-01  1.042491925784673e-01 
  1.337699230893862e-01  9.512940929315794e-02 
  8.901155280719725e-02  8.986843938645031e-02 
  7.573894953755418e-02  8.795721099247220e-02 
  7.791613069050438e-02  8.928405369943972e-02 
  8.715478329367177e-02  9.323208570972144e-02 
  9.958996445674373e-02  9.908774613617710e-02 
  1.114344252350448e-01  1.066021220604873e-01 
  1.171970762576244e-01  1.144046165969314e-01 
  1.065471475440675e-01  1.210913999091612e-01 
  6.724063054746560e-02  1.255789941014247e-01 
  2.847408173663803e-03  1.273686659307559e-01 
  6.310107054751372e-02  1.274056095497852e-01 
  1.001612019209618e-01  1.251337184009485e-01 
  1.057809291384186e-01  1.243957520421869e-01 
  9.209975552318433e-02  1.228119847488661e-01 
  6.959119231341673e-02  1.238094231080960e-01 
  4.375254572727598e-02  1.248484054609847e-01 
  1.817005439216355e-02  1.285764853179384e-01 
  6.016311683075331e-03  1.321413988677070e-01 
  2.480141316980101e-02  1.365876238881185e-01 
  3.033073449324704e-02  1.402339444868093e-01 
  1.253048778204558e-02  1.427453599288957e-01 
  3.129072151220827e-02  1.427411528441692e-01 
  8.529501057373741e-02  1.413242209208073e-01 
  1.213145320595031e-01  1.388932691244123e-01 
  1.298657647641290e-01  1.361021231147445e-01 
  1.181796167827185e-01  1.337894443366715e-01 
  9.674535607073760e-02  1.330130340793352e-01 
  7.160379283265743e-02  1.331362131596702e-01 
  4.594693302530314e-02  1.344604622671123e-01 
  2.087744880393668e-02  1.371901086350723e-01 
  2.057947670726075e-03  1.402501711801981e-01 
  1.322848859935705e-02  1.444331057509412e-01 
  8.540704134407821e-03  1.452130341927621e-01 
  2.114880473249801e-02  1.463075372410227e-01 
  6.912509280354892e-02  1.443784582917150e-01 
  1.121405101273023e-01  1.422089238628927e-01 
  1.304679917156814e-01  1.389480320008921e-01 
  1.252287735816918e-01  1.367677650233187e-01 
  1.070866363549100e-01  1.352311060105520e-01 
  8.308424493439785e-02  1.350055585621558e-01 
  5.749809781824602e-02  1.350487908141469e-01 
  3.273697730861273e-02  1.371572124384321e-01 
  1.039031531684238e-02  1.405595150134030e-01 
  7.123685329520717e-03  1.425987603199167e-01 
  9.023253889156750e-03  1.453355638927746e-01 
  1.233989679193529e-02  1.462519111689265e-01 
  5.417858738775620e-02  1.451919707023901e-01 
  9.881674116392189e-02  1.426961480839580e-01 
  1.250434297975762e-01  1.395834248285439e-01 
  1.262054260779961e-01  1.369049024076198e-01 
  1.118508728051527e-01  1.356385536084353e-01 
  9.010775662420689e-02  1.336285943336482e-01 
  6.597491317885446e-02  1.343931860965793e-01 
  4.131492582434169e-02  1.356473769159535e-01 
  1.820262522119805e-02  1.376156259888434e-01 
  4.157644741278279e-03  1.408282718670347e-01 
  1.166664350343956e-02  1.430115784249313e-01 
  4.328299728181506e-03  1.449703541991522e-01 
  3.096364484111416e-02  1.444145828167323e-01 
  7.706341089699023e-02  1.416847310107800e-01 
  1.120988293755838e-01  1.388959555843890e-01 
  1.238856709816473e-01  1.357488627719972e-01 
  1.147530605633273e-01  1.331980908300271e-01 
  9.499674557736490e-02  1.312459618511616e-01 
  7.124717146123841e-02  1.308965198190058e-01 
  4.606130916000623e-02  1.318575493910893e-01 
  2.241442887279887e-02  1.338993904566682e-01 
  4.627066885328240e-03  1.364907593758339e-01 
  1.406030939497187e-02  1.389607821815862e-01 
  1.192724327241051e-02  1.414202660712230e-01 
  1.437067862874858e-02  1.403233357039451e-01 
  5.786644831553370e-02  1.397639608929850e-01 
  9.867969019982194e-02  1.364801999229625e-01 
  1.181220641062666e-01  1.333290086548995e-01 
  1.153257738271751e-01  1.304459349949766e-01 
  9.902972598799382e-02  1.278272217836124e-01 
  7.614018494312644e-02  1.266463127431151e-01 
  5.173600350636819e-02  1.269648634722522e-01 
  2.700642683485899e-02  1.285306784578110e-01 
  6.375185519568160e-03  1.308674077805670e-01 
  1.507614401408873e-02  1.338095314594835e-01 
  2.101789302981303e-02  1.366355942654506e-01 
  7.371037613775261e-03  1.373767696720164e-01 
  3.435740682352696e-02  1.363424048650808e-01 
  8.110663385415857e-02  1.337188244610268e-01 
  1.117900826840589e-01  1.299562287809761e-01 
  1.174459451834951e-01  1.261552997992435e-01 
  1.044000189203191e-01  1.232252193773144e-01 
  8.257941983058885e-02  1.219226939273690e-01 
  5.721433142400588e-02  1.203097986608028e-01 
  3.194126245941947e-02  1.221063641940539e-01 
  9.291453919463087e-03  1.242498004751356e-01 
  1.483596763973809e-02  1.270881916133247e-01 
  2.446780875846186e-02  1.296088776931947e-01 
  1.569543755403437e-02  1.310225356554924e-01 
  2.103576339692521e-02  1.299796310863630e-01 
  7.082301764954695e-02  1.271424863280934e-01 
  1.114495007554320e-01  1.226083788077657e-01 
  1.266121336072543e-01  1.177819390894728e-01 
  1.199549647284492e-01  1.135648286594250e-01 
  1.009998264143148e-01  1.100819464298520e-01 
  7.719852052791321e-02  1.078622685270093e-01 
  5.188824445484091e-02  1.068439535848525e-01 
  2.784299679326943e-02  1.076600804474230e-01 
  9.325487136736480e-03  1.093763811203925e-01 
  1.177256853415934e-02  1.108540207781877e-01 
  9.193059634930990e-03  1.124566002687523e-01 
  2.805406683955543e-02  1.111091563459604e-01 
  8.627064149048976e-02  1.056521890979778e-01 
  1.488287819402483e-01  9.858502479413704e-02 
  1.864743179608364e-01  8.947443198140098e-02 
  1.963034929648105e-01  8.031008766968892e-02 
  1.886057059153549e-01  7.178339591458538e-02 
  1.743711080770290e-01  6.526352843994157e-02 
  1.605764592451782e-01  5.994979467487772e-02 
  1.506777329678577e-01  5.679388137459278e-02 
  1.482104675686040e-01  5.599877155589644e-02 
  1.621993566823942e-01  5.637845886131138e-02 
  2.076069209346292e-01  5.697619595800005e-02 
  3.085259706900736e-01  5.587301406872434e-02 
  4.792091229788591e-01  5.115616152772989e-02 
  6.908365034045881e-01  4.341767865535261e-02 
  8.549628170788111e-01  3.406266708990168e-02 
  8.959682651115390e-01  2.530370116794328e-02 
  8.053358406827440e-01  1.776575423736588e-02 
  6.464526608330236e-01  1.190873825766875e-02 
  4.888672873916551e-01  6.782494495946300e-03 
  3.606409408551201e-01  2.321461844470505e-03 
  2.660395027149262e-01  2.126168110190866e-03 
  2.008407698304353e-01  5.069034534377689e-02 
  2.885672411337699e-01  6.630470543458951e-02 
  4.093853784213056e-01  8.586461955308893e-02 
  5.626527908364337e-01  1.089834746197979e-01 
  7.249220791392633e-01  1.341069544941068e-01 
  8.269862283245528e-01  1.517550667235570e-01 
  7.964062825832370e-01  1.604019523339876e-01 
  6.290664555003488e-01  1.567570023820112e-01 
  4.124675408161999e-01  1.457284850067221e-01 
  2.381381236411676e-01  1.296234869327359e-01 
  1.359093631286908e-01  1.164621222912762e-01 
  8.904910879061433e-02  1.054643183465018e-01 
  7.194886998363612e-02  1.016082800476753e-01 
  7.031872333962536e-02  1.020938660927999e-01 
  7.583637708582604e-02  1.041127097398531e-01 
  8.536520298971098e-02  1.116831230914798e-01 
  9.423998913503266e-02  1.208689362605670e-01 
  9.965626983742043e-02  1.333724717839456e-01 
  8.923683886116848e-02  1.433825335359196e-01 
  5.245824140958961e-02  1.503592151143388e-01 
  8.861654779739483e-03  1.539112800016108e-01 
  6.916241944228095e-02  1.553664168847058e-01 
  1.028984013129246e-01  1.530407551617587e-01 
  1.074336491270893e-01  1.491951137826343e-01 
  9.407084115319124e-02  1.463318287058185e-01 
  7.332050159638101e-02  1.457287702264028e-01 
  4.980367923801180e-02  1.463734468967001e-01 
  2.643473294735601e-02  1.498806956007506e-01 
  4.609866805765868e-03  1.550838414472055e-01 
  1.242844736421999e-02  1.617685713264896e-01 
  1.761743092485474e-02  1.691796608477301e-01 
  1.427593057806754e-03  1.721333417063730e-01 
  3.947808496262224e-02  1.759110415400840e-01 
  8.938282514066863e-02  1.718594232529837e-01 
  1.234738179910053e-01  1.696435687383244e-01 
  1.301235572753792e-01  1.659371970978051e-01 
  1.191623275080406e-01  1.606442554374272e-01 
  9.893787478942584e-02  1.582207722852011e-01 
  7.569086656204220e-02  1.567603050757854e-01 
  5.204158047401520e-02  1.588193813578152e-01 
  2.942258508133221e-02  1.617319042457290e-01 
  9.508355862078884e-03  1.665310613718294e-01 
  3.293370396373775e-03  1.707209426183897e-01 
  2.551010389550002e-03  1.763794158776319e-01 
  2.922700590903992e-02  1.780012081452088e-01 
  7.543069815332785e-02  1.787139278374503e-01 
  1.153433942436315e-01  1.738100762129197e-01 
  1.317553100630378e-01  1.699628285188932e-01 
  1.263260967345820e-01  1.658590219219793e-01 
  1.084590328358987e-01  1.618709442066807e-01 
  8.617995785614314e-02  1.593016228123979e-01 
  6.277679324642044e-02  1.619361463468555e-01 
  3.976397365340130e-02  1.617782562498135e-01 
  1.958202620323878e-02  1.664607319684805e-01 
  5.857024320396632e-03  1.712513879390677e-01 
  3.672968699548950e-03  1.750304663818345e-01 
  2.173977161680777e-02  1.781337456552374e-01 
  6.098076627938463e-02  1.775577773771120e-01 
  1.024891113151981e-01  1.751029045182545e-01 
  1.259409536007527e-01  1.706875324307224e-01 
  1.267362864008514e-01  1.671056368989399e-01 
  1.128833338922523e-01  1.623472924245471e-01 
  9.265644371943847e-02  1.590476109623291e-01 
  7.000214976125564e-02  1.587412880818798e-01 
  4.768319279069295e-02  1.599527090718700e-01 
  2.636927730482891e-02  1.633992655025851e-01 
  9.207038885397381e-03  1.679021471591811e-01 
  4.019077931118172e-03  1.726992891637411e-01 
  9.030306215270829e-03  1.769986891522793e-01 
  3.907836431580163e-02  1.786723090520359e-01 
  8.267722232465879e-02  1.777251747807976e-01 
  1.147094975237877e-01  1.723128239781670e-01 
  1.242387225904543e-01  1.674748316887956e-01 
  1.146217480370702e-01  1.630799238549521e-01 
  9.626512461839659e-02  1.601154351554404e-01 
  7.444038787455765e-02  1.589865004776719e-01 
  5.149234582985163e-02  1.593178914688452e-01 
  2.968573644373683e-02  1.612857878509588e-01 
  1.085791599672383e-02  1.665469370388001e-01 
  5.257179762009907e-03  1.709642085019735e-01 
  4.532500152429739e-03  1.753258285691190e-01 
  2.313472691336497e-02  1.768177663319871e-01 
  6.376777700060435e-02  1.767802729022425e-01 
  1.011834719313649e-01  1.720030309929199e-01 
  1.187092134363194e-01  1.671500073401501e-01 
  1.152122153147061e-01  1.623575166812395e-01 
  9.971189669421741e-02  1.582759212406637e-01 
  7.889327365627193e-02  1.553622134449221e-01 
  5.645569099644439e-02  1.545108387263711e-01 
  3.398370126287374e-02  1.576261252854639e-01 
  1.379697182365335e-02  1.595850117785239e-01 
  6.140292042117031e-03  1.647845346919633e-01 
  9.605048836857968e-03  1.698505666156805e-01 
  7.131645175736353e-03  1.724397958402202e-01 
  4.134538376473591e-02  1.733784435931420e-01 
  8.448056843198830e-02  1.696551900442475e-01 
  1.123275217754721e-01  1.654645261756654e-01 
  1.162196270295516e-01  1.586788886078708e-01 
  1.039889342720468e-01  1.541225549959636e-01 
  8.393998308761970e-02  1.506885833433257e-01 
  6.139744904806595e-02  1.485565824893132e-01 
  3.862524323909289e-02  1.502014758566356e-01 
  1.704907327718984e-02  1.530818669017611e-01 
  6.486161788720102e-03  1.564845444774867e-01 
  1.306147662000141e-02  1.622747691567798e-01 
  6.804012101547849e-03  1.663791495258019e-01 
  2.896702054581407e-02  1.665781559278466e-01 
  7.430551993071816e-02  1.637020809060367e-01 
  1.106863018338344e-01  1.599146493074590e-01 
  1.235824433409168e-01  1.518888870952632e-01 
  1.172315959536008e-01  1.450408545947158e-01 
  9.986339521529933e-02  1.403509478639574e-01 
  7.843060721735563e-02  1.361894449860263e-01 
  5.611309549876387e-02  1.350769046445072e-01 
  3.465004694728646e-02  1.359132976996518e-01 
  1.645500343815191e-02  1.383741926548118e-01 
  7.987109295865031e-03  1.423359813535493e-01 
  9.815696630473197e-03  1.462580066061604e-01 
  3.516473730251194e-02  1.465646549826817e-01 
  8.790612319482669e-02  1.431170415120088e-01 
  1.433819648109220e-01  1.339338336423563e-01 
  1.771306341136785e-01  1.239130508991811e-01 
  1.853829664617127e-01  1.110122870545787e-01 
  1.792416063498403e-01  1.004825273584372e-01 
  1.678597907410050e-01  9.117992906517111e-02 
  1.576633054354907e-01  8.488523396163766e-02 
  1.522035308379169e-01  8.016458525221318e-02 
  1.549401162127040e-01  8.008479164134955e-02 
  1.736732883608353e-01  8.262154273553894e-02 
  2.239507789593357e-01  8.488776514776815e-02 
  3.261383933204280e-01  8.857135729655466e-02 
  4.886599287969846e-01  8.764914823031106e-02 
  6.892381806471380e-01  8.211694803965978e-02 
  8.404543461969111e-01  7.203814979351500e-02 
  8.723502249065400e-01  5.821093163597909e-02 
  7.790244302275918e-01  4.489326066414924e-02 
  6.247400922413041e-01  3.161007308761429e-02 
  4.692874901971572e-01  2.087567610634774e-02 
  3.445583486801635e-01  1.167231501826881e-02 
  2.517873618033376e-01  4.228420308361439e-03 
  1.840692222850251e-01  5.465842963117103e-02 
  2.662141142619714e-01  7.335586625210737e-02 
  3.775217933453984e-01  9.840167702006961e-02 
  5.227764645578293e-01  1.296570690568488e-01 
  6.750084000343325e-01  1.634787845081019e-01 
  7.723610732793542e-01  1.907664728717568e-01 
  7.539931101292053e-01  2.109752936313420e-01 
  6.103864405055197e-01  2.146441467695668e-01 
  4.128861617723101e-01  2.056253478608298e-01 
  2.479725610211422e-01  1.885311644820181e-01 
  1.427956992189984e-01  1.721670745380684e-01 
  9.013583314660693e-02  1.587717384285102e-01 
  6.637079616926882e-02  1.537462033516283e-01 
  5.804597057904131e-02  1.515923201603200e-01 
  5.724550980514297e-02  1.566822140999929e-01 
  6.171018201491917e-02  1.635578337932485e-01 
  6.751069475826595e-02  1.757640900050266e-01 
  6.821264302076405e-02  1.887540591975557e-01 
  5.735879609946656e-02  2.024446480580207e-01 
  2.474829176315326e-02  2.104387192617425e-01 
  2.558399887900713e-02  2.170859917730329e-01 
  7.579287433597301e-02  2.174093662159688e-01 
  1.045098988417844e-01  2.132807454497714e-01 
  1.077235302415154e-01  2.084623599514615e-01 
  9.699191350018989e-02  2.036688447515111e-01 
  7.972472454059185e-02  2.029715882118480e-01 
  6.084518660517172e-02  2.036917080709369e-01 
  4.176345092770928e-02  2.070181865938727e-01 
  2.386123277051959e-02  2.144717522410344e-01 
  1.026797558570193e-02  2.225569187596780e-01 
  7.026506904875135e-03  2.312896239442265e-01 
  2.030373223719698e-02  2.391289462038637e-01 
  5.513791345382679e-02  2.425626339980621e-01 
  9.616431167853151e-02  2.411831983074725e-01 
  1.233145088109635e-01  2.363638743018595e-01 
  1.291438048141715e-01  2.301410816913415e-01 
  1.197340237054419e-01  2.226333903661986e-01 
  1.027894819770607e-01  2.210027358693110e-01 
  8.356712811544567e-02  2.160186760420954e-01 
  6.364598723588505e-02  2.183665939042124e-01 
  4.511304351094129e-02  2.213700687797160e-01 
  2.831557122954760e-02  2.279326553823425e-01 
  1.862489475689059e-02  2.355108934366551e-01 
  2.268511720175783e-02  2.416180082779900e-01 
  4.662091870077746e-02  2.459437836343644e-01 
  8.505435928303393e-02  2.460595355960163e-01 
  1.179990001478660e-01  2.437287156823086e-01 
  1.309758505377310e-01  2.351069405261728e-01 
  1.259480005491244e-01  2.294068861179257e-01 
  1.109149856553047e-01  2.239089224823805e-01 
  9.192604538451386e-02  2.215723684403720e-01 
  7.232950240827782e-02  2.206497298195150e-01 
  5.311339683820055e-02  2.240091458086568e-01 
  3.614983566623622e-02  2.274818230235877e-01 
  2.305839780411677e-02  2.362398183399056e-01 
  2.291934106179653e-02  2.413793147271151e-01 
  3.933744759632668e-02  2.467900238760613e-01 
  7.298628814901675e-02  2.459518536342407e-01 
  1.076684788570617e-01  2.444346389437437e-01 
  1.263769812951645e-01  2.388153841521611e-01 
  1.261485977641607e-01  2.324624710532663e-01 
  1.142666979349170e-01  2.272068391876278e-01 
  9.719155427719071e-02  2.229091008212281e-01 
  7.808546077504490e-02  2.203687712019244e-01 
  5.938107798486895e-02  2.222378874016185e-01 
  4.119770537023792e-02  2.242558339979448e-01 
  2.709782772263162e-02  2.305115282340429e-01 
  1.984251089205950e-02  2.369547941947391e-01 
  2.764631979614652e-02  2.418900197619267e-01 
  5.337922663370451e-02  2.457304635990374e-01 
  9.003135311597202e-02  2.438243920374166e-01 
  1.164428636446883e-01  2.396559412796671e-01 
  1.237125410481183e-01  2.314072706231749e-01 
  1.157355626656833e-01  2.265213284959043e-01 
  9.949124771657275e-02  2.207983125619795e-01 
  8.085639556931699e-02  2.200538898974887e-01 
  6.186394732350980e-02  2.170911153879229e-01 
  4.328366502762076e-02  2.220792847263514e-01 
  2.733443348161342e-02  2.268220911329159e-01 
  1.747740408294276e-02  2.326336849361922e-01 
  1.922820206438226e-02  2.397158221188506e-01 
  3.908596847193868e-02  2.441156935757482e-01 
  7.374591650903774e-02  2.448195244474884e-01 
  1.045919421404208e-01  2.395871657651577e-01 
  1.185186585736623e-01  2.343473247024224e-01 
  1.149030157557153e-01  2.268870978398096e-01 
  1.014943992661112e-01  2.215366835774355e-01 
  8.362991923593488e-02  2.179590468317367e-01 
  6.459794871895232e-02  2.160207153973931e-01 
  4.567489707477200e-02  2.181025031598815e-01 
  2.834917842878705e-02  2.220393258150983e-01 
  1.588693714746967e-02  2.286917248187759e-01 
  1.116373007823130e-02  2.355016747912515e-01 
  2.347409065033496e-02  2.399190593402656e-01 
  5.379571416603814e-02  2.428474793238384e-01 
  9.022310671289108e-02  2.374413484489365e-01 
  1.127117849163142e-01  2.327846289844104e-01 
  1.155273542268438e-01  2.249947321497976e-01 
  1.043880602064072e-01  2.180667996929302e-01 
  8.719216820249698e-02  2.126303969734443e-01 
  6.771683902931817e-02  2.104419415642481e-01 
  4.853846941063798e-02  2.109752936313420e-01 
  3.031056119785221e-02  2.131399698461613e-01 
  1.569567788740995e-02  2.190731485330742e-01 
  9.569978836815500e-03  2.264475623628823e-01 
  1.595148160427710e-02  2.316808831404408e-01 
  4.266649596328009e-02  2.336444934511941e-01 
  8.083853369327883e-02  2.325826690248882e-01 
  1.109241545780768e-01  2.265452183318222e-01 
  1.212454995933952e-01  2.171315586996571e-01 
  1.147720601786014e-01  2.083930831299012e-01 
  9.988405781790989e-02  2.013482920370886e-01 
  8.164349304956837e-02  1.969717983359503e-01 
  6.312447474061629e-02  1.953727547116412e-01 
  4.510574157545510e-02  1.946460971050208e-01 
  3.006624052142041e-02  1.999809605244030e-01 
  2.093141446891685e-02  2.035305939621661e-01 
  2.448325621061902e-02  2.096984884537013e-01 
  4.893005200789314e-02  2.127271638632779e-01 
  9.374906119181725e-02  2.089313930823729e-01 
  1.404684296718161e-01  2.008787744005233e-01 
  1.683932300092300e-01  1.869747667001374e-01 
  1.753260818414534e-01  1.733348943120174e-01 
  1.709687857907076e-01  1.584251219128700e-01 
  1.632116207001687e-01  1.490057061605095e-01 
  1.570803200145309e-01  1.402988463744304e-01 
  1.565939493777174e-01  1.353009979908982e-01 
  1.656252425838799e-01  1.339757201026017e-01 
  1.912178705062488e-01  1.367834804050478e-01 
  2.467023448459348e-01  1.407573720725470e-01 
  3.505178001304959e-01  1.467507062489667e-01 
  5.110913460009301e-01  1.471710369919212e-01 
  6.955292159002691e-01  1.395296163182950e-01 
  8.272678131337767e-01  1.237694610999300e-01 
  8.422994699078414e-01  1.026637207597045e-01 
  7.389762441621948e-01  7.693531743083915e-02 
  5.848205533506317e-01  5.455171393052510e-02 
  4.370146815428551e-01  3.546057308201740e-02 
  3.200516182125067e-01  2.091272131291216e-02 
  2.337044744515510e-01  1.012051236915002e-02 
  1.657480307928018e-01  5.794318984770378e-02 
  2.385742006435168e-01  7.841407071490689e-02 
  3.399339003880440e-01  1.082106983959195e-01 
  4.727503699493669e-01  1.463618195711080e-01 
  6.192022522756948e-01  1.908988007015134e-01 
  7.184322633217692e-01  2.358300266104253e-01 
  7.104968836313772e-01  2.700902457371376e-01 
  5.871362265744029e-01  2.854672228164920e-01 
  4.104695803726174e-01  2.851252965623461e-01 
  2.511712502501752e-01  2.744626169871853e-01 
  1.466047620447270e-01  2.567813926986062e-01 
  8.684063238282784e-02  2.448451185727873e-01 
  5.542847465946422e-02  2.399185345284925e-01 
  4.080041940134317e-02  2.407980967674575e-01 
  3.607112831409707e-02  2.423938239103955e-01 
  3.566928692944474e-02  2.542221574326944e-01 
  3.754557219545352e-02  2.654274898745264e-01 
  3.625059818060715e-02  2.782017451634822e-01 
  2.572651903794321e-02  2.957231339356906e-01 
  2.117810159566474e-03  3.030627781124572e-01 
  4.418488992218780e-02  3.128053699404624e-01 
  8.577349910829139e-02  3.110227449904667e-01 
  1.084162365050316e-01  3.073153123264699e-01 
  1.115323434356964e-01  3.014593788782238e-01 
  1.027260472410354e-01  2.935317271608803e-01 
  8.924874695592186e-02  2.906649732387295e-01 
  7.394592183479659e-02  2.931154766372239e-01 
  5.920585093330399e-02  2.954785777972165e-01 
  4.475495526595610e-02  2.983671115717002e-01 
  3.470534590818166e-02  3.081100042696138e-01 
  3.205205116758280e-02  3.171555750855875e-01 
  4.380517073436156e-02  3.273931586770313e-01 
  7.170139039786487e-02  3.318658389261673e-01 
  1.048672012232816e-01  3.321469738559038e-01 
  1.259554684247186e-01  3.262421721381469e-01 
  1.302770084700205e-01  3.202676698278715e-01 
  1.225141573699388e-01  3.144258184078682e-01 
  1.089450938589841e-01  3.123286327260315e-01 
  9.346414283152801e-02  3.041077583927279e-01 
  7.760856036562852e-02  3.081236969492668e-01 
  6.307549644371981e-02  3.132107431702374e-01 
  4.905292704825905e-02  3.158576500940155e-01 
  4.237229403914922e-02  3.242602401440424e-01 
  4.580167147956993e-02  3.334712135586155e-01 
  6.501815288576310e-02  3.382510473440499e-01 
  9.548544520906371e-02  3.395882070504988e-01 
  1.221561614716843e-01  3.353837373652168e-01 
  1.322372555674231e-01  3.295019582682217e-01 
  1.280872428659672e-01  3.200313326656106e-01 
  1.158081375808095e-01  3.147909947722116e-01 
  1.005684432169988e-01  3.122099573832028e-01 
  8.430913380604207e-02  3.104947061690659e-01 
  6.892334195749016e-02  3.140827971492090e-01 
  5.500353189516709e-02  3.179654995795949e-01 
  4.566488069860262e-02  3.259160513692074e-01 
  4.446152732905499e-02  3.330127794598376e-01 
  5.857149069971373e-02  3.414040745677879e-01 
  8.527799429625883e-02  3.387007435089129e-01 
  1.133939874589000e-01  3.391173813737463e-01 
  1.282386913181089e-01  3.307578421894024e-01 
  1.279979244408865e-01  3.227634879264014e-01 
  1.180767055351432e-01  3.176449827652325e-01 
  1.039812843377759e-01  3.128398003101239e-01 
  8.828689178310407e-02  3.118258752363025e-01 
  7.292054021629311e-02  3.113442503947777e-01 
  5.857690581355078e-02  3.162702195063907e-01 
  4.659884768054012e-02  3.218430979860663e-01 
  4.137480189613998e-02  3.294531012051911e-01 
  4.805275890876354e-02  3.344379479363702e-01 
  6.912717791494422e-02  3.403244097802911e-01 
  9.835350182827998e-02  3.403880853418881e-01 
  1.197593767999570e-01  3.327011867451313e-01 
  1.249854411317695e-01  3.276121878193832e-01 
  1.180022606257757e-01  3.188365491482169e-01 
  1.049387960716802e-01  3.146902590995435e-01 
  8.982362490247076e-02  3.139852884492466e-01 
  7.437176312183789e-02  3.075456934541440e-01 
  5.933354233283988e-02  3.135766744410722e-01 
  4.727229393367523e-02  3.185139808440623e-01 
  3.810239959873155e-02  3.282044763053512e-01 
  4.124164004010800e-02  3.320260050565287e-01 
  5.690007349774935e-02  3.384468294444197e-01 
  8.444720448163426e-02  3.405013593160521e-01 
  1.091139373260620e-01  3.353203802711464e-01 
  1.196712086646359e-01  3.281635189057334e-01 
  1.163676133918352e-01  3.210147220259871e-01 
  1.055894012927199e-01  3.140694181903846e-01 
  9.114451270637562e-02  3.110368893997201e-01 
  7.595523773225267e-02  3.095850997258628e-01 
  6.075050289239544e-02  3.104832673320683e-01 
  4.672368392566364e-02  3.150423221838720e-01 
  3.639565397250243e-02  3.228263307914098e-01 
  3.331901679259144e-02  3.295420962758353e-01 
  4.356760408043333e-02  3.370132298921046e-01 
  6.829936679924142e-02  3.419362149675274e-01 
  9.677495485011040e-02  3.346851553071851e-01 
  1.141399761257266e-01  3.326427022283932e-01 
  1.155230848201384e-01  3.236266666286960e-01 
  1.069618676210153e-01  3.164474497168936e-01 
  9.327920314154411e-02  3.112704546337751e-01 
  7.739780198766499e-02  3.078318837751801e-01 
  6.235203430257666e-02  3.093296498705497e-01 
  4.748670407087766e-02  3.136861182392636e-01 
  3.611002402483020e-02  3.186315674523296e-01 
  3.081784222166894e-02  3.268537334423754e-01 
  3.702723030655349e-02  3.338302210331436e-01 
  5.856809217911219e-02  3.371952902349613e-01 
  8.860162300591833e-02  3.362303014727845e-01 
  1.118659789069796e-01  3.304000086360457e-01 
  1.196221013956090e-01  3.217397722080317e-01 
  1.147204329598923e-01  3.115715895859658e-01 
  1.031251699733515e-01  3.059868410013968e-01 
  8.862800578510185e-02  2.997698150712479e-01 
  7.380146406165197e-02  2.991728302544002e-01 
  6.000843869129200e-02  2.995985105889280e-01 
  4.836879046960117e-02  3.014223143014024e-01 
  4.213825310103706e-02  3.088481469718233e-01 
  4.593305987991439e-02  3.138246838610960e-01 
  6.580888420636183e-02  3.178811679351458e-01 
  1.017848819715646e-01  3.174420097245206e-01 
  1.384227514006918e-01  3.074989944989617e-01 
  1.604013530354537e-01  2.952420417265882e-01 
  1.671069171936340e-01  2.798417770511387e-01 
  1.649782442416807e-01  2.661988347031249e-01 
  1.614418320710758e-01  2.551547455135796e-01 
  1.601420292413802e-01  2.451824328133618e-01 
  1.645397478271690e-01  2.410447073148824e-01 
  1.792270173251486e-01  2.368416347241426e-01 
  2.111027434609326e-01  2.381944291162645e-01 
  2.711753300250557e-01  2.397879749418939e-01 
  3.742227857472532e-01  2.416002893068627e-01 
  5.203585889806605e-01  2.363386497562086e-01 
  6.827123786617038e-01  2.212088255556460e-01 
  7.888363726269267e-01  1.935195742983707e-01 
  7.853659664954116e-01  1.554976213489555e-01 
  6.827110424601673e-01  1.157027283405671e-01 
  5.364287888771505e-01  7.985009735936920e-02 
  4.014600435482560e-01  5.133362101759566e-02 
  2.935687525241814e-01  3.035146441444052e-02 
  2.147092363890789e-01  1.619643565521463e-02 
  1.427075260543186e-01  5.939139141504548e-02 
  2.076158603367308e-01  8.262502425821716e-02 
  2.940851379897818e-01  1.156324293665511e-01 
  4.073850874507244e-01  1.610710723276829e-01 
  5.311418566690514e-01  2.180936144085830e-01 
  6.222882165094062e-01  2.793025173440641e-01 
  6.266134713176248e-01  3.331602658773071e-01 
  5.324691212194426e-01  3.730208436640422e-01 
  3.848128601295968e-01  3.929939820153361e-01 
  2.444440538184477e-01  3.996437265725658e-01 
  1.419590967484193e-01  3.909584912183156e-01 
  7.793175873977683e-02  3.903179732415986e-01 
  4.026767246002974e-02  3.859596020997829e-01 
  1.951274537345226e-02  3.912652247771266e-01 
  8.512386364440898e-03  3.889206921671600e-01 
  3.133230730159237e-03  3.995212189008243e-01 
  1.580016154700492e-03  4.075049138533587e-01 
  4.151504637293408e-03  4.225669239183909e-01 
  1.444974980339148e-02  4.356152749632112e-01 
  3.499906379476999e-02  4.468868238750557e-01 
  6.558346789375775e-02  4.522767888167261e-01 
  9.464522921868249e-02  4.527028722928993e-01 
  1.113076022354765e-01  4.494395116872774e-01 
  1.145472922201305e-01  4.460026611386531e-01 
  1.095734604529274e-01  4.370180249938506e-01 
  1.004043958744619e-01  4.345589010655460e-01 
  8.975921120103081e-02  4.348032683980000e-01 
  7.946667234349190e-02  4.393412688811306e-01 
  7.006420158405963e-02  4.413763917575176e-01 
  6.386719274835025e-02  4.476458885246193e-01 
  6.209992524408727e-02  4.583824167222559e-01 
  7.127974336035117e-02  4.629512915097843e-01 
  9.111357292290183e-02  4.723659669552934e-01 
  1.131888186900612e-01  4.664022104117555e-01 
  1.277161673811764e-01  4.642221407658913e-01 
  1.310163141517972e-01  4.558165083354066e-01 
  1.259043477142033e-01  4.486861355561406e-01 
  1.164448075280281e-01  4.487037509049417e-01 
  1.055219911077739e-01  4.437919804074960e-01 
  9.413089269763869e-02  4.426043215241230e-01 
  8.373432570220912e-02  4.460954565436150e-01 
  7.471478952685626e-02  4.512471791007361e-01 
  7.092854114201901e-02  4.618027874516611e-01 
  7.336509383954277e-02  4.686385925130424e-01 
  8.717640938690774e-02  4.714190735087714e-01 
  1.079043312201637e-01  4.773254053092517e-01 
  1.254796149594175e-01  4.714296570822520e-01 
  1.325045914475306e-01  4.678557808383135e-01 
  1.297028375462029e-01  4.594979201962902e-01 
  1.211912813775522e-01  4.547211975465953e-01 
  1.101545085858192e-01  4.497495111846820e-01 
  9.870873298225623e-02  4.544534450462268e-01 
  8.783269880486745e-02  4.500162537837089e-01 
  7.835128569724238e-02  4.571370801321494e-01 
  7.191812021885979e-02  4.630864781092535e-01 
  7.244386746610777e-02  4.705184416787935e-01 
  8.253330325848292e-02  4.739550990614332e-01 
  1.004303502683910e-01  4.769950805474024e-01 
  1.193288698177543e-01  4.728336758374500e-01 
  1.293567296534972e-01  4.680196634796516e-01 
  1.292901613299149e-01  4.615650857763046e-01 
  1.220725248806812e-01  4.549896316258496e-01 
  1.118593721510892e-01  4.519873186104966e-01 
  1.007652246291666e-01  4.495998938245265e-01 
  8.963664177312206e-02  4.502333383671866e-01 
  7.944266000787466e-02  4.512918598188421e-01 
  7.114033850951791e-02  4.568795821893102e-01 
  6.825742921344527e-02  4.615823033421789e-01 
  7.257666825759616e-02  4.680089948157579e-01 
  8.819634291601090e-02  4.717981678041551e-01 
  1.074663076056705e-01  4.747945224530047e-01 
  1.218686295466954e-01  4.666105458023724e-01 
  1.253308333449653e-01  4.620364092033472e-01 
  1.207001548792851e-01  4.569562797262962e-01 
  1.114118863251351e-01  4.503177855474805e-01 
  1.004886420344040e-01  4.469325650408523e-01 
  8.890635951435878e-02  4.485063022772899e-01 
  7.842974037504033e-02  4.511370548275674e-01 
  6.935222954191149e-02  4.553192376176310e-01 
  6.422620739674670e-02  4.619079637740738e-01 
  6.611299434421548e-02  4.685353898535725e-01 
  7.800128859537822e-02  4.730226643838178e-01 
  9.678912803922832e-02  4.723174053061222e-01 
  1.132546330742755e-01  4.705319844830615e-01 
  1.201809900407960e-01  4.635507627251869e-01 
  1.180668366432584e-01  4.578763371946453e-01 
  1.103580523826117e-01  4.497482684825748e-01 
  9.979132230559407e-02  4.459527537199277e-01 
  8.888914469528966e-02  4.468957762206928e-01 
  7.796730582877900e-02  4.486737380713331e-01 
  6.809121401226347e-02  4.495291923546502e-01 
  6.090389630740160e-02  4.567025116185622e-01 
  5.963225428946036e-02  4.619283318259316e-01 
  6.687650635486660e-02  4.673580203123777e-01 
  8.422507907128578e-02  4.730926490501102e-01 
  1.033554369526924e-01  4.716268806537232e-01 
  1.150824310068947e-01  4.653489625147649e-01 
  1.162142215225333e-01  4.572065568149498e-01 
  1.098045982689910e-01  4.512056196135364e-01 
  9.978511849213989e-02  4.464884717850617e-01 
  8.867468969107813e-02  4.448522074807486e-01 
  7.723472905923544e-02  4.444548503181032e-01 
  6.697721381636081e-02  4.481107370082387e-01 
  5.887565847342221e-02  4.528860567210785e-01 
  5.594244291417651e-02  4.590919207746070e-01 
  6.145099614611007e-02  4.659846920266790e-01 
  7.659004547299410e-02  4.692072348341248e-01 
  9.733493145420197e-02  4.673147618237476e-01 
  1.128112801165929e-01  4.661776518661680e-01 
  1.183536149423167e-01  4.547547562326021e-01 
  1.148200092114781e-01  4.474153707450769e-01 
  1.063613466596875e-01  4.417773034575431e-01 
  9.612296916712400e-02  4.376563660517624e-01 
  8.575186562641439e-02  4.358257638526703e-01 
  7.606526408045619e-02  4.367359073386442e-01 
  6.843476454527637e-02  4.396957319306006e-01 
  6.458105380638182e-02  4.451077950207373e-01 
  6.882506454828409e-02  4.508484698015235e-01 
  8.446478430865000e-02  4.542673254550876e-01 
  1.103653074274982e-01  4.526737385169503e-01 
  1.364840425179729e-01  4.454776807840968e-01 
  1.533252662000700e-01  4.360358524450461e-01 
  1.596534755840349e-01  4.234290498584750e-01 
  1.602920847587461e-01  4.106087973941486e-01 
  1.601660176170993e-01  4.002494557056747e-01 
  1.631802624816066e-01  3.893179698291309e-01 
  1.723293410518985e-01  3.853560218743270e-01 
  1.917305761715464e-01  3.794238705359340e-01 
  2.287256273073928e-01  3.752167781474189e-01 
  2.917537704896788e-01  3.709519855338153e-01 
  3.923333507227531e-01  3.623816515891191e-01 
  5.239178887985337e-01  3.437814982727071e-01 
  6.572052549791004e-01  3.090248469460349e-01 
  7.308404517290412e-01  2.633994719652075e-01 
  7.070500012481966e-01  2.060981293867575e-01 
  6.039178654811515e-01  1.481475419149012e-01 
  4.713386215577468e-01  9.900143736427734e-02 
  3.502901113226772e-01  6.378672430180606e-02 
  2.579887256930783e-01  3.780964937645360e-02 
  1.914220784099542e-01  2.012811244764327e-02 
  1.206059481845176e-01  5.937995306693238e-02 
  1.737516659611518e-01  8.245254210949030e-02 
  2.460802035593336e-01  1.155414597197980e-01 
  3.407691550166074e-01  1.648496388368350e-01 
  4.434987267794512e-01  2.269409664418267e-01 
  5.241633210145326e-01  2.989017102609287e-01 
  5.382266866312534e-01  3.689507945906340e-01 
  4.678823121114884e-01  4.315290130360960e-01 
  3.500489887568488e-01  4.730217930446718e-01 
  2.265920806968171e-01  4.963267128118186e-01 
  1.294918624819484e-01  5.070654850699118e-01 
  6.453188889004946e-02  5.099658565462361e-01 
  2.467244431028069e-02  5.124866420478947e-01 
  1.560628657000160e-03  5.151409801993380e-01 
  1.366800966957738e-02  5.226453008867891e-01 
  2.230393688020621e-02  5.285607986313672e-01 
  2.794290970520904e-02  5.362455484661103e-01 
  3.365078326005042e-02  5.456205261007736e-01 
  4.368332898909325e-02  5.564628811134311e-01 
  5.979458793668664e-02  5.634763594280291e-01 
  8.074269245948459e-02  5.716653902949762e-01 
  1.010220035109723e-01  5.712313051092386e-01 
  1.131944092748385e-01  5.678436191667106e-01 
  1.164087102170793e-01  5.645497247550633e-01 
  1.139967781951705e-01  5.578160422512902e-01 
  1.082490957938801e-01  5.567542616422794e-01 
  1.016037243006891e-01  5.557843326284729e-01 
  9.411631776587474e-02  5.572102541519388e-01 
  8.805668408369845e-02  5.613955942078365e-01 
  8.366115911316505e-02  5.670057981869493e-01 
  8.400208725055695e-02  5.740801757714927e-01 
  9.076295509586348e-02  5.787505943146649e-01 
  1.039705945273247e-01  5.823750355942835e-01 
  1.189442705807796e-01  5.814567278943088e-01 
  1.287928570453360e-01  5.801045876247757e-01 
  1.311333262404438e-01  5.735863399623173e-01 
  1.277630666224767e-01  5.680868023839307e-01 
  1.214402010013368e-01  5.641146130387786e-01 
  1.139538302437412e-01  5.644168881751425e-01 
  1.060884068005210e-01  5.625943288381805e-01 
  9.882571778615072e-02  5.627605559452289e-01 
  9.289347883114646e-02  5.677851111868076e-01 
  9.010913638193854e-02  5.740406532652151e-01 
  9.272717467586904e-02  5.768128143343517e-01 
  1.020772889927276e-01  5.823304501125488e-01 
  1.153946774003990e-01  5.826618722317337e-01 
  1.269544058683984e-01  5.804041378853970e-01 
  1.315249596921669e-01  5.736891020659940e-01 
  1.301989936290043e-01  5.719498494324314e-01 
  1.244682625758289e-01  5.668038610685412e-01 
  1.170614845299014e-01  5.627150750603996e-01 
  1.089323511525313e-01  5.631129305551595e-01 
  1.012067380137308e-01  5.656072921355841e-01 
  9.442977988986569e-02  5.662507627189819e-01 
  9.038724043345857e-02  5.723166754182619e-01 
  9.091914173181512e-02  5.762093484268024e-01 
  9.778040401438100e-02  5.805289738627551e-01 
  1.097591227742555e-01  5.829275081348632e-01 
  1.219218594027275e-01  5.799231556998810e-01 
  1.284225317297013e-01  5.754707443983320e-01 
  1.286847334684397e-01  5.704913974589183e-01 
  1.240663705081403e-01  5.664146791984536e-01 
  1.170235658276502e-01  5.607752013826954e-01 
  1.091394038895961e-01  5.629456920024092e-01 
  1.012531813141864e-01  5.595883314568079e-01 
  9.380005161852586e-02  5.648023564541320e-01 
  8.900299627732143e-02  5.660925637693048e-01 
  8.679152660265457e-02  5.706891949714690e-01 
  9.030084772019736e-02  5.758156310114521e-01 
  1.002857847746970e-01  5.784901252478436e-01 
  1.130989771821006e-01  5.783538753694232e-01 
  1.221396095619752e-01  5.745592223806422e-01 
  1.248152863362253e-01  5.715025203600804e-01 
  1.215499899785567e-01  5.660318250324962e-01 
  1.152810244958008e-01  5.630549100035288e-01 
  1.076862310941268e-01  5.594294819880484e-01 
  9.958439227350296e-02  5.592215514077769e-01 
  9.230840086166642e-02  5.616501122281417e-01 
  8.588269761605261e-02  5.649281943762048e-01 
  8.292116161910736e-02  5.701924336463144e-01 
  8.419431683739016e-02  5.756178460058395e-01 
  9.213493363860988e-02  5.753047370314055e-01 
  1.041636830418457e-01  5.779433220978839e-01 
  1.149710181524196e-01  5.758528890089051e-01 
  1.199665245280045e-01  5.733757219894349e-01 
  1.185192316635704e-01  5.672505165047409e-01 
  1.131853393746015e-01  5.622090082391384e-01 
  1.060052018595710e-01  5.616124799961153e-01 
  9.791310597643690e-02  5.604929444290395e-01 
  9.042644914933939e-02  5.597286666735063e-01 
  8.344758592194321e-02  5.651157351322251e-01 
  7.872559965847392e-02  5.676541928231960e-01 
  7.808704301715323e-02  5.736358695264976e-01 
  8.351297931715852e-02  5.769435865660003e-01 
  9.466351520235181e-02  5.805458835836447e-01 
  1.069031315601191e-01  5.792880905087395e-01 
  1.145269453378679e-01  5.759018186527967e-01 
  1.150890558748244e-01  5.695636965599032e-01 
  1.110806666170289e-01  5.653647147020424e-01 
  1.039729765959656e-01  5.639935015744763e-01 
  9.613746746159936e-02  5.588741855794148e-01 
  8.842045133025150e-02  5.619554015027752e-01 
  8.132869007582622e-02  5.631629821353807e-01 
  7.609430019365039e-02  5.663068958373988e-01 
  7.461760877768366e-02  5.724958594389301e-01 
  7.847667199219871e-02  5.756434932427250e-01 
  8.867365858292905e-02  5.792187339346759e-01 
  1.018525314305424e-01  5.784602887079533e-01 
  1.113913397385438e-01  5.749486386514717e-01 
  1.153786830039089e-01  5.707729724727683e-01 
  1.132190293771971e-01  5.646186899236532e-01 
  1.079800880752956e-01  5.589623421243165e-01 
  1.013230670402786e-01  5.562443977664375e-01 
  9.441514780940155e-02  5.547025980750375e-01 
  8.811300798816883e-02  5.571366775822320e-01 
  8.351565227073683e-02  5.585323083752637e-01 
  8.222060675468290e-02  5.611562444048531e-01 
  8.599519336622009e-02  5.655152228542952e-01 
  9.724770867217757e-02  5.685121491098634e-01 
  1.144880945497392e-01  5.677378516005227e-01 
  1.319026064206875e-01  5.624765226055105e-01 
  1.444727126848685e-01  5.536390311833039e-01 
  1.506051168444495e-01  5.442699413557945e-01 
  1.539557902812400e-01  5.329993752833266e-01 
  1.566809071553517e-01  5.244658924399617e-01 
  1.627990166754231e-01  5.168694933344731e-01 
  1.749798650982438e-01  5.097037748831141e-01 
  1.971795074280343e-01  5.028968322428936e-01 
  2.349716829001859e-01  4.929572974071391e-01 
  2.941921142407330e-01  4.804201339719610e-01 
  3.823152989739850e-01  4.590282878725380e-01 
  4.902101817410018e-01  4.242517574059231e-01 
  5.901907212025910e-01  3.734515789741743e-01 
  6.346034479178911e-01  3.082355669371824e-01 
  6.030991652624745e-01  2.375562713319210e-01 
  5.109279690912467e-01  1.694076819768215e-01 
  4.012426844924911e-01  1.120355885618194e-01 
  3.017644165790118e-01  7.021394100049888e-02 
  2.244279163498721e-01  4.241910977574458e-02 
  1.671909738198416e-01  2.311956721065151e-02 
  9.747629808622585e-02  5.680089122626876e-02 
  1.388948929467073e-01  7.865699487872152e-02 
  1.951129644259955e-01  1.107470330100279e-01 
  2.643446512853579e-01  1.565355919853235e-01 
  3.404057421360101e-01  2.140553071881192e-01 
  3.987089433869356e-01  2.875706439988112e-01 
  4.173897957939291e-01  3.627017909113035e-01 
  3.735001902540787e-01  4.352307283286455e-01 
  2.864275428539287e-01  4.909342707017844e-01 
  1.887962341669938e-01  5.323821674270737e-01 
  1.078453507784943e-01  5.543628897940035e-01 
  5.058772830218442e-02  5.673581528643671e-01 
  1.157195210204446e-02  5.763890875938871e-01 
  1.308098890712484e-02  5.823081921720670e-01 
  2.872282997177201e-02  5.880711851974262e-01 
  3.922824033468236e-02  5.953505374220385e-01 
  4.688765656895830e-02  6.019729133731945e-01 
  5.397615289800958e-02  6.081698693147297e-01 
  6.263269185124760e-02  6.148660301563910e-01 
  7.426614434831796e-02  6.197856261280839e-01 
  8.747901360364481e-02  6.245335159521814e-01 
  1.001936452401624e-01  6.249788923515459e-01 
  1.079406620268278e-01  6.219435238872807e-01 
  1.115675194824189e-01  6.206121161216269e-01 
  1.108596178993400e-01  6.177040516850911e-01 
  1.087166539584951e-01  6.151919585889187e-01 
  1.048686741741170e-01  6.155273430614693e-01 
  1.013455134656620e-01  6.163620628531097e-01 
  9.784062704763744e-02  6.200714706294217e-01 
  9.612782751228155e-02  6.213085784670235e-01 
  9.681724656824801e-02  6.254633260744953e-01 
  1.011979412445389e-01  6.284384517464097e-01 
  1.088181597999128e-01  6.285105904821031e-01 
  1.173394038356079e-01  6.286488855704103e-01 
  1.229170920857447e-01  6.281641541669736e-01 
  1.246762632740578e-01  6.246532443873944e-01 
  1.231177237178142e-01  6.200888896354473e-01 
  1.197047895255535e-01  6.172613011892485e-01 
  1.150159384637747e-01  6.172229984324206e-01 
  1.101198794704440e-01  6.172450986198590e-01 
  1.055429010371725e-01  6.171745371259857e-01 
  1.021576343259126e-01  6.196373672233993e-01 
  1.009316742507035e-01  6.247752975285945e-01 
  1.029398491219742e-01  6.259794122581077e-01 
  1.085163999094458e-01  6.277757708612141e-01 
  1.154144343373748e-01  6.290123174885383e-01 
  1.217116296366095e-01  6.289748062284920e-01 
  1.245250650785945e-01  6.249114037496032e-01 
  1.236775795895095e-01  6.211181926702487e-01 
  1.204037261706894e-01  6.181773663952194e-01 
  1.159594047584629e-01  6.159033977979096e-01 
  1.109207576464379e-01  6.157400462820162e-01 
  1.060839610416465e-01  6.174149624824209e-01 
  1.023643840136415e-01  6.165246566446320e-01 
  1.003019502361586e-01  6.185116724840088e-01 
  1.005794432699545e-01  6.214098027847881e-01 
  1.047018794079640e-01  6.246605079317313e-01 
  1.113386439149794e-01  6.239094303320420e-01 
  1.177785700847375e-01  6.236437150880890e-01 
  1.214164770191966e-01  6.213348308228640e-01 
  1.216450741242256e-01  6.159908341831720e-01 
  1.191580335165151e-01  6.134044185202636e-01 
  1.146935320744271e-01  6.104216099880980e-01 
  1.100788483669266e-01  6.101303797219912e-01 
  1.050726117229920e-01  6.086934101360172e-01 
  1.007334312358496e-01  6.090467779757986e-01 
  9.783946682971453e-02  6.143908652633530e-01 
  9.676329026819436e-02  6.139980615011633e-01 
  9.899502675934188e-02  6.161932690255115e-01 
  1.044511383300686e-01  6.190421204497235e-01 
  1.112537420143623e-01  6.175249369409372e-01 
  1.163354776673922e-01  6.162400924398115e-01 
  1.178730652528883e-01  6.133052043298833e-01 
  1.162057123724029e-01  6.100644243065063e-01 
  1.124516099082767e-01  6.086861220241128e-01 
  1.076459952387529e-01  6.062291287752800e-01 
  1.025704775154681e-01  6.048759260343444e-01 
  9.790998349859986e-02  6.078338750718985e-01 
  9.446472777465384e-02  6.097380534902886e-01 
  9.236587045431080e-02  6.121414670212981e-01 
  9.364128773120020e-02  6.136375820627419e-01 
  9.805674605148902e-02  6.153112421321060e-01 
  1.048673702493758e-01  6.172572505070284e-01 
  1.106518494989954e-01  6.171005734652597e-01 
  1.132836353484934e-01  6.137036411591859e-01 
  1.128000591475795e-01  6.120983376015531e-01 
  1.094824928248573e-01  6.083155244929823e-01 
  1.051910590064507e-01  6.060721110207409e-01 
  1.001356629392485e-01  6.050949104116947e-01 
  9.521559318513620e-02  6.059184125960272e-01 
  9.111933202582347e-02  6.090652195787134e-01 
  8.808554127563709e-02  6.127597072379849e-01 
  8.812898684310856e-02  6.161898638250749e-01 
  9.126890232387903e-02  6.174070012910114e-01 
  9.757346490388183e-02  6.186534654310438e-01 
  1.042410380184618e-01  6.185731287209084e-01 
  1.083756530273511e-01  6.157629440784663e-01 
  1.090671531402505e-01  6.138293497091512e-01 
  1.064606534134728e-01  6.112832560693169e-01 
  1.022021371365305e-01  6.077555730989687e-01 
  9.716462466265451e-02  6.064432967602471e-01 
  9.219706105635546e-02  6.073685499024182e-01 
  8.758281048870725e-02  6.089541576858829e-01 
  8.459970085479315e-02  6.125449305864596e-01 
  8.409167000616390e-02  6.156731300485760e-01 
  8.662975324713688e-02  6.167592192540265e-01 
  9.277394564140218e-02  6.188149538339274e-01 
  1.001576156934787e-01  6.192974617276655e-01 
  1.057992593380947e-01  6.167022742456103e-01 
  1.080713004240095e-01  6.143989290335817e-01 
  1.072495743826592e-01  6.108330118176324e-01 
  1.040868767887195e-01  6.079666406068742e-01 
  1.000776796272181e-01  6.057448772202587e-01 
  9.580358865209654e-02  6.037099726526848e-01 
  9.238863004748711e-02  6.044656135011711e-01 
  8.995502474769394e-02  6.052334185442939e-01 
  8.984775445873940e-02  6.085556515560220e-01 
  9.345855832113752e-02  6.112036653328600e-01 
  1.010910430003814e-01  6.104437477657856e-01 
  1.120857048897460e-01  6.085094120241462e-01 
  1.236253623028999e-01  6.073398809647897e-01 
  1.325976347783973e-01  5.994851782306775e-01 
  1.383059860715307e-01  5.929745442823324e-01 
  1.425250090894463e-01  5.870162179471324e-01 
  1.474388644548043e-01  5.786848997546670e-01 
  1.557451306451849e-01  5.714275828787188e-01 
  1.689895219424081e-01  5.639227299700695e-01 
  1.909500723991236e-01  5.537836762463644e-01 
  2.257112871381422e-01  5.406775037061332e-01 
  2.785555894560950e-01  5.199503202083364e-01 
  3.515837769987069e-01  4.890226784298213e-01 
  4.322465417977894e-01  4.433384004240822e-01 
  4.998292038864064e-01  3.816819303556894e-01 
  5.188800550119474e-01  3.080051300131821e-01 
  4.826323486966179e-01  2.318386824401769e-01 
  4.064858455203331e-01  1.627204550159476e-01 
  3.215710379027871e-01  1.085079353598521e-01 
  2.453967616845636e-01  6.777356018750239e-02 
  1.861894750094733e-01  4.161489948573451e-02 
  1.420287541041214e-01  2.270241456552316e-02 
  7.531893618846985e-02  5.317537973974463e-02 
  1.081958934091046e-01  7.273371157043231e-02 
  1.490546665691465e-01  1.000181575317386e-01 
  2.004922212322977e-01  1.385839864775521e-01 
  2.541840688430116e-01  1.904453617542325e-01 
  2.990961875987187e-01  2.529560377824510e-01 
  3.145325365830723e-01  3.231333253965794e-01 
  2.847817978126795e-01  3.899185079624699e-01 
  2.229599854546871e-01  4.469518096300658e-01 
  1.515988571697866e-01  4.880328996680487e-01 
  8.712961145971940e-02  5.201037678527020e-01 
  3.758003475166330e-02  5.417063169313043e-01 
  4.001331908386470e-03  5.507733270466275e-01 
  1.951906351990720e-02  5.624541817107311e-01 
  3.484203216738516e-02  5.660997329343429e-01 
  4.573835356906234e-02  5.756325582345448e-01 
  5.353492854867579e-02  5.779292827116053e-01 
  6.081710979566020e-02  5.823314557624774e-01 
  6.817965155791318e-02  5.868358673255213e-01 
  7.699571873707224e-02  5.917033117225222e-01 
  8.594074761459690e-02  5.921874509333306e-01 
  9.457546328041706e-02  5.948748386341023e-01 
  1.003888380154782e-01  5.933013683965574e-01 
  1.031232228650049e-01  5.933256859534740e-01 
  1.040295398211664e-01  5.895162759100903e-01 
  1.025445721427712e-01  5.910290804060681e-01 
  1.007994418608227e-01  5.888776884908855e-01 
  9.879900648373405e-02  5.882981734626241e-01 
  9.725210882181377e-02  5.880688832592256e-01 
  9.633792266217321e-02  5.926843367347190e-01 
  9.731200647761569e-02  5.911332660809501e-01 
  9.974404519343401e-02  5.963134430281450e-01 
  1.044549023423602e-01  5.956732532910683e-01 
  1.095132524613051e-01  5.945277767937085e-01 
  1.128319457240475e-01  5.936162758799624e-01 
  1.142810251069418e-01  5.910910043609523e-01 
  1.136764041459477e-01  5.917293350367610e-01 
  1.117115756387345e-01  5.873277218329217e-01 
  1.086896092370031e-01  5.887621058662726e-01 
  1.058829243314320e-01  5.838859836322635e-01 
  1.032663501030065e-01  5.897694874988398e-01 
  1.013459801800737e-01  5.863990391282675e-01 
  1.005934671871535e-01  5.907445858072089e-01 
  1.020613191623776e-01  5.916283137561540e-01 
  1.054681376598473e-01  5.936307646878494e-01 
  1.096780265081872e-01  5.905741043678219e-01 
  1.137289232427403e-01  5.901187991717897e-01 
  1.154006293697262e-01  5.848581551434147e-01 
  1.150395243481749e-01  5.885071586421888e-01 
  1.128541872372648e-01  5.837703726234962e-01 
  1.091709469438837e-01  5.820499416069075e-01 
  1.066391383686466e-01  5.815011125848812e-01 
  1.031567681317369e-01  5.822893540378001e-01 
  1.009191717023741e-01  5.845026035767593e-01 
  9.933075291261988e-02  5.829882476677155e-01 
  9.981695733481880e-02  5.868378941883018e-01 
  1.021737956747170e-01  5.882567916863546e-01 
  1.057086258700950e-01  5.866178177871444e-01 
  1.096355065130722e-01  5.892629695109310e-01 
  1.118019111236706e-01  5.857117681743171e-01 
  1.117472199044920e-01  5.837491349506886e-01 
  1.103938494124969e-01  5.826271250886322e-01 
  1.074367660988037e-01  5.793151018059327e-01 
  1.042725939302366e-01  5.806629283946896e-01 
  1.010073384040966e-01  5.792200009514630e-01 
  9.851718124045825e-02  5.794926073591036e-01 
  9.633265443244030e-02  5.759742262409528e-01 
  9.604929408812198e-02  5.829660988176653e-01 
  9.730619205622551e-02  5.813540468910834e-01 
  9.990506975508270e-02  5.809325353676623e-01 
  1.041987903814133e-01  5.818271727530973e-01 
  1.067554676568996e-01  5.781139511842921e-01 
  1.075211565883503e-01  5.759073881440866e-01 
  1.064766496551683e-01  5.736980186691142e-01 
  1.041679283980218e-01  5.717921648301082e-01 
  1.010040125935701e-01  5.696825936218433e-01 
  9.782083764168063e-02  5.703706899323333e-01 
  9.473771973365104e-02  5.696622619736232e-01 
  9.240035236188598e-02  5.715819424458930e-01 
  9.127406176056753e-02  5.731843842073818e-01 
  9.192768582259930e-02  5.746939166651589e-01 
  9.457972074165719e-02  5.752810918345423e-01 
  9.825698355815733e-02  5.751168607067130e-01 
  1.012233432710622e-01  5.729489132394393e-01 
  1.027370585570482e-01  5.729562351993522e-01 
  1.022702876280104e-01  5.674258279242452e-01 
  1.003675856695953e-01  5.694226655455539e-01 
  9.760773327897908e-02  5.661425542925083e-01 
  9.432313510500538e-02  5.671303641139377e-01 
  9.132592451415955e-02  5.665697719477438e-01 
  8.851490903375142e-02  5.666971127868443e-01 
  8.718163858890965e-02  5.688468401563522e-01 
  8.683193464779512e-02  5.706621259685382e-01 
  8.872677113937778e-02  5.716341946416978e-01 
  9.199717201427643e-02  5.718445020797996e-01 
  9.572872560399429e-02  5.720568627021861e-01 
  9.773188546891352e-02  5.697820979906996e-01 
  9.817093501120469e-02  5.681121140675300e-01 
  9.658545440451494e-02  5.663567748793648e-01 
  9.401500584299945e-02  5.648686861284731e-01 
  9.064579815486054e-02  5.648382515461370e-01 
  8.751213461441319e-02  5.636428471445180e-01 
  8.461768262187393e-02  5.642291246251310e-01 
  8.292649836904112e-02  5.649495928631444e-01 
  8.267564225763835e-02  5.648104196457031e-01 
  8.427880661273897e-02  5.674213203575771e-01 
  8.771378003355851e-02  5.710516621957900e-01 
  9.147979387552767e-02  5.676140671285138e-01 
  9.483514823474493e-02  5.681985878087112e-01 
  9.613360472519700e-02  5.655677669234769e-01 
  9.596738863042341e-02  5.639949300836176e-01 
  9.427207739533609e-02  5.624056823587492e-01 
  9.189292538205883e-02  5.602988098904058e-01 
  8.964313316220730e-02  5.596646802749550e-01 
  8.771329531063617e-02  5.591003318099234e-01 
  8.673002615767264e-02  5.601373726708230e-01 
  8.718145792026961e-02  5.585788016744970e-01 
  8.993642647746994e-02  5.611301443897778e-01 
  9.501576675836174e-02  5.613530026394539e-01 
  1.022312279548665e-01  5.600277534615251e-01 
  1.099249121908635e-01  5.572149372093088e-01 
  1.159175190214096e-01  5.508749194314836e-01 
  1.213652143812902e-01  5.476094070403742e-01 
  1.259702749784763e-01  5.394051641754352e-01 
  1.319285008342231e-01  5.323310517175099e-01 
  1.403919729778753e-01  5.279215615931416e-01 
  1.530064106992473e-01  5.167863095231716e-01 
  1.721584038053591e-01  5.083627846958969e-01 
  2.024920267976083e-01  4.926475757177393e-01 
  2.426188709538401e-01  4.705146497634489e-01 
  2.967016266872817e-01  4.389476719537237e-01 
  3.523933281798127e-01  3.935547876331808e-01 
  3.917751877162793e-01  3.358099422096697e-01 
  3.985006896913808e-01  2.700458142246439e-01 
  3.691640291771809e-01  2.037973581994692e-01 
  3.144158834899131e-01  1.451619354389217e-01 
  2.541540164687150e-01  9.813819138739927e-02 
  1.992019233642398e-01  6.282792982716096e-02 
  1.540335332189896e-01  3.800154467123902e-02 
  1.190963022036753e-01  2.092046580045609e-02 
  5.495128181160336e-02  4.742438962335148e-02 
  7.838897349188964e-02  6.405795941933209e-02 
  1.065980419409584e-01  8.748362090955959e-02 
  1.379003210822622e-01  1.168224069552458e-01 
  1.736616917198022e-01  1.581030689007316e-01 
  1.984069940313589e-01  2.053138751195054e-01 
  2.073237365219787e-01  2.569023340466496e-01 
  1.896561269391594e-01  3.099684202987130e-01 
  1.552409806065712e-01  3.556021679429001e-01 
  1.075031716517910e-01  3.921743631741315e-01 
  6.280389478764120e-02  4.211597410610656e-01 
  2.699969308276166e-02  4.388048307246404e-01 
  1.048481875269223e-03  4.500297245946512e-01 
  1.909272983959898e-02  4.600911716622985e-01 
  3.294105296791140e-02  4.642623870088272e-01 
  4.299614584588907e-02  4.682871060939299e-01 
  5.056451865607443e-02  4.733647889787566e-01 
  5.727182565845062e-02  4.763429040109035e-01 
  6.334325511803121e-02  4.813593920763222e-01 
  6.940807144482826e-02  4.850938849686669e-01 
  7.616941627263774e-02  4.849968858279068e-01 
  8.125947785466522e-02  4.898268077969657e-01 
  8.552595402901446e-02  4.858259963380716e-01 
  8.810767220325705e-02  4.893972785621712e-01 
  8.916678897948271e-02  4.864037337225122e-01 
  8.913528909318931e-02  4.845032560230754e-01 
  8.860035813573362e-02  4.845337689166623e-01 
  8.798719593263504e-02  4.866629675358885e-01 
  8.717539570074270e-02  4.835450591062320e-01 
  8.760925300675304e-02  4.871742777797687e-01 
  8.820564445143286e-02  4.862405231533979e-01 
  9.005986204586840e-02  4.873444785306293e-01 
  9.264148913722949e-02  4.891458238180462e-01 
  9.520022556083825e-02  4.878838025107420e-01 
  9.657255628460994e-02  4.860975139873539e-01 
  9.812081060248552e-02  4.861255527822623e-01 
  9.748032700158815e-02  4.843171522503268e-01 
  9.707311753840994e-02  4.818126519729454e-01 
  9.500879881073303e-02  4.822699476764573e-01 
  9.421050404728497e-02  4.819611700067062e-01 
  9.235244067127979e-02  4.834336202445750e-01 
  9.137653327394267e-02  4.795423862076820e-01 
  9.142460178508535e-02  4.865709763756428e-01 
  9.200434278380294e-02  4.848723845648688e-01 
  9.404896647911992e-02  4.829381343000072e-01 
  9.587847713033444e-02  4.843470957980066e-01 
  9.805711859579951e-02  4.830052485341149e-01 
  9.896860012562050e-02  4.787822595496819e-01 
  9.858597306408383e-02  4.799508885100798e-01 
  9.742256895256786e-02  4.782086197011822e-01 
  9.587646815937714e-02  4.749257311540782e-01 
  9.387765385259431e-02  4.758171046733883e-01 
  9.199872898763053e-02  4.741027779234307e-01 
  9.092967259938516e-02  4.766691002551685e-01 
  8.999478160475309e-02  4.763764130426051e-01 
  9.012263422400717e-02  4.770146310754106e-01 
  9.152982402154367e-02  4.766015495368870e-01 
  9.294312646084124e-02  4.796420494530306e-01 
  9.546665973285509e-02  4.784840330453287e-01 
  9.574830121527972e-02  4.769221026495231e-01 
  9.620319095979743e-02  4.738278134514533e-01 
  9.461009473976395e-02  4.779550448756323e-01 
  9.339504321096871e-02  4.752674265156034e-01 
  9.115872187719241e-02  4.728379763791122e-01 
  8.919400751941074e-02  4.759714462800779e-01 
  8.757039877216330e-02  4.719381111339708e-01 
  8.647908330676136e-02  4.753520268117276e-01 
  8.621556475146964e-02  4.747376219510223e-01 
  8.685709048112816e-02  4.763774002511327e-01 
  8.833161632099931e-02  4.757340647299131e-01 
  9.006361553005883e-02  4.742851205316033e-01 
  9.135338144051550e-02  4.774466494897174e-01 
  9.174974742561572e-02  4.744892745550758e-01 
  9.101183637882405e-02  4.708040065061437e-01 
  8.973071479868308e-02  4.723718403711115e-01 
  8.794553139066885e-02  4.703595866077683e-01 
  8.587662683749307e-02  4.684297830661704e-01 
  8.464747881316179e-02  4.686623328795603e-01 
  8.263710178400027e-02  4.691954587354342e-01 
  8.194840920034280e-02  4.673643695320084e-01 
  8.233043828394414e-02  4.737391211070134e-01 
  8.335891004018070e-02  4.688168904771840e-01 
  8.504347100360019e-02  4.696573247949356e-01 
  8.641228261974436e-02  4.707990740303756e-01 
  8.707783593286589e-02  4.652541439319055e-01 
  8.708293891241461e-02  4.677541507228343e-01 
  8.569497913475284e-02  4.647760599741644e-01 
  8.433909322556220e-02  4.636701628836941e-01 
  8.207487450891840e-02  4.629894553365189e-01 
  8.015287919198399e-02  4.620795514763208e-01 
  7.858266034516082e-02  4.647288671488363e-01 
  7.746751543965109e-02  4.638121273509644e-01 
  7.737869969465014e-02  4.628526984210929e-01 
  7.833462655863341e-02  4.657076800474527e-01 
  7.983984357091017e-02  4.639647649301132e-01 
  8.125009498726932e-02  4.639889629717739e-01 
  8.283455192582230e-02  4.623538730692852e-01 
  8.277098574452317e-02  4.638586930447744e-01 
  8.152808237222717e-02  4.603983939806685e-01 
  8.007988252489855e-02  4.625540096598815e-01 
  7.802674272012831e-02  4.607217869770644e-01 
  7.617944904469298e-02  4.580210098997019e-01 
  7.449269343734903e-02  4.586476261019902e-01 
  7.337475723594676e-02  4.591160761042256e-01 
  7.331287946735920e-02  4.599694098536239e-01 
  7.432003874127030e-02  4.617965669533031e-01 
  7.593712093715255e-02  4.613026505690531e-01 
  7.793716917943323e-02  4.623009650226509e-01 
  7.974599430504725e-02  4.607058744850843e-01 
  8.043025162198357e-02  4.582547760632439e-01 
  8.027498394378076e-02  4.580762232308570e-01 
  7.962735270190370e-02  4.574809876180794e-01 
  7.827403594488923e-02  4.565397009439971e-01 
  7.711238354346399e-02  4.543922337318496e-01 
  7.652360607064211e-02  4.549928269767168e-01 
  7.610676766262015e-02  4.550244673997756e-01 
  7.695225969616565e-02  4.535968709510769e-01 
  7.915003793976044e-02  4.543204125072728e-01 
  8.275694065685248e-02  4.549472560620166e-01 
  8.727875194588987e-02  4.516294980523305e-01 
  9.227328399474143e-02  4.494933282904934e-01 
  9.679767529715175e-02  4.457690378094272e-01 
  1.013168729822947e-01  4.422109068793026e-01 
  1.059416365230954e-01  4.379908622845450e-01 
  1.116493315757259e-01  4.325171175171644e-01 
  1.192750280523883e-01  4.268415123569934e-01 
  1.308401632644954e-01  4.180578666284327e-01 
  1.469503847093282e-01  4.087925288764592e-01 
  1.693159522123183e-01  3.928524355810312e-01 
  1.994116960832376e-01  3.720556465078373e-01 
  2.358504870162058e-01  3.436638886923842e-01 
  2.709176048294684e-01  3.064245803488173e-01 
  2.916763907888238e-01  2.593270680856612e-01 
  2.914820916834762e-01  2.083540515732943e-01 
  2.700310327273595e-01  1.583977834620166e-01 
  2.327818832396829e-01  1.152704530286556e-01 
  1.911261349529216e-01  7.927827648701788e-02 
  1.542548676150499e-01  5.183928466083869e-02 
  1.232959687824489e-01  3.183856240735104e-02 
  9.787672458131781e-02  1.738102162873479e-02 
  3.832963886008594e-02  4.172234885083685e-02 
  5.513645978399433e-02  5.522864649894175e-02 
  7.463534202677198e-02  7.284665257335222e-02 
  9.722128956877253e-02  9.689598903454032e-02 
  1.177618656463653e-01  1.266432070930337e-01 
  1.347177520359144e-01  1.626750504153301e-01 
  1.376319228322808e-01  1.997104084977058e-01 
  1.289869659603650e-01  2.397935239348748e-01 
  1.055295964481166e-01  2.748649731820378e-01 
  7.473428387991220e-02  3.037440994085794e-01 
  4.393389192700022e-02  3.300168388666583e-01 
  1.807275983445596e-02  3.439485239331486e-01 
  2.608928802378116e-03  3.576809414783728e-01 
  1.797843471499003e-02  3.653927702116790e-01 
  2.961079907393609e-02  3.671358969464603e-01 
  3.852173394182719e-02  3.727516289279958e-01 
  4.539643275203051e-02  3.769280867020539e-01 
  5.085987955695010e-02  3.800109841472888e-01 
  5.671567789662187e-02  3.818037591148285e-01 
  6.131855717712217e-02  3.837383907863030e-01 
  6.599479397030981e-02  3.843007658989375e-01 
  6.955502761440453e-02  3.861020877778647e-01 
  7.325369356374024e-02  3.835846327073766e-01 
  7.514383874815231e-02  3.828287100268358e-01 
  7.622568351562350e-02  3.852811841192669e-01 
  7.699188052168826e-02  3.827335643934673e-01 
  7.696750833107502e-02  3.839461348987389e-01 
  7.695098394503322e-02  3.864163998746651e-01 
  7.694411828652727e-02  3.850549404667222e-01 
  7.715547998801019e-02  3.866672146604963e-01 
  7.771728624547554e-02  3.868786377713654e-01 
  7.901597027310833e-02  3.865513550303542e-01 
  8.056785055200548e-02  3.852369625931229e-01 
  8.206248751747743e-02  3.845239544908705e-01 
  8.322538777805509e-02  3.885273088966549e-01 
  8.415604697656114e-02  3.836814034439588e-01 
  8.363666891173745e-02  3.871156687350011e-01 
  8.402682956159298e-02  3.846083865657426e-01 
  8.239867485381396e-02  3.841176383054646e-01 
  8.202922857978991e-02  3.835411799448908e-01 
  8.080887810720211e-02  3.805495826627385e-01 
  8.049444816124494e-02  3.853730143318138e-01 
  8.014601389773347e-02  3.853176917713792e-01 
  8.095389094022959e-02  3.842715657962530e-01 
  8.160376140393612e-02  3.832016319934178e-01 
  8.284239144791079e-02  3.831501941865139e-01 
  8.419305672705747e-02  3.830740647903466e-01 
  8.468088289220359e-02  3.813301111250866e-01 
  8.467524801496550e-02  3.804676623124977e-01 
  8.374125734359295e-02  3.800896554752763e-01 
  8.298765205054615e-02  3.770408015343714e-01 
  8.155549488038326e-02  3.759462005112852e-01 
  8.063292742044460e-02  3.744588075739075e-01 
  7.955529259699314e-02  3.805505903490383e-01 
  7.916378987396204e-02  3.749606557251444e-01 
  7.891259540083659e-02  3.774025671704495e-01 
  8.005303973246873e-02  3.780291153790954e-01 
  8.072082229628152e-02  3.776266187933449e-01 
  8.158922866373983e-02  3.763466460375864e-01 
  8.216790751242105e-02  3.757218482066125e-01 
  8.236252025757487e-02  3.735950815271255e-01 
  8.152468461424839e-02  3.735831674697533e-01 
  8.059416077923148e-02  3.749284099129693e-01 
  7.920869850677695e-02  3.729416174251142e-01 
  7.789415624595296e-02  3.721292005956487e-01 
  7.699156141770805e-02  3.706391574989073e-01 
  7.631674297186203e-02  3.708980072754946e-01 
  7.598338329345836e-02  3.724574795199230e-01 
  7.629583446696690e-02  3.731741910094084e-01 
  7.658407608559896e-02  3.721323281446886e-01 
  7.754621008032034e-02  3.731500464347722e-01 
  7.819509783784015e-02  3.680541339071889e-01 
  7.809458607792011e-02  3.729134521509859e-01 
  7.763109774702084e-02  3.689819315674142e-01 
  7.636096839113997e-02  3.681755548627326e-01 
  7.570863696894040e-02  3.673744509351546e-01 
  7.406170866677356e-02  3.686241634671766e-01 
  7.298441433597004e-02  3.686194527210811e-01 
  7.186317937456986e-02  3.671031406441431e-01 
  7.141071432611742e-02  3.680636257603569e-01 
  7.118329339442374e-02  3.679623213400998e-01 
  7.159284604746985e-02  3.685499019543161e-01 
  7.228786985888649e-02  3.684683588337792e-01 
  7.287636081179329e-02  3.686130445054742e-01 
  7.318873273013396e-02  3.674894282196052e-01 
  7.286279511937260e-02  3.669748486184797e-01 
  7.204916091333445e-02  3.658779187574852e-01 
  7.104588481253646e-02  3.650235630525164e-01 
  6.974821978149781e-02  3.637236578542452e-01 
  6.842809149025265e-02  3.624774550455577e-01 
  6.724110277230810e-02  3.598180536373327e-01 
  6.653831173174050e-02  3.641615173873925e-01 
  6.625460625854759e-02  3.633297834469115e-01 
  6.624816104435838e-02  3.619404316533255e-01 
  6.734678642105603e-02  3.619412233829017e-01 
  6.775744595677127e-02  3.605441887530034e-01 
  6.814923378996662e-02  3.591249677502792e-01 
  6.790361216127379e-02  3.592029130216541e-01 
  6.744341106814199e-02  3.573880278728972e-01 
  6.631222151319420e-02  3.561882592008558e-01 
  6.508779025131675e-02  3.564673437863907e-01 
  6.377384139821406e-02  3.544412830498994e-01 
  6.273958293490760e-02  3.548303421399981e-01 
  6.192520135041393e-02  3.546287571460737e-01 
  6.172228241539685e-02  3.549811565246678e-01 
  6.230207730825973e-02  3.542140633689707e-01 
  6.295065849072025e-02  3.540555038882598e-01 
  6.396663092814013e-02  3.533614757450226e-01 
  6.474051910727641e-02  3.535700337645287e-01 
  6.520060526723684e-02  3.500702865066520e-01 
  6.512523859001684e-02  3.509937635508731e-01 
  6.492989153291315e-02  3.496145512193539e-01 
  6.400642595546653e-02  3.481446694930814e-01 
  6.368160892387431e-02  3.488178492681517e-01 
  6.330247310210101e-02  3.479454806830535e-01 
  6.330466681804145e-02  3.480893211534684e-01 
  6.432752279614784e-02  3.453716615942619e-01 
  6.589189950189879e-02  3.447984461586551e-01 
  6.830799333492814e-02  3.448826921846391e-01 
  7.139241569587143e-02  3.425460390318229e-01 
  7.489176698283917e-02  3.396571021366992e-01 
  7.860284715848248e-02  3.381531209057603e-01 
  8.241996530544711e-02  3.337794925034884e-01 
  8.638105966400079e-02  3.293568876335567e-01 
  9.152592513323173e-02  3.254373538624504e-01 
  9.801401445354961e-02  3.193381095631246e-01 
  1.071077330174330e-01  3.137577774898173e-01 
  1.195952352344412e-01  3.021751177404781e-01 
  1.356667050485127e-01  2.893473771740048e-01 
  1.550372217878673e-01  2.719390023875778e-01 
  1.774077252652922e-01  2.520567603315624e-01 
  1.970689612249106e-01  2.214678553231809e-01 
  2.072904657678685e-01  1.904436515469725e-01 
  2.084055005711521e-01  1.543625697946240e-01 
  1.929971862488543e-01  1.186875048970236e-01 
  1.707652417835586e-01  8.793821582714190e-02 
  1.448232960360289e-01  6.177194128904169e-02 
  1.201131419138321e-01  4.061157662284320e-02 
  9.811649540542415e-02  2.530670193800313e-02 
  7.978391206583221e-02  1.327629824373463e-02 
  2.356331165411768e-02  3.563322252751838e-02 
  3.527108969790090e-02  4.619805057889051e-02 
  4.774237584432899e-02  6.027185388289520e-02 
  6.125110491258080e-02  7.751138552098163e-02 
  7.414582082668382e-02  9.744871125266466e-02 
  8.247228499237688e-02  1.220803877463503e-01 
  8.297415291345894e-02  1.477045418899730e-01 
  7.813170962907104e-02  1.735842830402322e-01 
  6.363320933245094e-02  1.966882426239924e-01 
  4.565046202685735e-02  2.194287605543153e-01 
  2.633383908057278e-02  2.349934460503533e-01 
  9.470980171537035e-03  2.485751441863845e-01 
  5.051939341739880e-03  2.582640457261965e-01 
  1.657903992398656e-02  2.642949104708421e-01 
  2.540891248267393e-02  2.703676336749605e-01 
  3.274421078754703e-02  2.720350727105149e-01 
  3.843744196280101e-02  2.784825583179725e-01 
  4.311082435135240e-02  2.765066305352427e-01 
  4.760053427978722e-02  2.830896555554642e-01 
  5.126268827734127e-02  2.829124111239557e-01 
  5.488745921119594e-02  2.827503817810903e-01 
  5.778039778305620e-02  2.841995919253629e-01 
  6.043399125139942e-02  2.813141969165335e-01 
  6.218222779103943e-02  2.842984225609104e-01 
  6.353854673929328e-02  2.836795308369295e-01 
  6.420748032662181e-02  2.814687925002821e-01 
  6.438123115200392e-02  2.837842575235810e-01 
  6.501369917087797e-02  2.824785335640185e-01 
  6.532233151370342e-02  2.822415509781122e-01 
  6.544423980964696e-02  2.831545860675573e-01 
  6.620986881206405e-02  2.812320094653262e-01 
  6.700406902866825e-02  2.835486278585015e-01 
  6.805961332719553e-02  2.828926734865103e-01 
  6.866741164529021e-02  2.838161797359118e-01 
  6.978997252832074e-02  2.809820327124221e-01 
  6.994513735737888e-02  2.841330805853571e-01 
  7.027866083239721e-02  2.808861982255994e-01 
  7.007823052633158e-02  2.841266036772816e-01 
  6.964295293357492e-02  2.827814388966459e-01 
  6.939913819408321e-02  2.819663938250401e-01 
  6.883186348593347e-02  2.813678681130244e-01 
  6.841866208402055e-02  2.799452803238443e-01 
  6.854137734590436e-02  2.817284137420924e-01 
  6.865305652568351e-02  2.817609156694119e-01 
  6.931435357595127e-02  2.815853784752627e-01 
  6.987961882793199e-02  2.811639590773196e-01 
  7.043328225359775e-02  2.793149297936545e-01 
  7.058284789004310e-02  2.797753192608391e-01 
  7.054698817336837e-02  2.792033018916552e-01 
  6.989942888927950e-02  2.764597748543222e-01 
  6.936461456138546e-02  2.780575552371777e-01 
  6.853268188583261e-02  2.760373185621393e-01 
  6.769544187119923e-02  2.758480384213020e-01 
  6.759967801823422e-02  2.749713209484856e-01 
  6.722376423169969e-02  2.746476896082606e-01 
  6.693789136579065e-02  2.733425552773211e-01 
  6.714816939780584e-02  2.771006215967681e-01 
  6.768274708238960e-02  2.753646266379878e-01 
  6.805832829230818e-02  2.740688957598352e-01 
  6.817909424764583e-02  2.734415140004153e-01 
  6.807723015374922e-02  2.732690518850468e-01 
  6.767684859541054e-02  2.732421223715324e-01 
  6.700923769412460e-02  2.714447522475845e-01 
  6.641577234164701e-02  2.726016938132598e-01 
  6.552926961622584e-02  2.713276166596231e-01 
  6.484116771216908e-02  2.715292687336356e-01 
  6.443592648761393e-02  2.717625131120992e-01 
  6.417655159130681e-02  2.711240854051708e-01 
  6.419609741033823e-02  2.699327629346628e-01 
  6.445896492410393e-02  2.712879163888385e-01 
  6.475687421258350e-02  2.713234308339109e-01 
  6.465587260318074e-02  2.699548596982341e-01 
  6.494820119722175e-02  2.693684640985796e-01 
  6.433297382818973e-02  2.699479600926104e-01 
  6.362107123543108e-02  2.669885274220570e-01 
  6.285069397491966e-02  2.694989019307602e-01 
  6.186704562340560e-02  2.686413430385815e-01 
  6.133040426275366e-02  2.668997395572928e-01 
  6.051802931279095e-02  2.680199982377710e-01 
  6.020924444710544e-02  2.686598389048695e-01 
  5.990304890409191e-02  2.670293201164058e-01 
  6.007809833171309e-02  2.672826078382433e-01 
  6.010586164916940e-02  2.673822047353702e-01 
  6.024991344957151e-02  2.665241395851990e-01 
  6.013529245006167e-02  2.662306178229101e-01 
  5.990313166326953e-02  2.660686462839846e-01 
  5.917073001272376e-02  2.650792908012761e-01 
  5.836923849229909e-02  2.644936805151546e-01 
  5.753213321328818e-02  2.644384786854568e-01 
  5.667642227102795e-02  2.642284030659915e-01 
  5.568871892114684e-02  2.648532460307694e-01 
  5.533579163756252e-02  2.650088027142852e-01 
  5.484996785271548e-02  2.649703015557233e-01 
  5.468234459392976e-02  2.638880658468125e-01 
  5.486691317447995e-02  2.655378594468257e-01 
  5.504396086079047e-02  2.633156367264513e-01 
  5.510132945158287e-02  2.636869276123894e-01 
  5.476767786810388e-02  2.635645522416916e-01 
  5.433186055329763e-02  2.620165355562468e-01 
  5.357697969180036e-02  2.624082893068663e-01 
  5.275713189210937e-02  2.614325144771912e-01 
  5.191723171882953e-02  2.606588050673830e-01 
  5.115049929836542e-02  2.603381413886910e-01 
  5.050683767234049e-02  2.605521432876031e-01 
  5.061234122631447e-02  2.608545401614792e-01 
  5.052799058127104e-02  2.606760010516889e-01 
  5.093894281313271e-02  2.602098306189326e-01 
  5.132990108691850e-02  2.590263226550407e-01 
  5.177386385777188e-02  2.603138647663614e-01 
  5.172530704804114e-02  2.581180051331227e-01 
  5.197022264386025e-02  2.584029099104252e-01 
  5.164818060615047e-02  2.555230307634884e-01 
  5.134175114893844e-02  2.551489879265093e-01 
  5.124080894328571e-02  2.562520509406637e-01 
  5.117200426046829e-02  2.539439087247535e-01 
  5.141256568479132e-02  2.536379299136092e-01 
  5.216075601071175e-02  2.528174519926588e-01 
  5.330440836141345e-02  2.524308327505276e-01 
  5.519206931619239e-02  2.501122136428999e-01 
  5.730701365380773e-02  2.488007584877153e-01 
  5.982503031754348e-02  2.469466562341840e-01 
  6.247004623487985e-02  2.453702186999635e-01 
  6.557903585553948e-02  2.421480912287543e-01 
  6.891360628605860e-02  2.389430758780253e-01 
  7.342376111532876e-02  2.345717187410890e-01 
  7.863775878137984e-02  2.303844167631108e-01 
  8.572177937812039e-02  2.231929641769935e-01 
  9.451882788620197e-02  2.158868551722240e-01 
  1.057399199706443e-01  2.053891274941707e-01 
  1.188337842402688e-01  1.923973783731647e-01 
  1.317658225236144e-01  1.749147968469906e-01 
  1.430014290072000e-01  1.556384689851336e-01 
  1.485495625997722e-01  1.327479123781517e-01 
  1.463292603490918e-01  1.083084024416181e-01 
  1.377110302523781e-01  8.436956306908902e-02 
  1.237790021746977e-01  6.273361293323340e-02 
  1.082634537046440e-01  4.453283053072436e-02 
  9.224426555436184e-02  2.979430779472541e-02 
  7.773223006253129e-02  1.788602774091856e-02 
  6.492346306734896e-02  8.804831516347800e-03 
  1.178702968752163e-02  2.995259125617189e-02 
  2.005509979420679e-02  3.870601405682311e-02 
  2.828165221564711e-02  4.846024439013613e-02 
  3.665407611589903e-02  6.163399233236160e-02 
  4.458965143141393e-02  7.615183976646607e-02 
  4.911558570309623e-02  9.370798513846944e-02 
  5.021317436515770e-02  1.114149064610309e-01 
  4.642145808188248e-02  1.304992753243815e-01 
  3.760447045826084e-02  1.465715396872075e-01 
  2.608844101097076e-02  1.617837694651313e-01 
  1.362953776633958e-02  1.735255981067542e-01 
  2.470666504224340e-03  1.845187908424945e-01 
  8.410280436621830e-03  1.915402279793024e-01 
  1.710285356783616e-02  1.982494312221261e-01 
  2.419366302355105e-02  2.026272731663444e-01 
  2.984179738712204e-02  2.061673553646267e-01 
  3.459636954079641e-02  2.084388891592808e-01 
  3.862470072165622e-02  2.112649007606575e-01 
  4.233357323603008e-02  2.131224499731108e-01 
  4.517046666567813e-02  2.126753469656444e-01 
  4.803969897471420e-02  2.148285266739417e-01 
  5.030452208560679e-02  2.159317974955631e-01 
  5.208789146118240e-02  2.151843338338238e-01 
  5.407023129771440e-02  2.172666409477997e-01 
  5.495134507664096e-02  2.148734960614790e-01 
  5.585717629616485e-02  2.153479292425964e-01 
  5.644730050520894e-02  2.169218252139214e-01 
  5.683856795610699e-02  2.152879141253495e-01 
  5.713393381709905e-02  2.162978736199175e-01 
  5.775025116356118e-02  2.153882461846935e-01 
  5.844424159688349e-02  2.160545416588863e-01 
  5.893315304602129e-02  2.147056633046882e-01 
  5.944851729753158e-02  2.143445028847566e-01 
  6.002910625145776e-02  2.137731959135730e-01 
  6.062573647046154e-02  2.137767892298843e-01 
  6.109495895504127e-02  2.149156293897159e-01 
  6.102349499953896e-02  2.137569036891956e-01 
  6.099603112658082e-02  2.139020762053486e-01 
  6.080338075978108e-02  2.116880537249849e-01 
  6.068042688483570e-02  2.148884879490725e-01 
  6.040598596006975e-02  2.128944304643955e-01 
  5.999574179482534e-02  2.120188380163944e-01 
  6.030441757585072e-02  2.139004508700080e-01 
  6.038457686125948e-02  2.121567481053910e-01 
  6.064780362028557e-02  2.124266254106719e-01 
  6.092522999996976e-02  2.113904192062323e-01 
  6.105030351042470e-02  2.115214183680931e-01 
  6.129474284800208e-02  2.123092421066579e-01 
  6.128921055232454e-02  2.104681821499790e-01 
  6.091271080316722e-02  2.102400978455549e-01 
  6.052607022146453e-02  2.094489077927085e-01 
  6.012652122891966e-02  2.093782424713120e-01 
  5.975003683730553e-02  2.080214886676462e-01 
  5.938786701668797e-02  2.094450978632914e-01 
  5.905465373376627e-02  2.069270421895293e-01 
  5.878535935340907e-02  2.078434295855121e-01 
  5.909591037658746e-02  2.078215119062691e-01 
  5.902778372466722e-02  2.060562301325226e-01 
  5.921279035929954e-02  2.083731945946810e-01 
  5.909627097209768e-02  2.059112618403027e-01 
  5.871097293223185e-02  2.061428139110570e-01 
  5.876056694379343e-02  2.053512969031454e-01 
  5.805290772886485e-02  2.042063533945446e-01 
  5.764279453916645e-02  2.055477371274539e-01 
  5.701437624564369e-02  2.045416711935504e-01 
  5.654513266941490e-02  2.049004442465017e-01 
  5.625810216156366e-02  2.039725146158293e-01 
  5.573537498318912e-02  2.031835528077400e-01 
  5.585158178463528e-02  2.030731006717435e-01 
  5.563681718803754e-02  2.040307142957996e-01 
  5.591879798616199e-02  2.027315776244107e-01 
  5.562319451646479e-02  2.029358383700389e-01 
  5.562813210929328e-02  2.018591545693602e-01 
  5.514823624667597e-02  2.014201893958913e-01 
  5.473454060934568e-02  2.006212814035570e-01 
  5.412874742838047e-02  2.003719616654096e-01 
  5.356805493733018e-02  1.983420967434368e-01 
  5.292577514578783e-02  2.010611211854694e-01 
  5.213887154333438e-02  1.990604355576397e-01 
  5.173437149836844e-02  1.996124384560355e-01 
  5.169691499005623e-02  1.985053197838708e-01 
  5.141542468492862e-02  1.987719050219661e-01 
  5.138849246291498e-02  1.983425991135838e-01 
  5.140077029098370e-02  1.980645264784591e-01 
  5.108352140251286e-02  1.978635742496244e-01 
  5.083289304835743e-02  1.980312368652348e-01 
  5.037653904094012e-02  1.970045242774435e-01 
  4.964317245501061e-02  1.957965341656345e-01 
  4.901773926310639e-02  1.962486147969980e-01 
  4.827986837049932e-02  1.948914334917543e-01 
  4.757574824690178e-02  1.961593437902155e-01 
  4.715810307553035e-02  1.947256669476474e-01 
  4.683174360042028e-02  1.951693653992942e-01 
  4.661939974237386e-02  1.950863575017466e-01 
  4.635855359796318e-02  1.943252342949382e-01 
  4.631503295154717e-02  1.927892216691011e-01 
  4.609789850481449e-02  1.942859968578116e-01 
  4.584858400289998e-02  1.935504342322991e-01 
  4.514130160467137e-02  1.928969007741320e-01 
  4.478066383896543e-02  1.923053426379297e-01 
  4.400967661631073e-02  1.913065324850638e-01 
  4.346549975282327e-02  1.917233019453526e-01 
  4.277844829887870e-02  1.914240277618131e-01 
  4.244211593728572e-02  1.916035494017866e-01 
  4.221518796927878e-02  1.901503591368240e-01 
  4.209132792498706e-02  1.912663851624881e-01 
  4.216365755051150e-02  1.906278281844859e-01 
  4.217452280752387e-02  1.901033849888238e-01 
  4.233947098442491e-02  1.894268773071045e-01 
  4.244892802677586e-02  1.890995737929075e-01 
  4.235959287432534e-02  1.883087497753364e-01 
  4.205851914493834e-02  1.875427586715789e-01 
  4.198831313551513e-02  1.870183840008089e-01 
  4.189101925658461e-02  1.868415235628347e-01 
  4.207023881911334e-02  1.852202644780319e-01 
  4.224466566777296e-02  1.844235595230078e-01 
  4.275663096387983e-02  1.848396340411696e-01 
  4.363171435242407e-02  1.822207165123457e-01 
  4.497264983205442e-02  1.828238709210925e-01 
  4.653151870697349e-02  1.813821727744501e-01 
  4.842791565791117e-02  1.797217753318091e-01 
  5.060784301223181e-02  1.775938613400853e-01 
  5.279025105373409e-02  1.746507480046570e-01 
  5.572392222169312e-02  1.720045954039139e-01 
  5.914951355878911e-02  1.686688368419115e-01 
  6.319922132239424e-02  1.643993514764774e-01 
  6.830495780251133e-02  1.603439950285321e-01 
  7.457882339699162e-02  1.529544088969023e-01 
  8.208246258262671e-02  1.444242763001760e-01 
  8.996194312563149e-02  1.352757187144951e-01 
  9.763632568016871e-02  1.230005490364169e-01 
  1.038328865075838e-01  1.086987500323361e-01 
  1.066824614262198e-01  9.257280004241770e-02 
  1.055108513670891e-01  7.633981444524866e-02 
  1.000979832191024e-01  6.008854665774303e-02 
  9.206681672487370e-02  4.526136527684482e-02 
  8.185243005362183e-02  3.231822498600052e-02 
  7.161218540220134e-02  2.098366286375530e-02 
  6.182808956418562e-02  1.202431652541520e-02 
  5.257182788286720e-02  4.857282356674568e-03 
  3.003536938211565e-03  2.479957567291024e-02 
  7.655524088731928e-03  3.112879074183989e-02 
  1.323279935204679e-02  3.867778099770477e-02 
  1.837796319206264e-02  4.780168987851307e-02 
  2.244633433436174e-02  5.831868194870137e-02 
  2.497832300644848e-02  6.953624743191243e-02 
  2.480657621286380e-02  8.197737355666423e-02 
  2.267448998879633e-02  9.370043347143120e-02 
  1.755082263582046e-02  1.057801186946346e-01 
  1.011829244214940e-02  1.161735204109392e-01 
  2.928297369559188e-03  1.244174081714362e-01 
  4.978160303558845e-03  1.328706929647046e-01 
  1.205432030781135e-02  1.372254298955496e-01 
  1.826255249778461e-02  1.438993227595615e-01 
  2.357910830983024e-02  1.461113656613002e-01 
  2.806549312339724e-02  1.486611712032525e-01 
  3.178786993556926e-02  1.519798634598194e-01 
  3.505194950384227e-02  1.530002709797534e-01 
  3.806015716935514e-02  1.545317418834911e-01 
  4.048901181272273e-02  1.559376553638128e-01 
  4.261495923848681e-02  1.564210871592914e-01 
  4.468474947160824e-02  1.573054248489906e-01 
  4.612025261262213e-02  1.577143462228352e-01 
  4.738728503969260e-02  1.582096427986664e-01 
  4.827300976093952e-02  1.586490405522124e-01 
  4.923167674910254e-02  1.575914857469645e-01 
  4.961290730888724e-02  1.586100127368872e-01 
  5.022005423278352e-02  1.578615635542703e-01 
  5.043554607459516e-02  1.585716700018157e-01 
  5.117200426046829e-02  1.577780193907497e-01 
  5.161797671499768e-02  1.582897524862942e-01 
  5.183268749868888e-02  1.568272763336427e-01 
  5.242986354032244e-02  1.590317177799020e-01 
  5.280332581015732e-02  1.575517567309322e-01 
  5.308027049832000e-02  1.566501265272022e-01 
  5.351220878099196e-02  1.569505529157592e-01 
  5.345823026939445e-02  1.555570684292502e-01 
  5.367599173811206e-02  1.571273188635272e-01 
  5.361805765608671e-02  1.554713250569108e-01 
  5.360354070915768e-02  1.557202348394895e-01 
  5.340687015017322e-02  1.557500518822346e-01 
  5.338328897076618e-02  1.547522599396179e-01 
  5.345543615120009e-02  1.547802700316214e-01 
  5.336202197730334e-02  1.546518786467077e-01 
  5.355164639802670e-02  1.537189290143136e-01 
  5.360275078400997e-02  1.539607967817541e-01 
  5.372905193391328e-02  1.531144046347213e-01 
  5.355170188630566e-02  1.528898307879671e-01 
  5.380064438648282e-02  1.529482280777786e-01 
  5.339642454214311e-02  1.519784286856630e-01 
  5.323499619637233e-02  1.506971191279002e-01 
  5.287820782190179e-02  1.525257081423097e-01 
  5.247531779333432e-02  1.512104653715385e-01 
  5.220931285813259e-02  1.512867523345266e-01 
  5.193510062064813e-02  1.508210465361060e-01 
  5.190702965427550e-02  1.504653674309871e-01 
  5.186242590559613e-02  1.502295097510638e-01 
  5.174925207483645e-02  1.501985015616429e-01 
  5.171929870511737e-02  1.493623197389659e-01 
  5.160078129257362e-02  1.493733083696203e-01 
  5.143066944979973e-02  1.492424259758498e-01 
  5.117523284661508e-02  1.486137010808431e-01 
  5.084420105209555e-02  1.484241600907205e-01 
  5.039792749209541e-02  1.475965309083078e-01 
  4.997244830242193e-02  1.479892264158514e-01 
  4.964992277939750e-02  1.476573092373819e-01 
  4.923396667688162e-02  1.467032381362638e-01 
  4.910336754435159e-02  1.474044009015002e-01 
  4.887127026385594e-02  1.472226226283991e-01 
  4.868359909296268e-02  1.453462897410101e-01 
  4.848790022844855e-02  1.467833177998666e-01 
  4.841114754829023e-02  1.459267129681476e-01 
  4.810228724222845e-02  1.449918362438228e-01 
  4.772713636016986e-02  1.445408485552654e-01 
  4.748057583732501e-02  1.446170672341174e-01 
  4.690837921191545e-02  1.444920324581143e-01 
  4.634074136135532e-02  1.436953948209714e-01 
  4.583602286224161e-02  1.433445052440001e-01 
  4.556495307718526e-02  1.435063769126760e-01 
  4.503754689877298e-02  1.426039646954952e-01 
  4.476279821734798e-02  1.434066530572401e-01 
  4.467034713179342e-02  1.423800856976196e-01 
  4.441620279836483e-02  1.426677624575952e-01 
  4.417261676013202e-02  1.424847386061109e-01 
  4.404984934034208e-02  1.418409397604565e-01 
  4.347286148169617e-02  1.416984174880041e-01 
  4.326519120585854e-02  1.412550229382494e-01 
  4.264194713103452e-02  1.411582449346198e-01 
  4.203900490244410e-02  1.396705039042603e-01 
  4.160288299318075e-02  1.410996219028210e-01 
  4.101848136593152e-02  1.405292731518928e-01 
  4.051769466799159e-02  1.397924769130311e-01 
  4.010358314501998e-02  1.396924872142022e-01 
  3.992228837172232e-02  1.396413696915193e-01 
  3.959472011297679e-02  1.396794930035193e-01 
  3.945718311837739e-02  1.391915753028301e-01 
  3.911428783883399e-02  1.388915741228287e-01 
  3.865901437749512e-02  1.383110728286467e-01 
  3.830143339845152e-02  1.377383417016576e-01 
  3.776789476930362e-02  1.374708917908930e-01 
  3.726285936097123e-02  1.369843804975970e-01 
  3.672718371319750e-02  1.369625710659211e-01 
  3.631185013830843e-02  1.367427469641189e-01 
  3.594246656158129e-02  1.368076553836534e-01 
  3.568911078358369e-02  1.369933544391055e-01 
  3.552032472093405e-02  1.366843525701006e-01 
  3.546830442566581e-02  1.365066943824556e-01 
  3.534511730637049e-02  1.359741648283034e-01 
  3.532517543626478e-02  1.361291083861814e-01 
  3.521816528725785e-02  1.351727190879428e-01 
  3.506465153842138e-02  1.348790194384544e-01 
  3.504446847634495e-02  1.346011126806771e-01 
  3.499560269746312e-02  1.337986094825917e-01 
  3.505401170746572e-02  1.332379371108499e-01 
  3.509540248273278e-02  1.327696926794291e-01 
  3.526944919940871e-02  1.322768365344797e-01 
  3.572878743695691e-02  1.314679527349439e-01 
  3.644799370347463e-02  1.312306258437226e-01 
  3.734976102150789e-02  1.299769225476775e-01 
  3.851517073279545e-02  1.289343247110153e-01 
  3.986309158150463e-02  1.272007874889879e-01 
  4.149707420234388e-02  1.258254087794494e-01 
  4.340636093638551e-02  1.236193626073996e-01 
  4.552483992237680e-02  1.217683860997468e-01 
  4.829452260301088e-02  1.188699280951792e-01 
  5.140096557652298e-02  1.150574646780322e-01 
  5.507817953725924e-02  1.107772424086665e-01 
  5.930727602052503e-02  1.063146711070226e-01 
  6.424545768403085e-02  1.000296732105496e-01 
  6.927253446039099e-02  9.262542207872490e-02 
  7.385998708463945e-02  8.372924979610748e-02 
  7.707629448525925e-02  7.386631776734859e-02 
  7.855536074991756e-02  6.266844952665640e-02 
  7.770009993468437e-02  5.155919167091916e-02 
  7.417923964162622e-02  4.043300318418185e-02 
  6.891598651880163e-02  3.051059309718279e-02 
  6.254213855821182e-02  2.083262037767013e-02 
  5.587808029073549e-02  1.329864368567863e-02 
  4.910488828787456e-02  6.530550617990911e-03 
  4.281473175206570e-02  1.590120182975323e-03 
